"",BBSIS.D.I.ZST.B1.EUR.S1311.B.A604._Z.R.A.A._Z._Z.A,BBSIS.D.I.ZST.B1.EUR.S1311.B.A604._Z.R.A.A._Z._Z.A_FLAGS
"",Term structure of interest rates on listed Federalsecurities (method by Svensson) / Parameter Beta1 /daily data,
Comment,Monatsreihe siehe WZ9802. Bis Juli 1997 liegen lediglich Ultimowerte vor.,
Decimals,5,
Time format code,P1D,
category,ZRZS,
unit,,
unit multiplier,One,
last update,2026-06-15 12:11:40,
1997-08-01,.,No value available
1997-08-02,.,No value available
1997-08-03,.,No value available
1997-08-04,.,No value available
1997-08-05,.,No value available
1997-08-06,.,No value available
1997-08-07,-4.33200,
1997-08-08,-4.43500,
1997-08-09,.,No value available
1997-08-10,.,No value available
1997-08-11,-4.36372,
1997-08-12,-4.26815,
1997-08-13,-4.27221,
1997-08-14,-3.94443,
1997-08-15,-3.77954,
1997-08-16,.,No value available
1997-08-17,.,No value available
1997-08-18,-4.16609,
1997-08-19,-4.10606,
1997-08-20,-4.02558,
1997-08-21,-3.73590,
1997-08-22,-3.76639,
1997-08-23,.,No value available
1997-08-24,.,No value available
1997-08-25,-4.01345,
1997-08-26,-4.01020,
1997-08-27,-3.82183,
1997-08-28,-3.53544,
1997-08-29,-4.14505,
1997-08-30,.,No value available
1997-08-31,.,No value available
1997-09-01,-4.13282,
1997-09-02,-4.14574,
1997-09-03,-4.03351,
1997-09-04,-4.12284,
1997-09-05,-4.05051,
1997-09-06,.,No value available
1997-09-07,.,No value available
1997-09-08,-4.17771,
1997-09-09,-4.10916,
1997-09-10,-4.11794,
1997-09-11,-4.09708,
1997-09-12,-4.08217,
1997-09-13,.,No value available
1997-09-14,.,No value available
1997-09-15,-4.00547,
1997-09-16,-3.56427,
1997-09-17,-3.91735,
1997-09-18,-3.94664,
1997-09-19,-3.89853,
1997-09-20,.,No value available
1997-09-21,.,No value available
1997-09-22,-3.77378,
1997-09-23,-3.96415,
1997-09-24,-3.72673,
1997-09-25,-3.83207,
1997-09-26,-3.72959,
1997-09-27,.,No value available
1997-09-28,.,No value available
1997-09-29,-1.34583,
1997-09-30,-3.73383,
1997-10-01,-3.78738,
1997-10-02,-3.64979,
1997-10-03,.,No value available
1997-10-04,.,No value available
1997-10-05,.,No value available
1997-10-06,-3.80363,
1997-10-07,-3.62388,
1997-10-08,-3.69231,
1997-10-09,-3.72534,
1997-10-10,-3.40401,
1997-10-11,.,No value available
1997-10-12,.,No value available
1997-10-13,-3.42800,
1997-10-14,-3.45595,
1997-10-15,-3.41789,
1997-10-16,-3.61845,
1997-10-17,-3.51327,
1997-10-18,.,No value available
1997-10-19,.,No value available
1997-10-20,-3.56072,
1997-10-21,-3.48191,
1997-10-22,-3.45781,
1997-10-23,-3.41992,
1997-10-24,-3.46451,
1997-10-25,.,No value available
1997-10-26,.,No value available
1997-10-27,-3.39011,
1997-10-28,-4.02306,
1997-10-29,-3.84953,
1997-10-30,-3.49902,
1997-10-31,-3.60941,
1997-11-01,.,No value available
1997-11-02,.,No value available
1997-11-03,-3.54187,
1997-11-04,-3.53410,
1997-11-05,-4.01264,
1997-11-06,-4.98623,
1997-11-07,-4.87206,
1997-11-08,.,No value available
1997-11-09,.,No value available
1997-11-10,-3.71466,
1997-11-11,-3.48200,
1997-11-12,-4.11648,
1997-11-13,-4.82643,
1997-11-14,-4.76573,
1997-11-15,.,No value available
1997-11-16,.,No value available
1997-11-17,-3.91399,
1997-11-18,-4.53467,
1997-11-19,-4.41189,
1997-11-20,-3.39399,
1997-11-21,-5.55719,
1997-11-22,.,No value available
1997-11-23,.,No value available
1997-11-24,-3.39682,
1997-11-25,-5.55253,
1997-11-26,-4.69159,
1997-11-27,-3.25580,
1997-11-28,-3.23901,
1997-11-29,.,No value available
1997-11-30,.,No value available
1997-12-01,-3.55727,
1997-12-02,-3.23708,
1997-12-03,-3.89520,
1997-12-04,-3.45552,
1997-12-05,-3.21295,
1997-12-06,.,No value available
1997-12-07,.,No value available
1997-12-08,-4.58529,
1997-12-09,-3.79801,
1997-12-10,-3.03293,
1997-12-11,-3.02471,
1997-12-12,-2.99602,
1997-12-13,.,No value available
1997-12-14,.,No value available
1997-12-15,-3.77559,
1997-12-16,-2.75970,
1997-12-17,-3.50037,
1997-12-18,-3.47218,
1997-12-19,-3.04970,
1997-12-20,.,No value available
1997-12-21,.,No value available
1997-12-22,-5.35670,
1997-12-23,-3.04305,
1997-12-24,.,No value available
1997-12-25,.,No value available
1997-12-26,.,No value available
1997-12-27,.,No value available
1997-12-28,.,No value available
1997-12-29,-3.25515,
1997-12-30,-3.12267,
1997-12-31,.,No value available
1998-01-01,.,No value available
1998-01-02,-3.17276,
1998-01-03,.,No value available
1998-01-04,.,No value available
1998-01-05,-3.02260,
1998-01-06,-3.08900,
1998-01-07,-2.95082,
1998-01-08,-2.93764,
1998-01-09,-2.81331,
1998-01-10,.,No value available
1998-01-11,.,No value available
1998-01-12,-2.65423,
1998-01-13,-5.31094,
1998-01-14,-2.88111,
1998-01-15,-5.24091,
1998-01-16,-3.45372,
1998-01-17,.,No value available
1998-01-18,.,No value available
1998-01-19,-3.28971,
1998-01-20,-2.83383,
1998-01-21,-2.88909,
1998-01-22,-3.48658,
1998-01-23,-2.96158,
1998-01-24,.,No value available
1998-01-25,.,No value available
1998-01-26,-3.03302,
1998-01-27,-2.95096,
1998-01-28,-2.92775,
1998-01-29,-2.98501,
1998-01-30,-4.19448,
1998-01-31,.,No value available
1998-02-01,.,No value available
1998-02-02,-2.92529,
1998-02-03,-3.75094,
1998-02-04,-3.52486,
1998-02-05,-3.01628,
1998-02-06,-3.26084,
1998-02-07,.,No value available
1998-02-08,.,No value available
1998-02-09,-3.71762,
1998-02-10,-3.00790,
1998-02-11,-3.26261,
1998-02-12,-2.92414,
1998-02-13,-2.90816,
1998-02-14,.,No value available
1998-02-15,.,No value available
1998-02-16,-3.11286,
1998-02-17,-2.93883,
1998-02-18,-3.26579,
1998-02-19,-2.92218,
1998-02-20,-3.60227,
1998-02-21,.,No value available
1998-02-22,.,No value available
1998-02-23,-2.85210,
1998-02-24,-2.91236,
1998-02-25,-2.93537,
1998-02-26,-2.83735,
1998-02-27,-2.78855,
1998-02-28,.,No value available
1998-03-01,.,No value available
1998-03-02,-3.12590,
1998-03-03,-3.15699,
1998-03-04,-3.33467,
1998-03-05,-3.24096,
1998-03-06,-3.68642,
1998-03-07,.,No value available
1998-03-08,.,No value available
1998-03-09,-2.95731,
1998-03-10,-3.17018,
1998-03-11,-2.87950,
1998-03-12,-2.84585,
1998-03-13,-3.29667,
1998-03-14,.,No value available
1998-03-15,.,No value available
1998-03-16,-2.79210,
1998-03-17,-2.74004,
1998-03-18,-3.35331,
1998-03-19,-2.73704,
1998-03-20,-2.67125,
1998-03-21,.,No value available
1998-03-22,.,No value available
1998-03-23,-2.51771,
1998-03-24,-2.81569,
1998-03-25,-2.40895,
1998-03-26,-2.61975,
1998-03-27,-2.54095,
1998-03-28,.,No value available
1998-03-29,.,No value available
1998-03-30,-2.60230,
1998-03-31,-2.90830,
1998-04-01,-3.08732,
1998-04-02,-3.23336,
1998-04-03,-2.45371,
1998-04-04,.,No value available
1998-04-05,.,No value available
1998-04-06,-2.29626,
1998-04-07,-2.64188,
1998-04-08,-2.54398,
1998-04-09,-2.86380,
1998-04-10,.,No value available
1998-04-11,.,No value available
1998-04-12,.,No value available
1998-04-13,.,No value available
1998-04-14,-2.88391,
1998-04-15,-2.99389,
1998-04-16,-2.97876,
1998-04-17,-2.53442,
1998-04-18,.,No value available
1998-04-19,.,No value available
1998-04-20,-2.96541,
1998-04-21,-2.52009,
1998-04-22,-2.86061,
1998-04-23,-2.58436,
1998-04-24,-3.07730,
1998-04-25,.,No value available
1998-04-26,.,No value available
1998-04-27,-2.81234,
1998-04-28,-3.70194,
1998-04-29,-3.46205,
1998-04-30,-3.17537,
1998-05-01,.,No value available
1998-05-02,.,No value available
1998-05-03,.,No value available
1998-05-04,-2.65052,
1998-05-05,-3.11919,
1998-05-06,-3.03839,
1998-05-07,-2.68462,
1998-05-08,-2.53153,
1998-05-09,.,No value available
1998-05-10,.,No value available
1998-05-11,-2.35809,
1998-05-12,-2.52233,
1998-05-13,-2.49129,
1998-05-14,-2.80016,
1998-05-15,-2.55352,
1998-05-16,.,No value available
1998-05-17,.,No value available
1998-05-18,-3.62629,
1998-05-19,-2.66403,
1998-05-20,-2.81575,
1998-05-21,.,No value available
1998-05-22,-2.97545,
1998-05-23,.,No value available
1998-05-24,.,No value available
1998-05-25,-2.95464,
1998-05-26,-2.83354,
1998-05-27,-2.86604,
1998-05-28,-2.99152,
1998-05-29,-3.10069,
1998-05-30,.,No value available
1998-05-31,.,No value available
1998-06-01,.,No value available
1998-06-02,-3.75329,
1998-06-03,-2.77779,
1998-06-04,-2.85836,
1998-06-05,-2.87337,
1998-06-06,.,No value available
1998-06-07,.,No value available
1998-06-08,-2.89372,
1998-06-09,-2.85765,
1998-06-10,-2.82345,
1998-06-11,.,No value available
1998-06-12,-2.65351,
1998-06-13,.,No value available
1998-06-14,.,No value available
1998-06-15,-2.68741,
1998-06-16,-2.70679,
1998-06-17,-2.73666,
1998-06-18,-2.78721,
1998-06-19,-2.79262,
1998-06-20,.,No value available
1998-06-21,.,No value available
1998-06-22,-2.72157,
1998-06-23,-2.72727,
1998-06-24,-2.72936,
1998-06-25,-2.73649,
1998-06-26,-2.76111,
1998-06-27,.,No value available
1998-06-28,.,No value available
1998-06-29,-2.73876,
1998-06-30,7.44496,
1998-07-01,-2.78090,
1998-07-02,8.53245,
1998-07-03,-2.69349,
1998-07-04,.,No value available
1998-07-05,.,No value available
1998-07-06,9.11907,
1998-07-07,5.44087,
1998-07-08,5.23709,
1998-07-09,-2.61786,
1998-07-10,-2.67739,
1998-07-11,.,No value available
1998-07-12,.,No value available
1998-07-13,-2.66164,
1998-07-14,-2.91303,
1998-07-15,-2.95142,
1998-07-16,-2.83192,
1998-07-17,-2.77089,
1998-07-18,.,No value available
1998-07-19,.,No value available
1998-07-20,-2.89088,
1998-07-21,-2.72477,
1998-07-22,-2.63575,
1998-07-23,-2.92428,
1998-07-24,-2.75100,
1998-07-25,.,No value available
1998-07-26,.,No value available
1998-07-27,-2.70244,
1998-07-28,-3.00577,
1998-07-29,-2.62534,
1998-07-30,-2.77584,
1998-07-31,-2.77547,
1998-08-01,.,No value available
1998-08-02,.,No value available
1998-08-03,-3.33597,
1998-08-04,-2.77518,
1998-08-05,-2.59607,
1998-08-06,-2.54755,
1998-08-07,-2.63144,
1998-08-08,.,No value available
1998-08-09,.,No value available
1998-08-10,-2.51284,
1998-08-11,-2.18037,
1998-08-12,-2.81731,
1998-08-13,-2.57461,
1998-08-14,-2.27897,
1998-08-15,.,No value available
1998-08-16,.,No value available
1998-08-17,-2.43854,
1998-08-18,-2.54818,
1998-08-19,-1.94446,
1998-08-20,-2.80862,
1998-08-21,-2.49695,
1998-08-22,.,No value available
1998-08-23,.,No value available
1998-08-24,-2.88845,
1998-08-25,-2.73775,
1998-08-26,1.35039,
1998-08-27,-3.13321,
1998-08-28,-2.71484,
1998-08-29,.,No value available
1998-08-30,.,No value available
1998-08-31,0.52878,
1998-09-01,-2.87642,
1998-09-02,-2.64447,
1998-09-03,-2.52647,
1998-09-04,-2.59017,
1998-09-05,.,No value available
1998-09-06,.,No value available
1998-09-07,-2.48491,
1998-09-08,-2.59147,
1998-09-09,-1.94468,
1998-09-10,-2.69129,
1998-09-11,-2.44165,
1998-09-12,.,No value available
1998-09-13,.,No value available
1998-09-14,-3.09545,
1998-09-15,-2.91293,
1998-09-16,-3.01211,
1998-09-17,-2.44181,
1998-09-18,-3.46130,
1998-09-19,.,No value available
1998-09-20,.,No value available
1998-09-21,-2.80921,
1998-09-22,-2.97070,
1998-09-23,-3.02353,
1998-09-24,-3.90130,
1998-09-25,-3.20280,
1998-09-26,.,No value available
1998-09-27,.,No value available
1998-09-28,-3.70262,
1998-09-29,-3.74702,
1998-09-30,-3.34715,
1998-10-01,-3.24971,
1998-10-02,-3.34393,
1998-10-03,.,No value available
1998-10-04,.,No value available
1998-10-05,-3.71035,
1998-10-06,-4.07378,
1998-10-07,-3.92376,
1998-10-08,-4.23544,
1998-10-09,-2.91639,
1998-10-10,.,No value available
1998-10-11,.,No value available
1998-10-12,-4.71696,
1998-10-13,-3.17821,
1998-10-14,-3.20578,
1998-10-15,-3.44847,
1998-10-16,-3.63677,
1998-10-17,.,No value available
1998-10-18,.,No value available
1998-10-19,-3.62591,
1998-10-20,0.49220,
1998-10-21,-3.78793,
1998-10-22,-4.29947,
1998-10-23,-4.20994,
1998-10-24,.,No value available
1998-10-25,.,No value available
1998-10-26,-4.41970,
1998-10-27,-4.56234,
1998-10-28,-4.63162,
1998-10-29,-4.52883,
1998-10-30,-4.64406,
1998-10-31,.,No value available
1998-11-01,.,No value available
1998-11-02,-4.67727,
1998-11-03,-4.45764,
1998-11-04,-4.28329,
1998-11-05,-4.66434,
1998-11-06,-4.35014,
1998-11-07,.,No value available
1998-11-08,.,No value available
1998-11-09,-4.08523,
1998-11-10,-4.53086,
1998-11-11,-4.38886,
1998-11-12,-4.64631,
1998-11-13,-4.66684,
1998-11-14,.,No value available
1998-11-15,.,No value available
1998-11-16,-4.44369,
1998-11-17,-4.33236,
1998-11-18,-4.05137,
1998-11-19,-3.99884,
1998-11-20,-3.76071,
1998-11-21,.,No value available
1998-11-22,.,No value available
1998-11-23,-3.69991,
1998-11-24,-3.53953,
1998-11-25,-3.37725,
1998-11-26,-3.22730,
1998-11-27,-3.32950,
1998-11-28,.,No value available
1998-11-29,.,No value available
1998-11-30,-2.90358,
1998-12-01,-3.20675,
1998-12-02,-3.44921,
1998-12-03,-3.19370,
1998-12-04,-3.00321,
1998-12-05,.,No value available
1998-12-06,.,No value available
1998-12-07,-3.15649,
1998-12-08,-3.11288,
1998-12-09,-2.85634,
1998-12-10,-2.84275,
1998-12-11,-2.65443,
1998-12-12,.,No value available
1998-12-13,.,No value available
1998-12-14,-2.75760,
1998-12-15,-2.74670,
1998-12-16,-2.74474,
1998-12-17,-2.87286,
1998-12-18,-2.94503,
1998-12-19,.,No value available
1998-12-20,.,No value available
1998-12-21,-2.80632,
1998-12-22,-3.00166,
1998-12-23,-3.01751,
1998-12-24,.,No value available
1998-12-25,.,No value available
1998-12-26,.,No value available
1998-12-27,.,No value available
1998-12-28,-2.99342,
1998-12-29,-3.11504,
1998-12-30,-4.78614,
1998-12-31,.,No value available
1999-01-01,.,No value available
1999-01-02,.,No value available
1999-01-03,.,No value available
1999-01-04,-3.13371,
1999-01-05,-2.78764,
1999-01-06,-2.67895,
1999-01-07,-2.60532,
1999-01-08,-2.81573,
1999-01-09,.,No value available
1999-01-10,.,No value available
1999-01-11,-2.79163,
1999-01-12,-2.98058,
1999-01-13,-3.02553,
1999-01-14,-3.28520,
1999-01-15,-3.27924,
1999-01-16,.,No value available
1999-01-17,.,No value available
1999-01-18,-3.26935,
1999-01-19,-3.22117,
1999-01-20,-3.31875,
1999-01-21,-3.05400,
1999-01-22,-3.00945,
1999-01-23,.,No value available
1999-01-24,.,No value available
1999-01-25,-3.01644,
1999-01-26,-0.98333,
1999-01-27,-3.02275,
1999-01-28,-3.02847,
1999-01-29,-3.09092,
1999-01-30,.,No value available
1999-01-31,.,No value available
1999-02-01,-3.47576,
1999-02-02,-3.47418,
1999-02-03,-3.30425,
1999-02-04,-3.31558,
1999-02-05,-3.58715,
1999-02-06,.,No value available
1999-02-07,.,No value available
1999-02-08,-3.74500,
1999-02-09,-3.43938,
1999-02-10,-3.56012,
1999-02-11,-2.95763,
1999-02-12,-3.56327,
1999-02-13,.,No value available
1999-02-14,.,No value available
1999-02-15,-3.49483,
1999-02-16,-3.36689,
1999-02-17,-3.60182,
1999-02-18,-3.51437,
1999-02-19,-3.41041,
1999-02-20,.,No value available
1999-02-21,.,No value available
1999-02-22,-3.49713,
1999-02-23,-3.53462,
1999-02-24,-3.50359,
1999-02-25,-3.69968,
1999-02-26,-3.25373,
1999-02-27,.,No value available
1999-02-28,.,No value available
1999-03-01,-3.67743,
1999-03-02,-3.73059,
1999-03-03,-3.78458,
1999-03-04,-3.81481,
1999-03-05,-3.80700,
1999-03-06,.,No value available
1999-03-07,.,No value available
1999-03-08,1.09708,
1999-03-09,-3.62782,
1999-03-10,-3.63821,
1999-03-11,-3.53189,
1999-03-12,-3.44405,
1999-03-13,.,No value available
1999-03-14,.,No value available
1999-03-15,-3.65104,
1999-03-16,-4.01696,
1999-03-17,-3.66843,
1999-03-18,-3.66588,
1999-03-19,-3.99933,
1999-03-20,.,No value available
1999-03-21,.,No value available
1999-03-22,-3.56805,
1999-03-23,-3.91083,
1999-03-24,-3.50106,
1999-03-25,-3.89130,
1999-03-26,-3.54946,
1999-03-27,.,No value available
1999-03-28,.,No value available
1999-03-29,-3.53659,
1999-03-30,-3.49618,
1999-03-31,-3.59138,
1999-04-01,-4.48714,
1999-04-02,.,No value available
1999-04-03,.,No value available
1999-04-04,.,No value available
1999-04-05,.,No value available
1999-04-06,-3.45912,
1999-04-07,-3.41003,
1999-04-08,-3.99472,
1999-04-09,-3.51107,
1999-04-10,.,No value available
1999-04-11,.,No value available
1999-04-12,-3.92638,
1999-04-13,-4.13297,
1999-04-14,-3.68643,
1999-04-15,0.53045,
1999-04-16,-1.77028,
1999-04-17,.,No value available
1999-04-18,.,No value available
1999-04-19,-3.92234,
1999-04-20,-3.97283,
1999-04-21,-3.60057,
1999-04-22,-3.67345,
1999-04-23,-3.67053,
1999-04-24,.,No value available
1999-04-25,.,No value available
1999-04-26,-3.73426,
1999-04-27,-3.75993,
1999-04-28,-3.68566,
1999-04-29,-3.59118,
1999-04-30,-3.53091,
1999-05-01,.,No value available
1999-05-02,.,No value available
1999-05-03,-3.68699,
1999-05-04,-3.72162,
1999-05-05,-3.79122,
1999-05-06,-3.78037,
1999-05-07,-3.73616,
1999-05-08,.,No value available
1999-05-09,.,No value available
1999-05-10,-5.05949,
1999-05-11,-3.74629,
1999-05-12,-3.82372,
1999-05-13,.,No value available
1999-05-14,-3.96553,
1999-05-15,.,No value available
1999-05-16,.,No value available
1999-05-17,-3.49052,
1999-05-18,0.08185,
1999-05-19,-4.08669,
1999-05-20,-4.07841,
1999-05-21,-3.95357,
1999-05-22,.,No value available
1999-05-23,.,No value available
1999-05-24,.,No value available
1999-05-25,-3.89220,
1999-05-26,-3.84162,
1999-05-27,-4.09871,
1999-05-28,-3.90848,
1999-05-29,.,No value available
1999-05-30,.,No value available
1999-05-31,-3.90830,
1999-06-01,-4.12174,
1999-06-02,-4.03284,
1999-06-03,.,No value available
1999-06-04,-4.11329,
1999-06-05,.,No value available
1999-06-06,.,No value available
1999-06-07,-4.25355,
1999-06-08,-4.02718,
1999-06-09,-4.05043,
1999-06-10,-4.15225,
1999-06-11,-4.28409,
1999-06-12,.,No value available
1999-06-13,.,No value available
1999-06-14,-4.29848,
1999-06-15,-4.03521,
1999-06-16,-4.22656,
1999-06-17,-4.00187,
1999-06-18,-4.39698,
1999-06-19,.,No value available
1999-06-20,.,No value available
1999-06-21,-3.93473,
1999-06-22,-4.34378,
1999-06-23,-4.52154,
1999-06-24,-3.89877,
1999-06-25,-5.05253,
1999-06-26,.,No value available
1999-06-27,.,No value available
1999-06-28,-4.90782,
1999-06-29,-4.87152,
1999-06-30,-4.55014,
1999-07-01,-3.87331,
1999-07-02,-6.01398,
1999-07-03,.,No value available
1999-07-04,.,No value available
1999-07-05,-5.98493,
1999-07-06,-4.83212,
1999-07-07,-4.02336,
1999-07-08,-6.14472,
1999-07-09,-6.10898,
1999-07-10,.,No value available
1999-07-11,.,No value available
1999-07-12,-4.55998,
1999-07-13,-4.35514,
1999-07-14,-6.03523,
1999-07-15,-4.36585,
1999-07-16,-4.52494,
1999-07-17,.,No value available
1999-07-18,.,No value available
1999-07-19,-4.98977,
1999-07-20,-4.53285,
1999-07-21,-4.95711,
1999-07-22,-3.42349,
1999-07-23,-4.39497,
1999-07-24,.,No value available
1999-07-25,.,No value available
1999-07-26,-3.67752,
1999-07-27,-3.64809,
1999-07-28,0.00398,
1999-07-29,-4.56522,
1999-07-30,-4.76824,
1999-07-31,.,No value available
1999-08-01,.,No value available
1999-08-02,-5.00624,
1999-08-03,-5.06332,
1999-08-04,-4.93019,
1999-08-05,-4.76432,
1999-08-06,-4.68715,
1999-08-07,.,No value available
1999-08-08,.,No value available
1999-08-09,-4.64169,
1999-08-10,-4.62472,
1999-08-11,-5.21820,
1999-08-12,-5.29624,
1999-08-13,-4.71467,
1999-08-14,.,No value available
1999-08-15,.,No value available
1999-08-16,-4.59000,
1999-08-17,-4.66947,
1999-08-18,-2.10047,
1999-08-19,-5.13652,
1999-08-20,-5.15251,
1999-08-21,.,No value available
1999-08-22,.,No value available
1999-08-23,-4.98566,
1999-08-24,-4.96113,
1999-08-25,-4.81401,
1999-08-26,-2.04289,
1999-08-27,-4.88012,
1999-08-28,.,No value available
1999-08-29,.,No value available
1999-08-30,-4.68897,
1999-08-31,-4.76169,
1999-09-01,-5.04217,
1999-09-02,-5.18340,
1999-09-03,-5.64212,
1999-09-04,.,No value available
1999-09-05,.,No value available
1999-09-06,-6.18734,
1999-09-07,-5.85634,
1999-09-08,-5.64780,
1999-09-09,-5.21207,
1999-09-10,-5.10881,
1999-09-11,.,No value available
1999-09-12,.,No value available
1999-09-13,-5.04044,
1999-09-14,-5.24038,
1999-09-15,-5.43965,
1999-09-16,-5.47302,
1999-09-17,-5.60913,
1999-09-18,.,No value available
1999-09-19,.,No value available
1999-09-20,-5.73515,
1999-09-21,-5.66752,
1999-09-22,-5.50212,
1999-09-23,-5.55311,
1999-09-24,-4.92934,
1999-09-25,.,No value available
1999-09-26,.,No value available
1999-09-27,-5.80613,
1999-09-28,-5.20239,
1999-09-29,-5.64705,
1999-09-30,-5.12154,
1999-10-01,-4.59624,
1999-10-02,.,No value available
1999-10-03,.,No value available
1999-10-04,-4.68702,
1999-10-05,-4.42956,
1999-10-06,-4.41101,
1999-10-07,-4.64935,
1999-10-08,-4.66619,
1999-10-09,.,No value available
1999-10-10,.,No value available
1999-10-11,-4.83350,
1999-10-12,-4.98686,
1999-10-13,-4.79317,
1999-10-14,-4.91714,
1999-10-15,-4.96310,
1999-10-16,.,No value available
1999-10-17,.,No value available
1999-10-18,-4.73470,
1999-10-19,-4.69782,
1999-10-20,-5.05807,
1999-10-21,-5.16476,
1999-10-22,-5.30951,
1999-10-23,.,No value available
1999-10-24,.,No value available
1999-10-25,-4.92095,
1999-10-26,-5.45319,
1999-10-27,-5.80432,
1999-10-28,-5.18435,
1999-10-29,-5.51164,
1999-10-30,.,No value available
1999-10-31,.,No value available
1999-11-01,-5.20221,
1999-11-02,-4.69809,
1999-11-03,-4.75149,
1999-11-04,-5.30498,
1999-11-05,-5.12781,
1999-11-06,.,No value available
1999-11-07,.,No value available
1999-11-08,-5.57593,
1999-11-09,-5.39939,
1999-11-10,-5.59845,
1999-11-11,-2.96977,
1999-11-12,-5.16648,
1999-11-13,.,No value available
1999-11-14,.,No value available
1999-11-15,-5.57652,
1999-11-16,-5.52770,
1999-11-17,-5.53863,
1999-11-18,-5.59007,
1999-11-19,-5.57820,
1999-11-20,.,No value available
1999-11-21,.,No value available
1999-11-22,-5.62925,
1999-11-23,-5.60445,
1999-11-24,-5.69219,
1999-11-25,-5.67196,
1999-11-26,-5.73267,
1999-11-27,.,No value available
1999-11-28,.,No value available
1999-11-29,-5.71772,
1999-11-30,-5.69899,
1999-12-01,-5.63876,
1999-12-02,-5.62917,
1999-12-03,-5.66232,
1999-12-04,.,No value available
1999-12-05,.,No value available
1999-12-06,-5.57428,
1999-12-07,-5.40346,
1999-12-08,-5.43634,
1999-12-09,-5.12044,
1999-12-10,-5.41743,
1999-12-11,.,No value available
1999-12-12,.,No value available
1999-12-13,-4.70911,
1999-12-14,-4.44207,
1999-12-15,-4.56401,
1999-12-16,-4.18701,
1999-12-17,-4.61624,
1999-12-18,.,No value available
1999-12-19,.,No value available
1999-12-20,-4.96521,
1999-12-21,-4.66605,
1999-12-22,-4.30133,
1999-12-23,-4.31801,
1999-12-24,.,No value available
1999-12-25,.,No value available
1999-12-26,.,No value available
1999-12-27,-4.09020,
1999-12-28,-4.20721,
1999-12-29,-3.96964,
1999-12-30,-4.36873,
1999-12-31,.,No value available
2000-01-01,.,No value available
2000-01-02,.,No value available
2000-01-03,-4.95911,
2000-01-04,-4.74383,
2000-01-05,-4.33957,
2000-01-06,-4.38626,
2000-01-07,-4.24828,
2000-01-08,.,No value available
2000-01-09,.,No value available
2000-01-10,-3.78871,
2000-01-11,-3.94083,
2000-01-12,-4.32821,
2000-01-13,-4.59031,
2000-01-14,-5.04509,
2000-01-15,.,No value available
2000-01-16,.,No value available
2000-01-17,-5.09171,
2000-01-18,-5.03850,
2000-01-19,-4.86210,
2000-01-20,-4.87048,
2000-01-21,-5.86535,
2000-01-22,.,No value available
2000-01-23,.,No value available
2000-01-24,-5.64804,
2000-01-25,-5.36772,
2000-01-26,-5.19492,
2000-01-27,-5.09375,
2000-01-28,-4.76786,
2000-01-29,.,No value available
2000-01-30,.,No value available
2000-01-31,-4.87151,
2000-02-01,-4.87709,
2000-02-02,-4.15252,
2000-02-03,-4.26383,
2000-02-04,-4.32054,
2000-02-05,.,No value available
2000-02-06,.,No value available
2000-02-07,-5.03783,
2000-02-08,-5.26275,
2000-02-09,-5.36204,
2000-02-10,-5.22975,
2000-02-11,-4.26259,
2000-02-12,.,No value available
2000-02-13,.,No value available
2000-02-14,-5.68006,
2000-02-15,-5.62189,
2000-02-16,-5.65932,
2000-02-17,-4.46184,
2000-02-18,-2.81115,
2000-02-19,.,No value available
2000-02-20,.,No value available
2000-02-21,-2.60498,
2000-02-22,-3.67779,
2000-02-23,-3.97996,
2000-02-24,-3.97177,
2000-02-25,-4.05858,
2000-02-26,.,No value available
2000-02-27,.,No value available
2000-02-28,-4.26950,
2000-02-29,-3.89747,
2000-03-01,-3.99868,
2000-03-02,-3.79955,
2000-03-03,-3.60557,
2000-03-04,.,No value available
2000-03-05,.,No value available
2000-03-06,-3.38791,
2000-03-07,-3.36282,
2000-03-08,-3.13208,
2000-03-09,-2.76472,
2000-03-10,-3.22826,
2000-03-11,.,No value available
2000-03-12,.,No value available
2000-03-13,-2.87839,
2000-03-14,-3.24421,
2000-03-15,-3.36093,
2000-03-16,-3.54427,
2000-03-17,-3.67826,
2000-03-18,.,No value available
2000-03-19,.,No value available
2000-03-20,-3.22502,
2000-03-21,-3.35193,
2000-03-22,-3.81109,
2000-03-23,-3.61325,
2000-03-24,-3.48032,
2000-03-25,.,No value available
2000-03-26,.,No value available
2000-03-27,-3.89025,
2000-03-28,-3.57470,
2000-03-29,-3.45100,
2000-03-30,-3.75426,
2000-03-31,-3.37010,
2000-04-01,.,No value available
2000-04-02,.,No value available
2000-04-03,-3.12237,
2000-04-04,-3.30868,
2000-04-05,-4.76582,
2000-04-06,-3.94238,
2000-04-07,-3.28513,
2000-04-08,.,No value available
2000-04-09,.,No value available
2000-04-10,-3.18410,
2000-04-11,-2.99172,
2000-04-12,-3.03276,
2000-04-13,-2.87010,
2000-04-14,-2.86999,
2000-04-15,.,No value available
2000-04-16,.,No value available
2000-04-17,-3.20919,
2000-04-18,-3.38844,
2000-04-19,-2.95262,
2000-04-20,-2.99777,
2000-04-21,.,No value available
2000-04-22,.,No value available
2000-04-23,.,No value available
2000-04-24,.,No value available
2000-04-25,-2.76696,
2000-04-26,-2.81806,
2000-04-27,-2.60472,
2000-04-28,-2.23916,
2000-04-29,.,No value available
2000-04-30,.,No value available
2000-05-01,.,No value available
2000-05-02,-2.19854,
2000-05-03,-2.12926,
2000-05-04,-2.15087,
2000-05-05,-2.00188,
2000-05-06,.,No value available
2000-05-07,.,No value available
2000-05-08,-2.03202,
2000-05-09,-1.95896,
2000-05-10,-1.84771,
2000-05-11,-1.91753,
2000-05-12,-1.85449,
2000-05-13,.,No value available
2000-05-14,.,No value available
2000-05-15,-1.81930,
2000-05-16,-1.79796,
2000-05-17,-1.22255,
2000-05-18,-1.77748,
2000-05-19,-1.83402,
2000-05-20,.,No value available
2000-05-21,.,No value available
2000-05-22,-0.83424,
2000-05-23,-1.65681,
2000-05-24,-1.78375,
2000-05-25,-1.79792,
2000-05-26,-1.68158,
2000-05-27,.,No value available
2000-05-28,.,No value available
2000-05-29,-1.66569,
2000-05-30,-1.64440,
2000-05-31,-1.51186,
2000-06-01,-1.48257,
2000-06-02,-1.55198,
2000-06-03,.,No value available
2000-06-04,.,No value available
2000-06-05,-1.57072,
2000-06-06,-1.62123,
2000-06-07,-1.62254,
2000-06-08,-1.52289,
2000-06-09,-1.35048,
2000-06-10,.,No value available
2000-06-11,.,No value available
2000-06-12,-1.30835,
2000-06-13,-1.40562,
2000-06-14,-1.04195,
2000-06-15,-1.51031,
2000-06-16,-1.44219,
2000-06-17,.,No value available
2000-06-18,.,No value available
2000-06-19,-1.49247,
2000-06-20,-1.39063,
2000-06-21,-1.40309,
2000-06-22,-1.57227,
2000-06-23,-1.52168,
2000-06-24,.,No value available
2000-06-25,.,No value available
2000-06-26,-1.51264,
2000-06-27,-1.40122,
2000-06-28,-1.42014,
2000-06-29,-1.51414,
2000-06-30,-1.49129,
2000-07-01,.,No value available
2000-07-02,.,No value available
2000-07-03,-1.59002,
2000-07-04,-1.44222,
2000-07-05,-1.58747,
2000-07-06,-1.13341,
2000-07-07,-1.55823,
2000-07-08,.,No value available
2000-07-09,.,No value available
2000-07-10,-1.50619,
2000-07-11,-1.48521,
2000-07-12,-1.44060,
2000-07-13,-1.45043,
2000-07-14,-1.45987,
2000-07-15,.,No value available
2000-07-16,.,No value available
2000-07-17,-1.50578,
2000-07-18,-1.38246,
2000-07-19,-1.32500,
2000-07-20,-1.35394,
2000-07-21,-1.30883,
2000-07-22,.,No value available
2000-07-23,.,No value available
2000-07-24,-1.32087,
2000-07-25,-1.32856,
2000-07-26,-1.34945,
2000-07-27,-1.29849,
2000-07-28,-1.28401,
2000-07-29,.,No value available
2000-07-30,.,No value available
2000-07-31,-1.25556,
2000-08-01,-1.23635,
2000-08-02,-1.15507,
2000-08-03,-1.21128,
2000-08-04,-1.21108,
2000-08-05,.,No value available
2000-08-06,.,No value available
2000-08-07,-1.25070,
2000-08-08,-1.22016,
2000-08-09,-1.12218,
2000-08-10,-1.08917,
2000-08-11,-0.98091,
2000-08-12,.,No value available
2000-08-13,.,No value available
2000-08-14,-1.12889,
2000-08-15,-1.00746,
2000-08-16,-1.09673,
2000-08-17,-0.99608,
2000-08-18,-0.86005,
2000-08-19,.,No value available
2000-08-20,.,No value available
2000-08-21,-1.02122,
2000-08-22,-0.99542,
2000-08-23,-0.72869,
2000-08-24,-0.39338,
2000-08-25,-0.92633,
2000-08-26,.,No value available
2000-08-27,.,No value available
2000-08-28,-0.78973,
2000-08-29,-0.64359,
2000-08-30,-0.75803,
2000-08-31,-0.92322,
2000-09-01,-1.19644,
2000-09-02,.,No value available
2000-09-03,.,No value available
2000-09-04,-1.22058,
2000-09-05,-1.21060,
2000-09-06,-1.18664,
2000-09-07,-1.26297,
2000-09-08,-1.03667,
2000-09-09,.,No value available
2000-09-10,.,No value available
2000-09-11,-1.11470,
2000-09-12,-1.22074,
2000-09-13,-1.52245,
2000-09-14,-1.60956,
2000-09-15,-1.92894,
2000-09-16,.,No value available
2000-09-17,.,No value available
2000-09-18,-2.21965,
2000-09-19,-2.40427,
2000-09-20,-2.13434,
2000-09-21,-2.15700,
2000-09-22,-1.85047,
2000-09-23,.,No value available
2000-09-24,.,No value available
2000-09-25,-1.99626,
2000-09-26,-1.82923,
2000-09-27,-2.12816,
2000-09-28,-2.05943,
2000-09-29,-2.08397,
2000-09-30,.,No value available
2000-10-01,.,No value available
2000-10-02,-2.42255,
2000-10-03,.,No value available
2000-10-04,-3.64545,
2000-10-05,-2.34992,
2000-10-06,-2.20142,
2000-10-07,.,No value available
2000-10-08,.,No value available
2000-10-09,-1.92551,
2000-10-10,-1.79215,
2000-10-11,-2.06421,
2000-10-12,-2.18526,
2000-10-13,-1.27357,
2000-10-14,.,No value available
2000-10-15,.,No value available
2000-10-16,-1.40552,
2000-10-17,-2.10989,
2000-10-18,-2.00942,
2000-10-19,-2.02855,
2000-10-20,-1.70484,
2000-10-21,.,No value available
2000-10-22,.,No value available
2000-10-23,-2.66943,
2000-10-24,-3.34935,
2000-10-25,-1.54108,
2000-10-26,-2.35333,
2000-10-27,-1.28069,
2000-10-28,.,No value available
2000-10-29,.,No value available
2000-10-30,-1.88611,
2000-10-31,-3.61831,
2000-11-01,-1.75456,
2000-11-02,-2.16013,
2000-11-03,-1.40761,
2000-11-04,.,No value available
2000-11-05,.,No value available
2000-11-06,-1.20677,
2000-11-07,-1.38804,
2000-11-08,-1.74355,
2000-11-09,-2.66918,
2000-11-10,-1.39154,
2000-11-11,.,No value available
2000-11-12,.,No value available
2000-11-13,-1.72755,
2000-11-14,-3.31747,
2000-11-15,-3.46538,
2000-11-16,-1.37944,
2000-11-17,-3.50294,
2000-11-18,.,No value available
2000-11-19,.,No value available
2000-11-20,-1.68468,
2000-11-21,-2.48871,
2000-11-22,-1.43322,
2000-11-23,-1.48772,
2000-11-24,-1.78966,
2000-11-25,.,No value available
2000-11-26,.,No value available
2000-11-27,-1.01732,
2000-11-28,-1.03319,
2000-11-29,-1.10978,
2000-11-30,-1.26644,
2000-12-01,-1.34438,
2000-12-02,.,No value available
2000-12-03,.,No value available
2000-12-04,-2.03049,
2000-12-05,-1.90951,
2000-12-06,-1.95552,
2000-12-07,-2.43625,
2000-12-08,-2.06854,
2000-12-09,.,No value available
2000-12-10,.,No value available
2000-12-11,-1.86470,
2000-12-12,-2.40030,
2000-12-13,-1.98285,
2000-12-14,-1.46318,
2000-12-15,-1.07777,
2000-12-16,.,No value available
2000-12-17,.,No value available
2000-12-18,-2.16125,
2000-12-19,-1.54735,
2000-12-20,-2.13815,
2000-12-21,-1.80684,
2000-12-22,-1.80988,
2000-12-23,.,No value available
2000-12-24,.,No value available
2000-12-25,.,No value available
2000-12-26,.,No value available
2000-12-27,-1.78050,
2000-12-28,-2.25156,
2000-12-29,-1.72393,
2000-12-30,.,No value available
2000-12-31,.,No value available
2001-01-01,.,No value available
2001-01-02,-1.46037,
2001-01-03,-1.43010,
2001-01-04,-1.49362,
2001-01-05,-1.47036,
2001-01-06,.,No value available
2001-01-07,.,No value available
2001-01-08,-1.40004,
2001-01-09,-1.49457,
2001-01-10,-1.46929,
2001-01-11,-1.36656,
2001-01-12,-1.87752,
2001-01-13,.,No value available
2001-01-14,.,No value available
2001-01-15,-1.57973,
2001-01-16,-1.64694,
2001-01-17,-1.76135,
2001-01-18,-1.46641,
2001-01-19,-1.73111,
2001-01-20,.,No value available
2001-01-21,.,No value available
2001-01-22,-1.64417,
2001-01-23,-1.52235,
2001-01-24,-1.51393,
2001-01-25,-1.54018,
2001-01-26,-1.36429,
2001-01-27,.,No value available
2001-01-28,.,No value available
2001-01-29,-1.34184,
2001-01-30,-1.47622,
2001-01-31,-1.52847,
2001-02-01,-1.53615,
2001-02-02,-1.43114,
2001-02-03,.,No value available
2001-02-04,.,No value available
2001-02-05,-1.42674,
2001-02-06,-1.51888,
2001-02-07,-1.27506,
2001-02-08,-1.31693,
2001-02-09,-1.29202,
2001-02-10,.,No value available
2001-02-11,.,No value available
2001-02-12,-1.37877,
2001-02-13,-1.57429,
2001-02-14,-1.68626,
2001-02-15,-1.41072,
2001-02-16,-1.33901,
2001-02-17,.,No value available
2001-02-18,.,No value available
2001-02-19,-1.58333,
2001-02-20,-1.50237,
2001-02-21,-1.41068,
2001-02-22,-1.57298,
2001-02-23,-2.16223,
2001-02-24,.,No value available
2001-02-25,.,No value available
2001-02-26,-1.53230,
2001-02-27,-1.72048,
2001-02-28,-1.84007,
2001-03-01,-1.75832,
2001-03-02,-1.75983,
2001-03-03,.,No value available
2001-03-04,.,No value available
2001-03-05,-1.60029,
2001-03-06,-1.79250,
2001-03-07,-1.87468,
2001-03-08,-1.70358,
2001-03-09,-1.68031,
2001-03-10,.,No value available
2001-03-11,.,No value available
2001-03-12,-1.49383,
2001-03-13,-1.65302,
2001-03-14,-1.52160,
2001-03-15,-1.69755,
2001-03-16,-1.66000,
2001-03-17,.,No value available
2001-03-18,.,No value available
2001-03-19,-1.54915,
2001-03-20,-1.56767,
2001-03-21,-1.37690,
2001-03-22,-1.49316,
2001-03-23,-1.43683,
2001-03-24,.,No value available
2001-03-25,.,No value available
2001-03-26,-1.53302,
2001-03-27,-1.51538,
2001-03-28,-1.65376,
2001-03-29,-1.73229,
2001-03-30,-1.75445,
2001-03-31,.,No value available
2001-04-01,.,No value available
2001-04-02,-1.75055,
2001-04-03,-1.74849,
2001-04-04,-1.59976,
2001-04-05,-1.75130,
2001-04-06,-1.69603,
2001-04-07,.,No value available
2001-04-08,.,No value available
2001-04-09,-1.69160,
2001-04-10,-1.72305,
2001-04-11,-1.75361,
2001-04-12,-1.63198,
2001-04-13,.,No value available
2001-04-14,.,No value available
2001-04-15,.,No value available
2001-04-16,.,No value available
2001-04-17,-1.61387,
2001-04-18,-1.55910,
2001-04-19,-1.76027,
2001-04-20,-1.93751,
2001-04-21,.,No value available
2001-04-22,.,No value available
2001-04-23,-2.18204,
2001-04-24,-1.58533,
2001-04-25,-1.53917,
2001-04-26,-2.95150,
2001-04-27,-1.54702,
2001-04-28,.,No value available
2001-04-29,.,No value available
2001-04-30,-1.66302,
2001-05-01,.,No value available
2001-05-02,-1.62493,
2001-05-03,-1.73305,
2001-05-04,-1.51498,
2001-05-05,.,No value available
2001-05-06,.,No value available
2001-05-07,-1.46142,
2001-05-08,-1.99502,
2001-05-09,-1.98496,
2001-05-10,-1.48860,
2001-05-11,-2.04930,
2001-05-12,.,No value available
2001-05-13,.,No value available
2001-05-14,-2.42184,
2001-05-15,-2.49642,
2001-05-16,-1.91383,
2001-05-17,-2.45753,
2001-05-18,-1.90553,
2001-05-19,.,No value available
2001-05-20,.,No value available
2001-05-21,-1.97918,
2001-05-22,-1.97707,
2001-05-23,-2.04140,
2001-05-24,-2.28616,
2001-05-25,-2.03032,
2001-05-26,.,No value available
2001-05-27,.,No value available
2001-05-28,-2.08429,
2001-05-29,-1.91343,
2001-05-30,-1.92993,
2001-05-31,-1.95877,
2001-06-01,-2.08347,
2001-06-02,.,No value available
2001-06-03,.,No value available
2001-06-04,-2.25886,
2001-06-05,-2.13415,
2001-06-06,-2.04056,
2001-06-07,-2.11447,
2001-06-08,-1.86459,
2001-06-09,.,No value available
2001-06-10,.,No value available
2001-06-11,-2.05383,
2001-06-12,-2.12668,
2001-06-13,-1.55754,
2001-06-14,-1.86536,
2001-06-15,-2.02357,
2001-06-16,.,No value available
2001-06-17,.,No value available
2001-06-18,-2.12824,
2001-06-19,-2.31719,
2001-06-20,-2.34719,
2001-06-21,-2.33832,
2001-06-22,-2.33530,
2001-06-23,.,No value available
2001-06-24,.,No value available
2001-06-25,-2.23709,
2001-06-26,-2.07161,
2001-06-27,-1.93384,
2001-06-28,-1.92591,
2001-06-29,-2.00214,
2001-06-30,.,No value available
2001-07-01,.,No value available
2001-07-02,-2.17694,
2001-07-03,-2.19829,
2001-07-04,-2.00104,
2001-07-05,-2.07690,
2001-07-06,-2.05319,
2001-07-07,.,No value available
2001-07-08,.,No value available
2001-07-09,-1.93686,
2001-07-10,-1.91271,
2001-07-11,-2.12160,
2001-07-12,-1.84471,
2001-07-13,-1.83824,
2001-07-14,.,No value available
2001-07-15,.,No value available
2001-07-16,-1.92279,
2001-07-17,-1.85784,
2001-07-18,-2.35301,
2001-07-19,-1.75795,
2001-07-20,-1.87434,
2001-07-21,.,No value available
2001-07-22,.,No value available
2001-07-23,-1.71879,
2001-07-24,-1.73563,
2001-07-25,-1.76790,
2001-07-26,-2.24149,
2001-07-27,-1.72102,
2001-07-28,.,No value available
2001-07-29,.,No value available
2001-07-30,-1.70949,
2001-07-31,-1.88997,
2001-08-01,-1.69771,
2001-08-02,-1.69643,
2001-08-03,-1.76110,
2001-08-04,.,No value available
2001-08-05,.,No value available
2001-08-06,-2.81783,
2001-08-07,-2.08642,
2001-08-08,-2.09923,
2001-08-09,-2.18297,
2001-08-10,-1.64580,
2001-08-11,.,No value available
2001-08-12,.,No value available
2001-08-13,-1.66066,
2001-08-14,-1.75296,
2001-08-15,-1.65679,
2001-08-16,-1.77739,
2001-08-17,-1.80413,
2001-08-18,.,No value available
2001-08-19,.,No value available
2001-08-20,-1.73204,
2001-08-21,-2.28763,
2001-08-22,-1.91691,
2001-08-23,-2.23842,
2001-08-24,-2.63919,
2001-08-25,.,No value available
2001-08-26,.,No value available
2001-08-27,-2.58699,
2001-08-28,-2.53078,
2001-08-29,-2.64595,
2001-08-30,-2.24968,
2001-08-31,-1.98596,
2001-09-01,.,No value available
2001-09-02,.,No value available
2001-09-03,-2.01962,
2001-09-04,-1.86621,
2001-09-05,-1.89690,
2001-09-06,-1.92165,
2001-09-07,-2.01669,
2001-09-08,.,No value available
2001-09-09,.,No value available
2001-09-10,-1.98576,
2001-09-11,-2.12928,
2001-09-12,-2.05975,
2001-09-13,-2.26518,
2001-09-14,-2.28707,
2001-09-15,.,No value available
2001-09-16,.,No value available
2001-09-17,-2.40833,
2001-09-18,-3.19034,
2001-09-19,-2.98590,
2001-09-20,-3.81550,
2001-09-21,-3.39638,
2001-09-22,.,No value available
2001-09-23,.,No value available
2001-09-24,-3.11589,
2001-09-25,-3.13889,
2001-09-26,-3.05601,
2001-09-27,-3.23413,
2001-09-28,-2.85153,
2001-09-29,.,No value available
2001-09-30,.,No value available
2001-10-01,-2.82384,
2001-10-02,-2.85625,
2001-10-03,-2.80492,
2001-10-04,-2.86848,
2001-10-05,-2.79334,
2001-10-06,.,No value available
2001-10-07,.,No value available
2001-10-08,-2.86969,
2001-10-09,-2.89866,
2001-10-10,-2.76413,
2001-10-11,-2.69767,
2001-10-12,-2.73084,
2001-10-13,.,No value available
2001-10-14,.,No value available
2001-10-15,-2.65513,
2001-10-16,-2.60916,
2001-10-17,-2.68791,
2001-10-18,-2.63356,
2001-10-19,-2.59186,
2001-10-20,.,No value available
2001-10-21,.,No value available
2001-10-22,-2.65032,
2001-10-23,-2.61607,
2001-10-24,-2.57609,
2001-10-25,-2.54838,
2001-10-26,-2.37430,
2001-10-27,.,No value available
2001-10-28,.,No value available
2001-10-29,-2.46234,
2001-10-30,-2.40072,
2001-10-31,-2.47115,
2001-11-01,-1.91138,
2001-11-02,-1.87678,
2001-11-03,.,No value available
2001-11-04,.,No value available
2001-11-05,-1.86962,
2001-11-06,-2.00024,
2001-11-07,-2.00528,
2001-11-08,-2.08214,
2001-11-09,-2.11501,
2001-11-10,.,No value available
2001-11-11,.,No value available
2001-11-12,-2.08925,
2001-11-13,-2.15614,
2001-11-14,-2.24170,
2001-11-15,-2.32369,
2001-11-16,-2.40966,
2001-11-17,.,No value available
2001-11-18,.,No value available
2001-11-19,-2.42841,
2001-11-20,-2.30907,
2001-11-21,-2.37234,
2001-11-22,-2.48308,
2001-11-23,-2.37568,
2001-11-24,.,No value available
2001-11-25,.,No value available
2001-11-26,-2.33938,
2001-11-27,-2.41567,
2001-11-28,-2.53575,
2001-11-29,-2.62959,
2001-11-30,-2.54552,
2001-12-01,.,No value available
2001-12-02,.,No value available
2001-12-03,-2.30481,
2001-12-04,-2.31821,
2001-12-05,-2.45778,
2001-12-06,-2.34743,
2001-12-07,-2.53062,
2001-12-08,.,No value available
2001-12-09,.,No value available
2001-12-10,-2.35749,
2001-12-11,-2.27807,
2001-12-12,-2.62733,
2001-12-13,-2.28705,
2001-12-14,-2.44412,
2001-12-15,.,No value available
2001-12-16,.,No value available
2001-12-17,-2.66950,
2001-12-18,-2.57632,
2001-12-19,-2.44383,
2001-12-20,-2.50917,
2001-12-21,-2.41980,
2001-12-22,.,No value available
2001-12-23,.,No value available
2001-12-24,.,No value available
2001-12-25,.,No value available
2001-12-26,.,No value available
2001-12-27,-2.32815,
2001-12-28,-2.65276,
2001-12-29,.,No value available
2001-12-30,.,No value available
2001-12-31,.,No value available
2002-01-01,.,No value available
2002-01-02,-2.53910,
2002-01-03,-2.70102,
2002-01-04,-2.61201,
2002-01-05,.,No value available
2002-01-06,.,No value available
2002-01-07,-2.62499,
2002-01-08,-2.50425,
2002-01-09,-2.55402,
2002-01-10,-2.57713,
2002-01-11,-2.55097,
2002-01-12,.,No value available
2002-01-13,.,No value available
2002-01-14,-2.53195,
2002-01-15,-2.39445,
2002-01-16,-2.41223,
2002-01-17,-2.52035,
2002-01-18,-2.63521,
2002-01-19,.,No value available
2002-01-20,.,No value available
2002-01-21,-2.56448,
2002-01-22,-2.38760,
2002-01-23,-2.52117,
2002-01-24,-2.52075,
2002-01-25,-2.28773,
2002-01-26,.,No value available
2002-01-27,.,No value available
2002-01-28,-2.33933,
2002-01-29,-2.50367,
2002-01-30,-2.37520,
2002-01-31,-2.38344,
2002-02-01,-2.42265,
2002-02-02,.,No value available
2002-02-03,.,No value available
2002-02-04,-2.31299,
2002-02-05,-2.31397,
2002-02-06,-2.26356,
2002-02-07,-2.36263,
2002-02-08,-2.56900,
2002-02-09,.,No value available
2002-02-10,.,No value available
2002-02-11,-2.55352,
2002-02-12,-2.54617,
2002-02-13,-2.56635,
2002-02-14,-2.60612,
2002-02-15,-2.57455,
2002-02-16,.,No value available
2002-02-17,.,No value available
2002-02-18,-2.55620,
2002-02-19,-2.54012,
2002-02-20,-2.89367,
2002-02-21,-2.81243,
2002-02-22,-2.65868,
2002-02-23,.,No value available
2002-02-24,.,No value available
2002-02-25,-2.79834,
2002-02-26,-2.86785,
2002-02-27,-2.65057,
2002-02-28,-2.57918,
2002-03-01,-2.53160,
2002-03-02,.,No value available
2002-03-03,.,No value available
2002-03-04,-2.56270,
2002-03-05,-2.67301,
2002-03-06,-2.75406,
2002-03-07,-2.78688,
2002-03-08,-2.74927,
2002-03-09,.,No value available
2002-03-10,.,No value available
2002-03-11,-2.80762,
2002-03-12,-2.85657,
2002-03-13,-2.80968,
2002-03-14,-2.82535,
2002-03-15,-2.81339,
2002-03-16,.,No value available
2002-03-17,.,No value available
2002-03-18,-2.94772,
2002-03-19,-2.77399,
2002-03-20,-2.62521,
2002-03-21,-2.87469,
2002-03-22,-3.01971,
2002-03-23,.,No value available
2002-03-24,.,No value available
2002-03-25,-3.00150,
2002-03-26,-3.01707,
2002-03-27,-2.94994,
2002-03-28,-2.95705,
2002-03-29,.,No value available
2002-03-30,.,No value available
2002-03-31,.,No value available
2002-04-01,.,No value available
2002-04-02,-3.08522,
2002-04-03,-3.05165,
2002-04-04,-2.91607,
2002-04-05,-2.84208,
2002-04-06,.,No value available
2002-04-07,.,No value available
2002-04-08,-2.90587,
2002-04-09,-2.99637,
2002-04-10,-2.92247,
2002-04-11,-3.08261,
2002-04-12,-2.89991,
2002-04-13,.,No value available
2002-04-14,.,No value available
2002-04-15,-2.99178,
2002-04-16,-3.02122,
2002-04-17,-2.89200,
2002-04-18,-3.16086,
2002-04-19,-3.15425,
2002-04-20,.,No value available
2002-04-21,.,No value available
2002-04-22,-3.15636,
2002-04-23,-3.16664,
2002-04-24,-3.18304,
2002-04-25,-2.84414,
2002-04-26,-2.95691,
2002-04-27,.,No value available
2002-04-28,.,No value available
2002-04-29,-2.76557,
2002-04-30,-3.11625,
2002-05-01,.,No value available
2002-05-02,-2.87383,
2002-05-03,-2.89090,
2002-05-04,.,No value available
2002-05-05,.,No value available
2002-05-06,-2.87200,
2002-05-07,-2.97009,
2002-05-08,-2.96306,
2002-05-09,-2.84190,
2002-05-10,-2.87878,
2002-05-11,.,No value available
2002-05-12,.,No value available
2002-05-13,-2.81958,
2002-05-14,-2.82626,
2002-05-15,-2.86270,
2002-05-16,-2.77419,
2002-05-17,-2.77222,
2002-05-18,.,No value available
2002-05-19,.,No value available
2002-05-20,-2.82178,
2002-05-21,-2.66866,
2002-05-22,-2.81535,
2002-05-23,-2.77330,
2002-05-24,-2.73103,
2002-05-25,.,No value available
2002-05-26,.,No value available
2002-05-27,-2.77862,
2002-05-28,-2.78942,
2002-05-29,-2.75339,
2002-05-30,-2.74762,
2002-05-31,-2.70577,
2002-06-01,.,No value available
2002-06-02,.,No value available
2002-06-03,-2.72521,
2002-06-04,-2.71901,
2002-06-05,-2.76818,
2002-06-06,-2.78185,
2002-06-07,-2.79579,
2002-06-08,.,No value available
2002-06-09,.,No value available
2002-06-10,-2.80851,
2002-06-11,-2.78504,
2002-06-12,-2.73208,
2002-06-13,-2.74977,
2002-06-14,-2.58265,
2002-06-15,.,No value available
2002-06-16,.,No value available
2002-06-17,-2.64283,
2002-06-18,-2.51546,
2002-06-19,-2.48226,
2002-06-20,-2.44613,
2002-06-21,-2.49025,
2002-06-22,.,No value available
2002-06-23,.,No value available
2002-06-24,-2.35835,
2002-06-25,-2.41425,
2002-06-26,-2.20235,
2002-06-27,-2.29022,
2002-06-28,-2.37447,
2002-06-29,.,No value available
2002-06-30,.,No value available
2002-07-01,-2.47308,
2002-07-02,-2.49620,
2002-07-03,-2.49101,
2002-07-04,-2.45654,
2002-07-05,-2.49314,
2002-07-06,.,No value available
2002-07-07,.,No value available
2002-07-08,-2.60041,
2002-07-09,-2.70581,
2002-07-10,-2.58498,
2002-07-11,-2.51571,
2002-07-12,-2.52642,
2002-07-13,.,No value available
2002-07-14,.,No value available
2002-07-15,-2.44302,
2002-07-16,-2.36865,
2002-07-17,-2.54240,
2002-07-18,-2.58390,
2002-07-19,-2.48899,
2002-07-20,.,No value available
2002-07-21,.,No value available
2002-07-22,-2.43468,
2002-07-23,-2.39398,
2002-07-24,-2.32659,
2002-07-25,-2.26975,
2002-07-26,-2.34198,
2002-07-27,.,No value available
2002-07-28,.,No value available
2002-07-29,-2.49522,
2002-07-30,-2.60844,
2002-07-31,-2.55365,
2002-08-01,-2.42125,
2002-08-02,-2.34200,
2002-08-03,.,No value available
2002-08-04,.,No value available
2002-08-05,-2.25339,
2002-08-06,-2.28308,
2002-08-07,-2.37060,
2002-08-08,-2.29281,
2002-08-09,-2.16776,
2002-08-10,.,No value available
2002-08-11,.,No value available
2002-08-12,-2.18261,
2002-08-13,-2.14609,
2002-08-14,-2.19169,
2002-08-15,-2.28643,
2002-08-16,-2.24622,
2002-08-17,.,No value available
2002-08-18,.,No value available
2002-08-19,-2.25180,
2002-08-20,-2.30202,
2002-08-21,-2.33245,
2002-08-22,-2.36389,
2002-08-23,-2.36747,
2002-08-24,.,No value available
2002-08-25,.,No value available
2002-08-26,-2.36990,
2002-08-27,-2.34228,
2002-08-28,-2.32658,
2002-08-29,-2.29466,
2002-08-30,-2.42158,
2002-08-31,.,No value available
2002-09-01,.,No value available
2002-09-02,-2.29628,
2002-09-03,-2.34349,
2002-09-04,-2.20609,
2002-09-05,-2.25961,
2002-09-06,-2.16256,
2002-09-07,.,No value available
2002-09-08,.,No value available
2002-09-09,-2.23328,
2002-09-10,-2.27760,
2002-09-11,-2.23259,
2002-09-12,-2.23516,
2002-09-13,-2.14711,
2002-09-14,.,No value available
2002-09-15,.,No value available
2002-09-16,-2.27888,
2002-09-17,-2.18101,
2002-09-18,-2.26116,
2002-09-19,-2.06276,
2002-09-20,-2.41710,
2002-09-21,.,No value available
2002-09-22,.,No value available
2002-09-23,-2.29337,
2002-09-24,-1.99637,
2002-09-25,-2.38263,
2002-09-26,-2.42797,
2002-09-27,-2.23244,
2002-09-28,.,No value available
2002-09-29,.,No value available
2002-09-30,-2.40544,
2002-10-01,-2.40127,
2002-10-02,-2.41146,
2002-10-03,-2.49595,
2002-10-04,-2.41288,
2002-10-05,.,No value available
2002-10-06,.,No value available
2002-10-07,-2.36423,
2002-10-08,-2.43301,
2002-10-09,-2.36387,
2002-10-10,-2.43816,
2002-10-11,-2.50585,
2002-10-12,.,No value available
2002-10-13,.,No value available
2002-10-14,-2.58509,
2002-10-15,-2.50552,
2002-10-16,-2.42235,
2002-10-17,-2.52243,
2002-10-18,-2.40923,
2002-10-19,.,No value available
2002-10-20,.,No value available
2002-10-21,-2.48820,
2002-10-22,-2.67687,
2002-10-23,-2.61941,
2002-10-24,-2.69937,
2002-10-25,-2.85511,
2002-10-26,.,No value available
2002-10-27,.,No value available
2002-10-28,-2.64464,
2002-10-29,-2.62674,
2002-10-30,-2.73654,
2002-10-31,-2.63612,
2002-11-01,-2.66307,
2002-11-02,.,No value available
2002-11-03,.,No value available
2002-11-04,-2.67601,
2002-11-05,-2.70326,
2002-11-06,-2.77498,
2002-11-07,-2.76688,
2002-11-08,-2.66996,
2002-11-09,.,No value available
2002-11-10,.,No value available
2002-11-11,-2.49397,
2002-11-12,-2.50878,
2002-11-13,-2.54150,
2002-11-14,-2.60265,
2002-11-15,-2.66424,
2002-11-16,.,No value available
2002-11-17,.,No value available
2002-11-18,-2.86331,
2002-11-19,-2.82834,
2002-11-20,-2.71151,
2002-11-21,-2.87100,
2002-11-22,1.05930,
2002-11-23,.,No value available
2002-11-24,.,No value available
2002-11-25,-2.82949,
2002-11-26,-2.87101,
2002-11-27,-2.50109,
2002-11-28,-2.76819,
2002-11-29,-2.89320,
2002-11-30,.,No value available
2002-12-01,.,No value available
2002-12-02,-2.90083,
2002-12-03,-2.71486,
2002-12-04,-2.74172,
2002-12-05,-2.83415,
2002-12-06,-2.91888,
2002-12-07,.,No value available
2002-12-08,.,No value available
2002-12-09,-2.88761,
2002-12-10,-2.90256,
2002-12-11,-2.87522,
2002-12-12,-2.59731,
2002-12-13,-2.66413,
2002-12-14,.,No value available
2002-12-15,.,No value available
2002-12-16,-3.04689,
2002-12-17,-2.77696,
2002-12-18,-2.74201,
2002-12-19,-2.61614,
2002-12-20,-2.69890,
2002-12-21,.,No value available
2002-12-22,.,No value available
2002-12-23,-2.72547,
2002-12-24,.,No value available
2002-12-25,.,No value available
2002-12-26,.,No value available
2002-12-27,-2.70810,
2002-12-28,.,No value available
2002-12-29,.,No value available
2002-12-30,-2.85132,
2002-12-31,.,No value available
2003-01-01,.,No value available
2003-01-02,-2.74043,
2003-01-03,-2.82603,
2003-01-04,.,No value available
2003-01-05,.,No value available
2003-01-06,-2.93523,
2003-01-07,-2.84695,
2003-01-08,-2.77170,
2003-01-09,-2.78453,
2003-01-10,-2.71754,
2003-01-11,.,No value available
2003-01-12,.,No value available
2003-01-13,-2.81495,
2003-01-14,-2.72551,
2003-01-15,-2.70101,
2003-01-16,-2.60044,
2003-01-17,-2.76558,
2003-01-18,.,No value available
2003-01-19,.,No value available
2003-01-20,-2.72434,
2003-01-21,-2.66368,
2003-01-22,-2.66397,
2003-01-23,-2.63286,
2003-01-24,-2.66265,
2003-01-25,.,No value available
2003-01-26,.,No value available
2003-01-27,-2.48459,
2003-01-28,-2.56171,
2003-01-29,-2.47558,
2003-01-30,-2.61568,
2003-01-31,-2.57503,
2003-02-01,.,No value available
2003-02-02,.,No value available
2003-02-03,-2.65309,
2003-02-04,-2.59753,
2003-02-05,-2.66430,
2003-02-06,-2.77179,
2003-02-07,-2.79036,
2003-02-08,.,No value available
2003-02-09,.,No value available
2003-02-10,-2.81953,
2003-02-11,-2.88915,
2003-02-12,-2.77149,
2003-02-13,-2.87806,
2003-02-14,-2.94142,
2003-02-15,.,No value available
2003-02-16,.,No value available
2003-02-17,-2.93036,
2003-02-18,-2.96150,
2003-02-19,-2.93119,
2003-02-20,-2.89633,
2003-02-21,-2.94655,
2003-02-22,.,No value available
2003-02-23,.,No value available
2003-02-24,-3.45969,
2003-02-25,-3.11464,
2003-02-26,-3.19782,
2003-02-27,-3.19981,
2003-02-28,-3.20026,
2003-03-01,.,No value available
2003-03-02,.,No value available
2003-03-03,-3.23933,
2003-03-04,-3.17578,
2003-03-05,-3.36966,
2003-03-06,-3.20352,
2003-03-07,-3.08048,
2003-03-08,.,No value available
2003-03-09,.,No value available
2003-03-10,-2.97317,
2003-03-11,-3.00887,
2003-03-12,-3.04146,
2003-03-13,-3.17374,
2003-03-14,-3.23952,
2003-03-15,.,No value available
2003-03-16,.,No value available
2003-03-17,-3.17103,
2003-03-18,-3.32881,
2003-03-19,-3.29450,
2003-03-20,-3.30941,
2003-03-21,-3.36874,
2003-03-22,.,No value available
2003-03-23,.,No value available
2003-03-24,-4.55029,
2003-03-25,-3.28989,
2003-03-26,-3.16010,
2003-03-27,-3.34069,
2003-03-28,-3.34621,
2003-03-29,.,No value available
2003-03-30,.,No value available
2003-03-31,-3.28447,
2003-04-01,-3.28296,
2003-04-02,-3.22990,
2003-04-03,-3.36660,
2003-04-04,-3.31728,
2003-04-05,.,No value available
2003-04-06,.,No value available
2003-04-07,-3.34800,
2003-04-08,-3.30182,
2003-04-09,-3.27061,
2003-04-10,-3.24418,
2003-04-11,-3.31534,
2003-04-12,.,No value available
2003-04-13,.,No value available
2003-04-14,-3.29379,
2003-04-15,-3.28574,
2003-04-16,-3.27309,
2003-04-17,-3.20446,
2003-04-18,.,No value available
2003-04-19,.,No value available
2003-04-20,.,No value available
2003-04-21,.,No value available
2003-04-22,-3.19979,
2003-04-23,-3.27509,
2003-04-24,-3.30174,
2003-04-25,-3.28917,
2003-04-26,.,No value available
2003-04-27,.,No value available
2003-04-28,-3.29102,
2003-04-29,-3.34545,
2003-04-30,-3.33753,
2003-05-01,.,No value available
2003-05-02,-0.81675,
2003-05-03,.,No value available
2003-05-04,.,No value available
2003-05-05,-3.34597,
2003-05-06,-3.36275,
2003-05-07,-3.29525,
2003-05-08,-3.92867,
2003-05-09,-3.28976,
2003-05-10,.,No value available
2003-05-11,.,No value available
2003-05-12,-3.38864,
2003-05-13,-3.43962,
2003-05-14,-3.58051,
2003-05-15,-3.36673,
2003-05-16,-3.42011,
2003-05-17,.,No value available
2003-05-18,.,No value available
2003-05-19,-3.36932,
2003-05-20,-3.17388,
2003-05-21,-3.17085,
2003-05-22,-3.18260,
2003-05-23,-3.24495,
2003-05-24,.,No value available
2003-05-25,.,No value available
2003-05-26,-3.10001,
2003-05-27,-3.13166,
2003-05-28,-3.62542,
2003-05-29,-3.50784,
2003-05-30,-3.29219,
2003-05-31,.,No value available
2003-06-01,.,No value available
2003-06-02,-3.42856,
2003-06-03,-3.41113,
2003-06-04,-3.33446,
2003-06-05,-3.42549,
2003-06-06,-3.55899,
2003-06-07,.,No value available
2003-06-08,.,No value available
2003-06-09,-3.43120,
2003-06-10,-3.45145,
2003-06-11,-3.53991,
2003-06-12,-3.60056,
2003-06-13,-3.46306,
2003-06-14,.,No value available
2003-06-15,.,No value available
2003-06-16,-3.40186,
2003-06-17,-3.32618,
2003-06-18,-3.66085,
2003-06-19,-3.54061,
2003-06-20,-3.57711,
2003-06-21,.,No value available
2003-06-22,.,No value available
2003-06-23,-3.70511,
2003-06-24,-3.67449,
2003-06-25,-3.62129,
2003-06-26,-3.64116,
2003-06-27,-3.74817,
2003-06-28,.,No value available
2003-06-29,.,No value available
2003-06-30,-3.80738,
2003-07-01,-3.79285,
2003-07-02,-3.84443,
2003-07-03,-3.79929,
2003-07-04,-3.78766,
2003-07-05,.,No value available
2003-07-06,.,No value available
2003-07-07,-3.85002,
2003-07-08,-3.89728,
2003-07-09,-3.86220,
2003-07-10,-4.09414,
2003-07-11,-3.85097,
2003-07-12,.,No value available
2003-07-13,.,No value available
2003-07-14,-3.95651,
2003-07-15,-3.98862,
2003-07-16,-3.96823,
2003-07-17,-4.07145,
2003-07-18,-4.06246,
2003-07-19,.,No value available
2003-07-20,.,No value available
2003-07-21,-4.03803,
2003-07-22,-3.95679,
2003-07-23,-3.89442,
2003-07-24,-3.86576,
2003-07-25,-3.89079,
2003-07-26,.,No value available
2003-07-27,.,No value available
2003-07-28,-3.96407,
2003-07-29,-4.00390,
2003-07-30,-4.10348,
2003-07-31,-3.90146,
2003-08-01,-4.13047,
2003-08-02,.,No value available
2003-08-03,.,No value available
2003-08-04,-3.66964,
2003-08-05,-4.06336,
2003-08-06,-4.09743,
2003-08-07,-3.78753,
2003-08-08,-3.85558,
2003-08-09,.,No value available
2003-08-10,.,No value available
2003-08-11,-3.96577,
2003-08-12,-4.15474,
2003-08-13,-3.95221,
2003-08-14,-3.90779,
2003-08-15,-3.98886,
2003-08-16,.,No value available
2003-08-17,.,No value available
2003-08-18,-3.99121,
2003-08-19,-3.87748,
2003-08-20,-3.79332,
2003-08-21,-3.90289,
2003-08-22,-3.95189,
2003-08-23,.,No value available
2003-08-24,.,No value available
2003-08-25,-3.93125,
2003-08-26,-3.95787,
2003-08-27,-3.87499,
2003-08-28,-3.96128,
2003-08-29,-3.84374,
2003-08-30,.,No value available
2003-08-31,.,No value available
2003-09-01,-3.91585,
2003-09-02,-4.01732,
2003-09-03,-4.77770,
2003-09-04,-4.09235,
2003-09-05,-3.88674,
2003-09-06,.,No value available
2003-09-07,.,No value available
2003-09-08,-3.86597,
2003-09-09,-3.83807,
2003-09-10,-4.02256,
2003-09-11,-3.98943,
2003-09-12,-3.96800,
2003-09-13,.,No value available
2003-09-14,.,No value available
2003-09-15,-3.92915,
2003-09-16,-3.85374,
2003-09-17,-3.88517,
2003-09-18,-3.96669,
2003-09-19,-3.80838,
2003-09-20,.,No value available
2003-09-21,.,No value available
2003-09-22,-3.82964,
2003-09-23,-3.89265,
2003-09-24,-3.84167,
2003-09-25,-3.87305,
2003-09-26,-3.92428,
2003-09-27,.,No value available
2003-09-28,.,No value available
2003-09-29,-3.89664,
2003-09-30,-3.83403,
2003-10-01,-4.02715,
2003-10-02,-3.99854,
2003-10-03,-3.90241,
2003-10-04,.,No value available
2003-10-05,.,No value available
2003-10-06,-4.09337,
2003-10-07,-3.95196,
2003-10-08,-4.00782,
2003-10-09,-3.93208,
2003-10-10,-3.85745,
2003-10-11,.,No value available
2003-10-12,.,No value available
2003-10-13,-4.07430,
2003-10-14,-3.92409,
2003-10-15,-3.97183,
2003-10-16,-4.02095,
2003-10-17,-3.87120,
2003-10-18,.,No value available
2003-10-19,.,No value available
2003-10-20,-3.93815,
2003-10-21,-4.16034,
2003-10-22,-4.00207,
2003-10-23,-3.86912,
2003-10-24,-4.00633,
2003-10-25,.,No value available
2003-10-26,.,No value available
2003-10-27,-3.82171,
2003-10-28,-4.39807,
2003-10-29,-4.03720,
2003-10-30,-3.98468,
2003-10-31,-3.90607,
2003-11-01,.,No value available
2003-11-02,.,No value available
2003-11-03,-3.98920,
2003-11-04,-3.86029,
2003-11-05,-3.78835,
2003-11-06,-4.52332,
2003-11-07,-3.92957,
2003-11-08,.,No value available
2003-11-09,.,No value available
2003-11-10,-3.95750,
2003-11-11,-4.00438,
2003-11-12,-3.98723,
2003-11-13,-4.37726,
2003-11-14,-4.18778,
2003-11-15,.,No value available
2003-11-16,.,No value available
2003-11-17,-3.83722,
2003-11-18,-3.83579,
2003-11-19,-3.98969,
2003-11-20,-4.02916,
2003-11-21,-3.96978,
2003-11-22,.,No value available
2003-11-23,.,No value available
2003-11-24,-4.01514,
2003-11-25,-4.06633,
2003-11-26,-4.15438,
2003-11-27,-3.73185,
2003-11-28,-3.89727,
2003-11-29,.,No value available
2003-11-30,.,No value available
2003-12-01,-5.21165,
2003-12-02,-3.86385,
2003-12-03,-4.02652,
2003-12-04,-4.23326,
2003-12-05,-4.07141,
2003-12-06,.,No value available
2003-12-07,.,No value available
2003-12-08,-4.02865,
2003-12-09,-4.15579,
2003-12-10,-4.33327,
2003-12-11,-4.04542,
2003-12-12,-4.03213,
2003-12-13,.,No value available
2003-12-14,.,No value available
2003-12-15,-4.09487,
2003-12-16,-3.90466,
2003-12-17,-3.80485,
2003-12-18,-3.78176,
2003-12-19,-3.76487,
2003-12-20,.,No value available
2003-12-21,.,No value available
2003-12-22,-3.73593,
2003-12-23,-3.78460,
2003-12-24,.,No value available
2003-12-25,.,No value available
2003-12-26,.,No value available
2003-12-27,.,No value available
2003-12-28,.,No value available
2003-12-29,-3.60796,
2003-12-30,-3.82514,
2003-12-31,.,No value available
2004-01-01,.,No value available
2004-01-02,-3.61420,
2004-01-03,.,No value available
2004-01-04,.,No value available
2004-01-05,-3.88201,
2004-01-06,-3.60695,
2004-01-07,-3.75266,
2004-01-08,-3.88916,
2004-01-09,-3.86249,
2004-01-10,.,No value available
2004-01-11,.,No value available
2004-01-12,-3.80043,
2004-01-13,-3.79402,
2004-01-14,-3.83901,
2004-01-15,-3.78667,
2004-01-16,-3.60619,
2004-01-17,.,No value available
2004-01-18,.,No value available
2004-01-19,-3.71418,
2004-01-20,-3.91319,
2004-01-21,-3.72250,
2004-01-22,-3.78952,
2004-01-23,-3.66555,
2004-01-24,.,No value available
2004-01-25,.,No value available
2004-01-26,-3.82939,
2004-01-27,-3.81930,
2004-01-28,-3.82031,
2004-01-29,-4.11721,
2004-01-30,-3.86489,
2004-01-31,.,No value available
2004-02-01,.,No value available
2004-02-02,-3.81754,
2004-02-03,-3.79433,
2004-02-04,-3.80507,
2004-02-05,-3.80162,
2004-02-06,-3.73192,
2004-02-07,.,No value available
2004-02-08,.,No value available
2004-02-09,-3.70981,
2004-02-10,-3.75605,
2004-02-11,-3.86390,
2004-02-12,-3.74987,
2004-02-13,-3.73541,
2004-02-14,.,No value available
2004-02-15,.,No value available
2004-02-16,-4.15359,
2004-02-17,-3.75675,
2004-02-18,-3.80928,
2004-02-19,-3.90770,
2004-02-20,-3.94915,
2004-02-21,.,No value available
2004-02-22,.,No value available
2004-02-23,-3.91096,
2004-02-24,-3.84865,
2004-02-25,-3.70914,
2004-02-26,-3.89048,
2004-02-27,-3.82302,
2004-02-28,.,No value available
2004-02-29,.,No value available
2004-03-01,-4.01610,
2004-03-02,-3.82019,
2004-03-03,-3.84302,
2004-03-04,-3.84402,
2004-03-05,-4.38509,
2004-03-06,.,No value available
2004-03-07,.,No value available
2004-03-08,-3.85686,
2004-03-09,-3.66971,
2004-03-10,-3.63145,
2004-03-11,-3.53843,
2004-03-12,-3.62311,
2004-03-13,.,No value available
2004-03-14,.,No value available
2004-03-15,-3.70304,
2004-03-16,-3.75620,
2004-03-17,-3.72186,
2004-03-18,-3.75044,
2004-03-19,-3.76737,
2004-03-20,.,No value available
2004-03-21,.,No value available
2004-03-22,-3.79908,
2004-03-23,-3.78420,
2004-03-24,-3.61403,
2004-03-25,-3.76338,
2004-03-26,-3.90860,
2004-03-27,.,No value available
2004-03-28,.,No value available
2004-03-29,-4.30415,
2004-03-30,-3.83708,
2004-03-31,-3.83211,
2004-04-01,-3.88282,
2004-04-02,-4.03376,
2004-04-03,.,No value available
2004-04-04,.,No value available
2004-04-05,-3.69448,
2004-04-06,-3.75623,
2004-04-07,-3.79427,
2004-04-08,-3.78961,
2004-04-09,.,No value available
2004-04-10,.,No value available
2004-04-11,.,No value available
2004-04-12,.,No value available
2004-04-13,-3.97354,
2004-04-14,-3.89527,
2004-04-15,-3.92512,
2004-04-16,-3.84303,
2004-04-17,.,No value available
2004-04-18,.,No value available
2004-04-19,-3.85534,
2004-04-20,-3.87828,
2004-04-21,-3.89039,
2004-04-22,-3.89473,
2004-04-23,-3.83669,
2004-04-24,.,No value available
2004-04-25,.,No value available
2004-04-26,-3.84704,
2004-04-27,-3.85380,
2004-04-28,-3.82597,
2004-04-29,-3.87913,
2004-04-30,-3.84808,
2004-05-01,.,No value available
2004-05-02,.,No value available
2004-05-03,-3.91510,
2004-05-04,-3.88730,
2004-05-05,-3.79289,
2004-05-06,-3.94696,
2004-05-07,-3.89104,
2004-05-08,.,No value available
2004-05-09,.,No value available
2004-05-10,-3.93333,
2004-05-11,-3.91587,
2004-05-12,-3.96060,
2004-05-13,-3.94255,
2004-05-14,-3.92923,
2004-05-15,.,No value available
2004-05-16,.,No value available
2004-05-17,-3.86514,
2004-05-18,-3.89406,
2004-05-19,-3.94913,
2004-05-20,-3.96791,
2004-05-21,-4.15691,
2004-05-22,.,No value available
2004-05-23,.,No value available
2004-05-24,-4.09439,
2004-05-25,-4.01996,
2004-05-26,-3.91568,
2004-05-27,-3.90945,
2004-05-28,-3.92001,
2004-05-29,.,No value available
2004-05-30,.,No value available
2004-05-31,-3.90118,
2004-06-01,-3.95695,
2004-06-02,-3.97789,
2004-06-03,-4.01613,
2004-06-04,-3.84646,
2004-06-05,.,No value available
2004-06-06,.,No value available
2004-06-07,-3.99652,
2004-06-08,-3.99691,
2004-06-09,-4.05634,
2004-06-10,-3.85425,
2004-06-11,-3.95400,
2004-06-12,.,No value available
2004-06-13,.,No value available
2004-06-14,-3.88591,
2004-06-15,-3.89415,
2004-06-16,-3.93369,
2004-06-17,-3.85806,
2004-06-18,-3.84808,
2004-06-19,.,No value available
2004-06-20,.,No value available
2004-06-21,-3.87567,
2004-06-22,-3.94030,
2004-06-23,-3.91084,
2004-06-24,-3.93430,
2004-06-25,-3.92693,
2004-06-26,.,No value available
2004-06-27,.,No value available
2004-06-28,-4.02697,
2004-06-29,-3.91618,
2004-06-30,-3.90253,
2004-07-01,-3.78239,
2004-07-02,-3.91334,
2004-07-03,.,No value available
2004-07-04,.,No value available
2004-07-05,-3.70043,
2004-07-06,-3.72113,
2004-07-07,-3.72729,
2004-07-08,-3.70953,
2004-07-09,-3.65914,
2004-07-10,.,No value available
2004-07-11,.,No value available
2004-07-12,-3.67901,
2004-07-13,-3.98206,
2004-07-14,-3.88395,
2004-07-15,-4.02474,
2004-07-16,-3.96782,
2004-07-17,.,No value available
2004-07-18,.,No value available
2004-07-19,-3.71720,
2004-07-20,-3.71531,
2004-07-21,-3.96856,
2004-07-22,-3.89135,
2004-07-23,-3.92644,
2004-07-24,.,No value available
2004-07-25,.,No value available
2004-07-26,-4.12508,
2004-07-27,-3.74925,
2004-07-28,-4.02178,
2004-07-29,-3.78398,
2004-07-30,-3.91431,
2004-07-31,.,No value available
2004-08-01,.,No value available
2004-08-02,-3.63275,
2004-08-03,-3.82492,
2004-08-04,-3.72568,
2004-08-05,-3.66787,
2004-08-06,-3.66655,
2004-08-07,.,No value available
2004-08-08,.,No value available
2004-08-09,-3.54019,
2004-08-10,-3.50904,
2004-08-11,-3.52816,
2004-08-12,-3.51568,
2004-08-13,-3.49171,
2004-08-14,.,No value available
2004-08-15,.,No value available
2004-08-16,-3.51171,
2004-08-17,-3.74761,
2004-08-18,-3.58179,
2004-08-19,-3.51277,
2004-08-20,-3.49271,
2004-08-21,.,No value available
2004-08-22,.,No value available
2004-08-23,-3.51252,
2004-08-24,-4.17491,
2004-08-25,-3.56811,
2004-08-26,-3.42546,
2004-08-27,-3.52267,
2004-08-28,.,No value available
2004-08-29,.,No value available
2004-08-30,-3.71715,
2004-08-31,-3.72363,
2004-09-01,-3.42024,
2004-09-02,-3.49613,
2004-09-03,-3.77128,
2004-09-04,.,No value available
2004-09-05,.,No value available
2004-09-06,-3.62618,
2004-09-07,-3.63658,
2004-09-08,-3.67604,
2004-09-09,-3.69074,
2004-09-10,-3.59636,
2004-09-11,.,No value available
2004-09-12,.,No value available
2004-09-13,-3.48198,
2004-09-14,-3.87449,
2004-09-15,-3.53042,
2004-09-16,-3.61480,
2004-09-17,-3.43441,
2004-09-18,.,No value available
2004-09-19,.,No value available
2004-09-20,-3.53562,
2004-09-21,-3.55992,
2004-09-22,-3.43251,
2004-09-23,-3.41620,
2004-09-24,-3.44291,
2004-09-25,.,No value available
2004-09-26,.,No value available
2004-09-27,-3.60856,
2004-09-28,-3.32282,
2004-09-29,-3.49118,
2004-09-30,-3.72471,
2004-10-01,-3.43689,
2004-10-02,.,No value available
2004-10-03,.,No value available
2004-10-04,-3.44713,
2004-10-05,-3.43891,
2004-10-06,-3.40416,
2004-10-07,-3.49998,
2004-10-08,-3.45434,
2004-10-09,.,No value available
2004-10-10,.,No value available
2004-10-11,-3.57551,
2004-10-12,-3.36049,
2004-10-13,-3.58313,
2004-10-14,-3.34000,
2004-10-15,-3.30353,
2004-10-16,.,No value available
2004-10-17,.,No value available
2004-10-18,-3.37003,
2004-10-19,-3.35784,
2004-10-20,-3.36024,
2004-10-21,-3.33302,
2004-10-22,-3.33000,
2004-10-23,.,No value available
2004-10-24,.,No value available
2004-10-25,-3.30749,
2004-10-26,-3.29533,
2004-10-27,-3.30392,
2004-10-28,-3.33876,
2004-10-29,-3.31980,
2004-10-30,.,No value available
2004-10-31,.,No value available
2004-11-01,-3.29326,
2004-11-02,-3.29899,
2004-11-03,-3.31981,
2004-11-04,-3.25710,
2004-11-05,-3.23117,
2004-11-06,.,No value available
2004-11-07,.,No value available
2004-11-08,-3.25679,
2004-11-09,-3.21936,
2004-11-10,-3.17010,
2004-11-11,-3.17592,
2004-11-12,-3.12265,
2004-11-13,.,No value available
2004-11-14,.,No value available
2004-11-15,-3.07118,
2004-11-16,-3.04061,
2004-11-17,-3.05633,
2004-11-18,-3.07095,
2004-11-19,-3.08734,
2004-11-20,.,No value available
2004-11-21,.,No value available
2004-11-22,-3.09257,
2004-11-23,-3.07327,
2004-11-24,-3.05107,
2004-11-25,-3.03172,
2004-11-26,-3.01494,
2004-11-27,.,No value available
2004-11-28,.,No value available
2004-11-29,-3.00313,
2004-11-30,-3.04943,
2004-12-01,-3.02123,
2004-12-02,-3.04099,
2004-12-03,-3.12049,
2004-12-04,.,No value available
2004-12-05,.,No value available
2004-12-06,-2.99310,
2004-12-07,-3.01856,
2004-12-08,-3.03401,
2004-12-09,-3.01735,
2004-12-10,-3.03305,
2004-12-11,.,No value available
2004-12-12,.,No value available
2004-12-13,-2.94788,
2004-12-14,-2.96690,
2004-12-15,-2.83588,
2004-12-16,-2.83853,
2004-12-17,-3.07551,
2004-12-18,.,No value available
2004-12-19,.,No value available
2004-12-20,-2.86362,
2004-12-21,-2.84442,
2004-12-22,-2.96197,
2004-12-23,-2.95138,
2004-12-24,.,No value available
2004-12-25,.,No value available
2004-12-26,.,No value available
2004-12-27,-2.95484,
2004-12-28,-3.00598,
2004-12-29,-3.37011,
2004-12-30,-3.17425,
2004-12-31,.,No value available
2005-01-01,.,No value available
2005-01-02,.,No value available
2005-01-03,-3.01680,
2005-01-04,-3.04397,
2005-01-05,-2.94538,
2005-01-06,-2.77582,
2005-01-07,-2.93001,
2005-01-08,.,No value available
2005-01-09,.,No value available
2005-01-10,-2.95370,
2005-01-11,-2.90194,
2005-01-12,-2.95895,
2005-01-13,-2.91635,
2005-01-14,-2.82203,
2005-01-15,.,No value available
2005-01-16,.,No value available
2005-01-17,-2.77579,
2005-01-18,-2.83889,
2005-01-19,-2.83519,
2005-01-20,-2.75023,
2005-01-21,-2.78413,
2005-01-22,.,No value available
2005-01-23,.,No value available
2005-01-24,-2.73254,
2005-01-25,-2.22972,
2005-01-26,-2.71671,
2005-01-27,-2.69546,
2005-01-28,-2.52485,
2005-01-29,.,No value available
2005-01-30,.,No value available
2005-01-31,-2.64591,
2005-02-01,-2.58828,
2005-02-02,-2.55980,
2005-02-03,-2.48742,
2005-02-04,-2.51322,
2005-02-05,.,No value available
2005-02-06,.,No value available
2005-02-07,-2.42781,
2005-02-08,-2.47202,
2005-02-09,-2.28690,
2005-02-10,-2.38382,
2005-02-11,-2.40144,
2005-02-12,.,No value available
2005-02-13,.,No value available
2005-02-14,-2.49560,
2005-02-15,-2.49613,
2005-02-16,-2.45086,
2005-02-17,-2.50716,
2005-02-18,-2.67297,
2005-02-19,.,No value available
2005-02-20,.,No value available
2005-02-21,-2.73566,
2005-02-22,-2.75121,
2005-02-23,-2.68758,
2005-02-24,-2.80935,
2005-02-25,-2.77912,
2005-02-26,.,No value available
2005-02-27,.,No value available
2005-02-28,-2.67385,
2005-03-01,-2.77937,
2005-03-02,-2.83312,
2005-03-03,-2.90944,
2005-03-04,-2.83812,
2005-03-05,.,No value available
2005-03-06,.,No value available
2005-03-07,-2.76616,
2005-03-08,-2.77792,
2005-03-09,-2.86319,
2005-03-10,-2.90238,
2005-03-11,-2.89597,
2005-03-12,.,No value available
2005-03-13,.,No value available
2005-03-14,-2.95180,
2005-03-15,-2.90261,
2005-03-16,-2.86365,
2005-03-17,-2.85472,
2005-03-18,-1.83018,
2005-03-19,.,No value available
2005-03-20,.,No value available
2005-03-21,-2.85716,
2005-03-22,-2.81800,
2005-03-23,-2.71007,
2005-03-24,-2.72172,
2005-03-25,.,No value available
2005-03-26,.,No value available
2005-03-27,.,No value available
2005-03-28,.,No value available
2005-03-29,-2.48165,
2005-03-30,-2.76382,
2005-03-31,-2.25565,
2005-04-01,-2.76257,
2005-04-02,.,No value available
2005-04-03,.,No value available
2005-04-04,-2.73022,
2005-04-05,-2.79055,
2005-04-06,-2.80659,
2005-04-07,-2.86578,
2005-04-08,-2.86574,
2005-04-09,.,No value available
2005-04-10,.,No value available
2005-04-11,-2.83398,
2005-04-12,-2.82636,
2005-04-13,-2.81512,
2005-04-14,-2.80055,
2005-04-15,-2.58999,
2005-04-16,.,No value available
2005-04-17,.,No value available
2005-04-18,-2.71475,
2005-04-19,-2.75577,
2005-04-20,-2.69424,
2005-04-21,-2.68948,
2005-04-22,-2.73428,
2005-04-23,.,No value available
2005-04-24,.,No value available
2005-04-25,-2.67590,
2005-04-26,-2.64023,
2005-04-27,-2.60987,
2005-04-28,-2.72499,
2005-04-29,-2.52321,
2005-04-30,.,No value available
2005-05-01,.,No value available
2005-05-02,-2.62741,
2005-05-03,-2.62910,
2005-05-04,-2.65940,
2005-05-05,-2.62538,
2005-05-06,-2.69291,
2005-05-07,.,No value available
2005-05-08,.,No value available
2005-05-09,-2.63378,
2005-05-10,-2.58060,
2005-05-11,-2.49379,
2005-05-12,-2.55403,
2005-05-13,-2.46989,
2005-05-14,.,No value available
2005-05-15,.,No value available
2005-05-16,-2.55749,
2005-05-17,-2.48200,
2005-05-18,-2.43706,
2005-05-19,-2.45788,
2005-05-20,-2.46599,
2005-05-21,.,No value available
2005-05-22,.,No value available
2005-05-23,-2.45939,
2005-05-24,-2.36269,
2005-05-25,-2.36792,
2005-05-26,-2.57478,
2005-05-27,-2.54232,
2005-05-28,.,No value available
2005-05-29,.,No value available
2005-05-30,-2.53805,
2005-05-31,-2.46637,
2005-06-01,-2.44522,
2005-06-02,-2.41953,
2005-06-03,-2.34563,
2005-06-04,.,No value available
2005-06-05,.,No value available
2005-06-06,-2.34021,
2005-06-07,-2.22119,
2005-06-08,-2.15265,
2005-06-09,-2.14398,
2005-06-10,-2.17706,
2005-06-11,.,No value available
2005-06-12,.,No value available
2005-06-13,-2.20316,
2005-06-14,-2.27373,
2005-06-15,-2.34724,
2005-06-16,-2.47169,
2005-06-17,-2.42215,
2005-06-18,.,No value available
2005-06-19,.,No value available
2005-06-20,-2.35393,
2005-06-21,-2.27968,
2005-06-22,-2.14337,
2005-06-23,-2.16999,
2005-06-24,-2.15460,
2005-06-25,.,No value available
2005-06-26,.,No value available
2005-06-27,-2.12775,
2005-06-28,-2.16667,
2005-06-29,-2.25177,
2005-06-30,-2.20261,
2005-07-01,-2.19256,
2005-07-02,.,No value available
2005-07-03,.,No value available
2005-07-04,-1.14981,
2005-07-05,-2.31568,
2005-07-06,-2.29929,
2005-07-07,-2.13197,
2005-07-08,-2.26732,
2005-07-09,.,No value available
2005-07-10,.,No value available
2005-07-11,-2.26731,
2005-07-12,-2.33022,
2005-07-13,-2.38045,
2005-07-14,-2.39437,
2005-07-15,-2.41043,
2005-07-16,.,No value available
2005-07-17,.,No value available
2005-07-18,-2.36643,
2005-07-19,-2.40523,
2005-07-20,-2.38285,
2005-07-21,-2.34997,
2005-07-22,-2.35415,
2005-07-23,.,No value available
2005-07-24,.,No value available
2005-07-25,-2.29282,
2005-07-26,-2.30050,
2005-07-27,-2.25375,
2005-07-28,-2.30518,
2005-07-29,-2.27341,
2005-07-30,.,No value available
2005-07-31,.,No value available
2005-08-01,-2.31644,
2005-08-02,-2.31161,
2005-08-03,-2.42725,
2005-08-04,-2.50550,
2005-08-05,-2.44836,
2005-08-06,.,No value available
2005-08-07,.,No value available
2005-08-08,-2.36461,
2005-08-09,-2.39168,
2005-08-10,-2.33893,
2005-08-11,-2.40198,
2005-08-12,-2.37111,
2005-08-13,.,No value available
2005-08-14,.,No value available
2005-08-15,-2.27893,
2005-08-16,-2.37151,
2005-08-17,-2.24503,
2005-08-18,-2.20957,
2005-08-19,-2.20132,
2005-08-20,.,No value available
2005-08-21,.,No value available
2005-08-22,-2.21302,
2005-08-23,-2.10288,
2005-08-24,-2.26544,
2005-08-25,-2.19862,
2005-08-26,-2.22973,
2005-08-27,.,No value available
2005-08-28,.,No value available
2005-08-29,-2.22508,
2005-08-30,-2.35622,
2005-08-31,-1.88822,
2005-09-01,-2.15705,
2005-09-02,-2.14045,
2005-09-03,.,No value available
2005-09-04,.,No value available
2005-09-05,-2.09008,
2005-09-06,-2.18257,
2005-09-07,-2.08917,
2005-09-08,-2.10555,
2005-09-09,-2.02061,
2005-09-10,.,No value available
2005-09-11,.,No value available
2005-09-12,-2.13748,
2005-09-13,-2.34722,
2005-09-14,-2.22599,
2005-09-15,-2.16768,
2005-09-16,-2.25221,
2005-09-17,.,No value available
2005-09-18,.,No value available
2005-09-19,-2.23709,
2005-09-20,-2.13480,
2005-09-21,-2.00147,
2005-09-22,-2.05641,
2005-09-23,-2.10906,
2005-09-24,.,No value available
2005-09-25,.,No value available
2005-09-26,-1.31181,
2005-09-27,-2.33521,
2005-09-28,-2.26189,
2005-09-29,-2.03815,
2005-09-30,-2.13114,
2005-10-01,.,No value available
2005-10-02,.,No value available
2005-10-03,-2.19820,
2005-10-04,-2.23132,
2005-10-05,-2.18757,
2005-10-06,-2.30314,
2005-10-07,-2.25901,
2005-10-08,.,No value available
2005-10-09,.,No value available
2005-10-10,-1.34388,
2005-10-11,-2.24607,
2005-10-12,-2.26806,
2005-10-13,-2.31535,
2005-10-14,-2.33608,
2005-10-15,.,No value available
2005-10-16,.,No value available
2005-10-17,-2.29138,
2005-10-18,-2.34408,
2005-10-19,-2.52320,
2005-10-20,-2.26836,
2005-10-21,-2.24276,
2005-10-22,.,No value available
2005-10-23,.,No value available
2005-10-24,-3.30919,
2005-10-25,-2.22660,
2005-10-26,-2.25498,
2005-10-27,-2.26526,
2005-10-28,-2.19966,
2005-10-29,.,No value available
2005-10-30,.,No value available
2005-10-31,-2.19942,
2005-11-01,-2.17455,
2005-11-02,-2.34215,
2005-11-03,-2.32395,
2005-11-04,-2.32823,
2005-11-05,.,No value available
2005-11-06,.,No value available
2005-11-07,-2.28701,
2005-11-08,-2.14128,
2005-11-09,-2.12645,
2005-11-10,-2.13085,
2005-11-11,-2.15381,
2005-11-12,.,No value available
2005-11-13,.,No value available
2005-11-14,-2.10809,
2005-11-15,-2.13503,
2005-11-16,-2.19287,
2005-11-17,-2.16050,
2005-11-18,-2.16632,
2005-11-19,.,No value available
2005-11-20,.,No value available
2005-11-21,-1.99183,
2005-11-22,-1.98320,
2005-11-23,-2.06528,
2005-11-24,-1.98623,
2005-11-25,-1.29316,
2005-11-26,.,No value available
2005-11-27,.,No value available
2005-11-28,-2.08346,
2005-11-29,-1.82074,
2005-11-30,-1.89741,
2005-12-01,-1.63897,
2005-12-02,-1.99751,
2005-12-03,.,No value available
2005-12-04,.,No value available
2005-12-05,-1.75197,
2005-12-06,-2.09591,
2005-12-07,-2.04307,
2005-12-08,-1.91821,
2005-12-09,-1.93212,
2005-12-10,.,No value available
2005-12-11,.,No value available
2005-12-12,-1.89453,
2005-12-13,-1.92449,
2005-12-14,-1.87049,
2005-12-15,-1.72846,
2005-12-16,-1.74787,
2005-12-17,.,No value available
2005-12-18,.,No value available
2005-12-19,-1.81240,
2005-12-20,-1.70253,
2005-12-21,-1.75491,
2005-12-22,-1.62598,
2005-12-23,-1.55515,
2005-12-24,.,No value available
2005-12-25,.,No value available
2005-12-26,.,No value available
2005-12-27,-1.75911,
2005-12-28,-1.75198,
2005-12-29,-1.49667,
2005-12-30,-1.36063,
2005-12-31,.,No value available
2006-01-01,.,No value available
2006-01-02,-1.33063,
2006-01-03,-1.75828,
2006-01-04,-1.66835,
2006-01-05,-1.65705,
2006-01-06,-1.67506,
2006-01-07,.,No value available
2006-01-08,.,No value available
2006-01-09,-1.56490,
2006-01-10,-1.42696,
2006-01-11,-1.33836,
2006-01-12,-1.16188,
2006-01-13,-1.44450,
2006-01-14,.,No value available
2006-01-15,.,No value available
2006-01-16,-1.58286,
2006-01-17,-1.56120,
2006-01-18,-1.51888,
2006-01-19,-1.53312,
2006-01-20,-1.62003,
2006-01-21,.,No value available
2006-01-22,.,No value available
2006-01-23,-1.61183,
2006-01-24,-1.60996,
2006-01-25,-1.63372,
2006-01-26,-1.75777,
2006-01-27,-1.77294,
2006-01-28,.,No value available
2006-01-29,.,No value available
2006-01-30,-1.76790,
2006-01-31,-1.70589,
2006-02-01,-1.66681,
2006-02-02,-1.70591,
2006-02-03,-1.66595,
2006-02-04,.,No value available
2006-02-05,.,No value available
2006-02-06,-1.62915,
2006-02-07,-1.69946,
2006-02-08,-1.70070,
2006-02-09,-1.66937,
2006-02-10,-1.59681,
2006-02-11,.,No value available
2006-02-12,.,No value available
2006-02-13,-1.62934,
2006-02-14,-1.62934,
2006-02-15,-1.66206,
2006-02-16,-1.70788,
2006-02-17,-1.66323,
2006-02-18,.,No value available
2006-02-19,.,No value available
2006-02-20,-1.58446,
2006-02-21,-1.59754,
2006-02-22,-1.56722,
2006-02-23,-1.62892,
2006-02-24,-1.62714,
2006-02-25,.,No value available
2006-02-26,.,No value available
2006-02-27,-1.65341,
2006-02-28,-1.64063,
2006-03-01,-1.64063,
2006-03-02,-1.56944,
2006-03-03,-1.59088,
2006-03-04,.,No value available
2006-03-05,.,No value available
2006-03-06,-1.59088,
2006-03-07,-1.65936,
2006-03-08,-1.71408,
2006-03-09,-1.81635,
2006-03-10,-1.87336,
2006-03-11,.,No value available
2006-03-12,.,No value available
2006-03-13,-1.87688,
2006-03-14,-1.85529,
2006-03-15,-1.83355,
2006-03-16,-1.88234,
2006-03-17,-1.78570,
2006-03-18,.,No value available
2006-03-19,.,No value available
2006-03-20,-1.79435,
2006-03-21,-1.67139,
2006-03-22,-1.68703,
2006-03-23,-1.68912,
2006-03-24,-1.71674,
2006-03-25,.,No value available
2006-03-26,.,No value available
2006-03-27,-1.66495,
2006-03-28,-1.69907,
2006-03-29,-1.74785,
2006-03-30,-1.79560,
2006-03-31,-1.79560,
2006-04-01,.,No value available
2006-04-02,.,No value available
2006-04-03,-1.80666,
2006-04-04,-1.81974,
2006-04-05,-1.83230,
2006-04-06,-1.92467,
2006-04-07,-2.04905,
2006-04-08,.,No value available
2006-04-09,.,No value available
2006-04-10,-2.09228,
2006-04-11,-2.03790,
2006-04-12,-1.94163,
2006-04-13,-2.04859,
2006-04-14,.,No value available
2006-04-15,.,No value available
2006-04-16,.,No value available
2006-04-17,.,No value available
2006-04-18,-2.08947,
2006-04-19,-2.08009,
2006-04-20,-2.08567,
2006-04-21,-2.06553,
2006-04-22,.,No value available
2006-04-23,.,No value available
2006-04-24,-2.07561,
2006-04-25,-2.09836,
2006-04-26,-2.04061,
2006-04-27,-2.07285,
2006-04-28,-2.02010,
2006-04-29,.,No value available
2006-04-30,.,No value available
2006-05-01,.,No value available
2006-05-02,-1.97481,
2006-05-03,-1.97481,
2006-05-04,-2.03060,
2006-05-05,-2.11392,
2006-05-06,.,No value available
2006-05-07,.,No value available
2006-05-08,-2.04426,
2006-05-09,-2.08781,
2006-05-10,-2.06407,
2006-05-11,-2.05924,
2006-05-12,-2.11811,
2006-05-13,.,No value available
2006-05-14,.,No value available
2006-05-15,-2.14466,
2006-05-16,-2.07426,
2006-05-17,-2.08617,
2006-05-18,-2.17317,
2006-05-19,-2.10202,
2006-05-20,.,No value available
2006-05-21,.,No value available
2006-05-22,-2.00831,
2006-05-23,-1.97218,
2006-05-24,-1.97796,
2006-05-25,-1.97169,
2006-05-26,-1.96064,
2006-05-27,.,No value available
2006-05-28,.,No value available
2006-05-29,-1.97312,
2006-05-30,-1.98255,
2006-05-31,-2.03871,
2006-06-01,-2.01997,
2006-06-02,-2.00618,
2006-06-03,.,No value available
2006-06-04,.,No value available
2006-06-05,-1.92619,
2006-06-06,-1.97233,
2006-06-07,-1.98526,
2006-06-08,-1.94043,
2006-06-09,-1.99036,
2006-06-10,.,No value available
2006-06-11,.,No value available
2006-06-12,-1.93302,
2006-06-13,-1.86614,
2006-06-14,-1.86383,
2006-06-15,-1.92353,
2006-06-16,-1.39961,
2006-06-17,.,No value available
2006-06-18,.,No value available
2006-06-19,-1.36291,
2006-06-20,-1.90522,
2006-06-21,-1.94729,
2006-06-22,-2.00440,
2006-06-23,-2.03896,
2006-06-24,.,No value available
2006-06-25,.,No value available
2006-06-26,-2.11848,
2006-06-27,-2.07794,
2006-06-28,-2.08989,
2006-06-29,-2.07877,
2006-06-30,-2.14018,
2006-07-01,.,No value available
2006-07-02,.,No value available
2006-07-03,-2.09073,
2006-07-04,-2.09073,
2006-07-05,-2.14828,
2006-07-06,-2.12676,
2006-07-07,-2.09132,
2006-07-08,.,No value available
2006-07-09,.,No value available
2006-07-10,-2.08480,
2006-07-11,-2.09645,
2006-07-12,-2.12086,
2006-07-13,-2.06134,
2006-07-14,-1.98185,
2006-07-15,.,No value available
2006-07-16,.,No value available
2006-07-17,-1.98494,
2006-07-18,-1.96472,
2006-07-19,-1.96400,
2006-07-20,-1.97566,
2006-07-21,-1.89686,
2006-07-22,.,No value available
2006-07-23,.,No value available
2006-07-24,-1.83547,
2006-07-25,-1.75849,
2006-07-26,-1.88730,
2006-07-27,-1.81509,
2006-07-28,-1.82110,
2006-07-29,.,No value available
2006-07-30,.,No value available
2006-07-31,-1.79417,
2006-08-01,-1.75559,
2006-08-02,-1.74014,
2006-08-03,-1.73369,
2006-08-04,-1.69670,
2006-08-05,.,No value available
2006-08-06,.,No value available
2006-08-07,-1.65952,
2006-08-08,-1.65606,
2006-08-09,-1.68296,
2006-08-10,-1.65606,
2006-08-11,-1.66666,
2006-08-12,.,No value available
2006-08-13,.,No value available
2006-08-14,-1.74483,
2006-08-15,-1.74483,
2006-08-16,-1.70910,
2006-08-17,-1.64051,
2006-08-18,-1.66542,
2006-08-19,.,No value available
2006-08-20,.,No value available
2006-08-21,-1.61155,
2006-08-22,-1.56222,
2006-08-23,-1.56222,
2006-08-24,-1.50387,
2006-08-25,-1.48968,
2006-08-26,.,No value available
2006-08-27,.,No value available
2006-08-28,-1.46642,
2006-08-29,-1.50899,
2006-08-30,-1.53152,
2006-08-31,-1.51782,
2006-09-01,-1.53094,
2006-09-02,.,No value available
2006-09-03,.,No value available
2006-09-04,-1.52994,
2006-09-05,-1.53412,
2006-09-06,-1.49783,
2006-09-07,-1.50390,
2006-09-08,-1.45867,
2006-09-09,.,No value available
2006-09-10,.,No value available
2006-09-11,-1.48761,
2006-09-12,-1.50209,
2006-09-13,-1.49054,
2006-09-14,-1.45784,
2006-09-15,-1.41803,
2006-09-16,.,No value available
2006-09-17,.,No value available
2006-09-18,-1.41383,
2006-09-19,-1.34992,
2006-09-20,-1.37481,
2006-09-21,-1.38688,
2006-09-22,-1.34021,
2006-09-23,.,No value available
2006-09-24,.,No value available
2006-09-25,-1.29087,
2006-09-26,-1.28016,
2006-09-27,-1.25529,
2006-09-28,-1.13348,
2006-09-29,-1.11752,
2006-09-30,.,No value available
2006-10-01,.,No value available
2006-10-02,-1.17997,
2006-10-03,-1.04769,
2006-10-04,-1.04999,
2006-10-05,-1.08955,
2006-10-06,-1.00112,
2006-10-07,.,No value available
2006-10-08,.,No value available
2006-10-09,-1.07035,
2006-10-10,-1.11369,
2006-10-11,-1.09467,
2006-10-12,-1.15356,
2006-10-13,-1.13387,
2006-10-14,.,No value available
2006-10-15,.,No value available
2006-10-16,-1.07326,
2006-10-17,-1.04198,
2006-10-18,-0.97843,
2006-10-19,-1.01083,
2006-10-20,-0.99664,
2006-10-21,.,No value available
2006-10-22,.,No value available
2006-10-23,-1.00422,
2006-10-24,-0.98308,
2006-10-25,-0.98967,
2006-10-26,-1.06305,
2006-10-27,-0.43321,
2006-10-28,.,No value available
2006-10-29,.,No value available
2006-10-30,-0.02049,
2006-10-31,-0.00873,
2006-11-01,-0.00055,
2006-11-02,-0.00003,
2006-11-03,-1.07023,
2006-11-04,.,No value available
2006-11-05,.,No value available
2006-11-06,-1.11652,
2006-11-07,-0.97671,
2006-11-08,-0.89509,
2006-11-09,-0.96435,
2006-11-10,-0.96356,
2006-11-11,.,No value available
2006-11-12,.,No value available
2006-11-13,-0.81254,
2006-11-14,-0.87458,
2006-11-15,-1.02575,
2006-11-16,-0.83783,
2006-11-17,-0.95388,
2006-11-18,.,No value available
2006-11-19,.,No value available
2006-11-20,-0.94689,
2006-11-21,-0.95362,
2006-11-22,-0.82035,
2006-11-23,-0.86354,
2006-11-24,-0.79094,
2006-11-25,.,No value available
2006-11-26,.,No value available
2006-11-27,-0.85386,
2006-11-28,-0.78037,
2006-11-29,-0.69339,
2006-11-30,-0.37640,
2006-12-01,-0.24211,
2006-12-02,.,No value available
2006-12-03,.,No value available
2006-12-04,-0.48422,
2006-12-05,-0.34051,
2006-12-06,-0.54287,
2006-12-07,-0.54287,
2006-12-08,-0.60448,
2006-12-09,.,No value available
2006-12-10,.,No value available
2006-12-11,-0.62075,
2006-12-12,-0.59299,
2006-12-13,-0.56570,
2006-12-14,-0.74486,
2006-12-15,-0.69678,
2006-12-16,.,No value available
2006-12-17,.,No value available
2006-12-18,-0.75960,
2006-12-19,-0.88670,
2006-12-20,-0.89597,
2006-12-21,-0.92297,
2006-12-22,-0.95163,
2006-12-23,.,No value available
2006-12-24,.,No value available
2006-12-25,.,No value available
2006-12-26,.,No value available
2006-12-27,-0.73020,
2006-12-28,-0.84550,
2006-12-29,-0.84550,
2006-12-30,.,No value available
2006-12-31,.,No value available
2007-01-01,.,No value available
2007-01-02,-0.91858,
2007-01-03,-0.81278,
2007-01-04,-0.81278,
2007-01-05,-1.66869,
2007-01-06,.,No value available
2007-01-07,.,No value available
2007-01-08,-1.36137,
2007-01-09,-1.36137,
2007-01-10,-0.95644,
2007-01-11,-1.03305,
2007-01-12,-1.08887,
2007-01-13,.,No value available
2007-01-14,.,No value available
2007-01-15,-1.33523,
2007-01-16,-0.87387,
2007-01-17,-1.05027,
2007-01-18,-1.15893,
2007-01-19,-1.12006,
2007-01-20,.,No value available
2007-01-21,.,No value available
2007-01-22,-1.11599,
2007-01-23,-1.19882,
2007-01-24,-1.03368,
2007-01-25,-0.99403,
2007-01-26,-1.00627,
2007-01-27,.,No value available
2007-01-28,.,No value available
2007-01-29,-0.97108,
2007-01-30,-0.99546,
2007-01-31,-0.94302,
2007-02-01,-0.95304,
2007-02-02,-0.77177,
2007-02-03,.,No value available
2007-02-04,.,No value available
2007-02-05,-0.69578,
2007-02-06,-0.72753,
2007-02-07,-0.83819,
2007-02-08,-0.75213,
2007-02-09,-0.85318,
2007-02-10,.,No value available
2007-02-11,.,No value available
2007-02-12,-0.89495,
2007-02-13,-0.77085,
2007-02-14,-0.78943,
2007-02-15,-0.86771,
2007-02-16,-0.93071,
2007-02-17,.,No value available
2007-02-18,.,No value available
2007-02-19,-0.93096,
2007-02-20,-0.92535,
2007-02-21,-0.83067,
2007-02-22,-0.81511,
2007-02-23,-0.81511,
2007-02-24,.,No value available
2007-02-25,.,No value available
2007-02-26,-0.85736,
2007-02-27,-0.83964,
2007-02-28,-0.69791,
2007-03-01,-0.74042,
2007-03-02,-0.65546,
2007-03-03,.,No value available
2007-03-04,.,No value available
2007-03-05,-0.55932,
2007-03-06,-0.57108,
2007-03-07,-0.62477,
2007-03-08,-0.60016,
2007-03-09,-0.86426,
2007-03-10,.,No value available
2007-03-11,.,No value available
2007-03-12,-0.71962,
2007-03-13,-0.88804,
2007-03-14,-0.65906,
2007-03-15,-0.66346,
2007-03-16,-0.68376,
2007-03-17,.,No value available
2007-03-18,.,No value available
2007-03-19,-0.68754,
2007-03-20,-0.68754,
2007-03-21,-0.68768,
2007-03-22,-0.69045,
2007-03-23,-0.73659,
2007-03-24,.,No value available
2007-03-25,.,No value available
2007-03-26,-0.76772,
2007-03-27,-0.76423,
2007-03-28,-0.73353,
2007-03-29,-0.77386,
2007-03-30,-0.73378,
2007-03-31,.,No value available
2007-04-01,.,No value available
2007-04-02,-0.68366,
2007-04-03,-0.71317,
2007-04-04,-0.74010,
2007-04-05,-0.75730,
2007-04-06,.,No value available
2007-04-07,.,No value available
2007-04-08,.,No value available
2007-04-09,.,No value available
2007-04-10,-0.79650,
2007-04-11,-0.82375,
2007-04-12,-0.81928,
2007-04-13,-0.88386,
2007-04-14,.,No value available
2007-04-15,.,No value available
2007-04-16,-0.91254,
2007-04-17,-0.95156,
2007-04-18,-0.83047,
2007-04-19,-0.79551,
2007-04-20,-0.81772,
2007-04-21,.,No value available
2007-04-22,.,No value available
2007-04-23,-0.74216,
2007-04-24,-0.73757,
2007-04-25,-0.80289,
2007-04-26,-0.77065,
2007-04-27,-0.79316,
2007-04-28,.,No value available
2007-04-29,.,No value available
2007-04-30,-0.79316,
2007-05-01,.,No value available
2007-05-02,-0.77449,
2007-05-03,-0.79967,
2007-05-04,-0.79967,
2007-05-05,.,No value available
2007-05-06,.,No value available
2007-05-07,-0.80418,
2007-05-08,-0.81311,
2007-05-09,-0.81311,
2007-05-10,-0.78026,
2007-05-11,-0.69420,
2007-05-12,.,No value available
2007-05-13,.,No value available
2007-05-14,-0.76984,
2007-05-15,-0.78308,
2007-05-16,-0.84740,
2007-05-17,-0.87849,
2007-05-18,-0.90018,
2007-05-19,.,No value available
2007-05-20,.,No value available
2007-05-21,-0.90018,
2007-05-22,-0.89749,
2007-05-23,-0.96786,
2007-05-24,-0.91354,
2007-05-25,-0.74847,
2007-05-26,.,No value available
2007-05-27,.,No value available
2007-05-28,.,No value available
2007-05-29,-0.84906,
2007-05-30,-0.84906,
2007-05-31,-1.00690,
2007-06-01,-0.92508,
2007-06-02,.,No value available
2007-06-03,.,No value available
2007-06-04,-1.02733,
2007-06-05,-0.87035,
2007-06-06,-1.00436,
2007-06-07,-1.01468,
2007-06-08,-1.11311,
2007-06-09,.,No value available
2007-06-10,.,No value available
2007-06-11,-1.01851,
2007-06-12,-1.04913,
2007-06-13,-1.20355,
2007-06-14,-1.06944,
2007-06-15,-1.17706,
2007-06-16,.,No value available
2007-06-17,.,No value available
2007-06-18,-1.11556,
2007-06-19,-1.13967,
2007-06-20,-1.05097,
2007-06-21,-1.07526,
2007-06-22,-1.02634,
2007-06-23,.,No value available
2007-06-24,.,No value available
2007-06-25,-0.94564,
2007-06-26,-0.91744,
2007-06-27,-0.89930,
2007-06-28,-0.98014,
2007-06-29,-0.96883,
2007-06-30,.,No value available
2007-07-01,.,No value available
2007-07-02,-0.90746,
2007-07-03,-0.90962,
2007-07-04,-0.96814,
2007-07-05,-1.02173,
2007-07-06,-1.00648,
2007-07-07,.,No value available
2007-07-08,.,No value available
2007-07-09,-1.02210,
2007-07-10,-0.96760,
2007-07-11,-0.92829,
2007-07-12,-0.92662,
2007-07-13,-0.93933,
2007-07-14,.,No value available
2007-07-15,.,No value available
2007-07-16,-0.93885,
2007-07-17,-0.89761,
2007-07-18,-0.90893,
2007-07-19,-0.93052,
2007-07-20,-0.91164,
2007-07-21,.,No value available
2007-07-22,.,No value available
2007-07-23,-0.90198,
2007-07-24,-0.89059,
2007-07-25,-0.86856,
2007-07-26,-0.86119,
2007-07-27,-1.08953,
2007-07-28,.,No value available
2007-07-29,.,No value available
2007-07-30,-1.32735,
2007-07-31,-0.53827,
2007-08-01,-0.12884,
2007-08-02,-0.16090,
2007-08-03,-0.00586,
2007-08-04,.,No value available
2007-08-05,.,No value available
2007-08-06,-0.01548,
2007-08-07,-0.73972,
2007-08-08,-0.59446,
2007-08-09,-0.66621,
2007-08-10,-0.51131,
2007-08-11,.,No value available
2007-08-12,.,No value available
2007-08-13,0.26263,
2007-08-14,0.24045,
2007-08-15,0.33100,
2007-08-16,-1.78288,
2007-08-17,-0.44357,
2007-08-18,.,No value available
2007-08-19,.,No value available
2007-08-20,-0.69766,
2007-08-21,-0.35466,
2007-08-22,-0.72677,
2007-08-23,-0.86905,
2007-08-24,-0.29863,
2007-08-25,.,No value available
2007-08-26,.,No value available
2007-08-27,-0.41844,
2007-08-28,0.05803,
2007-08-29,-0.70601,
2007-08-30,-0.19090,
2007-08-31,-0.32122,
2007-09-01,.,No value available
2007-09-02,.,No value available
2007-09-03,-0.29895,
2007-09-04,-0.18448,
2007-09-05,-0.46106,
2007-09-06,-0.45536,
2007-09-07,-0.33656,
2007-09-08,.,No value available
2007-09-09,.,No value available
2007-09-10,-0.60321,
2007-09-11,-0.29349,
2007-09-12,-0.79908,
2007-09-13,-1.04285,
2007-09-14,-0.71152,
2007-09-15,.,No value available
2007-09-16,.,No value available
2007-09-17,-1.19366,
2007-09-18,-0.70346,
2007-09-19,-1.63952,
2007-09-20,-1.88990,
2007-09-21,-3.11090,
2007-09-22,.,No value available
2007-09-23,.,No value available
2007-09-24,-3.86357,
2007-09-25,-1.69658,
2007-09-26,-1.54364,
2007-09-27,-1.08259,
2007-09-28,-0.72663,
2007-09-29,.,No value available
2007-09-30,.,No value available
2007-10-01,-0.29179,
2007-10-02,-0.79749,
2007-10-03,0.14734,
2007-10-04,0.09121,
2007-10-05,0.13017,
2007-10-06,.,No value available
2007-10-07,.,No value available
2007-10-08,0.06650,
2007-10-09,-0.86019,
2007-10-10,-0.93887,
2007-10-11,-0.98856,
2007-10-12,-0.90796,
2007-10-13,.,No value available
2007-10-14,.,No value available
2007-10-15,-1.03367,
2007-10-16,-1.02145,
2007-10-17,-0.98784,
2007-10-18,-0.94292,
2007-10-19,-0.82984,
2007-10-20,.,No value available
2007-10-21,.,No value available
2007-10-22,-0.74629,
2007-10-23,-1.03669,
2007-10-24,-1.07289,
2007-10-25,-1.04905,
2007-10-26,-1.11494,
2007-10-27,.,No value available
2007-10-28,.,No value available
2007-10-29,-1.04408,
2007-10-30,-1.05462,
2007-10-31,-1.08708,
2007-11-01,-1.07147,
2007-11-02,-0.73568,
2007-11-03,.,No value available
2007-11-04,.,No value available
2007-11-05,-0.68524,
2007-11-06,-0.60482,
2007-11-07,-0.62572,
2007-11-08,-0.59448,
2007-11-09,-0.69960,
2007-11-10,.,No value available
2007-11-11,.,No value available
2007-11-12,-0.74874,
2007-11-13,-0.70572,
2007-11-14,-0.79511,
2007-11-15,-0.72227,
2007-11-16,-0.70206,
2007-11-17,.,No value available
2007-11-18,.,No value available
2007-11-19,-0.69719,
2007-11-20,-0.65034,
2007-11-21,-0.67522,
2007-11-22,-0.75840,
2007-11-23,-0.82949,
2007-11-24,.,No value available
2007-11-25,.,No value available
2007-11-26,-1.73766,
2007-11-27,-1.68464,
2007-11-28,-1.68571,
2007-11-29,-1.74122,
2007-11-30,-1.69410,
2007-12-01,.,No value available
2007-12-02,.,No value available
2007-12-03,-1.50707,
2007-12-04,-1.59375,
2007-12-05,-1.54219,
2007-12-06,-1.56985,
2007-12-07,-1.47599,
2007-12-08,.,No value available
2007-12-09,.,No value available
2007-12-10,-1.38079,
2007-12-11,-1.41101,
2007-12-12,-1.69453,
2007-12-13,-1.44526,
2007-12-14,-1.36631,
2007-12-15,.,No value available
2007-12-16,.,No value available
2007-12-17,-1.42349,
2007-12-18,-1.22768,
2007-12-19,-1.44048,
2007-12-20,-1.35205,
2007-12-21,-1.45414,
2007-12-22,.,No value available
2007-12-23,.,No value available
2007-12-24,.,No value available
2007-12-25,.,No value available
2007-12-26,.,No value available
2007-12-27,-1.35544,
2007-12-28,0.87585,
2007-12-29,.,No value available
2007-12-30,.,No value available
2007-12-31,.,No value available
2008-01-01,.,No value available
2008-01-02,0.81780,
2008-01-03,1.61659,
2008-01-04,0.10766,
2008-01-05,.,No value available
2008-01-06,.,No value available
2008-01-07,0.03360,
2008-01-08,0.08592,
2008-01-09,1.04469,
2008-01-10,1.73333,
2008-01-11,1.69032,
2008-01-12,.,No value available
2008-01-13,.,No value available
2008-01-14,1.75885,
2008-01-15,-0.82273,
2008-01-16,-0.75595,
2008-01-17,-0.76049,
2008-01-18,-0.74282,
2008-01-19,.,No value available
2008-01-20,.,No value available
2008-01-21,-0.72854,
2008-01-22,-0.75753,
2008-01-23,-0.89655,
2008-01-24,-1.02198,
2008-01-25,-0.94990,
2008-01-26,.,No value available
2008-01-27,.,No value available
2008-01-28,-0.83704,
2008-01-29,-0.93946,
2008-01-30,-0.99516,
2008-01-31,-0.96720,
2008-02-01,-0.82678,
2008-02-02,.,No value available
2008-02-03,.,No value available
2008-02-04,-0.83701,
2008-02-05,-0.78665,
2008-02-06,-0.68963,
2008-02-07,-0.72508,
2008-02-08,-0.80132,
2008-02-09,.,No value available
2008-02-10,.,No value available
2008-02-11,-0.73748,
2008-02-12,-0.72794,
2008-02-13,-0.81813,
2008-02-14,-0.85302,
2008-02-15,-0.85122,
2008-02-16,.,No value available
2008-02-17,.,No value available
2008-02-18,-0.83969,
2008-02-19,-0.83805,
2008-02-20,-0.87772,
2008-02-21,-0.89466,
2008-02-22,-0.90133,
2008-02-23,.,No value available
2008-02-24,.,No value available
2008-02-25,-0.97858,
2008-02-26,-1.04267,
2008-02-27,-1.00506,
2008-02-28,-1.03073,
2008-02-29,-0.89056,
2008-03-01,.,No value available
2008-03-02,.,No value available
2008-03-03,-0.85079,
2008-03-04,-0.98066,
2008-03-05,-1.04674,
2008-03-06,-1.10012,
2008-03-07,-1.06651,
2008-03-08,.,No value available
2008-03-09,.,No value available
2008-03-10,-2.17549,
2008-03-11,-2.24255,
2008-03-12,-2.05966,
2008-03-13,-2.35404,
2008-03-14,-2.37312,
2008-03-15,.,No value available
2008-03-16,.,No value available
2008-03-17,-2.54662,
2008-03-18,-2.62426,
2008-03-19,-2.33586,
2008-03-20,-2.15897,
2008-03-21,.,No value available
2008-03-22,.,No value available
2008-03-23,.,No value available
2008-03-24,.,No value available
2008-03-25,-1.80578,
2008-03-26,-1.76877,
2008-03-27,-2.47594,
2008-03-28,-2.25375,
2008-03-29,.,No value available
2008-03-30,.,No value available
2008-03-31,-2.27601,
2008-04-01,-2.10614,
2008-04-02,-2.64884,
2008-04-03,-2.63061,
2008-04-04,-2.65167,
2008-04-05,.,No value available
2008-04-06,.,No value available
2008-04-07,-2.49747,
2008-04-08,-2.42978,
2008-04-09,-2.66856,
2008-04-10,-2.76488,
2008-04-11,-2.75085,
2008-04-12,.,No value available
2008-04-13,.,No value available
2008-04-14,-0.71108,
2008-04-15,0.00540,
2008-04-16,-0.00409,
2008-04-17,-0.00116,
2008-04-18,-0.00467,
2008-04-19,.,No value available
2008-04-20,.,No value available
2008-04-21,0.00200,
2008-04-22,0.00003,
2008-04-23,-0.00014,
2008-04-24,0.01998,
2008-04-25,0.04246,
2008-04-26,.,No value available
2008-04-27,.,No value available
2008-04-28,0.18005,
2008-04-29,0.55460,
2008-04-30,-0.00216,
2008-05-01,.,No value available
2008-05-02,0.00331,
2008-05-03,.,No value available
2008-05-04,.,No value available
2008-05-05,0.00116,
2008-05-06,0.00242,
2008-05-07,0.00747,
2008-05-08,0.00216,
2008-05-09,0.00508,
2008-05-10,.,No value available
2008-05-11,.,No value available
2008-05-12,0.00099,
2008-05-13,0.00247,
2008-05-14,0.00095,
2008-05-15,0.02575,
2008-05-16,0.00149,
2008-05-17,.,No value available
2008-05-18,.,No value available
2008-05-19,0.05461,
2008-05-20,-1.58978,
2008-05-21,-1.50713,
2008-05-22,-1.50960,
2008-05-23,-1.44297,
2008-05-24,.,No value available
2008-05-25,.,No value available
2008-05-26,-1.26530,
2008-05-27,-1.26806,
2008-05-28,-1.28465,
2008-05-29,-0.76118,
2008-05-30,-0.59055,
2008-05-31,.,No value available
2008-06-01,.,No value available
2008-06-02,-0.56606,
2008-06-03,-0.56415,
2008-06-04,-0.39200,
2008-06-05,-0.31419,
2008-06-06,-1.44064,
2008-06-07,.,No value available
2008-06-08,.,No value available
2008-06-09,-0.31444,
2008-06-10,-0.03327,
2008-06-11,1.02591,
2008-06-12,0.79943,
2008-06-13,1.81668,
2008-06-14,.,No value available
2008-06-15,.,No value available
2008-06-16,4.52883,
2008-06-17,5.59588,
2008-06-18,1.26885,
2008-06-19,1.93802,
2008-06-20,3.81540,
2008-06-21,.,No value available
2008-06-22,.,No value available
2008-06-23,6.74586,
2008-06-24,7.20237,
2008-06-25,4.70584,
2008-06-26,2.05343,
2008-06-27,2.00709,
2008-06-28,.,No value available
2008-06-29,.,No value available
2008-06-30,1.21742,
2008-07-01,3.76673,
2008-07-02,0.61650,
2008-07-03,0.96101,
2008-07-04,-1.07844,
2008-07-05,.,No value available
2008-07-06,.,No value available
2008-07-07,-1.00427,
2008-07-08,-1.02465,
2008-07-09,-1.10390,
2008-07-10,-0.99348,
2008-07-11,-1.02450,
2008-07-12,.,No value available
2008-07-13,.,No value available
2008-07-14,-0.94118,
2008-07-15,1.78806,
2008-07-16,1.76570,
2008-07-17,1.74265,
2008-07-18,1.70386,
2008-07-19,.,No value available
2008-07-20,.,No value available
2008-07-21,-1.10784,
2008-07-22,-1.12047,
2008-07-23,-1.08550,
2008-07-24,-1.15646,
2008-07-25,-1.11068,
2008-07-26,.,No value available
2008-07-27,.,No value available
2008-07-28,26.10672,
2008-07-29,26.13463,
2008-07-30,26.29489,
2008-07-31,1.80442,
2008-08-01,1.89321,
2008-08-02,.,No value available
2008-08-03,.,No value available
2008-08-04,1.93290,
2008-08-05,1.91500,
2008-08-06,1.93362,
2008-08-07,1.90614,
2008-08-08,1.87279,
2008-08-09,.,No value available
2008-08-10,.,No value available
2008-08-11,1.88793,
2008-08-12,1.91818,
2008-08-13,1.92486,
2008-08-14,1.72820,
2008-08-15,1.76669,
2008-08-16,.,No value available
2008-08-17,.,No value available
2008-08-18,2.02112,
2008-08-19,2.04026,
2008-08-20,1.93259,
2008-08-21,1.91152,
2008-08-22,1.90176,
2008-08-23,.,No value available
2008-08-24,.,No value available
2008-08-25,1.90910,
2008-08-26,1.95812,
2008-08-27,1.92792,
2008-08-28,1.93657,
2008-08-29,1.97046,
2008-08-30,.,No value available
2008-08-31,.,No value available
2008-09-01,1.96206,
2008-09-02,1.89502,
2008-09-03,1.96906,
2008-09-04,1.95580,
2008-09-05,2.03941,
2008-09-06,.,No value available
2008-09-07,.,No value available
2008-09-08,1.97180,
2008-09-09,1.98721,
2008-09-10,2.02737,
2008-09-11,2.01099,
2008-09-12,1.92098,
2008-09-13,.,No value available
2008-09-14,.,No value available
2008-09-15,1.59485,
2008-09-16,1.90801,
2008-09-17,1.85554,
2008-09-18,1.59117,
2008-09-19,1.58057,
2008-09-20,.,No value available
2008-09-21,.,No value available
2008-09-22,-2.38047,
2008-09-23,-2.77758,
2008-09-24,-2.83844,
2008-09-25,-2.94351,
2008-09-26,-3.03916,
2008-09-27,.,No value available
2008-09-28,.,No value available
2008-09-29,-3.39054,
2008-09-30,-7.52725,
2008-10-01,-13.91738,
2008-10-02,-3.76801,
2008-10-03,-3.60774,
2008-10-04,.,No value available
2008-10-05,.,No value available
2008-10-06,18.23686,
2008-10-07,-4.47796,
2008-10-08,-4.34583,
2008-10-09,16.50808,
2008-10-10,16.28848,
2008-10-11,.,No value available
2008-10-12,.,No value available
2008-10-13,-5.96980,
2008-10-14,-4.96986,
2008-10-15,-3.25806,
2008-10-16,-3.51491,
2008-10-17,-2.90907,
2008-10-18,.,No value available
2008-10-19,.,No value available
2008-10-20,-0.35118,
2008-10-21,-0.01082,
2008-10-22,0.00020,
2008-10-23,0.29340,
2008-10-24,-0.78799,
2008-10-25,.,No value available
2008-10-26,.,No value available
2008-10-27,-0.59697,
2008-10-28,-0.68543,
2008-10-29,-0.70688,
2008-10-30,-0.98371,
2008-10-31,-1.05631,
2008-11-01,.,No value available
2008-11-02,.,No value available
2008-11-03,-1.05295,
2008-11-04,-1.10967,
2008-11-05,0.06225,
2008-11-06,-0.00123,
2008-11-07,-0.00007,
2008-11-08,.,No value available
2008-11-09,.,No value available
2008-11-10,0.01962,
2008-11-11,-0.11271,
2008-11-12,-0.19244,
2008-11-13,-0.24804,
2008-11-14,-0.28618,
2008-11-15,.,No value available
2008-11-16,.,No value available
2008-11-17,-0.27461,
2008-11-18,-0.32488,
2008-11-19,-0.29953,
2008-11-20,-0.28727,
2008-11-21,-0.26952,
2008-11-22,.,No value available
2008-11-23,.,No value available
2008-11-24,-0.28776,
2008-11-25,-0.21789,
2008-11-26,0.02662,
2008-11-27,0.08322,
2008-11-28,0.16658,
2008-11-29,.,No value available
2008-11-30,.,No value available
2008-12-01,0.20529,
2008-12-02,0.39170,
2008-12-03,0.51926,
2008-12-04,0.51808,
2008-12-05,0.41760,
2008-12-06,.,No value available
2008-12-07,.,No value available
2008-12-08,0.36072,
2008-12-09,0.33192,
2008-12-10,0.28875,
2008-12-11,0.10916,
2008-12-12,0.09975,
2008-12-13,.,No value available
2008-12-14,.,No value available
2008-12-15,-0.07674,
2008-12-16,-0.02103,
2008-12-17,0.06339,
2008-12-18,-0.05312,
2008-12-19,0.05316,
2008-12-20,.,No value available
2008-12-21,.,No value available
2008-12-22,-0.08380,
2008-12-23,-0.05734,
2008-12-24,.,No value available
2008-12-25,.,No value available
2008-12-26,.,No value available
2008-12-27,.,No value available
2008-12-28,.,No value available
2008-12-29,-0.12906,
2008-12-30,-0.12890,
2008-12-31,.,No value available
2009-01-01,.,No value available
2009-01-02,-0.05866,
2009-01-03,.,No value available
2009-01-04,.,No value available
2009-01-05,-0.08553,
2009-01-06,-0.16913,
2009-01-07,-0.34154,
2009-01-08,-0.57747,
2009-01-09,-0.52330,
2009-01-10,.,No value available
2009-01-11,.,No value available
2009-01-12,-0.58720,
2009-01-13,-0.59304,
2009-01-14,-0.64561,
2009-01-15,-0.60206,
2009-01-16,-0.56170,
2009-01-17,.,No value available
2009-01-18,.,No value available
2009-01-19,-0.74223,
2009-01-20,-0.76386,
2009-01-21,-0.79976,
2009-01-22,-0.91817,
2009-01-23,-1.07397,
2009-01-24,.,No value available
2009-01-25,.,No value available
2009-01-26,-1.27111,
2009-01-27,-1.14519,
2009-01-28,-1.06605,
2009-01-29,-1.02406,
2009-01-30,-1.00225,
2009-01-31,.,No value available
2009-02-01,.,No value available
2009-02-02,-1.01113,
2009-02-03,-0.96622,
2009-02-04,-1.04579,
2009-02-05,-1.10872,
2009-02-06,-1.06993,
2009-02-07,.,No value available
2009-02-08,.,No value available
2009-02-09,-1.15025,
2009-02-10,-1.11615,
2009-02-11,-0.98269,
2009-02-12,-0.89841,
2009-02-13,-0.92637,
2009-02-14,.,No value available
2009-02-15,.,No value available
2009-02-16,-0.80734,
2009-02-17,-0.76833,
2009-02-18,-0.65885,
2009-02-19,-0.90091,
2009-02-20,-0.88904,
2009-02-21,.,No value available
2009-02-22,.,No value available
2009-02-23,-0.93572,
2009-02-24,-0.87803,
2009-02-25,-0.85984,
2009-02-26,-0.92343,
2009-02-27,-0.99462,
2009-02-28,.,No value available
2009-03-01,.,No value available
2009-03-02,-0.93934,
2009-03-03,-1.02166,
2009-03-04,-1.07561,
2009-03-05,-1.25436,
2009-03-06,-1.06315,
2009-03-07,.,No value available
2009-03-08,.,No value available
2009-03-09,-1.00289,
2009-03-10,-1.04363,
2009-03-11,-1.13230,
2009-03-12,-1.16327,
2009-03-13,-1.32782,
2009-03-14,.,No value available
2009-03-15,.,No value available
2009-03-16,-1.39547,
2009-03-17,-1.44417,
2009-03-18,-1.52686,
2009-03-19,-1.43399,
2009-03-20,-1.40416,
2009-03-21,.,No value available
2009-03-22,.,No value available
2009-03-23,-1.35456,
2009-03-24,-1.46304,
2009-03-25,-1.42935,
2009-03-26,-1.50087,
2009-03-27,-1.42928,
2009-03-28,.,No value available
2009-03-29,.,No value available
2009-03-30,-1.36442,
2009-03-31,-1.34752,
2009-04-01,-1.35084,
2009-04-02,-1.43543,
2009-04-03,-1.40605,
2009-04-04,.,No value available
2009-04-05,.,No value available
2009-04-06,-1.88886,
2009-04-07,-1.82621,
2009-04-08,-1.77929,
2009-04-09,-1.79560,
2009-04-10,.,No value available
2009-04-11,.,No value available
2009-04-12,.,No value available
2009-04-13,.,No value available
2009-04-14,-1.51384,
2009-04-15,-1.45609,
2009-04-16,-1.51555,
2009-04-17,-1.42830,
2009-04-18,.,No value available
2009-04-19,.,No value available
2009-04-20,-1.41346,
2009-04-21,-1.34736,
2009-04-22,-1.29056,
2009-04-23,-1.36943,
2009-04-24,-1.40348,
2009-04-25,.,No value available
2009-04-26,.,No value available
2009-04-27,-1.40015,
2009-04-28,-1.37054,
2009-04-29,-1.45467,
2009-04-30,-1.43903,
2009-05-01,.,No value available
2009-05-02,.,No value available
2009-05-03,.,No value available
2009-05-04,-1.47520,
2009-05-05,-1.50056,
2009-05-06,-1.53390,
2009-05-07,-1.69147,
2009-05-08,-1.86208,
2009-05-09,.,No value available
2009-05-10,.,No value available
2009-05-11,-1.86785,
2009-05-12,-1.82946,
2009-05-13,-1.81368,
2009-05-14,-1.82844,
2009-05-15,-1.82631,
2009-05-16,.,No value available
2009-05-17,.,No value available
2009-05-18,-1.85826,
2009-05-19,-1.92009,
2009-05-20,-1.81287,
2009-05-21,-1.86666,
2009-05-22,-1.87991,
2009-05-23,.,No value available
2009-05-24,.,No value available
2009-05-25,-1.90520,
2009-05-26,-1.50859,
2009-05-27,-1.47526,
2009-05-28,-1.46145,
2009-05-29,-1.41163,
2009-05-30,.,No value available
2009-05-31,.,No value available
2009-06-01,-1.47422,
2009-06-02,-1.61847,
2009-06-03,-1.51853,
2009-06-04,-1.55286,
2009-06-05,-1.59298,
2009-06-06,.,No value available
2009-06-07,.,No value available
2009-06-08,-1.36734,
2009-06-09,-1.31817,
2009-06-10,-1.05205,
2009-06-11,-1.06931,
2009-06-12,-0.93140,
2009-06-13,.,No value available
2009-06-14,.,No value available
2009-06-15,-1.00303,
2009-06-16,-1.04940,
2009-06-17,-1.14855,
2009-06-18,-1.21525,
2009-06-19,-1.33459,
2009-06-20,.,No value available
2009-06-21,.,No value available
2009-06-22,-1.27283,
2009-06-23,-1.28339,
2009-06-24,-1.25349,
2009-06-25,-1.47952,
2009-06-26,-1.48589,
2009-06-27,.,No value available
2009-06-28,.,No value available
2009-06-29,-1.46826,
2009-06-30,-1.52175,
2009-07-01,-1.48719,
2009-07-02,-1.53467,
2009-07-03,-1.53855,
2009-07-04,.,No value available
2009-07-05,.,No value available
2009-07-06,-1.55461,
2009-07-07,-1.49871,
2009-07-08,-1.43625,
2009-07-09,-1.43895,
2009-07-10,-1.39578,
2009-07-11,.,No value available
2009-07-12,.,No value available
2009-07-13,-1.38750,
2009-07-14,-1.29208,
2009-07-15,-1.31744,
2009-07-16,-1.33604,
2009-07-17,-1.35812,
2009-07-18,.,No value available
2009-07-19,.,No value available
2009-07-20,-1.31424,
2009-07-21,-1.32162,
2009-07-22,-1.33511,
2009-07-23,-1.34331,
2009-07-24,-1.32902,
2009-07-25,.,No value available
2009-07-26,.,No value available
2009-07-27,-1.27976,
2009-07-28,-1.24798,
2009-07-29,-1.09527,
2009-07-30,-1.12042,
2009-07-31,-1.03742,
2009-08-01,.,No value available
2009-08-02,.,No value available
2009-08-03,-1.05259,
2009-08-04,-0.86179,
2009-08-05,-0.79002,
2009-08-06,-0.69292,
2009-08-07,-0.69936,
2009-08-08,.,No value available
2009-08-09,.,No value available
2009-08-10,-0.65891,
2009-08-11,-0.67505,
2009-08-12,-0.79031,
2009-08-13,-0.76208,
2009-08-14,-0.86396,
2009-08-15,.,No value available
2009-08-16,.,No value available
2009-08-17,-0.88240,
2009-08-18,-1.63738,
2009-08-19,-1.57657,
2009-08-20,-1.56938,
2009-08-21,-1.56459,
2009-08-22,.,No value available
2009-08-23,.,No value available
2009-08-24,-1.56572,
2009-08-25,-1.60575,
2009-08-26,-1.62472,
2009-08-27,-1.57975,
2009-08-28,-1.65190,
2009-08-29,.,No value available
2009-08-30,.,No value available
2009-08-31,-1.61500,
2009-09-01,-1.62204,
2009-09-02,-1.51487,
2009-09-03,-1.69083,
2009-09-04,-1.65051,
2009-09-05,.,No value available
2009-09-06,.,No value available
2009-09-07,-1.70850,
2009-09-08,-1.70625,
2009-09-09,-1.77370,
2009-09-10,-1.89124,
2009-09-11,-1.84279,
2009-09-12,.,No value available
2009-09-13,.,No value available
2009-09-14,-1.74926,
2009-09-15,-1.81652,
2009-09-16,-1.73352,
2009-09-17,-1.78099,
2009-09-18,-1.79135,
2009-09-19,.,No value available
2009-09-20,.,No value available
2009-09-21,-1.91570,
2009-09-22,-1.92197,
2009-09-23,-1.83956,
2009-09-24,-1.80949,
2009-09-25,-1.78014,
2009-09-26,.,No value available
2009-09-27,.,No value available
2009-09-28,-1.72092,
2009-09-29,-1.75206,
2009-09-30,-1.71230,
2009-10-01,-1.74451,
2009-10-02,-1.81032,
2009-10-03,.,No value available
2009-10-04,.,No value available
2009-10-05,-1.84298,
2009-10-06,-1.86232,
2009-10-07,-1.80672,
2009-10-08,-1.73456,
2009-10-09,-1.74618,
2009-10-10,.,No value available
2009-10-11,.,No value available
2009-10-12,-1.85765,
2009-10-13,-1.83114,
2009-10-14,-1.90786,
2009-10-15,-1.94323,
2009-10-16,-1.99255,
2009-10-17,.,No value available
2009-10-18,.,No value available
2009-10-19,-2.01554,
2009-10-20,-1.94934,
2009-10-21,-1.93127,
2009-10-22,-1.95241,
2009-10-23,-2.00577,
2009-10-24,.,No value available
2009-10-25,.,No value available
2009-10-26,-2.05635,
2009-10-27,-2.03541,
2009-10-28,-1.96335,
2009-10-29,-1.95866,
2009-10-30,-1.91801,
2009-10-31,.,No value available
2009-11-01,.,No value available
2009-11-02,-1.87716,
2009-11-03,-1.81375,
2009-11-04,-1.94454,
2009-11-05,-1.99633,
2009-11-06,-1.98997,
2009-11-07,.,No value available
2009-11-08,.,No value available
2009-11-09,-1.96553,
2009-11-10,-1.91237,
2009-11-11,-1.94844,
2009-11-12,-1.32295,
2009-11-13,-1.37450,
2009-11-14,.,No value available
2009-11-15,.,No value available
2009-11-16,-1.41376,
2009-11-17,-1.38756,
2009-11-18,-1.32584,
2009-11-19,-1.31142,
2009-11-20,-1.33402,
2009-11-21,.,No value available
2009-11-22,.,No value available
2009-11-23,-1.26915,
2009-11-24,-1.32213,
2009-11-25,-1.33586,
2009-11-26,-1.44745,
2009-11-27,-1.46696,
2009-11-28,.,No value available
2009-11-29,.,No value available
2009-11-30,-1.70437,
2009-12-01,-1.70637,
2009-12-02,-1.71570,
2009-12-03,-1.81681,
2009-12-04,-1.77063,
2009-12-05,.,No value available
2009-12-06,.,No value available
2009-12-07,-1.86991,
2009-12-08,-1.79718,
2009-12-09,-1.77815,
2009-12-10,-1.80900,
2009-12-11,-1.86893,
2009-12-12,.,No value available
2009-12-13,.,No value available
2009-12-14,-1.82242,
2009-12-15,-1.79109,
2009-12-16,-1.81057,
2009-12-17,-1.77254,
2009-12-18,-1.70170,
2009-12-19,.,No value available
2009-12-20,.,No value available
2009-12-21,-1.71827,
2009-12-22,-1.85196,
2009-12-23,-1.88285,
2009-12-24,.,No value available
2009-12-25,.,No value available
2009-12-26,.,No value available
2009-12-27,.,No value available
2009-12-28,-1.91943,
2009-12-29,-2.13581,
2009-12-30,-2.02414,
2009-12-31,.,No value available
2010-01-01,.,No value available
2010-01-02,.,No value available
2010-01-03,.,No value available
2010-01-04,-2.06850,
2010-01-05,-2.02197,
2010-01-06,-1.99468,
2010-01-07,-2.08967,
2010-01-08,-2.09325,
2010-01-09,.,No value available
2010-01-10,.,No value available
2010-01-11,-2.08153,
2010-01-12,-2.02433,
2010-01-13,-2.04745,
2010-01-14,-2.01857,
2010-01-15,-1.99959,
2010-01-16,.,No value available
2010-01-17,.,No value available
2010-01-18,-1.98348,
2010-01-19,-2.01286,
2010-01-20,-1.99261,
2010-01-21,-1.95796,
2010-01-22,-1.94017,
2010-01-23,.,No value available
2010-01-24,.,No value available
2010-01-25,-1.94855,
2010-01-26,-1.91773,
2010-01-27,-1.93266,
2010-01-28,-1.88725,
2010-01-29,-1.83272,
2010-01-30,.,No value available
2010-01-31,.,No value available
2010-02-01,-1.82212,
2010-02-02,-1.83503,
2010-02-03,-1.82006,
2010-02-04,-1.83396,
2010-02-05,-1.79578,
2010-02-06,.,No value available
2010-02-07,.,No value available
2010-02-08,-1.59324,
2010-02-09,-1.64903,
2010-02-10,-1.79954,
2010-02-11,-1.69261,
2010-02-12,-1.72361,
2010-02-13,.,No value available
2010-02-14,.,No value available
2010-02-15,-1.68278,
2010-02-16,-1.68068,
2010-02-17,-1.71091,
2010-02-18,-1.72917,
2010-02-19,-1.73473,
2010-02-20,.,No value available
2010-02-21,.,No value available
2010-02-22,-1.75029,
2010-02-23,-1.71273,
2010-02-24,-1.63245,
2010-02-25,-1.54445,
2010-02-26,-1.57354,
2010-02-27,.,No value available
2010-02-28,.,No value available
2010-03-01,-1.56050,
2010-03-02,-1.56157,
2010-03-03,-1.58220,
2010-03-04,-1.60000,
2010-03-05,-1.57327,
2010-03-06,.,No value available
2010-03-07,.,No value available
2010-03-08,-1.57208,
2010-03-09,-1.60837,
2010-03-10,-1.63685,
2010-03-11,-2.21559,
2010-03-12,-1.86421,
2010-03-13,.,No value available
2010-03-14,.,No value available
2010-03-15,-1.94256,
2010-03-16,-2.07947,
2010-03-17,-1.60016,
2010-03-18,-1.58347,
2010-03-19,-1.62326,
2010-03-20,.,No value available
2010-03-21,.,No value available
2010-03-22,-1.58540,
2010-03-23,-1.53909,
2010-03-24,-1.39651,
2010-03-25,-1.55108,
2010-03-26,-1.93878,
2010-03-27,.,No value available
2010-03-28,.,No value available
2010-03-29,-1.82980,
2010-03-30,-1.66259,
2010-03-31,-2.26016,
2010-04-01,-2.35946,
2010-04-02,.,No value available
2010-04-03,.,No value available
2010-04-04,.,No value available
2010-04-05,.,No value available
2010-04-06,-2.48866,
2010-04-07,-2.71565,
2010-04-08,-2.31974,
2010-04-09,-2.55048,
2010-04-10,.,No value available
2010-04-11,.,No value available
2010-04-12,-2.85341,
2010-04-13,-3.10944,
2010-04-14,-2.93612,
2010-04-15,-3.11864,
2010-04-16,-3.14074,
2010-04-17,.,No value available
2010-04-18,.,No value available
2010-04-19,-2.85708,
2010-04-20,-2.29982,
2010-04-21,-2.28885,
2010-04-22,-1.91425,
2010-04-23,-2.08068,
2010-04-24,.,No value available
2010-04-25,.,No value available
2010-04-26,-1.56138,
2010-04-27,-1.75338,
2010-04-28,-1.92677,
2010-04-29,-1.98986,
2010-04-30,-1.92368,
2010-05-01,.,No value available
2010-05-02,.,No value available
2010-05-03,-2.23764,
2010-05-04,-2.25486,
2010-05-05,-2.31142,
2010-05-06,-2.27943,
2010-05-07,-2.38160,
2010-05-08,.,No value available
2010-05-09,.,No value available
2010-05-10,-2.03449,
2010-05-11,-2.20795,
2010-05-12,-2.23059,
2010-05-13,-2.87371,
2010-05-14,-3.17234,
2010-05-15,.,No value available
2010-05-16,.,No value available
2010-05-17,-2.82384,
2010-05-18,-2.93112,
2010-05-19,-2.87486,
2010-05-20,-3.12870,
2010-05-21,-2.80375,
2010-05-22,.,No value available
2010-05-23,.,No value available
2010-05-24,-2.88884,
2010-05-25,-2.96714,
2010-05-26,-2.80130,
2010-05-27,-3.00830,
2010-05-28,-2.92860,
2010-05-29,.,No value available
2010-05-30,.,No value available
2010-05-31,-2.81695,
2010-06-01,-2.99692,
2010-06-02,-2.94106,
2010-06-03,-3.03414,
2010-06-04,-2.85477,
2010-06-05,.,No value available
2010-06-06,.,No value available
2010-06-07,-2.68550,
2010-06-08,-2.31835,
2010-06-09,-2.40128,
2010-06-10,-2.43436,
2010-06-11,-2.60017,
2010-06-12,.,No value available
2010-06-13,.,No value available
2010-06-14,-2.60341,
2010-06-15,-3.05593,
2010-06-16,-2.85054,
2010-06-17,-2.80631,
2010-06-18,-3.08961,
2010-06-19,.,No value available
2010-06-20,.,No value available
2010-06-21,-3.16239,
2010-06-22,-2.99893,
2010-06-23,-3.01556,
2010-06-24,-2.84150,
2010-06-25,-2.85235,
2010-06-26,.,No value available
2010-06-27,.,No value available
2010-06-28,-2.93342,
2010-06-29,-2.74280,
2010-06-30,-2.93192,
2010-07-01,-2.62403,
2010-07-02,-2.58718,
2010-07-03,.,No value available
2010-07-04,.,No value available
2010-07-05,-2.62982,
2010-07-06,-2.74678,
2010-07-07,-2.77684,
2010-07-08,-2.77886,
2010-07-09,-2.66108,
2010-07-10,.,No value available
2010-07-11,.,No value available
2010-07-12,-2.69880,
2010-07-13,-2.81353,
2010-07-14,-2.74289,
2010-07-15,-2.75550,
2010-07-16,-2.80492,
2010-07-17,.,No value available
2010-07-18,.,No value available
2010-07-19,-0.00623,
2010-07-20,-0.02874,
2010-07-21,-0.00182,
2010-07-22,-0.00164,
2010-07-23,0.00214,
2010-07-24,.,No value available
2010-07-25,.,No value available
2010-07-26,2.76768,
2010-07-27,-2.65422,
2010-07-28,-2.63017,
2010-07-29,-2.46988,
2010-07-30,-2.09750,
2010-07-31,.,No value available
2010-08-01,.,No value available
2010-08-02,-2.32975,
2010-08-03,-2.23660,
2010-08-04,-2.18381,
2010-08-05,-2.37945,
2010-08-06,-2.31973,
2010-08-07,.,No value available
2010-08-08,.,No value available
2010-08-09,-2.10056,
2010-08-10,-2.08185,
2010-08-11,-2.02163,
2010-08-12,-1.91780,
2010-08-13,-1.75650,
2010-08-14,.,No value available
2010-08-15,.,No value available
2010-08-16,-1.10425,
2010-08-17,-1.26791,
2010-08-18,-1.64920,
2010-08-19,-1.38407,
2010-08-20,-1.02302,
2010-08-21,.,No value available
2010-08-22,.,No value available
2010-08-23,-1.03561,
2010-08-24,-0.96897,
2010-08-25,-0.40625,
2010-08-26,-1.29336,
2010-08-27,-1.50735,
2010-08-28,.,No value available
2010-08-29,.,No value available
2010-08-30,-1.62798,
2010-08-31,-1.04403,
2010-09-01,-1.41499,
2010-09-02,-0.60225,
2010-09-03,-1.13411,
2010-09-04,.,No value available
2010-09-05,.,No value available
2010-09-06,-1.02256,
2010-09-07,-1.22769,
2010-09-08,-0.98696,
2010-09-09,-1.02057,
2010-09-10,-1.46574,
2010-09-11,.,No value available
2010-09-12,.,No value available
2010-09-13,-1.27686,
2010-09-14,-1.26450,
2010-09-15,-0.86804,
2010-09-16,-0.57551,
2010-09-17,-0.65512,
2010-09-18,.,No value available
2010-09-19,.,No value available
2010-09-20,-0.76456,
2010-09-21,-1.05667,
2010-09-22,-1.11268,
2010-09-23,-0.62868,
2010-09-24,-0.56267,
2010-09-25,.,No value available
2010-09-26,.,No value available
2010-09-27,-0.44550,
2010-09-28,-0.40741,
2010-09-29,-0.38433,
2010-09-30,-0.36621,
2010-10-01,-0.10694,
2010-10-02,.,No value available
2010-10-03,.,No value available
2010-10-04,-0.13301,
2010-10-05,-0.13954,
2010-10-06,-0.12503,
2010-10-07,-0.14965,
2010-10-08,-0.14594,
2010-10-09,.,No value available
2010-10-10,.,No value available
2010-10-11,-0.18338,
2010-10-12,-0.12797,
2010-10-13,-0.20179,
2010-10-14,-0.19465,
2010-10-15,-0.21042,
2010-10-16,.,No value available
2010-10-17,.,No value available
2010-10-18,-0.24665,
2010-10-19,-0.22545,
2010-10-20,-0.37954,
2010-10-21,-0.17546,
2010-10-22,-0.20110,
2010-10-23,.,No value available
2010-10-24,.,No value available
2010-10-25,-0.18415,
2010-10-26,-0.34219,
2010-10-27,-0.40501,
2010-10-28,-0.26514,
2010-10-29,-0.15239,
2010-10-30,.,No value available
2010-10-31,.,No value available
2010-11-01,-0.09368,
2010-11-02,-0.06182,
2010-11-03,-0.00843,
2010-11-04,-0.14155,
2010-11-05,-0.03174,
2010-11-06,.,No value available
2010-11-07,.,No value available
2010-11-08,-0.07776,
2010-11-09,-0.08502,
2010-11-10,-0.21371,
2010-11-11,-0.48052,
2010-11-12,-0.59713,
2010-11-13,.,No value available
2010-11-14,.,No value available
2010-11-15,-0.37679,
2010-11-16,-0.41444,
2010-11-17,-0.46920,
2010-11-18,-0.48587,
2010-11-19,-0.52031,
2010-11-20,.,No value available
2010-11-21,.,No value available
2010-11-22,-0.63074,
2010-11-23,-0.42147,
2010-11-24,-0.36856,
2010-11-25,-0.72015,
2010-11-26,-0.53741,
2010-11-27,.,No value available
2010-11-28,.,No value available
2010-11-29,-0.99914,
2010-11-30,-1.18737,
2010-12-01,-1.12610,
2010-12-02,-1.18306,
2010-12-03,-1.38602,
2010-12-04,.,No value available
2010-12-05,.,No value available
2010-12-06,-1.79738,
2010-12-07,-1.82604,
2010-12-08,-1.31344,
2010-12-09,-1.43512,
2010-12-10,-1.54861,
2010-12-11,.,No value available
2010-12-12,.,No value available
2010-12-13,-1.53652,
2010-12-14,-1.25441,
2010-12-15,-1.19602,
2010-12-16,-1.21188,
2010-12-17,-1.29041,
2010-12-18,.,No value available
2010-12-19,.,No value available
2010-12-20,-0.95990,
2010-12-21,-0.94480,
2010-12-22,-1.02388,
2010-12-23,-0.98662,
2010-12-24,.,No value available
2010-12-25,.,No value available
2010-12-26,.,No value available
2010-12-27,-1.16886,
2010-12-28,-1.22105,
2010-12-29,-1.53138,
2010-12-30,-1.09827,
2010-12-31,.,No value available
2011-01-01,.,No value available
2011-01-02,.,No value available
2011-01-03,-0.94152,
2011-01-04,-1.41487,
2011-01-05,-0.74670,
2011-01-06,-0.98226,
2011-01-07,-0.93975,
2011-01-08,.,No value available
2011-01-09,.,No value available
2011-01-10,-0.90464,
2011-01-11,-0.86258,
2011-01-12,-0.89892,
2011-01-13,-1.02634,
2011-01-14,-0.98438,
2011-01-15,.,No value available
2011-01-16,.,No value available
2011-01-17,-0.98608,
2011-01-18,-1.08662,
2011-01-19,-1.09188,
2011-01-20,-1.07839,
2011-01-21,-1.10995,
2011-01-22,.,No value available
2011-01-23,.,No value available
2011-01-24,-1.10597,
2011-01-25,-1.07279,
2011-01-26,-1.02212,
2011-01-27,-1.07184,
2011-01-28,-1.02704,
2011-01-29,.,No value available
2011-01-30,.,No value available
2011-01-31,-0.95128,
2011-02-01,-0.98695,
2011-02-02,-1.03173,
2011-02-03,-1.00439,
2011-02-04,-1.01104,
2011-02-05,.,No value available
2011-02-06,.,No value available
2011-02-07,-1.08502,
2011-02-08,-1.10694,
2011-02-09,-1.09430,
2011-02-10,-1.10467,
2011-02-11,-1.12891,
2011-02-12,.,No value available
2011-02-13,.,No value available
2011-02-14,-1.16166,
2011-02-15,-1.17029,
2011-02-16,-1.09277,
2011-02-17,-1.10756,
2011-02-18,-1.06405,
2011-02-19,.,No value available
2011-02-20,.,No value available
2011-02-21,-1.04907,
2011-02-22,-0.96438,
2011-02-23,-0.90933,
2011-02-24,-0.90400,
2011-02-25,-0.88491,
2011-02-26,.,No value available
2011-02-27,.,No value available
2011-02-28,-0.88820,
2011-03-01,-0.94359,
2011-03-02,-0.95573,
2011-03-03,-1.00915,
2011-03-04,-1.69370,
2011-03-05,.,No value available
2011-03-06,.,No value available
2011-03-07,-0.63904,
2011-03-08,-0.64911,
2011-03-09,-0.64060,
2011-03-10,-0.65154,
2011-03-11,-0.68495,
2011-03-12,.,No value available
2011-03-13,.,No value available
2011-03-14,-0.72016,
2011-03-15,-0.80430,
2011-03-16,-1.10968,
2011-03-17,-1.11099,
2011-03-18,-1.11076,
2011-03-19,.,No value available
2011-03-20,.,No value available
2011-03-21,-1.18904,
2011-03-22,-1.24069,
2011-03-23,-0.69731,
2011-03-24,-0.72748,
2011-03-25,-0.67480,
2011-03-26,.,No value available
2011-03-27,.,No value available
2011-03-28,-0.66769,
2011-03-29,-0.66601,
2011-03-30,-0.62071,
2011-03-31,-0.58429,
2011-04-01,-0.59933,
2011-04-02,.,No value available
2011-04-03,.,No value available
2011-04-04,-0.62904,
2011-04-05,-0.62994,
2011-04-06,-0.60199,
2011-04-07,-0.66519,
2011-04-08,-0.58540,
2011-04-09,.,No value available
2011-04-10,.,No value available
2011-04-11,-0.55733,
2011-04-12,-0.58880,
2011-04-13,-0.62442,
2011-04-14,-0.63507,
2011-04-15,-0.58268,
2011-04-16,.,No value available
2011-04-17,.,No value available
2011-04-18,-0.59334,
2011-04-19,-0.54825,
2011-04-20,-0.47785,
2011-04-21,-0.48202,
2011-04-22,.,No value available
2011-04-23,.,No value available
2011-04-24,.,No value available
2011-04-25,.,No value available
2011-04-26,-0.59298,
2011-04-27,-0.59849,
2011-04-28,-0.48934,
2011-04-29,-0.43415,
2011-04-30,.,No value available
2011-05-01,.,No value available
2011-05-02,-0.43666,
2011-05-03,-0.42375,
2011-05-04,-0.24059,
2011-05-05,-0.25405,
2011-05-06,-0.81501,
2011-05-07,.,No value available
2011-05-08,.,No value available
2011-05-09,-0.78801,
2011-05-10,-0.78132,
2011-05-11,-0.87516,
2011-05-12,-0.87056,
2011-05-13,-0.90709,
2011-05-14,.,No value available
2011-05-15,.,No value available
2011-05-16,-0.83570,
2011-05-17,-0.91178,
2011-05-18,-0.81824,
2011-05-19,-0.87241,
2011-05-20,-0.87624,
2011-05-21,.,No value available
2011-05-22,.,No value available
2011-05-23,-0.82879,
2011-05-24,-0.85275,
2011-05-25,-0.93174,
2011-05-26,-0.91689,
2011-05-27,-0.93189,
2011-05-28,.,No value available
2011-05-29,.,No value available
2011-05-30,-0.94267,
2011-05-31,-0.88780,
2011-06-01,-0.92898,
2011-06-02,-0.89566,
2011-06-03,-0.82612,
2011-06-04,.,No value available
2011-06-05,.,No value available
2011-06-06,-0.81037,
2011-06-07,-0.86286,
2011-06-08,-0.86726,
2011-06-09,-0.93781,
2011-06-10,-1.07203,
2011-06-11,.,No value available
2011-06-12,.,No value available
2011-06-13,-0.37438,
2011-06-14,-0.38303,
2011-06-15,-0.39809,
2011-06-16,-0.52000,
2011-06-17,-0.38908,
2011-06-18,.,No value available
2011-06-19,.,No value available
2011-06-20,-0.41357,
2011-06-21,-0.43768,
2011-06-22,-0.49842,
2011-06-23,-0.49583,
2011-06-24,-0.67034,
2011-06-25,.,No value available
2011-06-26,.,No value available
2011-06-27,-0.46864,
2011-06-28,-0.46776,
2011-06-29,-0.50495,
2011-06-30,-0.56030,
2011-07-01,-0.55543,
2011-07-02,.,No value available
2011-07-03,.,No value available
2011-07-04,-0.51558,
2011-07-05,-0.50888,
2011-07-06,-0.43453,
2011-07-07,-0.39849,
2011-07-08,-0.38548,
2011-07-09,.,No value available
2011-07-10,.,No value available
2011-07-11,-0.23592,
2011-07-12,-0.23507,
2011-07-13,-0.28142,
2011-07-14,-0.32932,
2011-07-15,-0.59251,
2011-07-16,.,No value available
2011-07-17,.,No value available
2011-07-18,-0.25450,
2011-07-19,-0.36383,
2011-07-20,-0.48642,
2011-07-21,-0.48467,
2011-07-22,-0.57248,
2011-07-23,.,No value available
2011-07-24,.,No value available
2011-07-25,-0.44274,
2011-07-26,-0.38940,
2011-07-27,-0.34457,
2011-07-28,-0.30663,
2011-07-29,-0.36940,
2011-07-30,.,No value available
2011-07-31,.,No value available
2011-08-01,-0.32572,
2011-08-02,-0.20541,
2011-08-03,-1.62401,
2011-08-04,-1.62928,
2011-08-05,-1.73155,
2011-08-06,.,No value available
2011-08-07,.,No value available
2011-08-08,-1.96030,
2011-08-09,-1.76438,
2011-08-10,-1.83583,
2011-08-11,-1.91720,
2011-08-12,-1.87879,
2011-08-13,.,No value available
2011-08-14,.,No value available
2011-08-15,-2.02959,
2011-08-16,-2.15058,
2011-08-17,-2.08094,
2011-08-18,-2.02363,
2011-08-19,-1.83919,
2011-08-20,.,No value available
2011-08-21,.,No value available
2011-08-22,-1.70713,
2011-08-23,-1.78869,
2011-08-24,-1.83265,
2011-08-25,-1.76793,
2011-08-26,-1.82447,
2011-08-27,.,No value available
2011-08-28,.,No value available
2011-08-29,-1.80035,
2011-08-30,-1.81579,
2011-08-31,-1.79700,
2011-09-01,-1.77062,
2011-09-02,-1.79788,
2011-09-03,.,No value available
2011-09-04,.,No value available
2011-09-05,-1.70923,
2011-09-06,-1.70137,
2011-09-07,-0.56757,
2011-09-08,-0.53242,
2011-09-09,-0.53714,
2011-09-10,.,No value available
2011-09-11,.,No value available
2011-09-12,-0.47528,
2011-09-13,-0.39637,
2011-09-14,-0.32254,
2011-09-15,-0.49097,
2011-09-16,-0.48897,
2011-09-17,.,No value available
2011-09-18,.,No value available
2011-09-19,-0.38033,
2011-09-20,-0.40749,
2011-09-21,-0.46773,
2011-09-22,-0.34026,
2011-09-23,-0.35436,
2011-09-24,.,No value available
2011-09-25,.,No value available
2011-09-26,-0.45504,
2011-09-27,-0.50723,
2011-09-28,-0.50445,
2011-09-29,-0.52572,
2011-09-30,-0.49657,
2011-10-01,.,No value available
2011-10-02,.,No value available
2011-10-03,-0.40402,
2011-10-04,-0.28631,
2011-10-05,-0.28781,
2011-10-06,-0.47717,
2011-10-07,-0.40648,
2011-10-08,.,No value available
2011-10-09,.,No value available
2011-10-10,-0.49980,
2011-10-11,-0.49306,
2011-10-12,-0.58160,
2011-10-13,-0.59035,
2011-10-14,-0.60832,
2011-10-15,.,No value available
2011-10-16,.,No value available
2011-10-17,-0.63841,
2011-10-18,-0.51708,
2011-10-19,-0.53527,
2011-10-20,-0.54008,
2011-10-21,-0.48171,
2011-10-22,.,No value available
2011-10-23,.,No value available
2011-10-24,-0.47967,
2011-10-25,-0.56244,
2011-10-26,-0.54769,
2011-10-27,-0.55042,
2011-10-28,-0.63804,
2011-10-29,.,No value available
2011-10-30,.,No value available
2011-10-31,-0.55673,
2011-11-01,-0.37789,
2011-11-02,-0.41477,
2011-11-03,-0.45274,
2011-11-04,-0.55194,
2011-11-05,.,No value available
2011-11-06,.,No value available
2011-11-07,-0.39638,
2011-11-08,-0.42649,
2011-11-09,-0.31017,
2011-11-10,-0.36554,
2011-11-11,-0.40027,
2011-11-12,.,No value available
2011-11-13,.,No value available
2011-11-14,-0.43341,
2011-11-15,-0.34446,
2011-11-16,-0.36515,
2011-11-17,-0.36802,
2011-11-18,-0.42871,
2011-11-19,.,No value available
2011-11-20,.,No value available
2011-11-21,-0.42274,
2011-11-22,-0.50285,
2011-11-23,-0.52362,
2011-11-24,-0.75748,
2011-11-25,-0.79395,
2011-11-26,.,No value available
2011-11-27,.,No value available
2011-11-28,-0.88799,
2011-11-29,-1.00260,
2011-11-30,-1.09986,
2011-12-01,-1.05685,
2011-12-02,-0.85458,
2011-12-03,.,No value available
2011-12-04,.,No value available
2011-12-05,-0.78557,
2011-12-06,-0.78864,
2011-12-07,-0.72360,
2011-12-08,-0.68964,
2011-12-09,-0.63787,
2011-12-10,.,No value available
2011-12-11,.,No value available
2011-12-12,-0.57903,
2011-12-13,-0.53147,
2011-12-14,-0.45753,
2011-12-15,-0.38293,
2011-12-16,-0.43998,
2011-12-17,.,No value available
2011-12-18,.,No value available
2011-12-19,-0.40902,
2011-12-20,-0.44018,
2011-12-21,-0.58335,
2011-12-22,-0.53300,
2011-12-23,-0.52014,
2011-12-24,.,No value available
2011-12-25,.,No value available
2011-12-26,.,No value available
2011-12-27,-0.54981,
2011-12-28,-0.51372,
2011-12-29,-0.48805,
2011-12-30,-0.44972,
2011-12-31,.,No value available
2012-01-01,.,No value available
2012-01-02,-0.48250,
2012-01-03,-0.57586,
2012-01-04,-0.61177,
2012-01-05,-0.58304,
2012-01-06,-0.54767,
2012-01-07,.,No value available
2012-01-08,.,No value available
2012-01-09,-0.57937,
2012-01-10,-0.52436,
2012-01-11,-0.49253,
2012-01-12,-0.43923,
2012-01-13,-0.27992,
2012-01-14,.,No value available
2012-01-15,.,No value available
2012-01-16,-0.23357,
2012-01-17,-0.27556,
2012-01-18,-0.31738,
2012-01-19,-0.32056,
2012-01-20,-0.40421,
2012-01-21,.,No value available
2012-01-22,.,No value available
2012-01-23,-0.45090,
2012-01-24,-0.50410,
2012-01-25,-0.44669,
2012-01-26,-0.44487,
2012-01-27,-0.41178,
2012-01-28,.,No value available
2012-01-29,.,No value available
2012-01-30,-0.37452,
2012-01-31,-0.38705,
2012-02-01,-0.32720,
2012-02-02,-0.28784,
2012-02-03,-0.32923,
2012-02-04,.,No value available
2012-02-05,.,No value available
2012-02-06,-0.38302,
2012-02-07,-0.34966,
2012-02-08,-0.43630,
2012-02-09,-0.46794,
2012-02-10,-0.46460,
2012-02-11,.,No value available
2012-02-12,.,No value available
2012-02-13,-0.43678,
2012-02-14,-0.38495,
2012-02-15,-0.32162,
2012-02-16,-0.21233,
2012-02-17,-0.31684,
2012-02-18,.,No value available
2012-02-19,.,No value available
2012-02-20,-0.36340,
2012-02-21,-0.38477,
2012-02-22,-0.35715,
2012-02-23,-0.31268,
2012-02-24,-0.28083,
2012-02-25,.,No value available
2012-02-26,.,No value available
2012-02-27,-0.28261,
2012-02-28,-0.22664,
2012-02-29,-0.27425,
2012-03-01,-0.30133,
2012-03-02,-0.31135,
2012-03-03,.,No value available
2012-03-04,.,No value available
2012-03-05,-0.27710,
2012-03-06,-0.27507,
2012-03-07,-0.27681,
2012-03-08,-0.29528,
2012-03-09,-0.28583,
2012-03-10,.,No value available
2012-03-11,.,No value available
2012-03-12,-0.26035,
2012-03-13,-0.28251,
2012-03-14,-0.40685,
2012-03-15,-0.52258,
2012-03-16,-0.54751,
2012-03-17,.,No value available
2012-03-18,.,No value available
2012-03-19,-0.58679,
2012-03-20,-0.57469,
2012-03-21,-0.56502,
2012-03-22,-0.43116,
2012-03-23,-0.38411,
2012-03-24,.,No value available
2012-03-25,.,No value available
2012-03-26,-0.37697,
2012-03-27,-0.43990,
2012-03-28,-0.37293,
2012-03-29,-0.36962,
2012-03-30,-0.33482,
2012-03-31,.,No value available
2012-04-01,.,No value available
2012-04-02,-0.33087,
2012-04-03,-0.30800,
2012-04-04,-0.29853,
2012-04-05,-0.23441,
2012-04-06,.,No value available
2012-04-07,.,No value available
2012-04-08,.,No value available
2012-04-09,.,No value available
2012-04-10,-0.20807,
2012-04-11,-0.21178,
2012-04-12,-0.23090,
2012-04-13,-0.22109,
2012-04-14,.,No value available
2012-04-15,.,No value available
2012-04-16,-0.20429,
2012-04-17,-0.26244,
2012-04-18,-0.23456,
2012-04-19,-0.26109,
2012-04-20,-0.24220,
2012-04-21,.,No value available
2012-04-22,.,No value available
2012-04-23,-0.21613,
2012-04-24,-0.28786,
2012-04-25,-0.30258,
2012-04-26,-0.28106,
2012-04-27,-0.24409,
2012-04-28,.,No value available
2012-04-29,.,No value available
2012-04-30,-0.24398,
2012-05-01,.,No value available
2012-05-02,-0.21031,
2012-05-03,-0.19876,
2012-05-04,-0.19363,
2012-05-05,.,No value available
2012-05-06,.,No value available
2012-05-07,-0.13415,
2012-05-08,-0.11808,
2012-05-09,-0.07865,
2012-05-10,-0.03573,
2012-05-11,-0.03551,
2012-05-12,.,No value available
2012-05-13,.,No value available
2012-05-14,0.09503,
2012-05-15,0.01906,
2012-05-16,0.02226,
2012-05-17,0.03133,
2012-05-18,0.06601,
2012-05-19,.,No value available
2012-05-20,.,No value available
2012-05-21,0.02661,
2012-05-22,0.00295,
2012-05-23,0.09326,
2012-05-24,0.13276,
2012-05-25,0.12242,
2012-05-26,.,No value available
2012-05-27,.,No value available
2012-05-28,0.12007,
2012-05-29,0.13668,
2012-05-30,0.14623,
2012-05-31,0.12230,
2012-06-01,0.13115,
2012-06-02,.,No value available
2012-06-03,.,No value available
2012-06-04,0.12965,
2012-06-05,0.12120,
2012-06-06,0.10491,
2012-06-07,0.13347,
2012-06-08,0.12120,
2012-06-09,.,No value available
2012-06-10,.,No value available
2012-06-11,0.10340,
2012-06-12,0.09279,
2012-06-13,-0.10468,
2012-06-14,-0.16538,
2012-06-15,-0.14525,
2012-06-16,.,No value available
2012-06-17,.,No value available
2012-06-18,-0.19108,
2012-06-19,-0.09961,
2012-06-20,-0.38862,
2012-06-21,-0.52647,
2012-06-22,-0.74398,
2012-06-23,.,No value available
2012-06-24,.,No value available
2012-06-25,-0.58994,
2012-06-26,-0.40787,
2012-06-27,-0.38818,
2012-06-28,-0.15873,
2012-06-29,-0.30466,
2012-06-30,.,No value available
2012-07-01,.,No value available
2012-07-02,-0.26677,
2012-07-03,-0.29697,
2012-07-04,-0.26729,
2012-07-05,-0.26077,
2012-07-06,-0.22905,
2012-07-07,.,No value available
2012-07-08,.,No value available
2012-07-09,-0.13099,
2012-07-10,-0.27156,
2012-07-11,-0.32036,
2012-07-12,-0.46236,
2012-07-13,-0.50274,
2012-07-14,.,No value available
2012-07-15,.,No value available
2012-07-16,-0.66776,
2012-07-17,-0.63982,
2012-07-18,-0.67209,
2012-07-19,-0.82744,
2012-07-20,-0.76917,
2012-07-21,.,No value available
2012-07-22,.,No value available
2012-07-23,-0.41858,
2012-07-24,-0.71595,
2012-07-25,-0.98226,
2012-07-26,-0.63274,
2012-07-27,-0.90803,
2012-07-28,.,No value available
2012-07-29,.,No value available
2012-07-30,-1.40007,
2012-07-31,-1.14780,
2012-08-01,-1.20902,
2012-08-02,-1.23291,
2012-08-03,-1.15417,
2012-08-04,.,No value available
2012-08-05,.,No value available
2012-08-06,-1.32921,
2012-08-07,-1.47488,
2012-08-08,-1.45370,
2012-08-09,-1.44456,
2012-08-10,-1.29068,
2012-08-11,.,No value available
2012-08-12,.,No value available
2012-08-13,-1.35605,
2012-08-14,-1.30164,
2012-08-15,-1.51172,
2012-08-16,-1.58303,
2012-08-17,-1.61782,
2012-08-18,.,No value available
2012-08-19,.,No value available
2012-08-20,-1.63771,
2012-08-21,-1.57288,
2012-08-22,-1.50437,
2012-08-23,-1.22810,
2012-08-24,-1.06857,
2012-08-25,.,No value available
2012-08-26,.,No value available
2012-08-27,-0.94949,
2012-08-28,-1.06013,
2012-08-29,-0.97355,
2012-08-30,-0.89127,
2012-08-31,-0.99697,
2012-09-01,.,No value available
2012-09-02,.,No value available
2012-09-03,-0.95015,
2012-09-04,-1.10410,
2012-09-05,-1.10199,
2012-09-06,-1.02605,
2012-09-07,-1.08394,
2012-09-08,.,No value available
2012-09-09,.,No value available
2012-09-10,-0.96576,
2012-09-11,-1.01898,
2012-09-12,-1.37539,
2012-09-13,-1.13841,
2012-09-14,-0.96273,
2012-09-15,.,No value available
2012-09-16,.,No value available
2012-09-17,-1.34957,
2012-09-18,-0.46272,
2012-09-19,-1.80609,
2012-09-20,-1.33846,
2012-09-21,-1.23837,
2012-09-22,.,No value available
2012-09-23,.,No value available
2012-09-24,-1.11769,
2012-09-25,-0.93871,
2012-09-26,-0.88683,
2012-09-27,-0.64478,
2012-09-28,-0.59247,
2012-09-29,.,No value available
2012-09-30,.,No value available
2012-10-01,-0.74740,
2012-10-02,-1.07060,
2012-10-03,-0.97094,
2012-10-04,-1.07437,
2012-10-05,-1.01733,
2012-10-06,.,No value available
2012-10-07,.,No value available
2012-10-08,-1.00990,
2012-10-09,-1.00990,
2012-10-10,-1.00990,
2012-10-11,-1.02212,
2012-10-12,-1.13391,
2012-10-13,.,No value available
2012-10-14,.,No value available
2012-10-15,-1.17077,
2012-10-16,-1.25166,
2012-10-17,-1.47098,
2012-10-18,-1.49487,
2012-10-19,-1.35444,
2012-10-20,.,No value available
2012-10-21,.,No value available
2012-10-22,-1.35444,
2012-10-23,-1.35444,
2012-10-24,-1.26172,
2012-10-25,-1.36125,
2012-10-26,-1.26856,
2012-10-27,.,No value available
2012-10-28,.,No value available
2012-10-29,-1.23044,
2012-10-30,-1.22301,
2012-10-31,-1.19090,
2012-11-01,-1.18321,
2012-11-02,-1.05991,
2012-11-03,.,No value available
2012-11-04,.,No value available
2012-11-05,-1.13566,
2012-11-06,-1.07680,
2012-11-07,-1.02516,
2012-11-08,-0.84892,
2012-11-09,-0.65748,
2012-11-10,.,No value available
2012-11-11,.,No value available
2012-11-12,-0.73819,
2012-11-13,-0.68491,
2012-11-14,-0.75124,
2012-11-15,-0.71722,
2012-11-16,-0.74006,
2012-11-17,.,No value available
2012-11-18,.,No value available
2012-11-19,-0.73077,
2012-11-20,-0.90502,
2012-11-21,-0.91298,
2012-11-22,-1.05678,
2012-11-23,-1.07669,
2012-11-24,.,No value available
2012-11-25,.,No value available
2012-11-26,-1.07669,
2012-11-27,-0.95380,
2012-11-28,-0.48850,
2012-11-29,-0.95678,
2012-11-30,-0.73512,
2012-12-01,.,No value available
2012-12-02,.,No value available
2012-12-03,-0.75606,
2012-12-04,-0.73180,
2012-12-05,-0.67715,
2012-12-06,-0.50143,
2012-12-07,-0.56294,
2012-12-08,.,No value available
2012-12-09,.,No value available
2012-12-10,-0.41757,
2012-12-11,-0.56898,
2012-12-12,-0.63805,
2012-12-13,-0.88913,
2012-12-14,-0.83111,
2012-12-15,.,No value available
2012-12-16,.,No value available
2012-12-17,-1.00910,
2012-12-18,-0.93735,
2012-12-19,-1.02626,
2012-12-20,-0.81899,
2012-12-21,-0.82384,
2012-12-22,.,No value available
2012-12-23,.,No value available
2012-12-24,.,No value available
2012-12-25,.,No value available
2012-12-26,.,No value available
2012-12-27,-0.62905,
2012-12-28,-0.60829,
2012-12-29,.,No value available
2012-12-30,.,No value available
2012-12-31,.,No value available
2013-01-01,.,No value available
2013-01-02,-0.98075,
2013-01-03,-1.04879,
2013-01-04,-1.26544,
2013-01-05,.,No value available
2013-01-06,.,No value available
2013-01-07,-1.29386,
2013-01-08,-1.32928,
2013-01-09,-1.21569,
2013-01-10,-1.18951,
2013-01-11,-1.23256,
2013-01-12,.,No value available
2013-01-13,.,No value available
2013-01-14,-1.04436,
2013-01-15,-0.99367,
2013-01-16,-0.38143,
2013-01-17,-0.35198,
2013-01-18,-0.31424,
2013-01-19,.,No value available
2013-01-20,.,No value available
2013-01-21,-0.31474,
2013-01-22,-0.33679,
2013-01-23,-0.29887,
2013-01-24,-0.25073,
2013-01-25,-0.33193,
2013-01-26,.,No value available
2013-01-27,.,No value available
2013-01-28,-0.32701,
2013-01-29,-0.34732,
2013-01-30,-0.37593,
2013-01-31,-0.27304,
2013-02-01,-0.31947,
2013-02-02,.,No value available
2013-02-03,.,No value available
2013-02-04,-0.34797,
2013-02-05,-0.27695,
2013-02-06,-0.27502,
2013-02-07,-0.31550,
2013-02-08,-0.29376,
2013-02-09,.,No value available
2013-02-10,.,No value available
2013-02-11,-0.30422,
2013-02-12,-0.31470,
2013-02-13,-0.86429,
2013-02-14,-0.80011,
2013-02-15,-0.80549,
2013-02-16,.,No value available
2013-02-17,.,No value available
2013-02-18,-0.82978,
2013-02-19,-0.76636,
2013-02-20,-0.88093,
2013-02-21,-0.36735,
2013-02-22,-0.34047,
2013-02-23,.,No value available
2013-02-24,.,No value available
2013-02-25,-0.67879,
2013-02-26,-0.33539,
2013-02-27,-0.20296,
2013-02-28,-0.20893,
2013-03-01,-0.19353,
2013-03-02,.,No value available
2013-03-03,.,No value available
2013-03-04,-0.17955,
2013-03-05,-0.21755,
2013-03-06,-0.22198,
2013-03-07,-0.22185,
2013-03-08,-0.24175,
2013-03-09,.,No value available
2013-03-10,.,No value available
2013-03-11,-0.23578,
2013-03-12,-0.25170,
2013-03-13,-0.25222,
2013-03-14,-0.24541,
2013-03-15,-0.24389,
2013-03-16,.,No value available
2013-03-17,.,No value available
2013-03-18,-0.15541,
2013-03-19,-0.11706,
2013-03-20,-0.09502,
2013-03-21,-0.13063,
2013-03-22,-0.06568,
2013-03-23,.,No value available
2013-03-24,.,No value available
2013-03-25,-0.14482,
2013-03-26,-0.11943,
2013-03-27,-0.06760,
2013-03-28,-0.04564,
2013-03-29,.,No value available
2013-03-30,.,No value available
2013-03-31,.,No value available
2013-04-01,.,No value available
2013-04-02,-0.07558,
2013-04-03,-0.10566,
2013-04-04,-0.10841,
2013-04-05,-0.02386,
2013-04-06,.,No value available
2013-04-07,.,No value available
2013-04-08,-0.00113,
2013-04-09,-0.02037,
2013-04-10,-0.03997,
2013-04-11,-0.09681,
2013-04-12,-0.04283,
2013-04-13,.,No value available
2013-04-14,.,No value available
2013-04-15,-0.08129,
2013-04-16,-0.04037,
2013-04-17,-0.07839,
2013-04-18,-0.07501,
2013-04-19,-0.05419,
2013-04-20,.,No value available
2013-04-21,.,No value available
2013-04-22,-0.07288,
2013-04-23,-0.00067,
2013-04-24,-0.00037,
2013-04-25,-0.00002,
2013-04-26,0.00000,
2013-04-27,.,No value available
2013-04-28,.,No value available
2013-04-29,0.00460,
2013-04-30,0.00522,
2013-05-01,.,No value available
2013-05-02,0.01411,
2013-05-03,0.00426,
2013-05-04,.,No value available
2013-05-05,.,No value available
2013-05-06,-0.06278,
2013-05-07,-0.08359,
2013-05-08,-0.10338,
2013-05-09,-0.06740,
2013-05-10,-0.14566,
2013-05-11,.,No value available
2013-05-12,.,No value available
2013-05-13,-0.17362,
2013-05-14,-0.18044,
2013-05-15,-0.16904,
2013-05-16,-0.20501,
2013-05-17,-0.11943,
2013-05-18,.,No value available
2013-05-19,.,No value available
2013-05-20,-0.18614,
2013-05-21,-0.21256,
2013-05-22,-0.21714,
2013-05-23,-0.21456,
2013-05-24,-0.26227,
2013-05-25,.,No value available
2013-05-26,.,No value available
2013-05-27,-0.23443,
2013-05-28,-0.31125,
2013-05-29,-0.31036,
2013-05-30,-0.27813,
2013-05-31,-0.26603,
2013-06-01,.,No value available
2013-06-02,.,No value available
2013-06-03,-0.32125,
2013-06-04,-0.34038,
2013-06-05,-0.32613,
2013-06-06,-0.27938,
2013-06-07,-0.25281,
2013-06-08,.,No value available
2013-06-09,.,No value available
2013-06-10,-0.27947,
2013-06-11,-0.37984,
2013-06-12,-0.33944,
2013-06-13,-0.31885,
2013-06-14,-0.28514,
2013-06-15,.,No value available
2013-06-16,.,No value available
2013-06-17,-0.30686,
2013-06-18,-0.32578,
2013-06-19,-0.33169,
2013-06-20,-0.41531,
2013-06-21,-0.43907,
2013-06-22,.,No value available
2013-06-23,.,No value available
2013-06-24,-0.57314,
2013-06-25,-0.82948,
2013-06-26,-0.82557,
2013-06-27,-0.84478,
2013-06-28,-0.73449,
2013-06-29,.,No value available
2013-06-30,.,No value available
2013-07-01,-0.77694,
2013-07-02,-0.46166,
2013-07-03,-0.39492,
2013-07-04,-0.36595,
2013-07-05,-0.40228,
2013-07-06,.,No value available
2013-07-07,.,No value available
2013-07-08,-0.44991,
2013-07-09,-0.42301,
2013-07-10,-0.34835,
2013-07-11,-0.34123,
2013-07-12,-0.30769,
2013-07-13,.,No value available
2013-07-14,.,No value available
2013-07-15,-0.29728,
2013-07-16,-0.29307,
2013-07-17,-0.29989,
2013-07-18,-0.25875,
2013-07-19,-0.26894,
2013-07-20,.,No value available
2013-07-21,.,No value available
2013-07-22,-0.26443,
2013-07-23,-0.26934,
2013-07-24,-0.30424,
2013-07-25,-0.36131,
2013-07-26,-0.42358,
2013-07-27,.,No value available
2013-07-28,.,No value available
2013-07-29,-0.42358,
2013-07-30,-0.41378,
2013-07-31,-0.41968,
2013-08-01,-0.32679,
2013-08-02,-0.42431,
2013-08-03,.,No value available
2013-08-04,.,No value available
2013-08-05,-0.37356,
2013-08-06,-0.42664,
2013-08-07,-0.38869,
2013-08-08,-0.38869,
2013-08-09,-0.38869,
2013-08-10,.,No value available
2013-08-11,.,No value available
2013-08-12,-0.42708,
2013-08-13,-0.49703,
2013-08-14,-0.53384,
2013-08-15,-0.55706,
2013-08-16,-0.58890,
2013-08-17,.,No value available
2013-08-18,.,No value available
2013-08-19,-0.58890,
2013-08-20,-0.58613,
2013-08-21,-0.82877,
2013-08-22,-1.04416,
2013-08-23,-0.82455,
2013-08-24,.,No value available
2013-08-25,.,No value available
2013-08-26,-1.07018,
2013-08-27,-0.73692,
2013-08-28,-0.60696,
2013-08-29,-0.81881,
2013-08-30,-0.90743,
2013-08-31,.,No value available
2013-09-01,.,No value available
2013-09-02,-0.82194,
2013-09-03,-0.72645,
2013-09-04,-0.63416,
2013-09-05,-0.65196,
2013-09-06,-0.68019,
2013-09-07,.,No value available
2013-09-08,.,No value available
2013-09-09,-0.65526,
2013-09-10,-0.69079,
2013-09-11,-0.71283,
2013-09-12,-0.67233,
2013-09-13,-0.66909,
2013-09-14,.,No value available
2013-09-15,.,No value available
2013-09-16,-0.58361,
2013-09-17,-0.60944,
2013-09-18,-0.63740,
2013-09-19,-0.58380,
2013-09-20,-0.64735,
2013-09-21,.,No value available
2013-09-22,.,No value available
2013-09-23,-0.63911,
2013-09-24,-0.56273,
2013-09-25,-0.52018,
2013-09-26,-0.49787,
2013-09-27,-0.46163,
2013-09-28,.,No value available
2013-09-29,.,No value available
2013-09-30,-0.42920,
2013-10-01,-0.53326,
2013-10-02,-0.53067,
2013-10-03,-0.58714,
2013-10-04,-0.59941,
2013-10-05,.,No value available
2013-10-06,.,No value available
2013-10-07,-0.58634,
2013-10-08,-0.60023,
2013-10-09,-0.56768,
2013-10-10,-0.63296,
2013-10-11,-0.65270,
2013-10-12,.,No value available
2013-10-13,.,No value available
2013-10-14,-0.63766,
2013-10-15,-0.68101,
2013-10-16,-0.69960,
2013-10-17,-0.67722,
2013-10-18,-0.63162,
2013-10-19,.,No value available
2013-10-20,.,No value available
2013-10-21,-0.64625,
2013-10-22,-0.63184,
2013-10-23,-0.55796,
2013-10-24,-0.54614,
2013-10-25,-0.52662,
2013-10-26,.,No value available
2013-10-27,.,No value available
2013-10-28,-0.51296,
2013-10-29,-0.51285,
2013-10-30,-0.47884,
2013-10-31,-0.44077,
2013-11-01,-0.46615,
2013-11-02,.,No value available
2013-11-03,.,No value available
2013-11-04,-0.46133,
2013-11-05,-0.48762,
2013-11-06,-0.51315,
2013-11-07,-0.54325,
2013-11-08,-0.50077,
2013-11-09,.,No value available
2013-11-10,.,No value available
2013-11-11,-0.54147,
2013-11-12,-0.59259,
2013-11-13,-0.60564,
2013-11-14,-0.53891,
2013-11-15,-0.51958,
2013-11-16,.,No value available
2013-11-17,.,No value available
2013-11-18,-0.52063,
2013-11-19,-0.52063,
2013-11-20,-0.55873,
2013-11-21,-0.58132,
2013-11-22,-0.56132,
2013-11-23,.,No value available
2013-11-24,.,No value available
2013-11-25,-0.49263,
2013-11-26,-0.49263,
2013-11-27,-0.47687,
2013-11-28,-0.50275,
2013-11-29,-0.46261,
2013-11-30,.,No value available
2013-12-01,.,No value available
2013-12-02,-0.47368,
2013-12-03,-0.49701,
2013-12-04,-0.49701,
2013-12-05,-0.54779,
2013-12-06,-0.57495,
2013-12-07,.,No value available
2013-12-08,.,No value available
2013-12-09,-0.57495,
2013-12-10,-0.53418,
2013-12-11,-0.53418,
2013-12-12,-0.53418,
2013-12-13,-0.54353,
2013-12-14,.,No value available
2013-12-15,.,No value available
2013-12-16,-0.54353,
2013-12-17,-0.54353,
2013-12-18,-0.60406,
2013-12-19,-0.69482,
2013-12-20,-0.60443,
2013-12-21,.,No value available
2013-12-22,.,No value available
2013-12-23,-0.66949,
2013-12-24,.,No value available
2013-12-25,.,No value available
2013-12-26,.,No value available
2013-12-27,-0.76192,
2013-12-28,.,No value available
2013-12-29,.,No value available
2013-12-30,-0.62676,
2013-12-31,.,No value available
2014-01-01,.,No value available
2014-01-02,-0.61144,
2014-01-03,-0.64075,
2014-01-04,.,No value available
2014-01-05,.,No value available
2014-01-06,-0.61639,
2014-01-07,-0.65837,
2014-01-08,-0.64828,
2014-01-09,-0.64382,
2014-01-10,-0.61655,
2014-01-11,.,No value available
2014-01-12,.,No value available
2014-01-13,-0.61513,
2014-01-14,-0.89122,
2014-01-15,-0.60215,
2014-01-16,-0.80011,
2014-01-17,-0.88013,
2014-01-18,.,No value available
2014-01-19,.,No value available
2014-01-20,-0.93236,
2014-01-21,-0.93236,
2014-01-22,-0.93236,
2014-01-23,-0.93236,
2014-01-24,-0.56928,
2014-01-25,.,No value available
2014-01-26,.,No value available
2014-01-27,-0.56928,
2014-01-28,-0.75161,
2014-01-29,-0.88078,
2014-01-30,-0.79760,
2014-01-31,-0.64016,
2014-02-01,.,No value available
2014-02-02,.,No value available
2014-02-03,-0.64016,
2014-02-04,-0.51955,
2014-02-05,-0.29698,
2014-02-06,-0.34377,
2014-02-07,-0.34377,
2014-02-08,.,No value available
2014-02-09,.,No value available
2014-02-10,-0.34377,
2014-02-11,-0.34377,
2014-02-12,-0.39566,
2014-02-13,-0.59401,
2014-02-14,-0.59401,
2014-02-15,.,No value available
2014-02-16,.,No value available
2014-02-17,-0.46850,
2014-02-18,-0.57107,
2014-02-19,-0.35762,
2014-02-20,-0.36949,
2014-02-21,-0.36949,
2014-02-22,.,No value available
2014-02-23,.,No value available
2014-02-24,-0.36949,
2014-02-25,-0.39954,
2014-02-26,-1.11495,
2014-02-27,-0.86191,
2014-02-28,-0.90934,
2014-03-01,.,No value available
2014-03-02,.,No value available
2014-03-03,-0.88630,
2014-03-04,-0.90570,
2014-03-05,-0.99855,
2014-03-06,-0.98800,
2014-03-07,-0.84002,
2014-03-08,.,No value available
2014-03-09,.,No value available
2014-03-10,-0.72696,
2014-03-11,-0.80509,
2014-03-12,-0.75850,
2014-03-13,-0.66168,
2014-03-14,-0.57578,
2014-03-15,.,No value available
2014-03-16,.,No value available
2014-03-17,-0.53030,
2014-03-18,-0.58950,
2014-03-19,-0.61856,
2014-03-20,-0.89075,
2014-03-21,-0.72682,
2014-03-22,.,No value available
2014-03-23,.,No value available
2014-03-24,-0.87645,
2014-03-25,-0.65920,
2014-03-26,-0.63808,
2014-03-27,-0.52978,
2014-03-28,-0.66476,
2014-03-29,.,No value available
2014-03-30,.,No value available
2014-03-31,-0.67116,
2014-04-01,-0.78829,
2014-04-02,-0.84979,
2014-04-03,-0.92900,
2014-04-04,-0.81119,
2014-04-05,.,No value available
2014-04-06,.,No value available
2014-04-07,-0.64944,
2014-04-08,-0.62798,
2014-04-09,-0.85402,
2014-04-10,-0.63165,
2014-04-11,-0.64406,
2014-04-12,.,No value available
2014-04-13,.,No value available
2014-04-14,-0.58141,
2014-04-15,-0.64197,
2014-04-16,-0.62662,
2014-04-17,-0.56292,
2014-04-18,.,No value available
2014-04-19,.,No value available
2014-04-20,.,No value available
2014-04-21,.,No value available
2014-04-22,-0.56083,
2014-04-23,-0.60763,
2014-04-24,-0.51630,
2014-04-25,-0.69527,
2014-04-26,.,No value available
2014-04-27,.,No value available
2014-04-28,-0.57293,
2014-04-29,-0.73352,
2014-04-30,-0.63501,
2014-05-01,.,No value available
2014-05-02,-0.65459,
2014-05-03,.,No value available
2014-05-04,.,No value available
2014-05-05,-0.67809,
2014-05-06,-0.61889,
2014-05-07,-0.64260,
2014-05-08,-0.69235,
2014-05-09,-0.69395,
2014-05-10,.,No value available
2014-05-11,.,No value available
2014-05-12,-0.54217,
2014-05-13,-0.49558,
2014-05-14,-0.41976,
2014-05-15,-0.18491,
2014-05-16,-0.16279,
2014-05-17,.,No value available
2014-05-18,.,No value available
2014-05-19,-0.23224,
2014-05-20,-0.19742,
2014-05-21,-0.41520,
2014-05-22,-0.38020,
2014-05-23,-0.44604,
2014-05-24,.,No value available
2014-05-25,.,No value available
2014-05-26,-0.43249,
2014-05-27,-0.40223,
2014-05-28,-0.27875,
2014-05-29,-0.04899,
2014-05-30,-0.09817,
2014-05-31,.,No value available
2014-06-01,.,No value available
2014-06-02,-0.08355,
2014-06-03,-0.12439,
2014-06-04,-0.25293,
2014-06-05,-0.21892,
2014-06-06,-0.16873,
2014-06-07,.,No value available
2014-06-08,.,No value available
2014-06-09,-0.14845,
2014-06-10,-0.16359,
2014-06-11,-0.21260,
2014-06-12,-0.24127,
2014-06-13,-0.22258,
2014-06-14,.,No value available
2014-06-15,.,No value available
2014-06-16,-0.19860,
2014-06-17,-0.22605,
2014-06-18,-0.22565,
2014-06-19,-0.15900,
2014-06-20,-0.16689,
2014-06-21,.,No value available
2014-06-22,.,No value available
2014-06-23,-0.18098,
2014-06-24,-0.16812,
2014-06-25,-0.15203,
2014-06-26,-0.09607,
2014-06-27,-0.08401,
2014-06-28,.,No value available
2014-06-29,.,No value available
2014-06-30,-0.07889,
2014-07-01,-0.08115,
2014-07-02,-0.08616,
2014-07-03,-0.14245,
2014-07-04,-0.12759,
2014-07-05,.,No value available
2014-07-06,.,No value available
2014-07-07,-0.12445,
2014-07-08,-0.10697,
2014-07-09,-0.05405,
2014-07-10,-0.01900,
2014-07-11,-0.01572,
2014-07-12,.,No value available
2014-07-13,.,No value available
2014-07-14,-0.03141,
2014-07-15,-0.00198,
2014-07-16,-0.00012,
2014-07-17,-0.00019,
2014-07-18,-0.00036,
2014-07-19,.,No value available
2014-07-20,.,No value available
2014-07-21,0.00001,
2014-07-22,0.00002,
2014-07-23,0.00002,
2014-07-24,0.00186,
2014-07-25,-0.00007,
2014-07-26,.,No value available
2014-07-27,.,No value available
2014-07-28,0.00295,
2014-07-29,0.00543,
2014-07-30,0.00283,
2014-07-31,0.00080,
2014-08-01,0.00042,
2014-08-02,.,No value available
2014-08-03,.,No value available
2014-08-04,0.00092,
2014-08-05,0.00193,
2014-08-06,-0.00028,
2014-08-07,0.00002,
2014-08-08,0.10164,
2014-08-09,.,No value available
2014-08-10,.,No value available
2014-08-11,0.10103,
2014-08-12,0.09907,
2014-08-13,0.10328,
2014-08-14,0.10875,
2014-08-15,0.10460,
2014-08-16,.,No value available
2014-08-17,.,No value available
2014-08-18,0.10248,
2014-08-19,0.09866,
2014-08-20,0.09212,
2014-08-21,0.09387,
2014-08-22,0.08994,
2014-08-23,.,No value available
2014-08-24,.,No value available
2014-08-25,0.06733,
2014-08-26,0.06797,
2014-08-27,0.07436,
2014-08-28,0.07366,
2014-08-29,0.06495,
2014-08-30,.,No value available
2014-08-31,.,No value available
2014-09-01,0.06433,
2014-09-02,0.06180,
2014-09-03,0.06963,
2014-09-04,0.07511,
2014-09-05,0.03385,
2014-09-06,.,No value available
2014-09-07,.,No value available
2014-09-08,0.02801,
2014-09-09,0.01227,
2014-09-10,0.02523,
2014-09-11,0.01699,
2014-09-12,0.01782,
2014-09-13,.,No value available
2014-09-14,.,No value available
2014-09-15,0.02176,
2014-09-16,0.03473,
2014-09-17,0.02406,
2014-09-18,0.03970,
2014-09-19,0.00248,
2014-09-20,.,No value available
2014-09-21,.,No value available
2014-09-22,0.00667,
2014-09-23,0.00614,
2014-09-24,0.00323,
2014-09-25,0.04041,
2014-09-26,0.03549,
2014-09-27,.,No value available
2014-09-28,.,No value available
2014-09-29,0.03422,
2014-09-30,0.03407,
2014-10-01,0.03201,
2014-10-02,0.04202,
2014-10-03,.,No value available
2014-10-04,.,No value available
2014-10-05,.,No value available
2014-10-06,0.03761,
2014-10-07,0.04912,
2014-10-08,0.04251,
2014-10-09,0.04013,
2014-10-10,0.04291,
2014-10-11,.,No value available
2014-10-12,.,No value available
2014-10-13,0.04190,
2014-10-14,0.04324,
2014-10-15,-2.72488,
2014-10-16,-2.51351,
2014-10-17,-2.72790,
2014-10-18,.,No value available
2014-10-19,.,No value available
2014-10-20,-2.75733,
2014-10-21,-2.75078,
2014-10-22,-2.76780,
2014-10-23,-2.81036,
2014-10-24,-2.82515,
2014-10-25,.,No value available
2014-10-26,.,No value available
2014-10-27,-2.79492,
2014-10-28,-2.74099,
2014-10-29,-2.76164,
2014-10-30,-2.75579,
2014-10-31,-2.73011,
2014-11-01,.,No value available
2014-11-02,.,No value available
2014-11-03,-2.73370,
2014-11-04,-2.72905,
2014-11-05,-2.75638,
2014-11-06,-2.76970,
2014-11-07,-2.79758,
2014-11-08,.,No value available
2014-11-09,.,No value available
2014-11-10,-2.73907,
2014-11-11,-2.76276,
2014-11-12,-2.69709,
2014-11-13,-2.69698,
2014-11-14,-2.67991,
2014-11-15,.,No value available
2014-11-16,.,No value available
2014-11-17,-2.64226,
2014-11-18,-2.65822,
2014-11-19,-2.66557,
2014-11-20,-2.65846,
2014-11-21,-2.64344,
2014-11-22,.,No value available
2014-11-23,.,No value available
2014-11-24,-2.67699,
2014-11-25,-2.64738,
2014-11-26,-2.61132,
2014-11-27,-2.54621,
2014-11-28,-2.52380,
2014-11-29,.,No value available
2014-11-30,.,No value available
2014-12-01,-2.52655,
2014-12-02,-2.56197,
2014-12-03,-2.55579,
2014-12-04,-2.60179,
2014-12-05,-2.56114,
2014-12-06,.,No value available
2014-12-07,.,No value available
2014-12-08,-2.52517,
2014-12-09,-2.46243,
2014-12-10,-2.41288,
2014-12-11,-2.41953,
2014-12-12,-2.35916,
2014-12-13,.,No value available
2014-12-14,.,No value available
2014-12-15,-2.34250,
2014-12-16,-2.27786,
2014-12-17,-2.24697,
2014-12-18,-2.30103,
2014-12-19,-2.35791,
2014-12-20,.,No value available
2014-12-21,.,No value available
2014-12-22,-2.45224,
2014-12-23,-2.37507,
2014-12-24,.,No value available
2014-12-25,.,No value available
2014-12-26,.,No value available
2014-12-27,.,No value available
2014-12-28,.,No value available
2014-12-29,-2.36904,
2014-12-30,-2.37645,
2014-12-31,.,No value available
2015-01-01,.,No value available
2015-01-02,-2.28760,
2015-01-03,.,No value available
2015-01-04,.,No value available
2015-01-05,-2.21901,
2015-01-06,-2.10222,
2015-01-07,-1.98289,
2015-01-08,-2.07209,
2015-01-09,-2.15965,
2015-01-10,.,No value available
2015-01-11,.,No value available
2015-01-12,-2.06954,
2015-01-13,-2.00092,
2015-01-14,-2.06561,
2015-01-15,-2.08523,
2015-01-16,-2.02260,
2015-01-17,.,No value available
2015-01-18,.,No value available
2015-01-19,-2.06569,
2015-01-20,-2.05757,
2015-01-21,-2.03113,
2015-01-22,-2.16248,
2015-01-23,-1.87561,
2015-01-24,.,No value available
2015-01-25,.,No value available
2015-01-26,-1.86881,
2015-01-27,-1.85911,
2015-01-28,-1.85911,
2015-01-29,-1.74460,
2015-01-30,-1.72069,
2015-01-31,.,No value available
2015-02-01,.,No value available
2015-02-02,-1.58929,
2015-02-03,-1.62690,
2015-02-04,-1.49874,
2015-02-05,-1.40583,
2015-02-06,-1.36996,
2015-02-07,.,No value available
2015-02-08,.,No value available
2015-02-09,-1.35457,
2015-02-10,-1.36196,
2015-02-11,-1.36196,
2015-02-12,-1.36196,
2015-02-13,-1.54225,
2015-02-14,.,No value available
2015-02-15,.,No value available
2015-02-16,-1.52084,
2015-02-17,-1.52084,
2015-02-18,-1.59484,
2015-02-19,-1.63367,
2015-02-20,-1.68089,
2015-02-21,.,No value available
2015-02-22,.,No value available
2015-02-23,-1.76401,
2015-02-24,-1.77402,
2015-02-25,-0.11835,
2015-02-26,-0.13152,
2015-02-27,-0.13183,
2015-02-28,.,No value available
2015-03-01,.,No value available
2015-03-02,-0.13921,
2015-03-03,-0.14150,
2015-03-04,-0.14039,
2015-03-05,-0.14428,
2015-03-06,-0.14658,
2015-03-07,.,No value available
2015-03-08,.,No value available
2015-03-09,-0.15730,
2015-03-10,-0.16520,
2015-03-11,-0.18558,
2015-03-12,-0.17966,
2015-03-13,-0.66323,
2015-03-14,.,No value available
2015-03-15,.,No value available
2015-03-16,-0.73960,
2015-03-17,-1.32318,
2015-03-18,-1.34559,
2015-03-19,-1.26744,
2015-03-20,-1.24464,
2015-03-21,.,No value available
2015-03-22,.,No value available
2015-03-23,-1.26678,
2015-03-24,-1.24855,
2015-03-25,-1.24855,
2015-03-26,-1.24402,
2015-03-27,-1.32083,
2015-03-28,.,No value available
2015-03-29,.,No value available
2015-03-30,-1.24956,
2015-03-31,-1.23715,
2015-04-01,-1.25814,
2015-04-02,-1.25814,
2015-04-03,.,No value available
2015-04-04,.,No value available
2015-04-05,.,No value available
2015-04-06,.,No value available
2015-04-07,-1.30956,
2015-04-08,-1.31761,
2015-04-09,-1.04202,
2015-04-10,-1.04202,
2015-04-11,.,No value available
2015-04-12,.,No value available
2015-04-13,-1.02801,
2015-04-14,-0.99616,
2015-04-15,-0.88166,
2015-04-16,-0.94976,
2015-04-17,-0.75737,
2015-04-18,.,No value available
2015-04-19,.,No value available
2015-04-20,-0.75737,
2015-04-21,-0.75737,
2015-04-22,-0.66286,
2015-04-23,-0.28652,
2015-04-24,-0.26780,
2015-04-25,.,No value available
2015-04-26,.,No value available
2015-04-27,-0.27191,
2015-04-28,-1.33314,
2015-04-29,-1.45399,
2015-04-30,-1.57557,
2015-05-01,.,No value available
2015-05-02,.,No value available
2015-05-03,.,No value available
2015-05-04,-1.69644,
2015-05-05,-1.63193,
2015-05-06,-1.74536,
2015-05-07,-1.49261,
2015-05-08,-1.55412,
2015-05-09,.,No value available
2015-05-10,.,No value available
2015-05-11,-1.34587,
2015-05-12,-1.69342,
2015-05-13,-1.38922,
2015-05-14,-1.51202,
2015-05-15,-1.24422,
2015-05-16,.,No value available
2015-05-17,.,No value available
2015-05-18,-1.24422,
2015-05-19,-0.87576,
2015-05-20,-1.20096,
2015-05-21,-1.20037,
2015-05-22,-1.25067,
2015-05-23,.,No value available
2015-05-24,.,No value available
2015-05-25,.,No value available
2015-05-26,-1.00077,
2015-05-27,-0.93345,
2015-05-28,-0.82032,
2015-05-29,-0.67415,
2015-05-30,.,No value available
2015-05-31,.,No value available
2015-06-01,-0.50142,
2015-06-02,-1.07302,
2015-06-03,-1.15031,
2015-06-04,-1.49756,
2015-06-05,-1.42520,
2015-06-06,.,No value available
2015-06-07,.,No value available
2015-06-08,-1.27036,
2015-06-09,-1.34925,
2015-06-10,-1.46563,
2015-06-11,-1.44253,
2015-06-12,-1.30426,
2015-06-13,.,No value available
2015-06-14,.,No value available
2015-06-15,-1.24360,
2015-06-16,-1.12403,
2015-06-17,-1.18191,
2015-06-18,-0.92804,
2015-06-19,-1.16059,
2015-06-20,.,No value available
2015-06-21,.,No value available
2015-06-22,-1.07548,
2015-06-23,-1.18452,
2015-06-24,-1.02406,
2015-06-25,-1.12502,
2015-06-26,-1.01189,
2015-06-27,.,No value available
2015-06-28,.,No value available
2015-06-29,-0.93622,
2015-06-30,-0.84021,
2015-07-01,-1.00109,
2015-07-02,-0.98804,
2015-07-03,-0.99192,
2015-07-04,.,No value available
2015-07-05,.,No value available
2015-07-06,-0.79889,
2015-07-07,-0.75782,
2015-07-08,-0.89591,
2015-07-09,-1.10897,
2015-07-10,-1.33527,
2015-07-11,.,No value available
2015-07-12,.,No value available
2015-07-13,-1.28987,
2015-07-14,-1.23098,
2015-07-15,-1.17012,
2015-07-16,-1.01932,
2015-07-17,-1.06685,
2015-07-18,.,No value available
2015-07-19,.,No value available
2015-07-20,-1.07683,
2015-07-21,-1.14406,
2015-07-22,-0.99669,
2015-07-23,-1.13838,
2015-07-24,-1.02759,
2015-07-25,.,No value available
2015-07-26,.,No value available
2015-07-27,-0.97931,
2015-07-28,-1.12981,
2015-07-29,-1.08893,
2015-07-30,-1.20822,
2015-07-31,-0.95124,
2015-08-01,.,No value available
2015-08-02,.,No value available
2015-08-03,-0.99942,
2015-08-04,-0.97350,
2015-08-05,-1.01266,
2015-08-06,-1.14269,
2015-08-07,-0.89183,
2015-08-08,.,No value available
2015-08-09,.,No value available
2015-08-10,-0.89808,
2015-08-11,-0.89128,
2015-08-12,-0.86010,
2015-08-13,-0.42882,
2015-08-14,-0.42882,
2015-08-15,.,No value available
2015-08-16,.,No value available
2015-08-17,-0.44591,
2015-08-18,-1.21391,
2015-08-19,-0.49824,
2015-08-20,-0.33533,
2015-08-21,-0.21935,
2015-08-22,.,No value available
2015-08-23,.,No value available
2015-08-24,-0.21832,
2015-08-25,-0.22633,
2015-08-26,-0.21235,
2015-08-27,-0.21654,
2015-08-28,-0.21490,
2015-08-29,.,No value available
2015-08-30,.,No value available
2015-08-31,-0.21490,
2015-09-01,-0.64793,
2015-09-02,-0.88476,
2015-09-03,-0.88960,
2015-09-04,-0.72496,
2015-09-05,.,No value available
2015-09-06,.,No value available
2015-09-07,-0.61721,
2015-09-08,-0.23995,
2015-09-09,-0.20990,
2015-09-10,-0.21520,
2015-09-11,-0.21898,
2015-09-12,.,No value available
2015-09-13,.,No value available
2015-09-14,-0.21287,
2015-09-15,-0.21932,
2015-09-16,-0.21095,
2015-09-17,-0.20844,
2015-09-18,-0.21852,
2015-09-19,.,No value available
2015-09-20,.,No value available
2015-09-21,-0.21852,
2015-09-22,-0.22107,
2015-09-23,-0.21729,
2015-09-24,-0.21459,
2015-09-25,-0.21909,
2015-09-26,.,No value available
2015-09-27,.,No value available
2015-09-28,-0.22472,
2015-09-29,-0.22821,
2015-09-30,-0.22090,
2015-10-01,-0.22792,
2015-10-02,-0.21272,
2015-10-03,.,No value available
2015-10-04,.,No value available
2015-10-05,-0.22104,
2015-10-06,-0.22015,
2015-10-07,-0.22246,
2015-10-08,-0.22246,
2015-10-09,-0.22864,
2015-10-10,.,No value available
2015-10-11,.,No value available
2015-10-12,-0.22864,
2015-10-13,-0.23405,
2015-10-14,-0.23023,
2015-10-15,-0.24069,
2015-10-16,-0.24171,
2015-10-17,.,No value available
2015-10-18,.,No value available
2015-10-19,-0.24410,
2015-10-20,-0.23914,
2015-10-21,-0.23610,
2015-10-22,-0.23669,
2015-10-23,-0.26320,
2015-10-24,.,No value available
2015-10-25,.,No value available
2015-10-26,-0.26822,
2015-10-27,-0.27988,
2015-10-28,-0.27167,
2015-10-29,-0.27274,
2015-10-30,-0.27454,
2015-10-31,.,No value available
2015-11-01,.,No value available
2015-11-02,-0.28001,
2015-11-03,-0.26882,
2015-11-04,-0.27465,
2015-11-05,-0.26322,
2015-11-06,-0.25457,
2015-11-07,.,No value available
2015-11-08,.,No value available
2015-11-09,-0.23854,
2015-11-10,-0.26128,
2015-11-11,-0.26117,
2015-11-12,-0.26648,
2015-11-13,-0.27594,
2015-11-14,.,No value available
2015-11-15,.,No value available
2015-11-16,-0.27594,
2015-11-17,-0.27713,
2015-11-18,-0.27547,
2015-11-19,-0.27246,
2015-11-20,-0.28718,
2015-11-21,.,No value available
2015-11-22,.,No value available
2015-11-23,-0.29380,
2015-11-24,-0.29590,
2015-11-25,-0.29895,
2015-11-26,-0.31364,
2015-11-27,-0.31780,
2015-11-28,.,No value available
2015-11-29,.,No value available
2015-11-30,-0.31131,
2015-12-01,-0.31703,
2015-12-02,-0.31986,
2015-12-03,-0.33956,
2015-12-04,-0.28521,
2015-12-05,.,No value available
2015-12-06,.,No value available
2015-12-07,-0.29313,
2015-12-08,-0.29745,
2015-12-09,-0.28137,
2015-12-10,-0.29925,
2015-12-11,-0.30152,
2015-12-12,.,No value available
2015-12-13,.,No value available
2015-12-14,-0.30553,
2015-12-15,-0.30701,
2015-12-16,-0.31092,
2015-12-17,-0.31601,
2015-12-18,-0.32493,
2015-12-19,.,No value available
2015-12-20,.,No value available
2015-12-21,-0.32478,
2015-12-22,-0.40009,
2015-12-23,-0.36095,
2015-12-24,.,No value available
2015-12-25,.,No value available
2015-12-26,.,No value available
2015-12-27,.,No value available
2015-12-28,-0.35254,
2015-12-29,-0.42882,
2015-12-30,-0.38685,
2015-12-31,.,No value available
2016-01-01,.,No value available
2016-01-02,.,No value available
2016-01-03,.,No value available
2016-01-04,-0.37544,
2016-01-05,-0.38455,
2016-01-06,-0.37929,
2016-01-07,-0.38206,
2016-01-08,-0.38472,
2016-01-09,.,No value available
2016-01-10,.,No value available
2016-01-11,-0.38742,
2016-01-12,-0.39304,
2016-01-13,-0.39388,
2016-01-14,-0.38156,
2016-01-15,-0.38034,
2016-01-16,.,No value available
2016-01-17,.,No value available
2016-01-18,-0.37754,
2016-01-19,-0.36021,
2016-01-20,-0.35320,
2016-01-21,-0.35788,
2016-01-22,-0.36711,
2016-01-23,.,No value available
2016-01-24,.,No value available
2016-01-25,-0.36617,
2016-01-26,-0.38012,
2016-01-27,-0.36961,
2016-01-28,-0.36388,
2016-01-29,-0.37225,
2016-01-30,.,No value available
2016-01-31,.,No value available
2016-02-01,-0.37762,
2016-02-02,-0.36662,
2016-02-03,-0.36743,
2016-02-04,-0.36743,
2016-02-05,-0.36743,
2016-02-06,.,No value available
2016-02-07,.,No value available
2016-02-08,-0.38567,
2016-02-09,-0.39767,
2016-02-10,-0.41728,
2016-02-11,-0.41601,
2016-02-12,-0.41332,
2016-02-13,.,No value available
2016-02-14,.,No value available
2016-02-15,-0.38446,
2016-02-16,-0.39173,
2016-02-17,-0.39173,
2016-02-18,-0.39173,
2016-02-19,-0.41083,
2016-02-20,.,No value available
2016-02-21,.,No value available
2016-02-22,-0.39989,
2016-02-23,-0.40146,
2016-02-24,-0.40658,
2016-02-25,-0.41652,
2016-02-26,-0.41514,
2016-02-27,.,No value available
2016-02-28,.,No value available
2016-02-29,-0.41949,
2016-03-01,-0.41824,
2016-03-02,-0.40505,
2016-03-03,-0.42238,
2016-03-04,-0.42802,
2016-03-05,.,No value available
2016-03-06,.,No value available
2016-03-07,-0.41843,
2016-03-08,-0.41409,
2016-03-09,-0.41856,
2016-03-10,-0.42101,
2016-03-11,-0.40218,
2016-03-12,.,No value available
2016-03-13,.,No value available
2016-03-14,-0.39449,
2016-03-15,-0.39583,
2016-03-16,-0.40272,
2016-03-17,-0.42170,
2016-03-18,-0.42125,
2016-03-19,.,No value available
2016-03-20,.,No value available
2016-03-21,-0.41945,
2016-03-22,-0.42463,
2016-03-23,-0.43123,
2016-03-24,-0.41359,
2016-03-25,.,No value available
2016-03-26,.,No value available
2016-03-27,.,No value available
2016-03-28,.,No value available
2016-03-29,-0.43118,
2016-03-30,-0.43986,
2016-03-31,-0.43630,
2016-04-01,-0.43358,
2016-04-02,.,No value available
2016-04-03,.,No value available
2016-04-04,-0.64596,
2016-04-05,-0.56539,
2016-04-06,-1.91026,
2016-04-07,-1.90070,
2016-04-08,-1.87916,
2016-04-09,.,No value available
2016-04-10,.,No value available
2016-04-11,-1.90952,
2016-04-12,-2.04577,
2016-04-13,-2.08838,
2016-04-14,-2.03699,
2016-04-15,-2.02491,
2016-04-16,.,No value available
2016-04-17,.,No value available
2016-04-18,-1.98890,
2016-04-19,-2.09681,
2016-04-20,-2.06713,
2016-04-21,-2.13136,
2016-04-22,-2.13464,
2016-04-23,.,No value available
2016-04-24,.,No value available
2016-04-25,-2.21789,
2016-04-26,-2.24138,
2016-04-27,-2.25877,
2016-04-28,-2.22551,
2016-04-29,-2.21031,
2016-04-30,.,No value available
2016-05-01,.,No value available
2016-05-02,-2.18789,
2016-05-03,-2.17937,
2016-05-04,-2.10562,
2016-05-05,-2.15290,
2016-05-06,-2.04285,
2016-05-07,.,No value available
2016-05-08,.,No value available
2016-05-09,-2.04285,
2016-05-10,-2.01804,
2016-05-11,-2.01586,
2016-05-12,-2.08268,
2016-05-13,-2.04176,
2016-05-14,.,No value available
2016-05-15,.,No value available
2016-05-16,.,No value available
2016-05-17,-2.06417,
2016-05-18,-2.05059,
2016-05-19,-2.09051,
2016-05-20,-2.06073,
2016-05-21,.,No value available
2016-05-22,.,No value available
2016-05-23,-2.05352,
2016-05-24,-2.10437,
2016-05-25,-2.10437,
2016-05-26,-2.07602,
2016-05-27,-2.04304,
2016-05-28,.,No value available
2016-05-29,.,No value available
2016-05-30,-2.10391,
2016-05-31,-2.10391,
2016-06-01,-2.05859,
2016-06-02,-2.07737,
2016-06-03,-2.00173,
2016-06-04,.,No value available
2016-06-05,.,No value available
2016-06-06,-1.90570,
2016-06-07,-1.90570,
2016-06-08,-1.85212,
2016-06-09,-1.78492,
2016-06-10,-1.73217,
2016-06-11,.,No value available
2016-06-12,.,No value available
2016-06-13,-1.67035,
2016-06-14,-1.64492,
2016-06-15,-1.65564,
2016-06-16,-1.54089,
2016-06-17,-1.61908,
2016-06-18,.,No value available
2016-06-19,.,No value available
2016-06-20,-1.76820,
2016-06-21,-1.78368,
2016-06-22,-1.75874,
2016-06-23,-1.77995,
2016-06-24,-1.61509,
2016-06-25,.,No value available
2016-06-26,.,No value available
2016-06-27,-1.44974,
2016-06-28,-1.51714,
2016-06-29,-1.53872,
2016-06-30,-1.51991,
2016-07-01,-1.49576,
2016-07-02,.,No value available
2016-07-03,.,No value available
2016-07-04,-1.58006,
2016-07-05,-1.50382,
2016-07-06,-1.42650,
2016-07-07,-1.51690,
2016-07-08,-1.53253,
2016-07-09,.,No value available
2016-07-10,.,No value available
2016-07-11,-1.48794,
2016-07-12,-1.59153,
2016-07-13,-1.62276,
2016-07-14,-1.59602,
2016-07-15,-1.63930,
2016-07-16,.,No value available
2016-07-17,.,No value available
2016-07-18,-1.70420,
2016-07-19,-1.66468,
2016-07-20,-1.67515,
2016-07-21,-1.71125,
2016-07-22,-1.66882,
2016-07-23,.,No value available
2016-07-24,.,No value available
2016-07-25,-1.61479,
2016-07-26,-1.53778,
2016-07-27,-1.56110,
2016-07-28,-1.44394,
2016-07-29,-1.49237,
2016-07-30,.,No value available
2016-07-31,.,No value available
2016-08-01,-1.43957,
2016-08-02,-1.52269,
2016-08-03,-1.55559,
2016-08-04,-1.54190,
2016-08-05,-1.52097,
2016-08-06,.,No value available
2016-08-07,.,No value available
2016-08-08,-1.56367,
2016-08-09,-1.55172,
2016-08-10,-1.50498,
2016-08-11,-1.50236,
2016-08-12,-1.52337,
2016-08-13,.,No value available
2016-08-14,.,No value available
2016-08-15,-1.52646,
2016-08-16,-1.52954,
2016-08-17,-1.59326,
2016-08-18,-1.54959,
2016-08-19,-1.51219,
2016-08-20,.,No value available
2016-08-21,.,No value available
2016-08-22,-1.55871,
2016-08-23,-1.51826,
2016-08-24,-1.49894,
2016-08-25,-1.52991,
2016-08-26,-1.57064,
2016-08-27,.,No value available
2016-08-28,.,No value available
2016-08-29,-1.60151,
2016-08-30,-1.57277,
2016-08-31,-1.53240,
2016-09-01,-1.60662,
2016-09-02,-1.63806,
2016-09-03,.,No value available
2016-09-04,.,No value available
2016-09-05,-1.69460,
2016-09-06,-1.65234,
2016-09-07,-1.55036,
2016-09-08,-1.57633,
2016-09-09,-1.75820,
2016-09-10,.,No value available
2016-09-11,.,No value available
2016-09-12,-1.78927,
2016-09-13,-1.76443,
2016-09-14,-1.86649,
2016-09-15,-1.86214,
2016-09-16,-1.86617,
2016-09-17,.,No value available
2016-09-18,.,No value available
2016-09-19,-1.91926,
2016-09-20,-1.81757,
2016-09-21,-1.76097,
2016-09-22,-1.71595,
2016-09-23,-1.66951,
2016-09-24,.,No value available
2016-09-25,.,No value available
2016-09-26,-1.64420,
2016-09-27,-1.60684,
2016-09-28,-1.65399,
2016-09-29,-1.67492,
2016-09-30,-1.61903,
2016-10-01,.,No value available
2016-10-02,.,No value available
2016-10-03,.,No value available
2016-10-04,-1.71410,
2016-10-05,-1.80599,
2016-10-06,-1.83656,
2016-10-07,-1.97544,
2016-10-08,.,No value available
2016-10-09,.,No value available
2016-10-10,-1.99548,
2016-10-11,-2.02714,
2016-10-12,-2.02482,
2016-10-13,-2.03066,
2016-10-14,-1.98436,
2016-10-15,.,No value available
2016-10-16,.,No value available
2016-10-17,-2.05737,
2016-10-18,-2.01217,
2016-10-19,-1.97686,
2016-10-20,-1.96766,
2016-10-21,-1.88762,
2016-10-22,.,No value available
2016-10-23,.,No value available
2016-10-24,-1.96557,
2016-10-25,-2.03042,
2016-10-26,-2.02896,
2016-10-27,-2.20230,
2016-10-28,-2.22089,
2016-10-29,.,No value available
2016-10-30,.,No value available
2016-10-31,-2.18835,
2016-11-01,-2.20908,
2016-11-02,-2.10088,
2016-11-03,-2.10330,
2016-11-04,-2.09495,
2016-11-05,.,No value available
2016-11-06,.,No value available
2016-11-07,-2.06568,
2016-11-08,-2.02051,
2016-11-09,-2.09184,
2016-11-10,-2.23014,
2016-11-11,-2.30105,
2016-11-12,.,No value available
2016-11-13,.,No value available
2016-11-14,-2.37292,
2016-11-15,-2.27412,
2016-11-16,-2.28702,
2016-11-17,-2.18583,
2016-11-18,-2.22249,
2016-11-19,.,No value available
2016-11-20,.,No value available
2016-11-21,-2.21733,
2016-11-22,-2.17509,
2016-11-23,-1.54999,
2016-11-24,-1.57692,
2016-11-25,-1.59735,
2016-11-26,.,No value available
2016-11-27,.,No value available
2016-11-28,-1.50199,
2016-11-29,-1.37967,
2016-11-30,-1.37525,
2016-12-01,-1.38554,
2016-12-02,-2.56535,
2016-12-03,.,No value available
2016-12-04,.,No value available
2016-12-05,-2.52995,
2016-12-06,-2.53337,
2016-12-07,-2.60282,
2016-12-08,-2.65175,
2016-12-09,-2.85619,
2016-12-10,.,No value available
2016-12-11,.,No value available
2016-12-12,-2.90444,
2016-12-13,-2.80546,
2016-12-14,-2.74541,
2016-12-15,-2.80928,
2016-12-16,-2.72394,
2016-12-17,.,No value available
2016-12-18,.,No value available
2016-12-19,-2.71876,
2016-12-20,-2.65680,
2016-12-21,-2.60790,
2016-12-22,-2.61284,
2016-12-23,-2.65208,
2016-12-24,.,No value available
2016-12-25,.,No value available
2016-12-26,.,No value available
2016-12-27,-2.61515,
2016-12-28,-2.64569,
2016-12-29,-2.57842,
2016-12-30,-2.60460,
2016-12-31,.,No value available
2017-01-01,.,No value available
2017-01-02,-2.64914,
2017-01-03,-2.75772,
2017-01-04,-2.73371,
2017-01-05,-2.70946,
2017-01-06,-2.52463,
2017-01-07,.,No value available
2017-01-08,.,No value available
2017-01-09,-2.52763,
2017-01-10,-2.52279,
2017-01-11,-2.44570,
2017-01-12,-2.36071,
2017-01-13,-2.47133,
2017-01-14,.,No value available
2017-01-15,.,No value available
2017-01-16,-2.48580,
2017-01-17,-2.42957,
2017-01-18,-2.50684,
2017-01-19,-2.50252,
2017-01-20,-2.47881,
2017-01-21,.,No value available
2017-01-22,.,No value available
2017-01-23,-2.47969,
2017-01-24,-2.43039,
2017-01-25,-2.49036,
2017-01-26,-2.52713,
2017-01-27,-2.43001,
2017-01-28,.,No value available
2017-01-29,.,No value available
2017-01-30,-2.46610,
2017-01-31,-2.44890,
2017-02-01,-2.45825,
2017-02-02,-2.50181,
2017-02-03,-2.52254,
2017-02-04,.,No value available
2017-02-05,.,No value available
2017-02-06,-2.56217,
2017-02-07,-2.53839,
2017-02-08,-2.06351,
2017-02-09,-2.00041,
2017-02-10,-1.95180,
2017-02-11,.,No value available
2017-02-12,.,No value available
2017-02-13,-2.03077,
2017-02-14,-2.06608,
2017-02-15,-2.15596,
2017-02-16,-2.08740,
2017-02-17,-1.96807,
2017-02-18,.,No value available
2017-02-19,.,No value available
2017-02-20,-2.64069,
2017-02-21,-2.59149,
2017-02-22,-2.64479,
2017-02-23,-2.60829,
2017-02-24,-2.55497,
2017-02-25,.,No value available
2017-02-26,.,No value available
2017-02-27,-2.51609,
2017-02-28,-2.57413,
2017-03-01,-2.64397,
2017-03-02,-2.70863,
2017-03-03,-2.71947,
2017-03-04,.,No value available
2017-03-05,.,No value available
2017-03-06,-2.69824,
2017-03-07,-2.79250,
2017-03-08,-2.80847,
2017-03-09,-2.83385,
2017-03-10,-2.90533,
2017-03-11,.,No value available
2017-03-12,.,No value available
2017-03-13,-2.78889,
2017-03-14,-2.76948,
2017-03-15,-2.73970,
2017-03-16,-2.74263,
2017-03-17,-2.74760,
2017-03-18,.,No value available
2017-03-19,.,No value available
2017-03-20,-2.70269,
2017-03-21,-2.73760,
2017-03-22,-2.60055,
2017-03-23,-2.59730,
2017-03-24,-2.62160,
2017-03-25,.,No value available
2017-03-26,.,No value available
2017-03-27,-2.55807,
2017-03-28,-2.57688,
2017-03-29,-2.56522,
2017-03-30,-2.52089,
2017-03-31,-2.48265,
2017-04-01,.,No value available
2017-04-02,.,No value available
2017-04-03,-2.43064,
2017-04-04,-2.08631,
2017-04-05,-2.36099,
2017-04-06,-2.26087,
2017-04-07,-2.20652,
2017-04-08,.,No value available
2017-04-09,.,No value available
2017-04-10,-2.22161,
2017-04-11,-2.26039,
2017-04-12,-2.24658,
2017-04-13,-2.13693,
2017-04-14,.,No value available
2017-04-15,.,No value available
2017-04-16,.,No value available
2017-04-17,.,No value available
2017-04-18,-2.12994,
2017-04-19,-2.13247,
2017-04-20,-2.14322,
2017-04-21,-2.16232,
2017-04-22,.,No value available
2017-04-23,.,No value available
2017-04-24,-2.29216,
2017-04-25,-2.32544,
2017-04-26,-2.31630,
2017-04-27,-2.32938,
2017-04-28,-2.37674,
2017-04-29,.,No value available
2017-04-30,.,No value available
2017-05-01,.,No value available
2017-05-02,-2.39304,
2017-05-03,-2.42860,
2017-05-04,-2.45609,
2017-05-05,-2.46274,
2017-05-06,.,No value available
2017-05-07,.,No value available
2017-05-08,-2.45079,
2017-05-09,-2.51686,
2017-05-10,-2.48282,
2017-05-11,-2.47843,
2017-05-12,-2.46924,
2017-05-13,.,No value available
2017-05-14,.,No value available
2017-05-15,-2.46950,
2017-05-16,-2.56392,
2017-05-17,-2.52723,
2017-05-18,-2.39980,
2017-05-19,-2.43665,
2017-05-20,.,No value available
2017-05-21,.,No value available
2017-05-22,-2.51656,
2017-05-23,-2.48011,
2017-05-24,-2.44371,
2017-05-25,-2.41470,
2017-05-26,-2.42361,
2017-05-27,.,No value available
2017-05-28,.,No value available
2017-05-29,-2.40707,
2017-05-30,-2.38604,
2017-05-31,-2.42013,
2017-06-01,-2.42671,
2017-06-02,-2.41133,
2017-06-03,.,No value available
2017-06-04,.,No value available
2017-06-05,.,No value available
2017-06-06,-2.40836,
2017-06-07,-2.45484,
2017-06-08,-2.50255,
2017-06-09,-2.45698,
2017-06-10,.,No value available
2017-06-11,.,No value available
2017-06-12,-2.50177,
2017-06-13,-2.49861,
2017-06-14,-2.51492,
2017-06-15,-2.44780,
2017-06-16,-2.52918,
2017-06-17,.,No value available
2017-06-18,.,No value available
2017-06-19,-2.52956,
2017-06-20,-2.47317,
2017-06-21,-2.44934,
2017-06-22,-2.39869,
2017-06-23,-2.43783,
2017-06-24,.,No value available
2017-06-25,.,No value available
2017-06-26,-2.43632,
2017-06-27,-2.46185,
2017-06-28,-2.55731,
2017-06-29,-2.59986,
2017-06-30,-2.59107,
2017-07-01,.,No value available
2017-07-02,.,No value available
2017-07-03,-2.62759,
2017-07-04,-2.67811,
2017-07-05,-2.72067,
2017-07-06,-2.11574,
2017-07-07,-2.21322,
2017-07-08,.,No value available
2017-07-09,.,No value available
2017-07-10,-2.19591,
2017-07-11,-2.32054,
2017-07-12,-2.37575,
2017-07-13,-2.34717,
2017-07-14,-2.38201,
2017-07-15,.,No value available
2017-07-16,.,No value available
2017-07-17,-2.40874,
2017-07-18,-2.39884,
2017-07-19,-2.43196,
2017-07-20,-2.43196,
2017-07-21,-2.37209,
2017-07-22,.,No value available
2017-07-23,.,No value available
2017-07-24,-2.29684,
2017-07-25,-2.30867,
2017-07-26,-2.41501,
2017-07-27,-2.38385,
2017-07-28,-2.40869,
2017-07-29,.,No value available
2017-07-30,.,No value available
2017-07-31,-2.40812,
2017-08-01,-2.32783,
2017-08-02,-2.31047,
2017-08-03,-2.30590,
2017-08-04,-2.25217,
2017-08-05,.,No value available
2017-08-06,.,No value available
2017-08-07,-2.25666,
2017-08-08,-2.24582,
2017-08-09,-2.20484,
2017-08-10,-2.20484,
2017-08-11,-2.18274,
2017-08-12,.,No value available
2017-08-13,.,No value available
2017-08-14,-2.19153,
2017-08-15,-2.19153,
2017-08-16,-2.50396,
2017-08-17,-2.49439,
2017-08-18,-2.47207,
2017-08-19,.,No value available
2017-08-20,.,No value available
2017-08-21,-2.47207,
2017-08-22,-2.47207,
2017-08-23,-2.49947,
2017-08-24,-2.47014,
2017-08-25,-2.53011,
2017-08-26,.,No value available
2017-08-27,.,No value available
2017-08-28,-2.51598,
2017-08-29,-2.47824,
2017-08-30,-2.50411,
2017-08-31,-2.52889,
2017-09-01,-2.52889,
2017-09-02,.,No value available
2017-09-03,.,No value available
2017-09-04,-2.59095,
2017-09-05,-2.62694,
2017-09-06,-2.54043,
2017-09-07,-2.54844,
2017-09-08,-2.52426,
2017-09-09,.,No value available
2017-09-10,.,No value available
2017-09-11,-2.57887,
2017-09-12,-2.56325,
2017-09-13,-2.63778,
2017-09-14,-2.64643,
2017-09-15,-2.69494,
2017-09-16,.,No value available
2017-09-17,.,No value available
2017-09-18,-2.85568,
2017-09-19,-2.81770,
2017-09-20,-2.73819,
2017-09-21,-2.80771,
2017-09-22,-2.82991,
2017-09-23,.,No value available
2017-09-24,.,No value available
2017-09-25,-2.71022,
2017-09-26,-2.76985,
2017-09-27,-2.40429,
2017-09-28,-2.41815,
2017-09-29,-2.34000,
2017-09-30,.,No value available
2017-10-01,.,No value available
2017-10-02,-2.32811,
2017-10-03,.,No value available
2017-10-04,-2.33412,
2017-10-05,-2.59437,
2017-10-06,-2.61850,
2017-10-07,.,No value available
2017-10-08,.,No value available
2017-10-09,-2.59847,
2017-10-10,-2.56270,
2017-10-11,-2.34922,
2017-10-12,-2.34154,
2017-10-13,-2.28137,
2017-10-14,.,No value available
2017-10-15,.,No value available
2017-10-16,-2.30555,
2017-10-17,-2.27490,
2017-10-18,-2.29589,
2017-10-19,-2.32875,
2017-10-20,-2.41101,
2017-10-21,.,No value available
2017-10-22,.,No value available
2017-10-23,-2.38119,
2017-10-24,-2.41006,
2017-10-25,-2.41826,
2017-10-26,-2.41619,
2017-10-27,-2.36766,
2017-10-28,.,No value available
2017-10-29,.,No value available
2017-10-30,-2.34387,
2017-10-31,.,No value available
2017-11-01,-2.30802,
2017-11-02,-2.35231,
2017-11-03,-2.32670,
2017-11-04,.,No value available
2017-11-05,.,No value available
2017-11-06,-2.31004,
2017-11-07,-2.31542,
2017-11-08,-2.30238,
2017-11-09,-2.30250,
2017-11-10,-2.37645,
2017-11-11,.,No value available
2017-11-12,.,No value available
2017-11-13,-2.38154,
2017-11-14,-2.38728,
2017-11-15,-2.30904,
2017-11-16,-2.33044,
2017-11-17,-2.32685,
2017-11-18,.,No value available
2017-11-19,.,No value available
2017-11-20,-2.28517,
2017-11-21,-2.22259,
2017-11-22,-2.23771,
2017-11-23,-2.20122,
2017-11-24,-2.22493,
2017-11-25,.,No value available
2017-11-26,.,No value available
2017-11-27,-2.21142,
2017-11-28,-2.17565,
2017-11-29,-2.18385,
2017-11-30,-2.24797,
2017-12-01,-2.17899,
2017-12-02,.,No value available
2017-12-03,.,No value available
2017-12-04,-2.18274,
2017-12-05,-2.50913,
2017-12-06,-2.63512,
2017-12-07,-2.63253,
2017-12-08,-2.71774,
2017-12-09,.,No value available
2017-12-10,.,No value available
2017-12-11,-2.72652,
2017-12-12,-2.82744,
2017-12-13,-2.96930,
2017-12-14,-2.92567,
2017-12-15,-2.84203,
2017-12-16,.,No value available
2017-12-17,.,No value available
2017-12-18,-2.88351,
2017-12-19,-3.01406,
2017-12-20,-3.11790,
2017-12-21,-3.06327,
2017-12-22,-3.01077,
2017-12-23,.,No value available
2017-12-24,.,No value available
2017-12-25,.,No value available
2017-12-26,.,No value available
2017-12-27,-3.00059,
2017-12-28,-2.97702,
2017-12-29,-2.99863,
2017-12-30,.,No value available
2017-12-31,.,No value available
2018-01-01,.,No value available
2018-01-02,-2.92811,
2018-01-03,-2.78527,
2018-01-04,-2.72934,
2018-01-05,-2.57202,
2018-01-06,.,No value available
2018-01-07,.,No value available
2018-01-08,-2.64587,
2018-01-09,-2.61345,
2018-01-10,-2.52557,
2018-01-11,-2.50681,
2018-01-12,-2.46662,
2018-01-13,.,No value available
2018-01-14,.,No value available
2018-01-15,-2.49960,
2018-01-16,-2.15720,
2018-01-17,-2.28121,
2018-01-18,-2.34174,
2018-01-19,-2.28520,
2018-01-20,.,No value available
2018-01-21,.,No value available
2018-01-22,-2.28929,
2018-01-23,-2.22672,
2018-01-24,-2.25359,
2018-01-25,-2.29392,
2018-01-26,-2.23317,
2018-01-27,.,No value available
2018-01-28,.,No value available
2018-01-29,-2.27777,
2018-01-30,-2.32643,
2018-01-31,-2.26325,
2018-02-01,-2.27104,
2018-02-02,-2.28455,
2018-02-03,.,No value available
2018-02-04,.,No value available
2018-02-05,-2.30755,
2018-02-06,-2.29383,
2018-02-07,-2.29741,
2018-02-08,-2.35320,
2018-02-09,-2.32445,
2018-02-10,.,No value available
2018-02-11,.,No value available
2018-02-12,-1.54032,
2018-02-13,-1.30338,
2018-02-14,-1.00447,
2018-02-15,-1.18227,
2018-02-16,-1.18122,
2018-02-17,.,No value available
2018-02-18,.,No value available
2018-02-19,-1.00950,
2018-02-20,-0.99833,
2018-02-21,-0.83551,
2018-02-22,-1.19661,
2018-02-23,-0.85820,
2018-02-24,.,No value available
2018-02-25,.,No value available
2018-02-26,-0.96774,
2018-02-27,-0.98613,
2018-02-28,-0.98613,
2018-03-01,-0.87725,
2018-03-02,-0.89523,
2018-03-03,.,No value available
2018-03-04,.,No value available
2018-03-05,-0.80835,
2018-03-06,-2.37022,
2018-03-07,-2.43100,
2018-03-08,-2.41478,
2018-03-09,-2.39405,
2018-03-10,.,No value available
2018-03-11,.,No value available
2018-03-12,-2.40368,
2018-03-13,-2.40156,
2018-03-14,-2.35166,
2018-03-15,-1.57242,
2018-03-16,-1.32527,
2018-03-17,.,No value available
2018-03-18,.,No value available
2018-03-19,-1.32527,
2018-03-20,-2.29907,
2018-03-21,-2.28633,
2018-03-22,-2.26395,
2018-03-23,-2.24350,
2018-03-24,.,No value available
2018-03-25,.,No value available
2018-03-26,-2.27632,
2018-03-27,-2.39891,
2018-03-28,-2.37718,
2018-03-29,-2.25762,
2018-03-30,.,No value available
2018-03-31,.,No value available
2018-04-01,.,No value available
2018-04-02,.,No value available
2018-04-03,-2.25191,
2018-04-04,-2.20685,
2018-04-05,-2.26616,
2018-04-06,-2.24490,
2018-04-07,.,No value available
2018-04-08,.,No value available
2018-04-09,-2.25818,
2018-04-10,-2.20984,
2018-04-11,-2.25458,
2018-04-12,-2.23609,
2018-04-13,-2.31939,
2018-04-14,.,No value available
2018-04-15,.,No value available
2018-04-16,-2.32479,
2018-04-17,-2.31908,
2018-04-18,-2.28685,
2018-04-19,-2.40651,
2018-04-20,-2.40400,
2018-04-21,.,No value available
2018-04-22,.,No value available
2018-04-23,-2.40702,
2018-04-24,-2.74412,
2018-04-25,-2.36462,
2018-04-26,-2.35187,
2018-04-27,-2.30866,
2018-04-28,.,No value available
2018-04-29,.,No value available
2018-04-30,-2.30866,
2018-05-01,.,No value available
2018-05-02,-2.32638,
2018-05-03,-2.31569,
2018-05-04,-2.25566,
2018-05-05,.,No value available
2018-05-06,.,No value available
2018-05-07,-2.25566,
2018-05-08,-2.23035,
2018-05-09,-2.28689,
2018-05-10,-2.27197,
2018-05-11,-2.23959,
2018-05-12,.,No value available
2018-05-13,.,No value available
2018-05-14,-2.21374,
2018-05-15,-2.21039,
2018-05-16,-2.32095,
2018-05-17,-2.35151,
2018-05-18,-2.36647,
2018-05-19,.,No value available
2018-05-20,.,No value available
2018-05-21,.,No value available
2018-05-22,-2.27151,
2018-05-23,-2.26904,
2018-05-24,-2.34858,
2018-05-25,-2.17125,
2018-05-26,.,No value available
2018-05-27,.,No value available
2018-05-28,-2.15975,
2018-05-29,-1.97597,
2018-05-30,-2.05091,
2018-05-31,-2.13318,
2018-06-01,-2.09965,
2018-06-02,.,No value available
2018-06-03,.,No value available
2018-06-04,-2.11026,
2018-06-05,-1.96886,
2018-06-06,-2.06330,
2018-06-07,-2.13356,
2018-06-08,-2.10897,
2018-06-09,.,No value available
2018-06-10,.,No value available
2018-06-11,-2.14286,
2018-06-12,-2.20045,
2018-06-13,-2.17466,
2018-06-14,-2.21698,
2018-06-15,-2.16828,
2018-06-16,.,No value available
2018-06-17,.,No value available
2018-06-18,-2.23763,
2018-06-19,-2.27186,
2018-06-20,-2.22487,
2018-06-21,-2.23038,
2018-06-22,-2.25646,
2018-06-23,.,No value available
2018-06-24,.,No value available
2018-06-25,-2.24684,
2018-06-26,-2.27840,
2018-06-27,-2.23354,
2018-06-28,-2.28812,
2018-06-29,-2.11666,
2018-06-30,.,No value available
2018-07-01,.,No value available
2018-07-02,-2.07548,
2018-07-03,-2.08714,
2018-07-04,-2.05729,
2018-07-05,-2.08174,
2018-07-06,-2.08645,
2018-07-07,.,No value available
2018-07-08,.,No value available
2018-07-09,-2.10551,
2018-07-10,-2.11123,
2018-07-11,-2.08584,
2018-07-12,-2.11193,
2018-07-13,-2.09423,
2018-07-14,.,No value available
2018-07-15,.,No value available
2018-07-16,-2.13346,
2018-07-17,-2.13607,
2018-07-18,-2.13266,
2018-07-19,-2.13473,
2018-07-20,-2.14493,
2018-07-21,.,No value available
2018-07-22,.,No value available
2018-07-23,-2.15061,
2018-07-24,-2.10985,
2018-07-25,-2.07859,
2018-07-26,-2.10210,
2018-07-27,-2.12360,
2018-07-28,.,No value available
2018-07-29,.,No value available
2018-07-30,-2.15507,
2018-07-31,-2.15777,
2018-08-01,-2.17314,
2018-08-02,-2.10676,
2018-08-03,-2.05258,
2018-08-04,.,No value available
2018-08-05,.,No value available
2018-08-06,-2.01872,
2018-08-07,-2.02183,
2018-08-08,-2.04499,
2018-08-09,-2.01585,
2018-08-10,-2.03484,
2018-08-11,.,No value available
2018-08-12,.,No value available
2018-08-13,-2.00110,
2018-08-14,-1.76260,
2018-08-15,-1.71382,
2018-08-16,-1.72504,
2018-08-17,-1.68898,
2018-08-18,.,No value available
2018-08-19,.,No value available
2018-08-20,-1.59746,
2018-08-21,-1.71047,
2018-08-22,-1.63208,
2018-08-23,-1.73963,
2018-08-24,-1.84923,
2018-08-25,.,No value available
2018-08-26,.,No value available
2018-08-27,-1.83908,
2018-08-28,-1.87619,
2018-08-29,-1.93121,
2018-08-30,-1.93988,
2018-08-31,-1.89326,
2018-09-01,.,No value available
2018-09-02,.,No value available
2018-09-03,-1.90988,
2018-09-04,-1.92793,
2018-09-05,-1.93906,
2018-09-06,-1.85835,
2018-09-07,-1.89667,
2018-09-08,.,No value available
2018-09-09,.,No value available
2018-09-10,-1.97779,
2018-09-11,-2.05228,
2018-09-12,-2.05228,
2018-09-13,-2.05135,
2018-09-14,-2.07759,
2018-09-15,.,No value available
2018-09-16,.,No value available
2018-09-17,-2.08600,
2018-09-18,-2.08600,
2018-09-19,-2.16345,
2018-09-20,-2.22765,
2018-09-21,-2.31664,
2018-09-22,.,No value available
2018-09-23,.,No value available
2018-09-24,-2.42096,
2018-09-25,-2.50836,
2018-09-26,-2.59233,
2018-09-27,-2.54463,
2018-09-28,-2.42261,
2018-09-29,.,No value available
2018-09-30,.,No value available
2018-10-01,-2.53638,
2018-10-02,-2.59401,
2018-10-03,.,No value available
2018-10-04,-2.33895,
2018-10-05,-2.44137,
2018-10-06,.,No value available
2018-10-07,.,No value available
2018-10-08,-2.46577,
2018-10-09,-2.63132,
2018-10-10,-2.53864,
2018-10-11,-2.50512,
2018-10-12,-2.53369,
2018-10-13,.,No value available
2018-10-14,.,No value available
2018-10-15,-2.63091,
2018-10-16,-2.52960,
2018-10-17,-2.55423,
2018-10-18,-2.55423,
2018-10-19,-2.58509,
2018-10-20,.,No value available
2018-10-21,.,No value available
2018-10-22,-2.70091,
2018-10-23,-2.66360,
2018-10-24,-2.73514,
2018-10-25,-2.73514,
2018-10-26,-2.68561,
2018-10-27,.,No value available
2018-10-28,.,No value available
2018-10-29,-2.54038,
2018-10-30,-2.68020,
2018-10-31,-2.68020,
2018-11-01,-2.67036,
2018-11-02,-2.69300,
2018-11-03,.,No value available
2018-11-04,.,No value available
2018-11-05,-2.64968,
2018-11-06,-2.58397,
2018-11-07,-2.51505,
2018-11-08,-2.47070,
2018-11-09,-2.45352,
2018-11-10,.,No value available
2018-11-11,.,No value available
2018-11-12,-2.48014,
2018-11-13,-2.48014,
2018-11-14,-2.51097,
2018-11-15,-2.54239,
2018-11-16,-2.49046,
2018-11-17,.,No value available
2018-11-18,.,No value available
2018-11-19,-2.51248,
2018-11-20,-2.51249,
2018-11-21,-2.42205,
2018-11-22,-2.41450,
2018-11-23,-2.41450,
2018-11-24,.,No value available
2018-11-25,.,No value available
2018-11-26,-2.41450,
2018-11-27,-2.41450,
2018-11-28,-2.36208,
2018-11-29,-2.36208,
2018-11-30,-2.34102,
2018-12-01,.,No value available
2018-12-02,.,No value available
2018-12-03,-2.33779,
2018-12-04,-2.31478,
2018-12-05,-2.22422,
2018-12-06,-1.28289,
2018-12-07,-2.11915,
2018-12-08,.,No value available
2018-12-09,.,No value available
2018-12-10,-2.15343,
2018-12-11,-2.14072,
2018-12-12,-2.09655,
2018-12-13,-2.10150,
2018-12-14,-2.31925,
2018-12-15,.,No value available
2018-12-16,.,No value available
2018-12-17,-2.44035,
2018-12-18,-2.39899,
2018-12-19,-2.38271,
2018-12-20,-2.41704,
2018-12-21,-2.29899,
2018-12-22,.,No value available
2018-12-23,.,No value available
2018-12-24,.,No value available
2018-12-25,.,No value available
2018-12-26,.,No value available
2018-12-27,-2.36186,
2018-12-28,-2.28430,
2018-12-29,.,No value available
2018-12-30,.,No value available
2018-12-31,.,No value available
2019-01-01,.,No value available
2019-01-02,-1.75065,
2019-01-03,-1.70218,
2019-01-04,-1.69674,
2019-01-05,.,No value available
2019-01-06,.,No value available
2019-01-07,-1.72249,
2019-01-08,-1.76537,
2019-01-09,-1.76060,
2019-01-10,-1.70880,
2019-01-11,-1.87310,
2019-01-12,.,No value available
2019-01-13,.,No value available
2019-01-14,-1.85312,
2019-01-15,-1.82045,
2019-01-16,-1.84493,
2019-01-17,-1.85239,
2019-01-18,-1.87467,
2019-01-19,.,No value available
2019-01-20,.,No value available
2019-01-21,-1.84138,
2019-01-22,-1.84089,
2019-01-23,-1.70865,
2019-01-24,-1.64984,
2019-01-25,-1.77749,
2019-01-26,.,No value available
2019-01-27,.,No value available
2019-01-28,-1.77611,
2019-01-29,-1.78634,
2019-01-30,-1.77925,
2019-01-31,-1.76439,
2019-02-01,-1.76069,
2019-02-02,.,No value available
2019-02-03,.,No value available
2019-02-04,-1.75285,
2019-02-05,-1.76211,
2019-02-06,-1.66969,
2019-02-07,-1.50284,
2019-02-08,-1.43724,
2019-02-09,.,No value available
2019-02-10,.,No value available
2019-02-11,-1.59357,
2019-02-12,-1.60737,
2019-02-13,-1.60737,
2019-02-14,-1.32324,
2019-02-15,-1.32324,
2019-02-16,.,No value available
2019-02-17,.,No value available
2019-02-18,-1.51680,
2019-02-19,-1.38864,
2019-02-20,-1.38864,
2019-02-21,-1.29364,
2019-02-22,-1.29364,
2019-02-23,.,No value available
2019-02-24,.,No value available
2019-02-25,-1.26344,
2019-02-26,-1.83158,
2019-02-27,-1.82289,
2019-02-28,-1.84097,
2019-03-01,-1.90713,
2019-03-02,.,No value available
2019-03-03,.,No value available
2019-03-04,-1.88641,
2019-03-05,-1.89417,
2019-03-06,-1.88302,
2019-03-07,-1.90600,
2019-03-08,-0.55073,
2019-03-09,.,No value available
2019-03-10,.,No value available
2019-03-11,-0.54516,
2019-03-12,-0.54446,
2019-03-13,-0.55553,
2019-03-14,-0.55553,
2019-03-15,-0.55624,
2019-03-16,.,No value available
2019-03-17,.,No value available
2019-03-18,-0.55624,
2019-03-19,-0.55624,
2019-03-20,-0.55561,
2019-03-21,-0.55281,
2019-03-22,-0.56555,
2019-03-23,.,No value available
2019-03-24,.,No value available
2019-03-25,-0.56555,
2019-03-26,-0.55775,
2019-03-27,-0.55687,
2019-03-28,-0.54781,
2019-03-29,-1.55286,
2019-03-30,.,No value available
2019-03-31,.,No value available
2019-04-01,-1.61861,
2019-04-02,-1.61861,
2019-04-03,-1.35713,
2019-04-04,-1.35713,
2019-04-05,-1.43848,
2019-04-06,.,No value available
2019-04-07,.,No value available
2019-04-08,-1.43848,
2019-04-09,-1.43848,
2019-04-10,-1.38047,
2019-04-11,-1.54629,
2019-04-12,-1.44103,
2019-04-13,.,No value available
2019-04-14,.,No value available
2019-04-15,-1.54712,
2019-04-16,-1.80587,
2019-04-17,-1.83548,
2019-04-18,-1.77953,
2019-04-19,.,No value available
2019-04-20,.,No value available
2019-04-21,.,No value available
2019-04-22,.,No value available
2019-04-23,-1.52277,
2019-04-24,-1.48128,
2019-04-25,-1.38912,
2019-04-26,-1.69860,
2019-04-27,.,No value available
2019-04-28,.,No value available
2019-04-29,-1.71436,
2019-04-30,-1.75350,
2019-05-01,.,No value available
2019-05-02,-1.70608,
2019-05-03,-1.73604,
2019-05-04,.,No value available
2019-05-05,.,No value available
2019-05-06,-1.72592,
2019-05-07,-1.69684,
2019-05-08,-1.68836,
2019-05-09,-1.66229,
2019-05-10,-1.69484,
2019-05-11,.,No value available
2019-05-12,.,No value available
2019-05-13,-1.67431,
2019-05-14,-1.60558,
2019-05-15,-1.60807,
2019-05-16,-1.54928,
2019-05-17,-1.55759,
2019-05-18,.,No value available
2019-05-19,.,No value available
2019-05-20,-1.57687,
2019-05-21,-1.57687,
2019-05-22,-1.61909,
2019-05-23,-1.61455,
2019-05-24,-1.61455,
2019-05-25,.,No value available
2019-05-26,.,No value available
2019-05-27,-1.56657,
2019-05-28,-1.54512,
2019-05-29,-1.54512,
2019-05-30,-1.54512,
2019-05-31,-1.50180,
2019-06-01,.,No value available
2019-06-02,.,No value available
2019-06-03,-1.48715,
2019-06-04,-1.45529,
2019-06-05,-1.45529,
2019-06-06,-1.45512,
2019-06-07,-1.39338,
2019-06-08,.,No value available
2019-06-09,.,No value available
2019-06-10,.,No value available
2019-06-11,-1.41517,
2019-06-12,-1.41517,
2019-06-13,-1.40159,
2019-06-14,-1.33178,
2019-06-15,.,No value available
2019-06-16,.,No value available
2019-06-17,-1.35209,
2019-06-18,-1.32416,
2019-06-19,-1.22685,
2019-06-20,-1.29089,
2019-06-21,-1.29089,
2019-06-22,.,No value available
2019-06-23,.,No value available
2019-06-24,-1.33952,
2019-06-25,-1.33952,
2019-06-26,-1.36575,
2019-06-27,-1.36821,
2019-06-28,-1.23719,
2019-06-29,.,No value available
2019-06-30,.,No value available
2019-07-01,-1.22526,
2019-07-02,-1.29354,
2019-07-03,-1.33027,
2019-07-04,-1.31490,
2019-07-05,-1.33515,
2019-07-06,.,No value available
2019-07-07,.,No value available
2019-07-08,-1.31298,
2019-07-09,-1.36534,
2019-07-10,-1.40188,
2019-07-11,-1.38669,
2019-07-12,-1.51486,
2019-07-13,.,No value available
2019-07-14,.,No value available
2019-07-15,-1.47239,
2019-07-16,-1.40374,
2019-07-17,-1.40062,
2019-07-18,-1.38358,
2019-07-19,-1.46219,
2019-07-20,.,No value available
2019-07-21,.,No value available
2019-07-22,-1.41937,
2019-07-23,-1.43691,
2019-07-24,-1.38273,
2019-07-25,-1.33681,
2019-07-26,-1.37748,
2019-07-27,.,No value available
2019-07-28,.,No value available
2019-07-29,-1.44502,
2019-07-30,-1.50160,
2019-07-31,-1.47406,
2019-08-01,-1.15494,
2019-08-02,-1.06556,
2019-08-03,.,No value available
2019-08-04,.,No value available
2019-08-05,-1.01393,
2019-08-06,-1.02889,
2019-08-07,-0.91363,
2019-08-08,-1.00972,
2019-08-09,-1.05193,
2019-08-10,.,No value available
2019-08-11,.,No value available
2019-08-12,-1.04670,
2019-08-13,-1.01623,
2019-08-14,-0.92345,
2019-08-15,-0.91535,
2019-08-16,-0.86876,
2019-08-17,.,No value available
2019-08-18,.,No value available
2019-08-19,-1.00893,
2019-08-20,-0.98979,
2019-08-21,-1.00730,
2019-08-22,-0.69801,
2019-08-23,-0.69696,
2019-08-24,.,No value available
2019-08-25,.,No value available
2019-08-26,-0.70301,
2019-08-27,-0.70409,
2019-08-28,-0.71899,
2019-08-29,-0.70774,
2019-08-30,-0.71136,
2019-08-31,.,No value available
2019-09-01,.,No value available
2019-09-02,-0.72267,
2019-09-03,-0.72987,
2019-09-04,-0.71924,
2019-09-05,-0.75195,
2019-09-06,-0.82710,
2019-09-07,.,No value available
2019-09-08,.,No value available
2019-09-09,-0.75460,
2019-09-10,-0.81338,
2019-09-11,-1.43010,
2019-09-12,-0.93186,
2019-09-13,-0.92053,
2019-09-14,.,No value available
2019-09-15,.,No value available
2019-09-16,-0.92504,
2019-09-17,-0.94876,
2019-09-18,-0.96056,
2019-09-19,-1.02323,
2019-09-20,-0.97297,
2019-09-21,.,No value available
2019-09-22,.,No value available
2019-09-23,-0.89225,
2019-09-24,-0.90958,
2019-09-25,-0.83637,
2019-09-26,-0.82189,
2019-09-27,-1.15329,
2019-09-28,.,No value available
2019-09-29,.,No value available
2019-09-30,-1.21913,
2019-10-01,-1.32240,
2019-10-02,-1.25355,
2019-10-03,.,No value available
2019-10-04,-0.98359,
2019-10-05,.,No value available
2019-10-06,.,No value available
2019-10-07,-0.96694,
2019-10-08,-0.98212,
2019-10-09,-1.00631,
2019-10-10,-1.02519,
2019-10-11,-1.01184,
2019-10-12,.,No value available
2019-10-13,.,No value available
2019-10-14,-1.01813,
2019-10-15,-0.99185,
2019-10-16,-1.04480,
2019-10-17,-1.09326,
2019-10-18,-1.09253,
2019-10-19,.,No value available
2019-10-20,.,No value available
2019-10-21,-1.12665,
2019-10-22,-1.15071,
2019-10-23,-0.86901,
2019-10-24,-1.10304,
2019-10-25,-1.13598,
2019-10-26,.,No value available
2019-10-27,.,No value available
2019-10-28,-1.17774,
2019-10-29,-1.16986,
2019-10-30,-1.16416,
2019-10-31,-0.86399,
2019-11-01,-1.13598,
2019-11-02,.,No value available
2019-11-03,.,No value available
2019-11-04,-1.16060,
2019-11-05,-1.19919,
2019-11-06,-1.17120,
2019-11-07,-1.16899,
2019-11-08,-1.22353,
2019-11-09,.,No value available
2019-11-10,.,No value available
2019-11-11,-1.21345,
2019-11-12,-1.26805,
2019-11-13,-1.17785,
2019-11-14,-1.15855,
2019-11-15,-1.13107,
2019-11-16,.,No value available
2019-11-17,.,No value available
2019-11-18,-1.13836,
2019-11-19,-1.13583,
2019-11-20,-1.10652,
2019-11-21,-1.16099,
2019-11-22,-1.11971,
2019-11-23,.,No value available
2019-11-24,.,No value available
2019-11-25,-1.13126,
2019-11-26,-1.13836,
2019-11-27,-1.03351,
2019-11-28,-1.00688,
2019-11-29,-1.12572,
2019-11-30,.,No value available
2019-12-01,.,No value available
2019-12-02,-1.16843,
2019-12-03,-1.19126,
2019-12-04,-1.18070,
2019-12-05,-1.20147,
2019-12-06,-1.20147,
2019-12-07,.,No value available
2019-12-08,.,No value available
2019-12-09,-1.22223,
2019-12-10,-1.25474,
2019-12-11,-1.22491,
2019-12-12,-1.23699,
2019-12-13,-1.30362,
2019-12-14,.,No value available
2019-12-15,.,No value available
2019-12-16,-1.24473,
2019-12-17,-0.89893,
2019-12-18,-0.89496,
2019-12-19,-1.34517,
2019-12-20,-1.37147,
2019-12-21,.,No value available
2019-12-22,.,No value available
2019-12-23,-1.25786,
2019-12-24,.,No value available
2019-12-25,.,No value available
2019-12-26,.,No value available
2019-12-27,-1.23748,
2019-12-28,.,No value available
2019-12-29,.,No value available
2019-12-30,-1.36514,
2019-12-31,.,No value available
2020-01-01,.,No value available
2020-01-02,-1.39679,
2020-01-03,-1.20226,
2020-01-04,.,No value available
2020-01-05,.,No value available
2020-01-06,-1.23395,
2020-01-07,-1.25160,
2020-01-08,-1.24608,
2020-01-09,-1.28388,
2020-01-10,-1.10077,
2020-01-11,.,No value available
2020-01-12,.,No value available
2020-01-13,-1.32295,
2020-01-14,-1.31369,
2020-01-15,-1.28180,
2020-01-16,-1.24316,
2020-01-17,-1.24826,
2020-01-18,.,No value available
2020-01-19,.,No value available
2020-01-20,-1.24826,
2020-01-21,-1.23381,
2020-01-22,-1.17234,
2020-01-23,-1.16983,
2020-01-24,-1.14444,
2020-01-25,.,No value available
2020-01-26,.,No value available
2020-01-27,-1.17371,
2020-01-28,-1.03282,
2020-01-29,-1.10431,
2020-01-30,-1.10053,
2020-01-31,-0.93546,
2020-02-01,.,No value available
2020-02-02,.,No value available
2020-02-03,-0.64057,
2020-02-04,-0.58786,
2020-02-05,-0.56932,
2020-02-06,-1.12418,
2020-02-07,-1.09667,
2020-02-08,.,No value available
2020-02-09,.,No value available
2020-02-10,-1.07673,
2020-02-11,-1.08216,
2020-02-12,-1.08216,
2020-02-13,-1.09158,
2020-02-14,-1.11693,
2020-02-15,.,No value available
2020-02-16,.,No value available
2020-02-17,-1.07846,
2020-02-18,-1.04972,
2020-02-19,-1.04972,
2020-02-20,-1.07110,
2020-02-21,-0.94226,
2020-02-22,.,No value available
2020-02-23,.,No value available
2020-02-24,-0.94358,
2020-02-25,-0.58991,
2020-02-26,-0.60360,
2020-02-27,-0.60653,
2020-02-28,-0.66216,
2020-02-29,.,No value available
2020-03-01,.,No value available
2020-03-02,-0.63693,
2020-03-03,-0.60738,
2020-03-04,-0.63574,
2020-03-05,-0.62058,
2020-03-06,-0.66342,
2020-03-07,.,No value available
2020-03-08,.,No value available
2020-03-09,-0.67568,
2020-03-10,-0.67801,
2020-03-11,-0.72976,
2020-03-12,-0.83264,
2020-03-13,-0.81267,
2020-03-14,.,No value available
2020-03-15,.,No value available
2020-03-16,-0.89536,
2020-03-17,-1.00417,
2020-03-18,-0.93948,
2020-03-19,-1.69458,
2020-03-20,-2.79913,
2020-03-21,.,No value available
2020-03-22,.,No value available
2020-03-23,-1.08131,
2020-03-24,-0.97312,
2020-03-25,-1.04392,
2020-03-26,-1.14968,
2020-03-27,-1.20591,
2020-03-28,.,No value available
2020-03-29,.,No value available
2020-03-30,-1.18220,
2020-03-31,-1.13464,
2020-04-01,-1.08257,
2020-04-02,-1.07284,
2020-04-03,-0.91459,
2020-04-04,.,No value available
2020-04-05,.,No value available
2020-04-06,-0.96601,
2020-04-07,-0.98491,
2020-04-08,-0.95841,
2020-04-09,-0.95553,
2020-04-10,.,No value available
2020-04-11,.,No value available
2020-04-12,.,No value available
2020-04-13,.,No value available
2020-04-14,-0.95049,
2020-04-15,-0.89217,
2020-04-16,-0.86771,
2020-04-17,-0.62974,
2020-04-18,.,No value available
2020-04-19,.,No value available
2020-04-20,-0.61240,
2020-04-21,-0.58456,
2020-04-22,-0.57694,
2020-04-23,-0.53971,
2020-04-24,-0.57727,
2020-04-25,.,No value available
2020-04-26,.,No value available
2020-04-27,-0.55671,
2020-04-28,-0.53243,
2020-04-29,-0.51299,
2020-04-30,-0.50482,
2020-05-01,.,No value available
2020-05-02,.,No value available
2020-05-03,.,No value available
2020-05-04,-0.53015,
2020-05-05,-1.08901,
2020-05-06,-1.05382,
2020-05-07,-0.97154,
2020-05-08,-0.96693,
2020-05-09,.,No value available
2020-05-10,.,No value available
2020-05-11,-0.93087,
2020-05-12,-0.87775,
2020-05-13,-0.79212,
2020-05-14,-0.77266,
2020-05-15,-0.78798,
2020-05-16,.,No value available
2020-05-17,.,No value available
2020-05-18,-0.82855,
2020-05-19,-0.85054,
2020-05-20,-0.78439,
2020-05-21,-0.48669,
2020-05-22,-0.50463,
2020-05-23,.,No value available
2020-05-24,.,No value available
2020-05-25,-0.51432,
2020-05-26,-0.59428,
2020-05-27,-0.85936,
2020-05-28,-0.84311,
2020-05-29,-0.86306,
2020-05-30,.,No value available
2020-05-31,.,No value available
2020-06-01,.,No value available
2020-06-02,-0.95473,
2020-06-03,-0.95082,
2020-06-04,-0.98673,
2020-06-05,-1.11392,
2020-06-06,.,No value available
2020-06-07,.,No value available
2020-06-08,-1.16160,
2020-06-09,-1.05419,
2020-06-10,-1.06513,
2020-06-11,-0.99552,
2020-06-12,-0.95585,
2020-06-13,.,No value available
2020-06-14,.,No value available
2020-06-15,-0.94835,
2020-06-16,-0.38385,
2020-06-17,-0.38205,
2020-06-18,-0.42799,
2020-06-19,-0.33170,
2020-06-20,.,No value available
2020-06-21,.,No value available
2020-06-22,-0.32549,
2020-06-23,-0.25454,
2020-06-24,-0.23998,
2020-06-25,-0.28202,
2020-06-26,-0.29632,
2020-06-27,.,No value available
2020-06-28,.,No value available
2020-06-29,-0.26011,
2020-06-30,-0.37865,
2020-07-01,-0.59726,
2020-07-02,-0.48959,
2020-07-03,-0.42139,
2020-07-04,.,No value available
2020-07-05,.,No value available
2020-07-06,-0.47513,
2020-07-07,-0.54843,
2020-07-08,-0.58221,
2020-07-09,-0.55884,
2020-07-10,-0.42460,
2020-07-11,.,No value available
2020-07-12,.,No value available
2020-07-13,-0.52302,
2020-07-14,-0.57644,
2020-07-15,-0.73391,
2020-07-16,-0.72569,
2020-07-17,-0.72668,
2020-07-18,.,No value available
2020-07-19,.,No value available
2020-07-20,-0.75250,
2020-07-21,-0.67142,
2020-07-22,-0.67741,
2020-07-23,-0.64561,
2020-07-24,-0.68503,
2020-07-25,.,No value available
2020-07-26,.,No value available
2020-07-27,-0.62002,
2020-07-28,-0.60557,
2020-07-29,-0.62533,
2020-07-30,-0.63253,
2020-07-31,-0.63181,
2020-08-01,.,No value available
2020-08-02,.,No value available
2020-08-03,-0.65580,
2020-08-04,-0.60211,
2020-08-05,-0.60020,
2020-08-06,-0.64937,
2020-08-07,-0.58631,
2020-08-08,.,No value available
2020-08-09,.,No value available
2020-08-10,-0.60705,
2020-08-11,-0.70988,
2020-08-12,-0.73514,
2020-08-13,-0.76598,
2020-08-14,-0.76839,
2020-08-15,.,No value available
2020-08-16,.,No value available
2020-08-17,-0.79925,
2020-08-18,-0.76435,
2020-08-19,-0.74997,
2020-08-20,-0.71496,
2020-08-21,-0.66153,
2020-08-22,.,No value available
2020-08-23,.,No value available
2020-08-24,-0.74298,
2020-08-25,-0.60344,
2020-08-26,-1.01275,
2020-08-27,-0.94593,
2020-08-28,-1.05811,
2020-08-29,.,No value available
2020-08-30,.,No value available
2020-08-31,-1.07332,
2020-09-01,-1.07082,
2020-09-02,-0.99870,
2020-09-03,-1.00479,
2020-09-04,-0.95487,
2020-09-05,.,No value available
2020-09-06,.,No value available
2020-09-07,-0.98558,
2020-09-08,-0.98430,
2020-09-09,-0.99792,
2020-09-10,-1.04168,
2020-09-11,-0.70026,
2020-09-12,.,No value available
2020-09-13,.,No value available
2020-09-14,-0.69557,
2020-09-15,-0.71094,
2020-09-16,-0.71352,
2020-09-17,-0.73269,
2020-09-18,-0.70032,
2020-09-19,.,No value available
2020-09-20,.,No value available
2020-09-21,-0.68679,
2020-09-22,-0.66409,
2020-09-23,-0.70023,
2020-09-24,-0.66437,
2020-09-25,-0.70854,
2020-09-26,.,No value available
2020-09-27,.,No value available
2020-09-28,-0.70854,
2020-09-29,-0.64197,
2020-09-30,-0.62592,
2020-10-01,-0.58183,
2020-10-02,-0.59746,
2020-10-03,.,No value available
2020-10-04,.,No value available
2020-10-05,-0.59746,
2020-10-06,-0.52791,
2020-10-07,-0.52791,
2020-10-08,-0.83185,
2020-10-09,-0.76024,
2020-10-10,.,No value available
2020-10-11,.,No value available
2020-10-12,-0.76024,
2020-10-13,-0.76024,
2020-10-14,-0.77448,
2020-10-15,-0.73564,
2020-10-16,-0.61345,
2020-10-17,.,No value available
2020-10-18,.,No value available
2020-10-19,-0.61345,
2020-10-20,-0.76073,
2020-10-21,-0.80801,
2020-10-22,-0.80801,
2020-10-23,-0.07524,
2020-10-24,.,No value available
2020-10-25,.,No value available
2020-10-26,-0.15048,
2020-10-27,-0.81191,
2020-10-28,-0.66421,
2020-10-29,-0.73991,
2020-10-30,-0.73991,
2020-10-31,.,No value available
2020-11-01,.,No value available
2020-11-02,-0.74715,
2020-11-03,-0.71894,
2020-11-04,-0.70144,
2020-11-05,-0.67380,
2020-11-06,-0.72074,
2020-11-07,.,No value available
2020-11-08,.,No value available
2020-11-09,-0.72074,
2020-11-10,-0.87589,
2020-11-11,-0.90502,
2020-11-12,-0.85955,
2020-11-13,-0.81632,
2020-11-14,.,No value available
2020-11-15,.,No value available
2020-11-16,-0.79584,
2020-11-17,-0.79584,
2020-11-18,-0.79584,
2020-11-19,-0.75786,
2020-11-20,-0.75786,
2020-11-21,.,No value available
2020-11-22,.,No value available
2020-11-23,-0.77133,
2020-11-24,-0.77133,
2020-11-25,-0.77133,
2020-11-26,-0.77133,
2020-11-27,-0.77133,
2020-11-28,.,No value available
2020-11-29,.,No value available
2020-11-30,-0.77133,
2020-12-01,-0.86734,
2020-12-02,-0.97191,
2020-12-03,-0.93305,
2020-12-04,-0.93061,
2020-12-05,.,No value available
2020-12-06,.,No value available
2020-12-07,-0.88584,
2020-12-08,-0.87107,
2020-12-09,-0.87107,
2020-12-10,-0.84609,
2020-12-11,-0.81546,
2020-12-12,.,No value available
2020-12-13,.,No value available
2020-12-14,-0.84166,
2020-12-15,-0.84166,
2020-12-16,-0.85039,
2020-12-17,-0.89149,
2020-12-18,-0.91623,
2020-12-19,.,No value available
2020-12-20,.,No value available
2020-12-21,-0.82668,
2020-12-22,-0.91756,
2020-12-23,-0.93591,
2020-12-24,.,No value available
2020-12-25,.,No value available
2020-12-26,.,No value available
2020-12-27,.,No value available
2020-12-28,-1.07077,
2020-12-29,-1.06351,
2020-12-30,-1.02398,
2020-12-31,.,No value available
2021-01-01,.,No value available
2021-01-02,.,No value available
2021-01-03,.,No value available
2021-01-04,-0.98521,
2021-01-05,-0.93252,
2021-01-06,-1.04268,
2021-01-07,-1.00572,
2021-01-08,-0.91742,
2021-01-09,.,No value available
2021-01-10,.,No value available
2021-01-11,-0.75624,
2021-01-12,-0.59245,
2021-01-13,-0.58485,
2021-01-14,-0.75883,
2021-01-15,-0.75939,
2021-01-16,.,No value available
2021-01-17,.,No value available
2021-01-18,-0.56857,
2021-01-19,-0.78236,
2021-01-20,-0.73914,
2021-01-21,-0.73914,
2021-01-22,-0.80418,
2021-01-23,.,No value available
2021-01-24,.,No value available
2021-01-25,-0.77731,
2021-01-26,-0.78244,
2021-01-27,-0.81250,
2021-01-28,-0.71046,
2021-01-29,-0.78576,
2021-01-30,.,No value available
2021-01-31,.,No value available
2021-02-01,-0.86410,
2021-02-02,-0.59511,
2021-02-03,-0.59890,
2021-02-04,-0.59890,
2021-02-05,-0.60231,
2021-02-06,.,No value available
2021-02-07,.,No value available
2021-02-08,-0.59444,
2021-02-09,-0.60493,
2021-02-10,-0.57366,
2021-02-11,-0.99235,
2021-02-12,-0.99235,
2021-02-13,.,No value available
2021-02-14,.,No value available
2021-02-15,-1.11191,
2021-02-16,-1.11191,
2021-02-17,-1.11525,
2021-02-18,-1.11525,
2021-02-19,-1.13622,
2021-02-20,.,No value available
2021-02-21,.,No value available
2021-02-22,-1.14208,
2021-02-23,-1.18742,
2021-02-24,-1.18742,
2021-02-25,-1.20476,
2021-02-26,-1.11593,
2021-02-27,.,No value available
2021-02-28,.,No value available
2021-03-01,-1.07682,
2021-03-02,-1.08555,
2021-03-03,-1.12285,
2021-03-04,-1.15745,
2021-03-05,-1.15745,
2021-03-06,.,No value available
2021-03-07,.,No value available
2021-03-08,-1.15745,
2021-03-09,-1.10868,
2021-03-10,-0.82262,
2021-03-11,-1.16123,
2021-03-12,-1.14807,
2021-03-13,.,No value available
2021-03-14,.,No value available
2021-03-15,-1.14807,
2021-03-16,-1.13969,
2021-03-17,-1.16435,
2021-03-18,-1.24706,
2021-03-19,-1.22123,
2021-03-20,.,No value available
2021-03-21,.,No value available
2021-03-22,-1.23818,
2021-03-23,-1.21844,
2021-03-24,-0.80812,
2021-03-25,-0.80812,
2021-03-26,-0.80812,
2021-03-27,.,No value available
2021-03-28,.,No value available
2021-03-29,-0.83541,
2021-03-30,-0.87569,
2021-03-31,-0.87569,
2021-04-01,-0.67896,
2021-04-02,.,No value available
2021-04-03,.,No value available
2021-04-04,.,No value available
2021-04-05,.,No value available
2021-04-06,-0.67896,
2021-04-07,-0.67037,
2021-04-08,-0.67037,
2021-04-09,-0.67981,
2021-04-10,.,No value available
2021-04-11,.,No value available
2021-04-12,-0.76965,
2021-04-13,-0.78328,
2021-04-14,-0.78328,
2021-04-15,-0.84088,
2021-04-16,-0.84088,
2021-04-17,.,No value available
2021-04-18,.,No value available
2021-04-19,-0.84088,
2021-04-20,-0.87446,
2021-04-21,-0.87882,
2021-04-22,-0.84841,
2021-04-23,-0.84841,
2021-04-24,.,No value available
2021-04-25,.,No value available
2021-04-26,-0.86038,
2021-04-27,-0.86038,
2021-04-28,-0.96295,
2021-04-29,-0.96295,
2021-04-30,-0.99416,
2021-05-01,.,No value available
2021-05-02,.,No value available
2021-05-03,-1.00516,
2021-05-04,-1.01039,
2021-05-05,-0.98455,
2021-05-06,-0.98455,
2021-05-07,-0.98455,
2021-05-08,.,No value available
2021-05-09,.,No value available
2021-05-10,-1.03052,
2021-05-11,-0.85191,
2021-05-12,-1.04833,
2021-05-13,-1.15356,
2021-05-14,-1.09929,
2021-05-15,.,No value available
2021-05-16,.,No value available
2021-05-17,-1.09929,
2021-05-18,-0.98179,
2021-05-19,-1.03904,
2021-05-20,-1.11735,
2021-05-21,-0.99804,
2021-05-22,.,No value available
2021-05-23,.,No value available
2021-05-24,.,No value available
2021-05-25,-0.99532,
2021-05-26,-0.99264,
2021-05-27,-0.94327,
2021-05-28,-0.97762,
2021-05-29,.,No value available
2021-05-30,.,No value available
2021-05-31,-1.40240,
2021-06-01,-1.36818,
2021-06-02,-1.36818,
2021-06-03,-1.36818,
2021-06-04,-1.36012,
2021-06-05,.,No value available
2021-06-06,.,No value available
2021-06-07,-1.35688,
2021-06-08,-1.32379,
2021-06-09,-1.31647,
2021-06-10,-1.31807,
2021-06-11,-0.62997,
2021-06-12,.,No value available
2021-06-13,.,No value available
2021-06-14,-0.69391,
2021-06-15,-0.65539,
2021-06-16,-0.65731,
2021-06-17,-0.71519,
2021-06-18,-0.65814,
2021-06-19,.,No value available
2021-06-20,.,No value available
2021-06-21,-0.67898,
2021-06-22,-0.78974,
2021-06-23,-0.82496,
2021-06-24,-0.81172,
2021-06-25,-0.87088,
2021-06-26,.,No value available
2021-06-27,.,No value available
2021-06-28,-0.90401,
2021-06-29,-1.30137,
2021-06-30,-1.29686,
2021-07-01,-1.29470,
2021-07-02,-1.27257,
2021-07-03,.,No value available
2021-07-04,.,No value available
2021-07-05,-1.29426,
2021-07-06,-1.27873,
2021-07-07,-1.19757,
2021-07-08,-1.13177,
2021-07-09,-1.15521,
2021-07-10,.,No value available
2021-07-11,.,No value available
2021-07-12,-1.17077,
2021-07-13,-1.19774,
2021-07-14,-1.19812,
2021-07-15,-1.14022,
2021-07-16,-1.12354,
2021-07-17,.,No value available
2021-07-18,.,No value available
2021-07-19,-1.07260,
2021-07-20,-1.01136,
2021-07-21,-1.02645,
2021-07-22,-1.05075,
2021-07-23,-1.05205,
2021-07-24,.,No value available
2021-07-25,.,No value available
2021-07-26,-1.02472,
2021-07-27,-1.01410,
2021-07-28,-1.02272,
2021-07-29,-1.03074,
2021-07-30,-1.01901,
2021-07-31,.,No value available
2021-08-01,.,No value available
2021-08-02,-1.00162,
2021-08-03,-0.96359,
2021-08-04,-0.91190,
2021-08-05,-0.87428,
2021-08-06,-0.87066,
2021-08-07,.,No value available
2021-08-08,.,No value available
2021-08-09,-0.60718,
2021-08-10,-0.60436,
2021-08-11,-0.60840,
2021-08-12,-0.61936,
2021-08-13,-0.61716,
2021-08-14,.,No value available
2021-08-15,.,No value available
2021-08-16,-0.61690,
2021-08-17,-0.61964,
2021-08-18,-0.62645,
2021-08-19,-0.90038,
2021-08-20,-0.90243,
2021-08-21,.,No value available
2021-08-22,.,No value available
2021-08-23,-0.94828,
2021-08-24,-0.92687,
2021-08-25,-0.95699,
2021-08-26,-1.02204,
2021-08-27,-1.02021,
2021-08-28,.,No value available
2021-08-29,.,No value available
2021-08-30,-1.00464,
2021-08-31,-1.01653,
2021-09-01,-1.08546,
2021-09-02,-0.61582,
2021-09-03,-0.64102,
2021-09-04,.,No value available
2021-09-05,.,No value available
2021-09-06,-1.12752,
2021-09-07,-1.16076,
2021-09-08,-1.13616,
2021-09-09,-1.14783,
2021-09-10,-1.13999,
2021-09-11,.,No value available
2021-09-12,.,No value available
2021-09-13,-1.15394,
2021-09-14,-1.17896,
2021-09-15,-1.15161,
2021-09-16,-1.19373,
2021-09-17,-1.18310,
2021-09-18,.,No value available
2021-09-19,.,No value available
2021-09-20,-1.16388,
2021-09-21,-1.16992,
2021-09-22,-1.15800,
2021-09-23,-1.14742,
2021-09-24,-1.24521,
2021-09-25,.,No value available
2021-09-26,.,No value available
2021-09-27,-1.07464,
2021-09-28,-1.07160,
2021-09-29,-1.04533,
2021-09-30,-1.03516,
2021-10-01,-1.00856,
2021-10-02,.,No value available
2021-10-03,.,No value available
2021-10-04,-1.03001,
2021-10-05,-1.28531,
2021-10-06,-1.31869,
2021-10-07,-1.35327,
2021-10-08,-1.36498,
2021-10-09,.,No value available
2021-10-10,.,No value available
2021-10-11,-1.08330,
2021-10-12,-1.15026,
2021-10-13,-1.13182,
2021-10-14,-1.08407,
2021-10-15,-1.08840,
2021-10-16,.,No value available
2021-10-17,.,No value available
2021-10-18,-1.22796,
2021-10-19,-1.22292,
2021-10-20,-1.21500,
2021-10-21,-1.22962,
2021-10-22,-1.21477,
2021-10-23,.,No value available
2021-10-24,.,No value available
2021-10-25,-1.23080,
2021-10-26,-1.28556,
2021-10-27,-1.27612,
2021-10-28,-1.05179,
2021-10-29,-1.08385,
2021-10-30,.,No value available
2021-10-31,.,No value available
2021-11-01,-1.09515,
2021-11-02,-1.13050,
2021-11-03,-1.18236,
2021-11-04,-1.19799,
2021-11-05,-1.14991,
2021-11-06,.,No value available
2021-11-07,.,No value available
2021-11-08,-1.18557,
2021-11-09,-1.26475,
2021-11-10,-1.19398,
2021-11-11,-1.31141,
2021-11-12,-1.39264,
2021-11-13,.,No value available
2021-11-14,.,No value available
2021-11-15,-1.39294,
2021-11-16,-1.49000,
2021-11-17,-1.55497,
2021-11-18,-1.52076,
2021-11-19,-1.50185,
2021-11-20,.,No value available
2021-11-21,.,No value available
2021-11-22,-1.59214,
2021-11-23,-1.63556,
2021-11-24,-1.69267,
2021-11-25,-1.53465,
2021-11-26,-1.40579,
2021-11-27,.,No value available
2021-11-28,.,No value available
2021-11-29,-1.40399,
2021-11-30,-1.23206,
2021-12-01,-1.22765,
2021-12-02,-1.22860,
2021-12-03,-1.14255,
2021-12-04,.,No value available
2021-12-05,.,No value available
2021-12-06,-1.12207,
2021-12-07,-1.03589,
2021-12-08,-1.08505,
2021-12-09,-1.10608,
2021-12-10,-1.15162,
2021-12-11,.,No value available
2021-12-12,.,No value available
2021-12-13,-1.08562,
2021-12-14,-1.07830,
2021-12-15,-1.08887,
2021-12-16,-1.05818,
2021-12-17,-1.03965,
2021-12-18,.,No value available
2021-12-19,.,No value available
2021-12-20,-1.04564,
2021-12-21,-1.14026,
2021-12-22,-1.19900,
2021-12-23,-1.12536,
2021-12-24,.,No value available
2021-12-25,.,No value available
2021-12-26,.,No value available
2021-12-27,-1.07615,
2021-12-28,-1.06270,
2021-12-29,-1.14029,
2021-12-30,-1.10840,
2021-12-31,.,No value available
2022-01-01,.,No value available
2022-01-02,.,No value available
2022-01-03,-1.09787,
2022-01-04,-1.11947,
2022-01-05,-1.11009,
2022-01-06,-1.51124,
2022-01-07,-2.91418,
2022-01-08,.,No value available
2022-01-09,.,No value available
2022-01-10,-2.93413,
2022-01-11,-1.44081,
2022-01-12,-1.46135,
2022-01-13,-2.83540,
2022-01-14,-2.72312,
2022-01-15,.,No value available
2022-01-16,.,No value available
2022-01-17,-2.93089,
2022-01-18,-2.96744,
2022-01-19,-2.99768,
2022-01-20,-2.90106,
2022-01-21,-1.84017,
2022-01-22,.,No value available
2022-01-23,.,No value available
2022-01-24,-1.69825,
2022-01-25,-2.36444,
2022-01-26,-1.47464,
2022-01-27,-1.48650,
2022-01-28,-1.26730,
2022-01-29,.,No value available
2022-01-30,.,No value available
2022-01-31,-1.01974,
2022-02-01,-0.98583,
2022-02-02,-1.03567,
2022-02-03,-0.99064,
2022-02-04,-1.12835,
2022-02-05,.,No value available
2022-02-06,.,No value available
2022-02-07,-1.14107,
2022-02-08,-1.14388,
2022-02-09,-1.23188,
2022-02-10,-1.29073,
2022-02-11,-1.31756,
2022-02-12,.,No value available
2022-02-13,.,No value available
2022-02-14,-1.03223,
2022-02-15,-1.16346,
2022-02-16,-1.20540,
2022-02-17,-1.24983,
2022-02-18,-1.17171,
2022-02-19,.,No value available
2022-02-20,.,No value available
2022-02-21,-1.20610,
2022-02-22,-1.18156,
2022-02-23,-1.24351,
2022-02-24,-1.15203,
2022-02-25,-1.23387,
2022-02-26,.,No value available
2022-02-27,.,No value available
2022-02-28,-1.26876,
2022-03-01,-1.10809,
2022-03-02,-1.04788,
2022-03-03,-1.11523,
2022-03-04,-1.03324,
2022-03-05,.,No value available
2022-03-06,.,No value available
2022-03-07,-1.04310,
2022-03-08,-1.12006,
2022-03-09,-1.96163,
2022-03-10,-1.71686,
2022-03-11,-1.71813,
2022-03-12,.,No value available
2022-03-13,.,No value available
2022-03-14,-1.20357,
2022-03-15,-1.25526,
2022-03-16,-1.26671,
2022-03-17,-1.20644,
2022-03-18,-1.23777,
2022-03-19,.,No value available
2022-03-20,.,No value available
2022-03-21,-1.27793,
2022-03-22,-1.29526,
2022-03-23,-1.27870,
2022-03-24,-1.28023,
2022-03-25,-1.23244,
2022-03-26,.,No value available
2022-03-27,.,No value available
2022-03-28,-1.06608,
2022-03-29,-1.13098,
2022-03-30,-1.24859,
2022-03-31,-0.93205,
2022-04-01,-1.04354,
2022-04-02,.,No value available
2022-04-03,.,No value available
2022-04-04,-1.21099,
2022-04-05,-4.21050,
2022-04-06,-4.45713,
2022-04-07,-1.32544,
2022-04-08,-1.32952,
2022-04-09,.,No value available
2022-04-10,.,No value available
2022-04-11,-1.26808,
2022-04-12,-5.12659,
2022-04-13,-3.64283,
2022-04-14,-1.03972,
2022-04-15,.,No value available
2022-04-16,.,No value available
2022-04-17,.,No value available
2022-04-18,.,No value available
2022-04-19,-1.52048,
2022-04-20,-1.69931,
2022-04-21,-1.55787,
2022-04-22,-1.44758,
2022-04-23,.,No value available
2022-04-24,.,No value available
2022-04-25,-1.43990,
2022-04-26,-1.61843,
2022-04-27,-2.41578,
2022-04-28,-2.32001,
2022-04-29,-2.55804,
2022-04-30,.,No value available
2022-05-01,.,No value available
2022-05-02,-2.27629,
2022-05-03,-1.88759,
2022-05-04,-1.89118,
2022-05-05,-1.97963,
2022-05-06,-1.98252,
2022-05-07,.,No value available
2022-05-08,.,No value available
2022-05-09,-2.18425,
2022-05-10,-1.39197,
2022-05-11,-0.84821,
2022-05-12,-0.80590,
2022-05-13,-0.81601,
2022-05-14,.,No value available
2022-05-15,.,No value available
2022-05-16,-0.83096,
2022-05-17,-0.84890,
2022-05-18,-0.88366,
2022-05-19,-0.87782,
2022-05-20,-0.85544,
2022-05-21,.,No value available
2022-05-22,.,No value available
2022-05-23,-0.86646,
2022-05-24,-0.86890,
2022-05-25,-0.85766,
2022-05-26,-0.82566,
2022-05-27,-0.83407,
2022-05-28,.,No value available
2022-05-29,.,No value available
2022-05-30,-0.84181,
2022-05-31,-0.83564,
2022-06-01,-0.83455,
2022-06-02,-0.83411,
2022-06-03,-0.83501,
2022-06-04,.,No value available
2022-06-05,.,No value available
2022-06-06,-0.86153,
2022-06-07,-0.82198,
2022-06-08,-0.83075,
2022-06-09,-0.83849,
2022-06-10,-0.93937,
2022-06-11,.,No value available
2022-06-12,.,No value available
2022-06-13,-1.00423,
2022-06-14,-0.99326,
2022-06-15,-0.93468,
2022-06-16,-0.90726,
2022-06-17,-0.94365,
2022-06-18,.,No value available
2022-06-19,.,No value available
2022-06-20,-0.86560,
2022-06-21,-0.93375,
2022-06-22,-0.95400,
2022-06-23,-0.89327,
2022-06-24,-0.89367,
2022-06-25,.,No value available
2022-06-26,.,No value available
2022-06-27,-0.79893,
2022-06-28,-0.92809,
2022-06-29,-0.90028,
2022-06-30,-0.92518,
2022-07-01,-0.98557,
2022-07-02,.,No value available
2022-07-03,.,No value available
2022-07-04,-0.84845,
2022-07-05,-0.84310,
2022-07-06,-3.18610,
2022-07-07,-0.36355,
2022-07-08,-0.30260,
2022-07-09,.,No value available
2022-07-10,.,No value available
2022-07-11,-0.27906,
2022-07-12,-0.19260,
2022-07-13,-0.25529,
2022-07-14,-0.16000,
2022-07-15,-0.13973,
2022-07-16,.,No value available
2022-07-17,.,No value available
2022-07-18,-0.24470,
2022-07-19,-0.20066,
2022-07-20,-0.22051,
2022-07-21,-0.23227,
2022-07-22,-0.09129,
2022-07-23,.,No value available
2022-07-24,.,No value available
2022-07-25,-0.16864,
2022-07-26,-0.15020,
2022-07-27,-0.20955,
2022-07-28,-0.24917,
2022-07-29,-0.32220,
2022-07-30,.,No value available
2022-07-31,.,No value available
2022-08-01,-0.34376,
2022-08-02,-0.53231,
2022-08-03,-0.25242,
2022-08-04,-0.26626,
2022-08-05,-0.31995,
2022-08-06,.,No value available
2022-08-07,.,No value available
2022-08-08,-0.24701,
2022-08-09,-0.28530,
2022-08-10,-0.30586,
2022-08-11,-0.27284,
2022-08-12,-0.27135,
2022-08-13,.,No value available
2022-08-14,.,No value available
2022-08-15,-0.21799,
2022-08-16,-0.21244,
2022-08-17,-0.09901,
2022-08-18,-0.06963,
2022-08-19,-0.04679,
2022-08-20,.,No value available
2022-08-21,.,No value available
2022-08-22,-0.00296,
2022-08-23,-0.08288,
2022-08-24,-0.16968,
2022-08-25,-0.24026,
2022-08-26,-0.30088,
2022-08-27,.,No value available
2022-08-28,.,No value available
2022-08-29,-0.52060,
2022-08-30,-0.64542,
2022-08-31,-0.72682,
2022-09-01,-0.89038,
2022-09-02,-0.50955,
2022-09-03,.,No value available
2022-09-04,.,No value available
2022-09-05,-0.43858,
2022-09-06,-0.25375,
2022-09-07,-0.28891,
2022-09-08,-0.07671,
2022-09-09,0.15423,
2022-09-10,.,No value available
2022-09-11,.,No value available
2022-09-12,0.11257,
2022-09-13,0.31930,
2022-09-14,0.31923,
2022-09-15,0.26854,
2022-09-16,0.22309,
2022-09-17,.,No value available
2022-09-18,.,No value available
2022-09-19,0.15469,
2022-09-20,0.21301,
2022-09-21,-6.90222,
2022-09-22,-4.92219,
2022-09-23,-4.29990,
2022-09-24,.,No value available
2022-09-25,.,No value available
2022-09-26,-3.86401,
2022-09-27,-5.46067,
2022-09-28,-6.19386,
2022-09-29,-6.90794,
2022-09-30,-8.76121,
2022-10-01,.,No value available
2022-10-02,.,No value available
2022-10-03,-5.56934,
2022-10-04,-3.58576,
2022-10-05,-2.92146,
2022-10-06,-3.21662,
2022-10-07,-3.35426,
2022-10-08,.,No value available
2022-10-09,.,No value available
2022-10-10,-3.39303,
2022-10-11,-2.98075,
2022-10-12,-2.64249,
2022-10-13,-2.48187,
2022-10-14,-2.31214,
2022-10-15,.,No value available
2022-10-16,.,No value available
2022-10-17,-2.19203,
2022-10-18,-2.13826,
2022-10-19,-1.86285,
2022-10-20,-1.76041,
2022-10-21,-2.51121,
2022-10-22,.,No value available
2022-10-23,.,No value available
2022-10-24,-2.16767,
2022-10-25,-1.83757,
2022-10-26,-2.03009,
2022-10-27,-1.88125,
2022-10-28,-1.85250,
2022-10-29,.,No value available
2022-10-30,.,No value available
2022-10-31,-1.89789,
2022-11-01,-1.37491,
2022-11-02,-1.25590,
2022-11-03,-1.33872,
2022-11-04,-1.17776,
2022-11-05,.,No value available
2022-11-06,.,No value available
2022-11-07,-1.00952,
2022-11-08,-2.14420,
2022-11-09,-2.10013,
2022-11-10,-2.00011,
2022-11-11,-0.85551,
2022-11-12,.,No value available
2022-11-13,.,No value available
2022-11-14,-1.29760,
2022-11-15,-1.29950,
2022-11-16,-0.83152,
2022-11-17,-0.33310,
2022-11-18,-0.52704,
2022-11-19,.,No value available
2022-11-20,.,No value available
2022-11-21,-0.46199,
2022-11-22,-0.17698,
2022-11-23,-0.00382,
2022-11-24,0.00008,
2022-11-25,0.00008,
2022-11-26,.,No value available
2022-11-27,.,No value available
2022-11-28,-0.00004,
2022-11-29,-0.00004,
2022-11-30,0.00010,
2022-12-01,0.00021,
2022-12-02,0.68151,
2022-12-03,.,No value available
2022-12-04,.,No value available
2022-12-05,0.63595,
2022-12-06,0.67346,
2022-12-07,0.85157,
2022-12-08,0.91886,
2022-12-09,0.99191,
2022-12-10,.,No value available
2022-12-11,.,No value available
2022-12-12,1.08004,
2022-12-13,0.97700,
2022-12-14,0.79734,
2022-12-15,1.04934,
2022-12-16,0.34125,
2022-12-17,.,No value available
2022-12-18,.,No value available
2022-12-19,0.47619,
2022-12-20,0.58672,
2022-12-21,0.62469,
2022-12-22,0.71562,
2022-12-23,0.70779,
2022-12-24,.,No value available
2022-12-25,.,No value available
2022-12-26,.,No value available
2022-12-27,0.61716,
2022-12-28,0.34485,
2022-12-29,0.60974,
2022-12-30,0.08032,
2022-12-31,.,No value available
2023-01-01,.,No value available
2023-01-02,0.21198,
2023-01-03,0.13706,
2023-01-04,0.13560,
2023-01-05,0.68062,
2023-01-06,0.58228,
2023-01-07,.,No value available
2023-01-08,.,No value available
2023-01-09,0.85582,
2023-01-10,1.11839,
2023-01-11,0.89794,
2023-01-12,1.59174,
2023-01-13,1.62822,
2023-01-14,.,No value available
2023-01-15,.,No value available
2023-01-16,1.53146,
2023-01-17,1.28469,
2023-01-18,1.54209,
2023-01-19,1.81663,
2023-01-20,1.79689,
2023-01-21,.,No value available
2023-01-22,.,No value available
2023-01-23,1.85077,
2023-01-24,1.93369,
2023-01-25,1.95251,
2023-01-26,1.82664,
2023-01-27,1.71714,
2023-01-28,.,No value available
2023-01-29,.,No value available
2023-01-30,1.43150,
2023-01-31,1.53521,
2023-02-01,1.82148,
2023-02-02,1.78752,
2023-02-03,1.82785,
2023-02-04,.,No value available
2023-02-05,.,No value available
2023-02-06,1.54549,
2023-02-07,1.33399,
2023-02-08,1.52781,
2023-02-09,1.58214,
2023-02-10,1.46002,
2023-02-11,.,No value available
2023-02-12,.,No value available
2023-02-13,1.58721,
2023-02-14,1.63551,
2023-02-15,1.69070,
2023-02-16,1.97674,
2023-02-17,1.65924,
2023-02-18,.,No value available
2023-02-19,.,No value available
2023-02-20,1.94360,
2023-02-21,1.60063,
2023-02-22,1.57848,
2023-02-23,1.37927,
2023-02-24,1.65291,
2023-02-25,.,No value available
2023-02-26,.,No value available
2023-02-27,1.52880,
2023-02-28,1.59396,
2023-03-01,1.52195,
2023-03-02,1.23777,
2023-03-03,1.53730,
2023-03-04,.,No value available
2023-03-05,.,No value available
2023-03-06,1.56431,
2023-03-07,1.50859,
2023-03-08,1.69576,
2023-03-09,1.57782,
2023-03-10,1.99260,
2023-03-11,.,No value available
2023-03-12,.,No value available
2023-03-13,1.96417,
2023-03-14,0.96663,
2023-03-15,1.73795,
2023-03-16,2.20463,
2023-03-17,2.34360,
2023-03-18,.,No value available
2023-03-19,.,No value available
2023-03-20,2.58747,
2023-03-21,2.56467,
2023-03-22,2.65917,
2023-03-23,2.69261,
2023-03-24,2.01096,
2023-03-25,.,No value available
2023-03-26,.,No value available
2023-03-27,2.68853,
2023-03-28,2.61345,
2023-03-29,2.60017,
2023-03-30,2.58117,
2023-03-31,2.65802,
2023-04-01,.,No value available
2023-04-02,.,No value available
2023-04-03,2.64467,
2023-04-04,2.68802,
2023-04-05,2.69036,
2023-04-06,2.74207,
2023-04-07,.,No value available
2023-04-08,.,No value available
2023-04-09,.,No value available
2023-04-10,.,No value available
2023-04-11,2.73289,
2023-04-12,2.76411,
2023-04-13,2.72155,
2023-04-14,2.74274,
2023-04-15,.,No value available
2023-04-16,.,No value available
2023-04-17,0.12489,
2023-04-18,0.05986,
2023-04-19,0.05698,
2023-04-20,0.12645,
2023-04-21,0.13370,
2023-04-22,.,No value available
2023-04-23,.,No value available
2023-04-24,0.13960,
2023-04-25,0.13917,
2023-04-26,0.30197,
2023-04-27,0.20707,
2023-04-28,0.16827,
2023-04-29,.,No value available
2023-04-30,.,No value available
2023-05-01,.,No value available
2023-05-02,0.17949,
2023-05-03,0.28338,
2023-05-04,0.31238,
2023-05-05,2.75593,
2023-05-06,.,No value available
2023-05-07,.,No value available
2023-05-08,2.69919,
2023-05-09,2.70091,
2023-05-10,2.69838,
2023-05-11,0.25887,
2023-05-12,0.47057,
2023-05-13,.,No value available
2023-05-14,.,No value available
2023-05-15,2.64148,
2023-05-16,2.76426,
2023-05-17,2.76166,
2023-05-18,2.69831,
2023-05-19,2.63177,
2023-05-20,.,No value available
2023-05-21,.,No value available
2023-05-22,2.67190,
2023-05-23,2.61892,
2023-05-24,2.67084,
2023-05-25,2.67301,
2023-05-26,2.65260,
2023-05-27,.,No value available
2023-05-28,.,No value available
2023-05-29,2.74466,
2023-05-30,0.25064,
2023-05-31,2.86485,
2023-06-01,2.90354,
2023-06-02,2.92878,
2023-06-03,.,No value available
2023-06-04,.,No value available
2023-06-05,0.38005,
2023-06-06,0.46700,
2023-06-07,0.47642,
2023-06-08,0.38686,
2023-06-09,0.43489,
2023-06-10,.,No value available
2023-06-11,.,No value available
2023-06-12,0.52827,
2023-06-13,0.53350,
2023-06-14,3.03751,
2023-06-15,3.03635,
2023-06-16,3.12242,
2023-06-17,.,No value available
2023-06-18,.,No value available
2023-06-19,0.63973,
2023-06-20,0.66581,
2023-06-21,0.77640,
2023-06-22,0.78569,
2023-06-23,0.89809,
2023-06-24,.,No value available
2023-06-25,.,No value available
2023-06-26,0.92507,
2023-06-27,0.94168,
2023-06-28,0.93291,
2023-06-29,0.93909,
2023-06-30,0.86711,
2023-07-01,.,No value available
2023-07-02,.,No value available
2023-07-03,0.95645,
2023-07-04,0.84106,
2023-07-05,0.89342,
2023-07-06,0.75483,
2023-07-07,0.67443,
2023-07-08,.,No value available
2023-07-09,.,No value available
2023-07-10,0.63046,
2023-07-11,0.72794,
2023-07-12,0.65298,
2023-07-13,0.80190,
2023-07-14,0.79593,
2023-07-15,.,No value available
2023-07-16,.,No value available
2023-07-17,2.88216,
2023-07-18,2.97106,
2023-07-19,3.04513,
2023-07-20,2.91757,
2023-07-21,2.89765,
2023-07-22,.,No value available
2023-07-23,.,No value available
2023-07-24,2.97913,
2023-07-25,2.90656,
2023-07-26,2.87516,
2023-07-27,2.75144,
2023-07-28,2.75195,
2023-07-29,.,No value available
2023-07-30,.,No value available
2023-07-31,2.67249,
2023-08-01,2.72388,
2023-08-02,2.66809,
2023-08-03,2.62932,
2023-08-04,2.63930,
2023-08-05,.,No value available
2023-08-06,.,No value available
2023-08-07,2.57416,
2023-08-08,2.68860,
2023-08-09,2.70983,
2023-08-10,2.67898,
2023-08-11,2.56288,
2023-08-12,.,No value available
2023-08-13,.,No value available
2023-08-14,2.52834,
2023-08-15,2.43113,
2023-08-16,2.40605,
2023-08-17,2.44218,
2023-08-18,2.52825,
2023-08-19,.,No value available
2023-08-20,.,No value available
2023-08-21,2.43894,
2023-08-22,2.43919,
2023-08-23,2.49137,
2023-08-24,2.62854,
2023-08-25,2.59791,
2023-08-26,.,No value available
2023-08-27,.,No value available
2023-08-28,2.58909,
2023-08-29,2.54459,
2023-08-30,2.57581,
2023-08-31,2.66810,
2023-09-01,2.72372,
2023-09-02,.,No value available
2023-09-03,.,No value available
2023-09-04,2.56701,
2023-09-05,2.53437,
2023-09-06,2.49137,
2023-09-07,2.50297,
2023-09-08,2.55248,
2023-09-09,.,No value available
2023-09-10,.,No value available
2023-09-11,2.56293,
2023-09-12,2.59986,
2023-09-13,2.10659,
2023-09-14,2.34855,
2023-09-15,2.48544,
2023-09-16,.,No value available
2023-09-17,.,No value available
2023-09-18,2.41651,
2023-09-19,2.50366,
2023-09-20,2.37711,
2023-09-21,2.50580,
2023-09-22,2.41145,
2023-09-23,.,No value available
2023-09-24,.,No value available
2023-09-25,2.23245,
2023-09-26,2.24302,
2023-09-27,2.24892,
2023-09-28,1.71056,
2023-09-29,1.84837,
2023-09-30,.,No value available
2023-10-01,.,No value available
2023-10-02,2.14546,
2023-10-03,2.25513,
2023-10-04,2.22281,
2023-10-05,2.26578,
2023-10-06,2.22197,
2023-10-07,.,No value available
2023-10-08,.,No value available
2023-10-09,2.33682,
2023-10-10,2.38005,
2023-10-11,2.57661,
2023-10-12,2.55659,
2023-10-13,2.55812,
2023-10-14,.,No value available
2023-10-15,.,No value available
2023-10-16,2.44017,
2023-10-17,2.42723,
2023-10-18,2.31166,
2023-10-19,2.27339,
2023-10-20,2.22302,
2023-10-21,.,No value available
2023-10-22,.,No value available
2023-10-23,2.13480,
2023-10-24,2.35830,
2023-10-25,2.23814,
2023-10-26,2.24739,
2023-10-27,2.21443,
2023-10-28,.,No value available
2023-10-29,.,No value available
2023-10-30,2.17890,
2023-10-31,2.27075,
2023-11-01,2.13005,
2023-11-02,2.37586,
2023-11-03,2.38900,
2023-11-04,.,No value available
2023-11-05,.,No value available
2023-11-06,2.43285,
2023-11-07,2.53880,
2023-11-08,2.67348,
2023-11-09,2.67236,
2023-11-10,2.59860,
2023-11-11,.,No value available
2023-11-12,.,No value available
2023-11-13,2.69191,
2023-11-14,2.70742,
2023-11-15,2.77934,
2023-11-16,2.57845,
2023-11-17,2.37027,
2023-11-18,.,No value available
2023-11-19,.,No value available
2023-11-20,2.47312,
2023-11-21,2.47918,
2023-11-22,2.62090,
2023-11-23,2.47537,
2023-11-24,2.47565,
2023-11-25,.,No value available
2023-11-26,.,No value available
2023-11-27,2.51025,
2023-11-28,2.36404,
2023-11-29,2.18122,
2023-11-30,1.97221,
2023-12-01,2.59808,
2023-12-02,.,No value available
2023-12-03,.,No value available
2023-12-04,3.46253,
2023-12-05,3.56140,
2023-12-06,3.68284,
2023-12-07,3.74876,
2023-12-08,3.19858,
2023-12-09,.,No value available
2023-12-10,.,No value available
2023-12-11,3.40557,
2023-12-12,3.20393,
2023-12-13,3.61645,
2023-12-14,3.84497,
2023-12-15,3.90867,
2023-12-16,.,No value available
2023-12-17,.,No value available
2023-12-18,3.99136,
2023-12-19,3.94200,
2023-12-20,4.02096,
2023-12-21,4.01316,
2023-12-22,4.02319,
2023-12-23,.,No value available
2023-12-24,.,No value available
2023-12-25,.,No value available
2023-12-26,.,No value available
2023-12-27,4.00937,
2023-12-28,4.01780,
2023-12-29,3.90830,
2023-12-30,.,No value available
2023-12-31,.,No value available
2024-01-01,.,No value available
2024-01-02,3.84303,
2024-01-03,3.93859,
2024-01-04,3.93372,
2024-01-05,3.89935,
2024-01-06,.,No value available
2024-01-07,.,No value available
2024-01-08,3.86666,
2024-01-09,3.83673,
2024-01-10,3.87167,
2024-01-11,3.83261,
2024-01-12,3.89373,
2024-01-13,.,No value available
2024-01-14,.,No value available
2024-01-15,3.85764,
2024-01-16,3.87891,
2024-01-17,3.90742,
2024-01-18,3.86352,
2024-01-19,3.83737,
2024-01-20,.,No value available
2024-01-21,.,No value available
2024-01-22,3.86963,
2024-01-23,3.85279,
2024-01-24,3.80832,
2024-01-25,3.75678,
2024-01-26,3.82488,
2024-01-27,.,No value available
2024-01-28,.,No value available
2024-01-29,3.84798,
2024-01-30,3.80946,
2024-01-31,3.83197,
2024-02-01,3.79579,
2024-02-02,3.87804,
2024-02-03,.,No value available
2024-02-04,.,No value available
2024-02-05,3.75959,
2024-02-06,3.70526,
2024-02-07,3.67607,
2024-02-08,3.65868,
2024-02-09,3.60019,
2024-02-10,.,No value available
2024-02-11,.,No value available
2024-02-12,3.64269,
2024-02-13,3.64781,
2024-02-14,3.67068,
2024-02-15,3.73002,
2024-02-16,3.63183,
2024-02-17,.,No value available
2024-02-18,.,No value available
2024-02-19,3.62134,
2024-02-20,3.62645,
2024-02-21,3.62802,
2024-02-22,3.56394,
2024-02-23,3.50892,
2024-02-24,.,No value available
2024-02-25,.,No value available
2024-02-26,3.63687,
2024-02-27,3.45170,
2024-02-28,3.50149,
2024-02-29,2.83104,
2024-03-01,3.58668,
2024-03-02,.,No value available
2024-03-03,.,No value available
2024-03-04,3.65631,
2024-03-05,3.63760,
2024-03-06,3.25396,
2024-03-07,3.74728,
2024-03-08,3.75767,
2024-03-09,.,No value available
2024-03-10,.,No value available
2024-03-11,3.75792,
2024-03-12,3.74518,
2024-03-13,3.79186,
2024-03-14,3.65028,
2024-03-15,3.56884,
2024-03-16,.,No value available
2024-03-17,.,No value available
2024-03-18,3.54944,
2024-03-19,3.55066,
2024-03-20,2.81029,
2024-03-21,3.48270,
2024-03-22,3.34660,
2024-03-23,.,No value available
2024-03-24,.,No value available
2024-03-25,3.57195,
2024-03-26,3.56393,
2024-03-27,3.28544,
2024-03-28,2.76708,
2024-03-29,.,No value available
2024-03-30,.,No value available
2024-03-31,.,No value available
2024-04-01,.,No value available
2024-04-02,3.50997,
2024-04-03,3.47293,
2024-04-04,3.49179,
2024-04-05,3.09550,
2024-04-06,.,No value available
2024-04-07,.,No value available
2024-04-08,2.20614,
2024-04-09,2.30259,
2024-04-10,3.03174,
2024-04-11,2.18231,
2024-04-12,2.56672,
2024-04-13,.,No value available
2024-04-14,.,No value available
2024-04-15,3.45928,
2024-04-16,3.28348,
2024-04-17,2.53968,
2024-04-18,2.31318,
2024-04-19,2.28035,
2024-04-20,.,No value available
2024-04-21,.,No value available
2024-04-22,2.09692,
2024-04-23,2.21685,
2024-04-24,2.02616,
2024-04-25,1.89563,
2024-04-26,1.93809,
2024-04-27,.,No value available
2024-04-28,.,No value available
2024-04-29,1.86554,
2024-04-30,2.02465,
2024-05-01,.,No value available
2024-05-02,2.03741,
2024-05-03,1.97448,
2024-05-04,.,No value available
2024-05-05,.,No value available
2024-05-06,1.91507,
2024-05-07,2.03033,
2024-05-08,2.19355,
2024-05-09,2.48178,
2024-05-10,2.46974,
2024-05-11,.,No value available
2024-05-12,.,No value available
2024-05-13,2.45021,
2024-05-14,2.92068,
2024-05-15,2.61471,
2024-05-16,2.77825,
2024-05-17,2.19895,
2024-05-18,.,No value available
2024-05-19,.,No value available
2024-05-20,2.17863,
2024-05-21,2.22000,
2024-05-22,2.18325,
2024-05-23,2.32862,
2024-05-24,2.48796,
2024-05-25,.,No value available
2024-05-26,.,No value available
2024-05-27,2.55925,
2024-05-28,2.44201,
2024-05-29,2.22172,
2024-05-30,2.29766,
2024-05-31,2.39104,
2024-06-01,.,No value available
2024-06-02,.,No value available
2024-06-03,2.31440,
2024-06-04,2.22916,
2024-06-05,2.23415,
2024-06-06,2.20442,
2024-06-07,2.48067,
2024-06-08,.,No value available
2024-06-09,.,No value available
2024-06-10,2.51184,
2024-06-11,2.20235,
2024-06-12,2.20281,
2024-06-13,2.20484,
2024-06-14,1.88571,
2024-06-15,.,No value available
2024-06-16,.,No value available
2024-06-17,1.74267,
2024-06-18,2.02370,
2024-06-19,2.04893,
2024-06-20,1.99453,
2024-06-21,1.94594,
2024-06-22,.,No value available
2024-06-23,.,No value available
2024-06-24,1.97642,
2024-06-25,1.99420,
2024-06-26,1.96904,
2024-06-27,1.86263,
2024-06-28,1.78570,
2024-06-29,.,No value available
2024-06-30,.,No value available
2024-07-01,1.99646,
2024-07-02,1.82872,
2024-07-03,1.95844,
2024-07-04,1.86815,
2024-07-05,2.02924,
2024-07-06,.,No value available
2024-07-07,.,No value available
2024-07-08,2.02285,
2024-07-09,2.09581,
2024-07-10,2.00479,
2024-07-11,1.71600,
2024-07-12,1.45191,
2024-07-13,.,No value available
2024-07-14,.,No value available
2024-07-15,1.66657,
2024-07-16,1.60219,
2024-07-17,2.63414,
2024-07-18,2.77563,
2024-07-19,2.69976,
2024-07-20,.,No value available
2024-07-21,.,No value available
2024-07-22,2.48760,
2024-07-23,2.11255,
2024-07-24,3.02451,
2024-07-25,3.02447,
2024-07-26,2.97808,
2024-07-27,.,No value available
2024-07-28,.,No value available
2024-07-29,3.10296,
2024-07-30,3.05926,
2024-07-31,3.11663,
2024-08-01,3.54354,
2024-08-02,3.54362,
2024-08-03,.,No value available
2024-08-04,.,No value available
2024-08-05,3.23173,
2024-08-06,3.45899,
2024-08-07,3.16232,
2024-08-08,3.20616,
2024-08-09,3.21824,
2024-08-10,.,No value available
2024-08-11,.,No value available
2024-08-12,1.62718,
2024-08-13,3.27034,
2024-08-14,3.23765,
2024-08-15,3.22258,
2024-08-16,3.20713,
2024-08-17,.,No value available
2024-08-18,.,No value available
2024-08-19,3.11470,
2024-08-20,3.11943,
2024-08-21,3.08859,
2024-08-22,2.92922,
2024-08-23,2.97173,
2024-08-24,.,No value available
2024-08-25,.,No value available
2024-08-26,2.86630,
2024-08-27,2.89379,
2024-08-28,2.85804,
2024-08-29,2.92367,
2024-08-30,2.91151,
2024-08-31,.,No value available
2024-09-01,.,No value available
2024-09-02,2.89480,
2024-09-03,2.92935,
2024-09-04,2.98825,
2024-09-05,2.98612,
2024-09-06,2.98549,
2024-09-07,.,No value available
2024-09-08,.,No value available
2024-09-09,2.93130,
2024-09-10,2.98885,
2024-09-11,3.11505,
2024-09-12,3.09164,
2024-09-13,3.07589,
2024-09-14,.,No value available
2024-09-15,.,No value available
2024-09-16,3.02574,
2024-09-17,3.00230,
2024-09-18,2.87683,
2024-09-19,2.83591,
2024-09-20,2.88472,
2024-09-21,.,No value available
2024-09-22,.,No value available
2024-09-23,2.86743,
2024-09-24,2.87538,
2024-09-25,2.95788,
2024-09-26,2.97188,
2024-09-27,2.87634,
2024-09-28,.,No value available
2024-09-29,.,No value available
2024-09-30,2.83083,
2024-10-01,2.95464,
2024-10-02,2.87634,
2024-10-03,2.79151,
2024-10-04,2.67958,
2024-10-05,.,No value available
2024-10-06,.,No value available
2024-10-07,2.52882,
2024-10-08,2.56628,
2024-10-09,2.57685,
2024-10-10,2.52596,
2024-10-11,2.54374,
2024-10-12,.,No value available
2024-10-13,.,No value available
2024-10-14,2.48540,
2024-10-15,2.50478,
2024-10-16,2.58942,
2024-10-17,2.63276,
2024-10-18,2.59348,
2024-10-19,.,No value available
2024-10-20,.,No value available
2024-10-21,2.52456,
2024-10-22,2.45340,
2024-10-23,2.37911,
2024-10-24,2.38044,
2024-10-25,2.36450,
2024-10-26,.,No value available
2024-10-27,.,No value available
2024-10-28,2.28929,
2024-10-29,2.23395,
2024-10-30,2.17687,
2024-10-31,1.98257,
2024-11-01,1.91536,
2024-11-02,.,No value available
2024-11-03,.,No value available
2024-11-04,1.92505,
2024-11-05,1.98178,
2024-11-06,2.09445,
2024-11-07,2.02484,
2024-11-08,2.02736,
2024-11-09,.,No value available
2024-11-10,.,No value available
2024-11-11,2.08114,
2024-11-12,2.10535,
2024-11-13,2.00477,
2024-11-14,2.06606,
2024-11-15,2.12471,
2024-11-16,.,No value available
2024-11-17,.,No value available
2024-11-18,1.94769,
2024-11-19,2.14662,
2024-11-20,2.08349,
2024-11-21,2.12771,
2024-11-22,2.09717,
2024-11-23,.,No value available
2024-11-24,.,No value available
2024-11-25,2.05883,
2024-11-26,2.03022,
2024-11-27,2.17140,
2024-11-28,2.10842,
2024-11-29,2.12196,
2024-11-30,.,No value available
2024-12-01,.,No value available
2024-12-02,2.22306,
2024-12-03,2.15580,
2024-12-04,2.12405,
2024-12-05,2.09443,
2024-12-06,1.96470,
2024-12-07,.,No value available
2024-12-08,.,No value available
2024-12-09,2.02417,
2024-12-10,2.02490,
2024-12-11,2.04632,
2024-12-12,1.97900,
2024-12-13,1.85657,
2024-12-14,.,No value available
2024-12-15,.,No value available
2024-12-16,1.87358,
2024-12-17,1.86373,
2024-12-18,1.85175,
2024-12-19,1.80275,
2024-12-20,1.90510,
2024-12-21,.,No value available
2024-12-22,.,No value available
2024-12-23,1.83276,
2024-12-24,.,No value available
2024-12-25,.,No value available
2024-12-26,.,No value available
2024-12-27,1.58918,
2024-12-28,.,No value available
2024-12-29,.,No value available
2024-12-30,1.55754,
2024-12-31,.,No value available
2025-01-01,.,No value available
2025-01-02,1.67030,
2025-01-03,1.62112,
2025-01-04,.,No value available
2025-01-05,.,No value available
2025-01-06,1.58928,
2025-01-07,1.67481,
2025-01-08,1.63997,
2025-01-09,1.60977,
2025-01-10,1.56235,
2025-01-11,.,No value available
2025-01-12,.,No value available
2025-01-13,1.46350,
2025-01-14,1.40734,
2025-01-15,1.35639,
2025-01-16,1.41515,
2025-01-17,1.44312,
2025-01-18,.,No value available
2025-01-19,.,No value available
2025-01-20,1.42572,
2025-01-21,1.45219,
2025-01-22,1.50146,
2025-01-23,1.43112,
2025-01-24,1.44084,
2025-01-25,.,No value available
2025-01-26,.,No value available
2025-01-27,1.51468,
2025-01-28,1.50081,
2025-01-29,1.52668,
2025-01-30,1.48132,
2025-01-31,1.47994,
2025-02-01,.,No value available
2025-02-02,.,No value available
2025-02-03,1.48375,
2025-02-04,1.45794,
2025-02-05,1.52693,
2025-02-06,1.51001,
2025-02-07,1.50907,
2025-02-08,.,No value available
2025-02-09,.,No value available
2025-02-10,1.51078,
2025-02-11,1.44199,
2025-02-12,1.39860,
2025-02-13,1.32530,
2025-02-14,1.34236,
2025-02-15,.,No value available
2025-02-16,.,No value available
2025-02-17,1.32728,
2025-02-18,1.30550,
2025-02-19,1.28653,
2025-02-20,1.27342,
2025-02-21,1.27007,
2025-02-22,.,No value available
2025-02-23,.,No value available
2025-02-24,1.23990,
2025-02-25,1.27373,
2025-02-26,1.34517,
2025-02-27,1.35561,
2025-02-28,1.49044,
2025-03-01,.,No value available
2025-03-02,.,No value available
2025-03-03,1.66743,
2025-03-04,1.74646,
2025-03-05,1.67153,
2025-03-06,1.04961,
2025-03-07,1.07404,
2025-03-08,.,No value available
2025-03-09,.,No value available
2025-03-10,1.21771,
2025-03-11,1.08214,
2025-03-12,1.08981,
2025-03-13,1.05303,
2025-03-14,1.10567,
2025-03-15,.,No value available
2025-03-16,.,No value available
2025-03-17,1.09552,
2025-03-18,1.07685,
2025-03-19,1.14209,
2025-03-20,1.10932,
2025-03-21,1.20979,
2025-03-22,.,No value available
2025-03-23,.,No value available
2025-03-24,-0.57955,
2025-03-25,-0.62596,
2025-03-26,-0.68019,
2025-03-27,-0.71811,
2025-03-28,-0.48541,
2025-03-29,.,No value available
2025-03-30,.,No value available
2025-03-31,-0.14119,
2025-04-01,-0.16153,
2025-04-02,-0.20855,
2025-04-03,-0.00065,
2025-04-04,1.15719,
2025-04-05,.,No value available
2025-04-06,.,No value available
2025-04-07,0.58618,
2025-04-08,-0.46674,
2025-04-09,-0.54903,
2025-04-10,0.86808,
2025-04-11,1.06976,
2025-04-12,.,No value available
2025-04-13,.,No value available
2025-04-14,0.72029,
2025-04-15,1.38335,
2025-04-16,1.21739,
2025-04-17,1.15852,
2025-04-18,.,No value available
2025-04-19,.,No value available
2025-04-20,.,No value available
2025-04-21,.,No value available
2025-04-22,1.49148,
2025-04-23,1.43475,
2025-04-24,1.45406,
2025-04-25,1.39569,
2025-04-26,.,No value available
2025-04-27,.,No value available
2025-04-28,1.34923,
2025-04-29,1.41887,
2025-04-30,1.40122,
2025-05-01,.,No value available
2025-05-02,1.43427,
2025-05-03,.,No value available
2025-05-04,.,No value available
2025-05-05,1.33823,
2025-05-06,1.35556,
2025-05-07,1.36940,
2025-05-08,1.40990,
2025-05-09,1.30547,
2025-05-10,.,No value available
2025-05-11,.,No value available
2025-05-12,1.22462,
2025-05-13,1.17692,
2025-05-14,1.14201,
2025-05-15,1.01797,
2025-05-16,1.07976,
2025-05-17,.,No value available
2025-05-18,.,No value available
2025-05-19,1.16057,
2025-05-20,1.22147,
2025-05-21,1.16691,
2025-05-22,1.18498,
2025-05-23,1.17536,
2025-05-24,.,No value available
2025-05-25,.,No value available
2025-05-26,1.21416,
2025-05-27,1.21992,
2025-05-28,1.20661,
2025-05-29,1.12326,
2025-05-30,1.14733,
2025-05-31,.,No value available
2025-06-01,.,No value available
2025-06-02,1.04008,
2025-06-03,1.15219,
2025-06-04,1.12976,
2025-06-05,1.03399,
2025-06-06,0.94680,
2025-06-07,.,No value available
2025-06-08,.,No value available
2025-06-09,1.04406,
2025-06-10,0.97069,
2025-06-11,1.01482,
2025-06-12,1.05409,
2025-06-13,0.88221,
2025-06-14,.,No value available
2025-06-15,.,No value available
2025-06-16,0.93469,
2025-06-17,0.91792,
2025-06-18,0.99767,
2025-06-19,0.90731,
2025-06-20,0.92660,
2025-06-21,.,No value available
2025-06-22,.,No value available
2025-06-23,0.68215,
2025-06-24,1.02596,
2025-06-25,0.80840,
2025-06-26,0.70755,
2025-06-27,0.96084,
2025-06-28,.,No value available
2025-06-29,.,No value available
2025-06-30,0.83899,
2025-07-01,0.93317,
2025-07-02,0.85569,
2025-07-03,0.94778,
2025-07-04,1.05692,
2025-07-05,.,No value available
2025-07-06,.,No value available
2025-07-07,1.05229,
2025-07-08,0.68524,
2025-07-09,0.92282,
2025-07-10,0.94811,
2025-07-11,0.89426,
2025-07-12,.,No value available
2025-07-13,.,No value available
2025-07-14,0.91995,
2025-07-15,0.94764,
2025-07-16,0.93111,
2025-07-17,0.98662,
2025-07-18,-1.30457,
2025-07-19,.,No value available
2025-07-20,.,No value available
2025-07-21,-1.29645,
2025-07-22,-1.22309,
2025-07-23,-1.23873,
2025-07-24,-1.19616,
2025-07-25,-1.12123,
2025-07-26,.,No value available
2025-07-27,.,No value available
2025-07-28,-1.07286,
2025-07-29,-1.12666,
2025-07-30,-1.07424,
2025-07-31,-0.97713,
2025-08-01,-1.04468,
2025-08-02,.,No value available
2025-08-03,.,No value available
2025-08-04,-1.13596,
2025-08-05,-1.04719,
2025-08-06,-1.06864,
2025-08-07,-1.08826,
2025-08-08,-1.03670,
2025-08-09,.,No value available
2025-08-10,.,No value available
2025-08-11,-1.08530,
2025-08-12,-1.13489,
2025-08-13,-1.21464,
2025-08-14,-1.17008,
2025-08-15,-1.33224,
2025-08-16,.,No value available
2025-08-17,.,No value available
2025-08-18,-1.30950,
2025-08-19,-1.37959,
2025-08-20,-1.29382,
2025-08-21,-1.26687,
2025-08-22,-1.28243,
2025-08-23,.,No value available
2025-08-24,.,No value available
2025-08-25,-1.29180,
2025-08-26,-1.32336,
2025-08-27,-1.28926,
2025-08-28,-1.32467,
2025-08-29,-1.33670,
2025-08-30,.,No value available
2025-08-31,.,No value available
2025-09-01,-1.40156,
2025-09-02,-1.39973,
2025-09-03,-1.45290,
2025-09-04,-1.38725,
2025-09-05,-1.31123,
2025-09-06,.,No value available
2025-09-07,.,No value available
2025-09-08,-1.29787,
2025-09-09,-1.29681,
2025-09-10,-1.21705,
2025-09-11,-1.15404,
2025-09-12,-0.99332,
2025-09-13,.,No value available
2025-09-14,.,No value available
2025-09-15,-1.05566,
2025-09-16,-1.07362,
2025-09-17,-1.12888,
2025-09-18,-1.11126,
2025-09-19,-1.18658,
2025-09-20,.,No value available
2025-09-21,.,No value available
2025-09-22,-1.21213,
2025-09-23,-1.23901,
2025-09-24,-1.18312,
2025-09-25,-1.18693,
2025-09-26,-1.15343,
2025-09-27,.,No value available
2025-09-28,.,No value available
2025-09-29,-1.12736,
2025-09-30,-1.06736,
2025-10-01,-1.10370,
2025-10-02,-1.03132,
2025-10-03,-1.04009,
2025-10-04,.,No value available
2025-10-05,.,No value available
2025-10-06,-1.24397,
2025-10-07,-1.25287,
2025-10-08,-1.20500,
2025-10-09,-1.20530,
2025-10-10,-1.14400,
2025-10-11,.,No value available
2025-10-12,.,No value available
2025-10-13,-1.06510,
2025-10-14,-1.11922,
2025-10-15,-1.05505,
2025-10-16,-0.94975,
2025-10-17,-1.14445,
2025-10-18,.,No value available
2025-10-19,.,No value available
2025-10-20,-1.09451,
2025-10-21,-1.02000,
2025-10-22,-0.98726,
2025-10-23,-1.04767,
2025-10-24,-1.05710,
2025-10-25,.,No value available
2025-10-26,.,No value available
2025-10-27,-1.02826,
2025-10-28,-0.98932,
2025-10-29,-0.99905,
2025-10-30,-0.95566,
2025-10-31,-0.97582,
2025-11-01,.,No value available
2025-11-02,.,No value available
2025-11-03,-1.00931,
2025-11-04,-1.03680,
2025-11-05,-1.04835,
2025-11-06,-1.05925,
2025-11-07,-1.07083,
2025-11-08,.,No value available
2025-11-09,.,No value available
2025-11-10,-1.09721,
2025-11-11,-1.08553,
2025-11-12,-1.07772,
2025-11-13,-1.05690,
2025-11-14,-1.26384,
2025-11-15,.,No value available
2025-11-16,.,No value available
2025-11-17,-1.24891,
2025-11-18,-1.24246,
2025-11-19,-1.31763,
2025-11-20,-1.34263,
2025-11-21,-1.34056,
2025-11-22,.,No value available
2025-11-23,.,No value available
2025-11-24,-1.27874,
2025-11-25,-1.22962,
2025-11-26,-1.22281,
2025-11-27,-1.13561,
2025-11-28,-1.04075,
2025-11-29,.,No value available
2025-11-30,.,No value available
2025-12-01,-1.08328,
2025-12-02,-1.14010,
2025-12-03,-1.25918,
2025-12-04,-1.36127,
2025-12-05,-1.40998,
2025-12-06,.,No value available
2025-12-07,.,No value available
2025-12-08,-1.32788,
2025-12-09,-1.14381,
2025-12-10,-1.16005,
2025-12-11,-1.03763,
2025-12-12,-1.06128,
2025-12-13,.,No value available
2025-12-14,.,No value available
2025-12-15,-1.07659,
2025-12-16,-1.09201,
2025-12-17,-1.27380,
2025-12-18,-1.25945,
2025-12-19,-1.37535,
2025-12-20,.,No value available
2025-12-21,.,No value available
2025-12-22,-1.38047,
2025-12-23,-1.31430,
2025-12-24,.,No value available
2025-12-25,.,No value available
2025-12-26,.,No value available
2025-12-27,.,No value available
2025-12-28,.,No value available
2025-12-29,-1.31639,
2025-12-30,-1.32445,
2025-12-31,.,No value available
2026-01-01,.,No value available
2026-01-02,-1.37501,
2026-01-03,.,No value available
2026-01-04,.,No value available
2026-01-05,-1.46590,
2026-01-06,-1.53558,
2026-01-07,-1.44280,
2026-01-08,-1.39368,
2026-01-09,-1.31772,
2026-01-10,.,No value available
2026-01-11,.,No value available
2026-01-12,-1.28385,
2026-01-13,-1.36418,
2026-01-14,-1.36113,
2026-01-15,-1.31076,
2026-01-16,-1.18716,
2026-01-17,.,No value available
2026-01-18,.,No value available
2026-01-19,-1.34779,
2026-01-20,-1.52614,
2026-01-21,-1.59245,
2026-01-22,-1.45189,
2026-01-23,-1.38608,
2026-01-24,.,No value available
2026-01-25,.,No value available
2026-01-26,-1.38362,
2026-01-27,-1.40353,
2026-01-28,-1.57085,
2026-01-29,-1.56155,
2026-01-30,-1.52776,
2026-01-31,.,No value available
2026-02-01,.,No value available
2026-02-02,-1.47197,
2026-02-03,-1.47816,
2026-02-04,-1.46729,
2026-02-05,-1.49961,
2026-02-06,-1.50784,
2026-02-07,.,No value available
2026-02-08,.,No value available
2026-02-09,-1.54687,
2026-02-10,-1.53040,
2026-02-11,-1.43395,
2026-02-12,-1.42296,
2026-02-13,-1.42580,
2026-02-14,.,No value available
2026-02-15,.,No value available
2026-02-16,-1.39234,
2026-02-17,-1.42619,
2026-02-18,-1.39126,
2026-02-19,-1.38414,
2026-02-20,-1.31508,
2026-02-21,.,No value available
2026-02-22,.,No value available
2026-02-23,-1.33293,
2026-02-24,-1.31906,
2026-02-25,-1.32024,
2026-02-26,-1.31635,
2026-02-27,-1.30001,
2026-02-28,.,No value available
2026-03-01,.,No value available
2026-03-02,-1.22786,
2026-03-03,0.00499,
2026-03-04,-0.10341,
2026-03-05,-0.11676,
2026-03-06,0.68092,
2026-03-07,.,No value available
2026-03-08,.,No value available
2026-03-09,1.77163,
2026-03-10,1.46535,
2026-03-11,1.87971,
2026-03-12,2.19083,
2026-03-13,2.20666,
2026-03-14,.,No value available
2026-03-15,.,No value available
2026-03-16,2.19736,
2026-03-17,2.19256,
2026-03-18,2.20447,
2026-03-19,-2.02868,
2026-03-20,-2.29628,
2026-03-21,.,No value available
2026-03-22,.,No value available
2026-03-23,-2.54809,
2026-03-24,-2.24789,
2026-03-25,-1.94222,
2026-03-26,-1.90439,
2026-03-27,-2.00117,
2026-03-28,.,No value available
2026-03-29,.,No value available
2026-03-30,-2.03920,
2026-03-31,-1.97459,
2026-04-01,-1.82053,
2026-04-02,-1.93197,
2026-04-03,.,No value available
2026-04-04,.,No value available
2026-04-05,.,No value available
2026-04-06,.,No value available
2026-04-07,-1.93123,
2026-04-08,-1.91463,
2026-04-09,-1.94145,
2026-04-10,-2.16425,
2026-04-11,.,No value available
2026-04-12,.,No value available
2026-04-13,-2.02044,
2026-04-14,-2.03011,
2026-04-15,-2.07608,
2026-04-16,-2.05286,
2026-04-17,-2.05920,
2026-04-18,.,No value available
2026-04-19,.,No value available
2026-04-20,-2.00074,
2026-04-21,-1.98408,
2026-04-22,-1.98985,
2026-04-23,-1.97581,
2026-04-24,-2.12532,
2026-04-25,.,No value available
2026-04-26,.,No value available
2026-04-27,-1.99073,
2026-04-28,-2.02622,
2026-04-29,-1.99434,
2026-04-30,-1.99154,
2026-05-01,.,No value available
2026-05-02,.,No value available
2026-05-03,.,No value available
2026-05-04,-2.01226,
2026-05-05,-2.01296,
2026-05-06,-1.94690,
2026-05-07,-1.93721,
2026-05-08,-1.94794,
2026-05-09,.,No value available
2026-05-10,.,No value available
2026-05-11,-1.96822,
2026-05-12,-2.04848,
2026-05-13,-2.06153,
2026-05-14,-2.03017,
2026-05-15,-2.03890,
2026-05-16,.,No value available
2026-05-17,.,No value available
2026-05-18,-2.09801,
2026-05-19,-2.09909,
2026-05-20,-2.09934,
2026-05-21,-1.99028,
2026-05-22,-1.95915,
2026-05-23,.,No value available
2026-05-24,.,No value available
2026-05-25,-1.86202,
2026-05-26,-1.84522,
2026-05-27,-1.83200,
2026-05-28,-1.85994,
2026-05-29,-1.82507,
2026-05-30,.,No value available
2026-05-31,.,No value available
2026-06-01,-1.83270,
2026-06-02,-1.80088,
2026-06-03,-1.86030,
2026-06-04,-1.87639,
2026-06-05,-1.85639,
2026-06-06,.,No value available
2026-06-07,.,No value available
2026-06-08,-1.89947,
2026-06-09,-1.86832,
2026-06-10,-1.87615,
2026-06-11,-1.85160,
2026-06-12,-1.78053,
2026-06-13,.,No value available
2026-06-14,.,No value available
2026-06-15,-1.76591,
