"",BBSIS.D.I.ZST.B2.EUR.S1311.B.A604._Z.R.A.A._Z._Z.A,BBSIS.D.I.ZST.B2.EUR.S1311.B.A604._Z.R.A.A._Z._Z.A_FLAGS
"",Term structure of interest rates on listed Federalsecurities (method by Svensson) / Parameter Beta2 /daily data,
Comment,Monatsreihe siehe WZ9803. Bis Juli 1997 liegen lediglich Ultimowerte vor.,
Decimals,5,
Time format code,P1D,
category,ZRZS,
unit,,
unit multiplier,One,
last update,2026-06-15 12:11:40,
1997-08-01,.,No value available
1997-08-02,.,No value available
1997-08-03,.,No value available
1997-08-04,.,No value available
1997-08-05,.,No value available
1997-08-06,.,No value available
1997-08-07,-1.01500,
1997-08-08,-1.79100,
1997-08-09,.,No value available
1997-08-10,.,No value available
1997-08-11,-2.69920,
1997-08-12,-1.33451,
1997-08-13,-1.01935,
1997-08-14,-2.35539,
1997-08-15,-3.81546,
1997-08-16,.,No value available
1997-08-17,.,No value available
1997-08-18,-1.05456,
1997-08-19,-1.50419,
1997-08-20,3.40310,
1997-08-21,-1.46027,
1997-08-22,3.54304,
1997-08-23,.,No value available
1997-08-24,.,No value available
1997-08-25,-1.63241,
1997-08-26,-2.49611,
1997-08-27,-1.46223,
1997-08-28,-2.80310,
1997-08-29,-2.13396,
1997-08-30,.,No value available
1997-08-31,.,No value available
1997-09-01,-0.98838,
1997-09-02,-1.98736,
1997-09-03,1.13708,
1997-09-04,1.76845,
1997-09-05,-1.24868,
1997-09-06,.,No value available
1997-09-07,.,No value available
1997-09-08,3.29991,
1997-09-09,-0.54596,
1997-09-10,-0.71315,
1997-09-11,-0.98338,
1997-09-12,-0.92255,
1997-09-13,.,No value available
1997-09-14,.,No value available
1997-09-15,-0.08629,
1997-09-16,3.04055,
1997-09-17,0.89203,
1997-09-18,-0.15298,
1997-09-19,0.39343,
1997-09-20,.,No value available
1997-09-21,.,No value available
1997-09-22,-0.12289,
1997-09-23,0.65629,
1997-09-24,2.15601,
1997-09-25,0.59986,
1997-09-26,0.55550,
1997-09-27,.,No value available
1997-09-28,.,No value available
1997-09-29,0.00072,
1997-09-30,-0.82036,
1997-10-01,0.22753,
1997-10-02,-1.94970,
1997-10-03,.,No value available
1997-10-04,.,No value available
1997-10-05,.,No value available
1997-10-06,1.34641,
1997-10-07,-1.66519,
1997-10-08,0.24429,
1997-10-09,-1.02802,
1997-10-10,1.78638,
1997-10-11,.,No value available
1997-10-12,.,No value available
1997-10-13,5.75877,
1997-10-14,-0.02879,
1997-10-15,-1.57718,
1997-10-16,2.31631,
1997-10-17,-1.53837,
1997-10-18,.,No value available
1997-10-19,.,No value available
1997-10-20,-0.64970,
1997-10-21,1.76222,
1997-10-22,0.94522,
1997-10-23,-0.69521,
1997-10-24,0.62325,
1997-10-25,.,No value available
1997-10-26,.,No value available
1997-10-27,1.76418,
1997-10-28,0.79320,
1997-10-29,0.31097,
1997-10-30,1.15794,
1997-10-31,-0.01137,
1997-11-01,.,No value available
1997-11-02,.,No value available
1997-11-03,0.83858,
1997-11-04,0.87185,
1997-11-05,-0.87304,
1997-11-06,-0.47959,
1997-11-07,2.56982,
1997-11-08,.,No value available
1997-11-09,.,No value available
1997-11-10,-0.59249,
1997-11-11,-0.98960,
1997-11-12,-0.06097,
1997-11-13,-0.99934,
1997-11-14,-1.98179,
1997-11-15,.,No value available
1997-11-16,.,No value available
1997-11-17,-2.40417,
1997-11-18,-2.22370,
1997-11-19,-1.88581,
1997-11-20,-0.99226,
1997-11-21,-1.73309,
1997-11-22,.,No value available
1997-11-23,.,No value available
1997-11-24,-0.97452,
1997-11-25,5.10770,
1997-11-26,-2.40538,
1997-11-27,-1.07221,
1997-11-28,-1.50024,
1997-11-29,.,No value available
1997-11-30,.,No value available
1997-12-01,-2.09885,
1997-12-02,-1.00678,
1997-12-03,-1.52923,
1997-12-04,3.52480,
1997-12-05,-1.38936,
1997-12-06,.,No value available
1997-12-07,.,No value available
1997-12-08,24.25071,
1997-12-09,4.47609,
1997-12-10,1.04927,
1997-12-11,-0.45370,
1997-12-12,-0.79536,
1997-12-13,.,No value available
1997-12-14,.,No value available
1997-12-15,-1.68221,
1997-12-16,-1.15269,
1997-12-17,-1.41808,
1997-12-18,0.32912,
1997-12-19,-1.98063,
1997-12-20,.,No value available
1997-12-21,.,No value available
1997-12-22,-0.89954,
1997-12-23,-0.24299,
1997-12-24,.,No value available
1997-12-25,.,No value available
1997-12-26,.,No value available
1997-12-27,.,No value available
1997-12-28,.,No value available
1997-12-29,0.87446,
1997-12-30,0.44060,
1997-12-31,.,No value available
1998-01-01,.,No value available
1998-01-02,-0.32885,
1998-01-03,.,No value available
1998-01-04,.,No value available
1998-01-05,-0.03558,
1998-01-06,-1.01577,
1998-01-07,0.36031,
1998-01-08,0.62286,
1998-01-09,-1.42794,
1998-01-10,.,No value available
1998-01-11,.,No value available
1998-01-12,-1.12017,
1998-01-13,27.51470,
1998-01-14,-0.96827,
1998-01-15,-2.85035,
1998-01-16,-1.24621,
1998-01-17,.,No value available
1998-01-18,.,No value available
1998-01-19,-1.45293,
1998-01-20,-1.39719,
1998-01-21,0.46546,
1998-01-22,-1.01166,
1998-01-23,0.00023,
1998-01-24,.,No value available
1998-01-25,.,No value available
1998-01-26,-0.06152,
1998-01-27,-0.11133,
1998-01-28,-0.08854,
1998-01-29,-0.34714,
1998-01-30,-2.27257,
1998-01-31,.,No value available
1998-02-01,.,No value available
1998-02-02,-1.81780,
1998-02-03,2.82053,
1998-02-04,3.96786,
1998-02-05,0.18161,
1998-02-06,4.21192,
1998-02-07,.,No value available
1998-02-08,.,No value available
1998-02-09,-0.14714,
1998-02-10,-0.97515,
1998-02-11,0.70587,
1998-02-12,0.15898,
1998-02-13,0.21594,
1998-02-14,.,No value available
1998-02-15,.,No value available
1998-02-16,-1.17627,
1998-02-17,1.25325,
1998-02-18,-0.21912,
1998-02-19,0.20655,
1998-02-20,-1.43910,
1998-02-21,.,No value available
1998-02-22,.,No value available
1998-02-23,-0.06659,
1998-02-24,-0.01584,
1998-02-25,0.02036,
1998-02-26,-0.03349,
1998-02-27,0.13431,
1998-02-28,.,No value available
1998-03-01,.,No value available
1998-03-02,1.08950,
1998-03-03,-1.46229,
1998-03-04,0.25253,
1998-03-05,-0.97251,
1998-03-06,4.05678,
1998-03-07,.,No value available
1998-03-08,.,No value available
1998-03-09,-1.30462,
1998-03-10,-1.97073,
1998-03-11,-1.64245,
1998-03-12,-1.26966,
1998-03-13,-1.99960,
1998-03-14,.,No value available
1998-03-15,.,No value available
1998-03-16,0.73766,
1998-03-17,0.44485,
1998-03-18,3.74131,
1998-03-19,0.69242,
1998-03-20,0.07042,
1998-03-21,.,No value available
1998-03-22,.,No value available
1998-03-23,-1.57060,
1998-03-24,1.30799,
1998-03-25,-1.98880,
1998-03-26,-0.99868,
1998-03-27,-0.46786,
1998-03-28,.,No value available
1998-03-29,.,No value available
1998-03-30,-0.09643,
1998-03-31,-0.86978,
1998-04-01,1.13677,
1998-04-02,0.24641,
1998-04-03,-0.34444,
1998-04-04,.,No value available
1998-04-05,.,No value available
1998-04-06,-0.52517,
1998-04-07,0.09569,
1998-04-08,0.17816,
1998-04-09,0.05981,
1998-04-10,.,No value available
1998-04-11,.,No value available
1998-04-12,.,No value available
1998-04-13,.,No value available
1998-04-14,-0.27372,
1998-04-15,-1.45389,
1998-04-16,0.98309,
1998-04-17,0.37530,
1998-04-18,.,No value available
1998-04-19,.,No value available
1998-04-20,0.43964,
1998-04-21,0.17446,
1998-04-22,-0.01759,
1998-04-23,0.51138,
1998-04-24,-0.57364,
1998-04-25,.,No value available
1998-04-26,.,No value available
1998-04-27,-0.01804,
1998-04-28,-0.79433,
1998-04-29,0.90628,
1998-04-30,0.83535,
1998-05-01,.,No value available
1998-05-02,.,No value available
1998-05-03,.,No value available
1998-05-04,0.55921,
1998-05-05,1.39539,
1998-05-06,-0.68868,
1998-05-07,-0.48300,
1998-05-08,0.18085,
1998-05-09,.,No value available
1998-05-10,.,No value available
1998-05-11,-0.00208,
1998-05-12,-0.42023,
1998-05-13,-0.40317,
1998-05-14,-0.29050,
1998-05-15,-0.88007,
1998-05-16,.,No value available
1998-05-17,.,No value available
1998-05-18,0.81319,
1998-05-19,-0.40873,
1998-05-20,-0.16130,
1998-05-21,.,No value available
1998-05-22,-0.32919,
1998-05-23,.,No value available
1998-05-24,.,No value available
1998-05-25,0.27621,
1998-05-26,-0.06697,
1998-05-27,0.36804,
1998-05-28,-0.04380,
1998-05-29,1.22881,
1998-05-30,.,No value available
1998-05-31,.,No value available
1998-06-01,.,No value available
1998-06-02,1.51944,
1998-06-03,-0.29870,
1998-06-04,-0.76988,
1998-06-05,0.77995,
1998-06-06,.,No value available
1998-06-07,.,No value available
1998-06-08,-0.04548,
1998-06-09,-0.00229,
1998-06-10,0.00327,
1998-06-11,.,No value available
1998-06-12,-0.00287,
1998-06-13,.,No value available
1998-06-14,.,No value available
1998-06-15,0.02530,
1998-06-16,0.01866,
1998-06-17,0.00069,
1998-06-18,-0.00227,
1998-06-19,0.00071,
1998-06-20,.,No value available
1998-06-21,.,No value available
1998-06-22,0.00275,
1998-06-23,0.00180,
1998-06-24,0.00447,
1998-06-25,0.00170,
1998-06-26,0.02276,
1998-06-27,.,No value available
1998-06-28,.,No value available
1998-06-29,-0.01851,
1998-06-30,-15.90274,
1998-07-01,0.22795,
1998-07-02,-17.03949,
1998-07-03,-0.01113,
1998-07-04,.,No value available
1998-07-05,.,No value available
1998-07-06,-17.49509,
1998-07-07,-13.25157,
1998-07-08,-12.97154,
1998-07-09,0.06047,
1998-07-10,0.01939,
1998-07-11,.,No value available
1998-07-12,.,No value available
1998-07-13,-0.00288,
1998-07-14,-0.00531,
1998-07-15,-0.00017,
1998-07-16,0.31602,
1998-07-17,0.15003,
1998-07-18,.,No value available
1998-07-19,.,No value available
1998-07-20,0.55447,
1998-07-21,0.10734,
1998-07-22,0.02302,
1998-07-23,-0.29324,
1998-07-24,-0.35435,
1998-07-25,.,No value available
1998-07-26,.,No value available
1998-07-27,-0.11657,
1998-07-28,0.10225,
1998-07-29,0.57139,
1998-07-30,0.18328,
1998-07-31,0.46820,
1998-08-01,.,No value available
1998-08-02,.,No value available
1998-08-03,-0.49622,
1998-08-04,-0.15561,
1998-08-05,0.41215,
1998-08-06,-0.00240,
1998-08-07,0.68977,
1998-08-08,.,No value available
1998-08-09,.,No value available
1998-08-10,0.52616,
1998-08-11,1.69691,
1998-08-12,1.35570,
1998-08-13,1.35423,
1998-08-14,-0.33789,
1998-08-15,.,No value available
1998-08-16,.,No value available
1998-08-17,0.00020,
1998-08-18,-0.86511,
1998-08-19,3.07800,
1998-08-20,0.10725,
1998-08-21,-0.41168,
1998-08-22,.,No value available
1998-08-23,.,No value available
1998-08-24,0.40186,
1998-08-25,-1.50685,
1998-08-26,-6.73165,
1998-08-27,-1.23192,
1998-08-28,0.02241,
1998-08-29,.,No value available
1998-08-30,.,No value available
1998-08-31,7.92813,
1998-09-01,-0.10615,
1998-09-02,1.74885,
1998-09-03,-0.17152,
1998-09-04,-0.31506,
1998-09-05,.,No value available
1998-09-06,.,No value available
1998-09-07,-0.01688,
1998-09-08,0.08737,
1998-09-09,3.24271,
1998-09-10,-0.00762,
1998-09-11,11.18746,
1998-09-12,.,No value available
1998-09-13,.,No value available
1998-09-14,-1.01006,
1998-09-15,-1.05665,
1998-09-16,-1.80096,
1998-09-17,-2.62962,
1998-09-18,0.00011,
1998-09-19,.,No value available
1998-09-20,.,No value available
1998-09-21,-1.48083,
1998-09-22,-1.55147,
1998-09-23,-1.93415,
1998-09-24,-0.00131,
1998-09-25,-2.42513,
1998-09-26,.,No value available
1998-09-27,.,No value available
1998-09-28,-1.05040,
1998-09-29,-0.09434,
1998-09-30,-2.24797,
1998-10-01,-2.34166,
1998-10-02,-2.12851,
1998-10-03,.,No value available
1998-10-04,.,No value available
1998-10-05,-2.35707,
1998-10-06,-2.25590,
1998-10-07,0.00772,
1998-10-08,-4.05580,
1998-10-09,-0.00180,
1998-10-10,.,No value available
1998-10-11,.,No value available
1998-10-12,-4.24220,
1998-10-13,-0.01525,
1998-10-14,-0.00474,
1998-10-15,-0.00127,
1998-10-16,-0.53322,
1998-10-17,.,No value available
1998-10-18,.,No value available
1998-10-19,-1.49589,
1998-10-20,9.40891,
1998-10-21,-0.03742,
1998-10-22,-0.05283,
1998-10-23,-0.00331,
1998-10-24,.,No value available
1998-10-25,.,No value available
1998-10-26,-3.73083,
1998-10-27,-0.00488,
1998-10-28,-1.62414,
1998-10-29,-0.00313,
1998-10-30,-0.90644,
1998-10-31,.,No value available
1998-11-01,.,No value available
1998-11-02,-3.99191,
1998-11-03,0.00192,
1998-11-04,-0.00038,
1998-11-05,-0.85141,
1998-11-06,0.00051,
1998-11-07,.,No value available
1998-11-08,.,No value available
1998-11-09,0.01739,
1998-11-10,0.00458,
1998-11-11,-0.00081,
1998-11-12,-1.78934,
1998-11-13,-0.00086,
1998-11-14,.,No value available
1998-11-15,.,No value available
1998-11-16,-0.00579,
1998-11-17,-1.70090,
1998-11-18,-2.83731,
1998-11-19,-2.70466,
1998-11-20,-2.54461,
1998-11-21,.,No value available
1998-11-22,.,No value available
1998-11-23,-2.17008,
1998-11-24,-1.73119,
1998-11-25,-1.73317,
1998-11-26,-0.05785,
1998-11-27,-3.35908,
1998-11-28,.,No value available
1998-11-29,.,No value available
1998-11-30,-0.00856,
1998-12-01,0.51552,
1998-12-02,-0.11021,
1998-12-03,-0.00056,
1998-12-04,0.00079,
1998-12-05,.,No value available
1998-12-06,.,No value available
1998-12-07,0.28786,
1998-12-08,-1.12518,
1998-12-09,-0.09345,
1998-12-10,-1.09032,
1998-12-11,-1.52827,
1998-12-12,.,No value available
1998-12-13,.,No value available
1998-12-14,-2.05087,
1998-12-15,-1.64127,
1998-12-16,-1.65650,
1998-12-17,-1.46045,
1998-12-18,-1.40595,
1998-12-19,.,No value available
1998-12-20,.,No value available
1998-12-21,0.00112,
1998-12-22,-1.91659,
1998-12-23,-1.02127,
1998-12-24,.,No value available
1998-12-25,.,No value available
1998-12-26,.,No value available
1998-12-27,.,No value available
1998-12-28,-2.05344,
1998-12-29,-1.56475,
1998-12-30,-3.74671,
1998-12-31,.,No value available
1999-01-01,.,No value available
1999-01-02,.,No value available
1999-01-03,.,No value available
1999-01-04,-2.75454,
1999-01-05,-1.08234,
1999-01-06,-1.16340,
1999-01-07,-2.98385,
1999-01-08,-2.16333,
1999-01-09,.,No value available
1999-01-10,.,No value available
1999-01-11,-2.43571,
1999-01-12,-2.32165,
1999-01-13,-2.59874,
1999-01-14,-2.00414,
1999-01-15,-2.08268,
1999-01-16,.,No value available
1999-01-17,.,No value available
1999-01-18,-1.62995,
1999-01-19,-1.59216,
1999-01-20,-1.46738,
1999-01-21,-1.90089,
1999-01-22,-2.10653,
1999-01-23,.,No value available
1999-01-24,.,No value available
1999-01-25,-2.10623,
1999-01-26,6.33245,
1999-01-27,-1.62809,
1999-01-28,-1.35044,
1999-01-29,-2.63586,
1999-01-30,.,No value available
1999-01-31,.,No value available
1999-02-01,-1.84725,
1999-02-02,-1.97773,
1999-02-03,-1.68634,
1999-02-04,-1.82495,
1999-02-05,1.55099,
1999-02-06,.,No value available
1999-02-07,.,No value available
1999-02-08,0.04872,
1999-02-09,-1.38556,
1999-02-10,0.84189,
1999-02-11,-0.08732,
1999-02-12,-0.14098,
1999-02-13,.,No value available
1999-02-14,.,No value available
1999-02-15,0.29596,
1999-02-16,-0.63161,
1999-02-17,0.00008,
1999-02-18,-0.59157,
1999-02-19,-0.00390,
1999-02-20,.,No value available
1999-02-21,.,No value available
1999-02-22,0.01063,
1999-02-23,0.00140,
1999-02-24,-0.00067,
1999-02-25,-2.83145,
1999-02-26,2.74070,
1999-02-27,.,No value available
1999-02-28,.,No value available
1999-03-01,0.00031,
1999-03-02,0.00257,
1999-03-03,-0.00035,
1999-03-04,-2.61760,
1999-03-05,-3.05249,
1999-03-06,.,No value available
1999-03-07,.,No value available
1999-03-08,10.60429,
1999-03-09,-1.11103,
1999-03-10,-0.03690,
1999-03-11,0.00186,
1999-03-12,-0.00051,
1999-03-13,.,No value available
1999-03-14,.,No value available
1999-03-15,0.00239,
1999-03-16,-1.02002,
1999-03-17,0.47457,
1999-03-18,-0.00345,
1999-03-19,1.21675,
1999-03-20,.,No value available
1999-03-21,.,No value available
1999-03-22,0.01565,
1999-03-23,-3.23546,
1999-03-24,0.00183,
1999-03-25,-3.49215,
1999-03-26,0.00228,
1999-03-27,.,No value available
1999-03-28,.,No value available
1999-03-29,0.02039,
1999-03-30,-3.26450,
1999-03-31,-0.00267,
1999-04-01,-4.34920,
1999-04-02,.,No value available
1999-04-03,.,No value available
1999-04-04,.,No value available
1999-04-05,.,No value available
1999-04-06,-0.02870,
1999-04-07,0.00044,
1999-04-08,-3.61398,
1999-04-09,0.00502,
1999-04-10,.,No value available
1999-04-11,.,No value available
1999-04-12,-3.18859,
1999-04-13,-1.16652,
1999-04-14,-2.45873,
1999-04-15,11.23699,
1999-04-16,6.64350,
1999-04-17,.,No value available
1999-04-18,.,No value available
1999-04-19,0.71739,
1999-04-20,-2.72921,
1999-04-21,1.68215,
1999-04-22,1.14048,
1999-04-23,-0.23033,
1999-04-24,.,No value available
1999-04-25,.,No value available
1999-04-26,0.11633,
1999-04-27,0.10462,
1999-04-28,1.05708,
1999-04-29,0.03443,
1999-04-30,0.41780,
1999-05-01,.,No value available
1999-05-02,.,No value available
1999-05-03,-0.78646,
1999-05-04,-0.08802,
1999-05-05,0.15436,
1999-05-06,0.29782,
1999-05-07,-2.98462,
1999-05-08,.,No value available
1999-05-09,.,No value available
1999-05-10,-4.16844,
1999-05-11,-3.45310,
1999-05-12,-1.60942,
1999-05-13,.,No value available
1999-05-14,-0.50841,
1999-05-15,.,No value available
1999-05-16,.,No value available
1999-05-17,3.44664,
1999-05-18,11.57332,
1999-05-19,-1.63930,
1999-05-20,-1.64703,
1999-05-21,-0.66483,
1999-05-22,.,No value available
1999-05-23,.,No value available
1999-05-24,.,No value available
1999-05-25,-0.22219,
1999-05-26,-2.80266,
1999-05-27,-3.23525,
1999-05-28,0.71605,
1999-05-29,.,No value available
1999-05-30,.,No value available
1999-05-31,1.82106,
1999-06-01,-0.00371,
1999-06-02,7.55077,
1999-06-03,.,No value available
1999-06-04,-0.00140,
1999-06-05,.,No value available
1999-06-06,.,No value available
1999-06-07,-1.98922,
1999-06-08,0.34996,
1999-06-09,-0.87561,
1999-06-10,-0.09976,
1999-06-11,0.16148,
1999-06-12,.,No value available
1999-06-13,.,No value available
1999-06-14,-1.67804,
1999-06-15,-0.33857,
1999-06-16,-0.15999,
1999-06-17,2.55583,
1999-06-18,-1.01762,
1999-06-19,.,No value available
1999-06-20,.,No value available
1999-06-21,-2.45382,
1999-06-22,-1.19031,
1999-06-23,1.65716,
1999-06-24,-0.60586,
1999-06-25,-21.50571,
1999-06-26,.,No value available
1999-06-27,.,No value available
1999-06-28,-2.57966,
1999-06-29,14.85330,
1999-06-30,1.22990,
1999-07-01,0.01298,
1999-07-02,28.39735,
1999-07-03,.,No value available
1999-07-04,.,No value available
1999-07-05,-25.38723,
1999-07-06,-2.30724,
1999-07-07,-0.00071,
1999-07-08,-30.00000,
1999-07-09,-30.00000,
1999-07-10,.,No value available
1999-07-11,.,No value available
1999-07-12,-3.30035,
1999-07-13,-2.99942,
1999-07-14,-29.99998,
1999-07-15,-3.40458,
1999-07-16,-2.96487,
1999-07-17,.,No value available
1999-07-18,.,No value available
1999-07-19,28.70699,
1999-07-20,-2.07085,
1999-07-21,24.99885,
1999-07-22,0.00321,
1999-07-23,-1.51125,
1999-07-24,.,No value available
1999-07-25,.,No value available
1999-07-26,-0.02210,
1999-07-27,0.00350,
1999-07-28,11.60098,
1999-07-29,-1.33896,
1999-07-30,21.31183,
1999-07-31,.,No value available
1999-08-01,.,No value available
1999-08-02,25.52502,
1999-08-03,29.29446,
1999-08-04,29.35963,
1999-08-05,-3.14099,
1999-08-06,-3.17194,
1999-08-07,.,No value available
1999-08-08,.,No value available
1999-08-09,-2.59726,
1999-08-10,-2.53344,
1999-08-11,29.25601,
1999-08-12,28.61948,
1999-08-13,-2.27302,
1999-08-14,.,No value available
1999-08-15,.,No value available
1999-08-16,-2.22881,
1999-08-17,-2.49404,
1999-08-18,9.11815,
1999-08-19,24.25401,
1999-08-20,-26.94317,
1999-08-21,.,No value available
1999-08-22,.,No value available
1999-08-23,-19.83620,
1999-08-24,22.75099,
1999-08-25,-30.00000,
1999-08-26,8.81504,
1999-08-27,25.37476,
1999-08-28,.,No value available
1999-08-29,.,No value available
1999-08-30,27.77880,
1999-08-31,21.52565,
1999-09-01,28.32512,
1999-09-02,-2.17820,
1999-09-03,28.66077,
1999-09-04,.,No value available
1999-09-05,.,No value available
1999-09-06,3.20181,
1999-09-07,28.32809,
1999-09-08,28.30188,
1999-09-09,-1.23859,
1999-09-10,29.50191,
1999-09-11,.,No value available
1999-09-12,.,No value available
1999-09-13,16.04300,
1999-09-14,-1.11123,
1999-09-15,-1.63097,
1999-09-16,29.48964,
1999-09-17,29.16377,
1999-09-18,.,No value available
1999-09-19,.,No value available
1999-09-20,28.85988,
1999-09-21,29.13332,
1999-09-22,29.25536,
1999-09-23,-1.53023,
1999-09-24,26.46022,
1999-09-25,.,No value available
1999-09-26,.,No value available
1999-09-27,-1.31464,
1999-09-28,29.57642,
1999-09-29,-0.70694,
1999-09-30,0.00234,
1999-10-01,0.00051,
1999-10-02,.,No value available
1999-10-03,.,No value available
1999-10-04,0.00266,
1999-10-05,0.00078,
1999-10-06,-0.02579,
1999-10-07,-0.00127,
1999-10-08,-0.00239,
1999-10-09,.,No value available
1999-10-10,.,No value available
1999-10-11,-0.00146,
1999-10-12,0.00175,
1999-10-13,0.00057,
1999-10-14,0.00103,
1999-10-15,1.20806,
1999-10-16,.,No value available
1999-10-17,.,No value available
1999-10-18,0.00025,
1999-10-19,29.86056,
1999-10-20,-0.40752,
1999-10-21,-1.60411,
1999-10-22,-1.27900,
1999-10-23,.,No value available
1999-10-24,.,No value available
1999-10-25,21.72220,
1999-10-26,-1.33687,
1999-10-27,-1.88806,
1999-10-28,-0.94234,
1999-10-29,-1.60810,
1999-10-30,.,No value available
1999-10-31,.,No value available
1999-11-01,-0.98462,
1999-11-02,28.85250,
1999-11-03,27.05169,
1999-11-04,-1.58982,
1999-11-05,-0.72372,
1999-11-06,.,No value available
1999-11-07,.,No value available
1999-11-08,-1.37653,
1999-11-09,27.42994,
1999-11-10,-1.86367,
1999-11-11,-0.02119,
1999-11-12,26.09807,
1999-11-13,.,No value available
1999-11-14,.,No value available
1999-11-15,23.25995,
1999-11-16,26.13829,
1999-11-17,-1.81537,
1999-11-18,-2.05816,
1999-11-19,-2.15538,
1999-11-20,.,No value available
1999-11-21,.,No value available
1999-11-22,-1.44545,
1999-11-23,-1.58339,
1999-11-24,26.83683,
1999-11-25,-2.01670,
1999-11-26,26.89164,
1999-11-27,.,No value available
1999-11-28,.,No value available
1999-11-29,-2.17164,
1999-11-30,-1.92043,
1999-12-01,-1.77582,
1999-12-02,-1.85585,
1999-12-03,-1.93751,
1999-12-04,.,No value available
1999-12-05,.,No value available
1999-12-06,-1.52850,
1999-12-07,26.64172,
1999-12-08,-0.83508,
1999-12-09,27.04693,
1999-12-10,0.00142,
1999-12-11,.,No value available
1999-12-12,.,No value available
1999-12-13,27.57661,
1999-12-14,0.00745,
1999-12-15,0.01077,
1999-12-16,-0.00531,
1999-12-17,0.00169,
1999-12-18,.,No value available
1999-12-19,.,No value available
1999-12-20,-0.00523,
1999-12-21,-0.00032,
1999-12-22,0.00341,
1999-12-23,0.00687,
1999-12-24,.,No value available
1999-12-25,.,No value available
1999-12-26,.,No value available
1999-12-27,0.00189,
1999-12-28,-0.02478,
1999-12-29,0.00206,
1999-12-30,0.00078,
1999-12-31,.,No value available
2000-01-01,.,No value available
2000-01-02,.,No value available
2000-01-03,-0.00032,
2000-01-04,0.00084,
2000-01-05,0.00090,
2000-01-06,-0.00295,
2000-01-07,0.00185,
2000-01-08,.,No value available
2000-01-09,.,No value available
2000-01-10,-0.00322,
2000-01-11,0.00348,
2000-01-12,0.00127,
2000-01-13,0.01097,
2000-01-14,0.00165,
2000-01-15,.,No value available
2000-01-16,.,No value available
2000-01-17,0.01254,
2000-01-18,0.00279,
2000-01-19,0.00505,
2000-01-20,29.49902,
2000-01-21,-0.05589,
2000-01-22,.,No value available
2000-01-23,.,No value available
2000-01-24,-0.00138,
2000-01-25,0.01624,
2000-01-26,0.00199,
2000-01-27,-0.00261,
2000-01-28,0.00167,
2000-01-29,.,No value available
2000-01-30,.,No value available
2000-01-31,0.00162,
2000-02-01,0.00122,
2000-02-02,-0.00376,
2000-02-03,0.00157,
2000-02-04,0.04114,
2000-02-05,.,No value available
2000-02-06,.,No value available
2000-02-07,0.00295,
2000-02-08,0.00145,
2000-02-09,0.05941,
2000-02-10,-0.00098,
2000-02-11,9.89716,
2000-02-12,.,No value available
2000-02-13,.,No value available
2000-02-14,-0.76887,
2000-02-15,-0.59369,
2000-02-16,-0.85908,
2000-02-17,25.25252,
2000-02-18,-1.31570,
2000-02-19,.,No value available
2000-02-20,.,No value available
2000-02-21,-1.77791,
2000-02-22,-0.00016,
2000-02-23,-0.01041,
2000-02-24,0.00149,
2000-02-25,0.00309,
2000-02-26,.,No value available
2000-02-27,.,No value available
2000-02-28,0.03085,
2000-02-29,-0.00337,
2000-03-01,0.01483,
2000-03-02,-0.00158,
2000-03-03,-0.00016,
2000-03-04,.,No value available
2000-03-05,.,No value available
2000-03-06,0.00129,
2000-03-07,0.00149,
2000-03-08,-0.02127,
2000-03-09,0.01970,
2000-03-10,0.00107,
2000-03-11,.,No value available
2000-03-12,.,No value available
2000-03-13,0.00151,
2000-03-14,0.00025,
2000-03-15,0.00045,
2000-03-16,0.00108,
2000-03-17,0.00632,
2000-03-18,.,No value available
2000-03-19,.,No value available
2000-03-20,0.00100,
2000-03-21,0.00934,
2000-03-22,0.01146,
2000-03-23,0.00003,
2000-03-24,-0.03815,
2000-03-25,.,No value available
2000-03-26,.,No value available
2000-03-27,-0.00488,
2000-03-28,-0.00702,
2000-03-29,-0.00685,
2000-03-30,0.00190,
2000-03-31,0.00079,
2000-04-01,.,No value available
2000-04-02,.,No value available
2000-04-03,-0.00528,
2000-04-04,-0.02020,
2000-04-05,-1.01327,
2000-04-06,26.56728,
2000-04-07,25.65395,
2000-04-08,.,No value available
2000-04-09,.,No value available
2000-04-10,0.00182,
2000-04-11,0.00133,
2000-04-12,0.00308,
2000-04-13,0.00119,
2000-04-14,0.00247,
2000-04-15,.,No value available
2000-04-16,.,No value available
2000-04-17,0.01759,
2000-04-18,0.00980,
2000-04-19,4.13588,
2000-04-20,0.00197,
2000-04-21,.,No value available
2000-04-22,.,No value available
2000-04-23,.,No value available
2000-04-24,.,No value available
2000-04-25,0.00087,
2000-04-26,-0.00860,
2000-04-27,0.00148,
2000-04-28,-0.00025,
2000-04-29,.,No value available
2000-04-30,.,No value available
2000-05-01,.,No value available
2000-05-02,-0.00896,
2000-05-03,-0.01593,
2000-05-04,0.00088,
2000-05-05,-0.00374,
2000-05-06,.,No value available
2000-05-07,.,No value available
2000-05-08,0.00125,
2000-05-09,0.00104,
2000-05-10,-0.00440,
2000-05-11,0.00323,
2000-05-12,-0.00005,
2000-05-13,.,No value available
2000-05-14,.,No value available
2000-05-15,-0.00021,
2000-05-16,-0.00044,
2000-05-17,-1.90680,
2000-05-18,0.00045,
2000-05-19,-0.71158,
2000-05-20,.,No value available
2000-05-21,.,No value available
2000-05-22,0.66044,
2000-05-23,-0.58668,
2000-05-24,-0.00298,
2000-05-25,0.00573,
2000-05-26,-0.00240,
2000-05-27,.,No value available
2000-05-28,.,No value available
2000-05-29,-0.00117,
2000-05-30,-0.00002,
2000-05-31,-0.00013,
2000-06-01,0.00002,
2000-06-02,-0.00032,
2000-06-03,.,No value available
2000-06-04,.,No value available
2000-06-05,0.00086,
2000-06-06,0.01284,
2000-06-07,0.00017,
2000-06-08,0.00094,
2000-06-09,-0.00059,
2000-06-10,.,No value available
2000-06-11,.,No value available
2000-06-12,0.00126,
2000-06-13,-0.00004,
2000-06-14,-0.71352,
2000-06-15,-0.00055,
2000-06-16,-0.00033,
2000-06-17,.,No value available
2000-06-18,.,No value available
2000-06-19,0.00354,
2000-06-20,0.00160,
2000-06-21,0.00373,
2000-06-22,-0.00044,
2000-06-23,-0.00119,
2000-06-24,.,No value available
2000-06-25,.,No value available
2000-06-26,0.00122,
2000-06-27,0.00011,
2000-06-28,0.00357,
2000-06-29,0.00097,
2000-06-30,0.00032,
2000-07-01,.,No value available
2000-07-02,.,No value available
2000-07-03,-0.01206,
2000-07-04,0.00036,
2000-07-05,0.00130,
2000-07-06,-0.38235,
2000-07-07,0.00036,
2000-07-08,.,No value available
2000-07-09,.,No value available
2000-07-10,0.00124,
2000-07-11,-0.00003,
2000-07-12,0.00024,
2000-07-13,0.00347,
2000-07-14,-0.00436,
2000-07-15,.,No value available
2000-07-16,.,No value available
2000-07-17,-0.00004,
2000-07-18,-0.00030,
2000-07-19,0.00056,
2000-07-20,0.00032,
2000-07-21,-0.00017,
2000-07-22,.,No value available
2000-07-23,.,No value available
2000-07-24,0.00016,
2000-07-25,0.00024,
2000-07-26,-0.00100,
2000-07-27,0.00477,
2000-07-28,0.00122,
2000-07-29,.,No value available
2000-07-30,.,No value available
2000-07-31,0.00036,
2000-08-01,0.00009,
2000-08-02,-0.00562,
2000-08-03,-0.00076,
2000-08-04,-0.00020,
2000-08-05,.,No value available
2000-08-06,.,No value available
2000-08-07,0.00074,
2000-08-08,0.00039,
2000-08-09,0.00025,
2000-08-10,0.00013,
2000-08-11,-0.11438,
2000-08-12,.,No value available
2000-08-13,.,No value available
2000-08-14,0.00945,
2000-08-15,0.00462,
2000-08-16,0.00010,
2000-08-17,0.04456,
2000-08-18,-0.42598,
2000-08-19,.,No value available
2000-08-20,.,No value available
2000-08-21,-0.04310,
2000-08-22,0.00184,
2000-08-23,-0.65372,
2000-08-24,-1.13484,
2000-08-25,-0.00803,
2000-08-26,.,No value available
2000-08-27,.,No value available
2000-08-28,-0.14778,
2000-08-29,0.03743,
2000-08-30,-0.08925,
2000-08-31,0.61446,
2000-09-01,0.00132,
2000-09-02,.,No value available
2000-09-03,.,No value available
2000-09-04,0.01374,
2000-09-05,0.00788,
2000-09-06,-0.00316,
2000-09-07,-0.00121,
2000-09-08,0.00014,
2000-09-09,.,No value available
2000-09-10,.,No value available
2000-09-11,-0.00006,
2000-09-12,0.01671,
2000-09-13,17.91921,
2000-09-14,16.16281,
2000-09-15,-0.32349,
2000-09-16,.,No value available
2000-09-17,.,No value available
2000-09-18,7.40044,
2000-09-19,8.07247,
2000-09-20,-0.93236,
2000-09-21,1.53124,
2000-09-22,-0.72591,
2000-09-23,.,No value available
2000-09-24,.,No value available
2000-09-25,-16.26244,
2000-09-26,-19.73621,
2000-09-27,-16.40068,
2000-09-28,-0.98011,
2000-09-29,16.99035,
2000-09-30,.,No value available
2000-10-01,.,No value available
2000-10-02,11.57878,
2000-10-03,.,No value available
2000-10-04,22.29201,
2000-10-05,9.59837,
2000-10-06,-0.89571,
2000-10-07,.,No value available
2000-10-08,.,No value available
2000-10-09,-12.96563,
2000-10-10,-0.37947,
2000-10-11,2.75384,
2000-10-12,-1.38470,
2000-10-13,-1.90904,
2000-10-14,.,No value available
2000-10-15,.,No value available
2000-10-16,-0.32029,
2000-10-17,-1.92498,
2000-10-18,-1.74453,
2000-10-19,1.04315,
2000-10-20,-0.76155,
2000-10-21,.,No value available
2000-10-22,.,No value available
2000-10-23,-2.84394,
2000-10-24,-3.61100,
2000-10-25,0.92736,
2000-10-26,0.32592,
2000-10-27,-0.17304,
2000-10-28,.,No value available
2000-10-29,.,No value available
2000-10-30,-2.35958,
2000-10-31,-2.02152,
2000-11-01,-13.54570,
2000-11-02,-2.41184,
2000-11-03,-0.89111,
2000-11-04,.,No value available
2000-11-05,.,No value available
2000-11-06,3.40257,
2000-11-07,-0.36348,
2000-11-08,-0.76415,
2000-11-09,-0.41047,
2000-11-10,0.75772,
2000-11-11,.,No value available
2000-11-12,.,No value available
2000-11-13,-1.33866,
2000-11-14,-3.77178,
2000-11-15,-3.71984,
2000-11-16,-1.00624,
2000-11-17,-1.83813,
2000-11-18,.,No value available
2000-11-19,.,No value available
2000-11-20,0.66575,
2000-11-21,-2.68844,
2000-11-22,-1.87491,
2000-11-23,-0.73713,
2000-11-24,0.03180,
2000-11-25,.,No value available
2000-11-26,.,No value available
2000-11-27,0.13600,
2000-11-28,-0.21709,
2000-11-29,0.93398,
2000-11-30,-0.85798,
2000-12-01,-0.98640,
2000-12-02,.,No value available
2000-12-03,.,No value available
2000-12-04,-3.37257,
2000-12-05,-2.94105,
2000-12-06,-3.18649,
2000-12-07,-3.28620,
2000-12-08,-2.33311,
2000-12-09,.,No value available
2000-12-10,.,No value available
2000-12-11,-1.65756,
2000-12-12,-2.06765,
2000-12-13,-3.00462,
2000-12-14,-2.69184,
2000-12-15,-2.23026,
2000-12-16,.,No value available
2000-12-17,.,No value available
2000-12-18,-2.60157,
2000-12-19,-2.11644,
2000-12-20,-2.99788,
2000-12-21,-2.37464,
2000-12-22,-2.57992,
2000-12-23,.,No value available
2000-12-24,.,No value available
2000-12-25,.,No value available
2000-12-26,.,No value available
2000-12-27,-2.79083,
2000-12-28,-2.32062,
2000-12-29,-2.41950,
2000-12-30,.,No value available
2000-12-31,.,No value available
2001-01-01,.,No value available
2001-01-02,-2.68181,
2001-01-03,-2.58377,
2001-01-04,-2.73037,
2001-01-05,-3.22542,
2001-01-06,.,No value available
2001-01-07,.,No value available
2001-01-08,-3.13660,
2001-01-09,-2.90970,
2001-01-10,-2.65673,
2001-01-11,-2.27927,
2001-01-12,-2.67847,
2001-01-13,.,No value available
2001-01-14,.,No value available
2001-01-15,-2.25215,
2001-01-16,-2.42920,
2001-01-17,-2.46883,
2001-01-18,-1.78507,
2001-01-19,-2.79868,
2001-01-20,.,No value available
2001-01-21,.,No value available
2001-01-22,-2.73682,
2001-01-23,-2.70931,
2001-01-24,-2.48939,
2001-01-25,-2.25609,
2001-01-26,-1.92060,
2001-01-27,.,No value available
2001-01-28,.,No value available
2001-01-29,-1.68528,
2001-01-30,-2.43197,
2001-01-31,-2.73587,
2001-02-01,-2.33539,
2001-02-02,-2.17344,
2001-02-03,.,No value available
2001-02-04,.,No value available
2001-02-05,-2.15178,
2001-02-06,-2.17128,
2001-02-07,-2.20496,
2001-02-08,-2.14980,
2001-02-09,-2.17230,
2001-02-10,.,No value available
2001-02-11,.,No value available
2001-02-12,-2.40338,
2001-02-13,-2.30488,
2001-02-14,-2.35816,
2001-02-15,-2.24973,
2001-02-16,-2.15773,
2001-02-17,.,No value available
2001-02-18,.,No value available
2001-02-19,-2.17599,
2001-02-20,-2.35985,
2001-02-21,-2.21706,
2001-02-22,-2.21231,
2001-02-23,-2.42505,
2001-02-24,.,No value available
2001-02-25,.,No value available
2001-02-26,-2.53933,
2001-02-27,-3.01409,
2001-02-28,-3.11593,
2001-03-01,-3.23757,
2001-03-02,-3.34407,
2001-03-03,.,No value available
2001-03-04,.,No value available
2001-03-05,-2.53779,
2001-03-06,-2.37009,
2001-03-07,-3.18405,
2001-03-08,-3.30534,
2001-03-09,-3.30824,
2001-03-10,.,No value available
2001-03-11,.,No value available
2001-03-12,-2.49557,
2001-03-13,-2.40935,
2001-03-14,-2.96856,
2001-03-15,-3.77872,
2001-03-16,-3.79459,
2001-03-17,.,No value available
2001-03-18,.,No value available
2001-03-19,-3.85196,
2001-03-20,-3.76257,
2001-03-21,-3.78651,
2001-03-22,-3.63436,
2001-03-23,-3.51909,
2001-03-24,.,No value available
2001-03-25,.,No value available
2001-03-26,-3.34716,
2001-03-27,-3.46938,
2001-03-28,-3.22970,
2001-03-29,-3.18671,
2001-03-30,-3.03216,
2001-03-31,.,No value available
2001-04-01,.,No value available
2001-04-02,-3.22213,
2001-04-03,-3.24984,
2001-04-04,-3.49066,
2001-04-05,-3.30722,
2001-04-06,-3.21235,
2001-04-07,.,No value available
2001-04-08,.,No value available
2001-04-09,-3.30319,
2001-04-10,-3.28913,
2001-04-11,-3.05376,
2001-04-12,-2.07486,
2001-04-13,.,No value available
2001-04-14,.,No value available
2001-04-15,.,No value available
2001-04-16,.,No value available
2001-04-17,-2.15389,
2001-04-18,-3.15927,
2001-04-19,-2.81223,
2001-04-20,-2.23165,
2001-04-21,.,No value available
2001-04-22,.,No value available
2001-04-23,-1.55872,
2001-04-24,0.65561,
2001-04-25,-1.76468,
2001-04-26,-2.07498,
2001-04-27,-2.73473,
2001-04-28,.,No value available
2001-04-29,.,No value available
2001-04-30,-2.15927,
2001-05-01,.,No value available
2001-05-02,-2.38111,
2001-05-03,-1.03103,
2001-05-04,-1.72560,
2001-05-05,.,No value available
2001-05-06,.,No value available
2001-05-07,-0.87554,
2001-05-08,-1.57741,
2001-05-09,-1.26835,
2001-05-10,-2.63171,
2001-05-11,-1.34998,
2001-05-12,.,No value available
2001-05-13,.,No value available
2001-05-14,-1.59282,
2001-05-15,-1.43644,
2001-05-16,-2.60022,
2001-05-17,0.03757,
2001-05-18,-2.16503,
2001-05-19,.,No value available
2001-05-20,.,No value available
2001-05-21,-1.78912,
2001-05-22,-1.76168,
2001-05-23,-1.29146,
2001-05-24,-0.51309,
2001-05-25,-1.08841,
2001-05-26,.,No value available
2001-05-27,.,No value available
2001-05-28,-1.27799,
2001-05-29,-2.38655,
2001-05-30,-1.82626,
2001-05-31,-1.36891,
2001-06-01,-1.41853,
2001-06-02,.,No value available
2001-06-03,.,No value available
2001-06-04,-1.31764,
2001-06-05,-1.52561,
2001-06-06,-2.43007,
2001-06-07,-2.11669,
2001-06-08,-2.21480,
2001-06-09,.,No value available
2001-06-10,.,No value available
2001-06-11,1.67604,
2001-06-12,-1.51528,
2001-06-13,-3.05508,
2001-06-14,-1.43087,
2001-06-15,-2.79647,
2001-06-16,.,No value available
2001-06-17,.,No value available
2001-06-18,-0.18772,
2001-06-19,-1.74852,
2001-06-20,-1.75786,
2001-06-21,-1.81483,
2001-06-22,-1.77313,
2001-06-23,.,No value available
2001-06-24,.,No value available
2001-06-25,-1.77845,
2001-06-26,-1.83203,
2001-06-27,-3.42129,
2001-06-28,-3.35206,
2001-06-29,-1.14185,
2001-06-30,.,No value available
2001-07-01,.,No value available
2001-07-02,-2.29455,
2001-07-03,-1.81979,
2001-07-04,-2.16066,
2001-07-05,-2.94043,
2001-07-06,-1.78573,
2001-07-07,.,No value available
2001-07-08,.,No value available
2001-07-09,-1.10336,
2001-07-10,-1.93868,
2001-07-11,-1.32856,
2001-07-12,-2.44442,
2001-07-13,-3.35714,
2001-07-14,.,No value available
2001-07-15,.,No value available
2001-07-16,-2.07642,
2001-07-17,-2.26753,
2001-07-18,-2.13895,
2001-07-19,-3.36791,
2001-07-20,-1.82971,
2001-07-21,.,No value available
2001-07-22,.,No value available
2001-07-23,-3.43421,
2001-07-24,-3.52117,
2001-07-25,-3.52179,
2001-07-26,-2.64367,
2001-07-27,-3.61588,
2001-07-28,.,No value available
2001-07-29,.,No value available
2001-07-30,-3.62039,
2001-07-31,-3.30288,
2001-08-01,-3.63189,
2001-08-02,-3.07450,
2001-08-03,-3.01604,
2001-08-04,.,No value available
2001-08-05,.,No value available
2001-08-06,-1.82688,
2001-08-07,-3.23892,
2001-08-08,0.44925,
2001-08-09,-3.04498,
2001-08-10,-3.35568,
2001-08-11,.,No value available
2001-08-12,.,No value available
2001-08-13,-2.79079,
2001-08-14,-2.70629,
2001-08-15,-2.97235,
2001-08-16,-2.75756,
2001-08-17,-3.72165,
2001-08-18,.,No value available
2001-08-19,.,No value available
2001-08-20,-2.95159,
2001-08-21,-3.01977,
2001-08-22,-2.51465,
2001-08-23,-2.99381,
2001-08-24,-2.07826,
2001-08-25,.,No value available
2001-08-26,.,No value available
2001-08-27,-2.08897,
2001-08-28,-2.43074,
2001-08-29,-2.22237,
2001-08-30,-2.95143,
2001-08-31,-1.66632,
2001-09-01,.,No value available
2001-09-02,.,No value available
2001-09-03,-2.57051,
2001-09-04,-3.02933,
2001-09-05,-2.87086,
2001-09-06,-2.73822,
2001-09-07,-2.08699,
2001-09-08,.,No value available
2001-09-09,.,No value available
2001-09-10,-2.65921,
2001-09-11,-1.78520,
2001-09-12,-2.86378,
2001-09-13,-3.10214,
2001-09-14,-3.21106,
2001-09-15,.,No value available
2001-09-16,.,No value available
2001-09-17,-3.24327,
2001-09-18,-4.22703,
2001-09-19,-2.77763,
2001-09-20,-3.41671,
2001-09-21,-4.09076,
2001-09-22,.,No value available
2001-09-23,.,No value available
2001-09-24,-2.31109,
2001-09-25,-1.78359,
2001-09-26,-1.99289,
2001-09-27,-3.44609,
2001-09-28,-1.84531,
2001-09-29,.,No value available
2001-09-30,.,No value available
2001-10-01,-2.07920,
2001-10-02,-2.06867,
2001-10-03,-1.59607,
2001-10-04,-1.34568,
2001-10-05,-1.65470,
2001-10-06,.,No value available
2001-10-07,.,No value available
2001-10-08,-1.66863,
2001-10-09,-1.91657,
2001-10-10,2.02142,
2001-10-11,-1.81926,
2001-10-12,-1.76021,
2001-10-13,.,No value available
2001-10-14,.,No value available
2001-10-15,-2.02643,
2001-10-16,-1.82263,
2001-10-17,-1.29470,
2001-10-18,-1.32720,
2001-10-19,-1.32253,
2001-10-20,.,No value available
2001-10-21,.,No value available
2001-10-22,-1.81263,
2001-10-23,-1.92567,
2001-10-24,-1.99200,
2001-10-25,-1.87098,
2001-10-26,-2.02962,
2001-10-27,.,No value available
2001-10-28,.,No value available
2001-10-29,-1.50496,
2001-10-30,-1.07639,
2001-10-31,-1.12097,
2001-11-01,-1.22561,
2001-11-02,-1.88783,
2001-11-03,.,No value available
2001-11-04,.,No value available
2001-11-05,-1.70766,
2001-11-06,-3.23925,
2001-11-07,-2.59756,
2001-11-08,-1.51559,
2001-11-09,-2.93884,
2001-11-10,.,No value available
2001-11-11,.,No value available
2001-11-12,-2.80433,
2001-11-13,-2.78819,
2001-11-14,-2.83608,
2001-11-15,-1.85113,
2001-11-16,-2.12600,
2001-11-17,.,No value available
2001-11-18,.,No value available
2001-11-19,-1.76571,
2001-11-20,-2.27044,
2001-11-21,-3.36268,
2001-11-22,-3.04423,
2001-11-23,-2.18010,
2001-11-24,.,No value available
2001-11-25,.,No value available
2001-11-26,-3.18060,
2001-11-27,-1.99594,
2001-11-28,-3.19735,
2001-11-29,-3.29218,
2001-11-30,-2.98955,
2001-12-01,.,No value available
2001-12-02,.,No value available
2001-12-03,-3.50206,
2001-12-04,-1.86958,
2001-12-05,-3.16139,
2001-12-06,-2.90636,
2001-12-07,-1.50558,
2001-12-08,.,No value available
2001-12-09,.,No value available
2001-12-10,-2.84154,
2001-12-11,-3.04017,
2001-12-12,-1.15914,
2001-12-13,-3.05447,
2001-12-14,-1.48642,
2001-12-15,.,No value available
2001-12-16,.,No value available
2001-12-17,-2.03038,
2001-12-18,-2.08805,
2001-12-19,-3.12237,
2001-12-20,-3.07928,
2001-12-21,-2.90049,
2001-12-22,.,No value available
2001-12-23,.,No value available
2001-12-24,.,No value available
2001-12-25,.,No value available
2001-12-26,.,No value available
2001-12-27,-3.11691,
2001-12-28,-2.05293,
2001-12-29,.,No value available
2001-12-30,.,No value available
2001-12-31,.,No value available
2002-01-01,.,No value available
2002-01-02,-3.28745,
2002-01-03,-1.65922,
2002-01-04,-1.63412,
2002-01-05,.,No value available
2002-01-06,.,No value available
2002-01-07,-1.23915,
2002-01-08,-1.52140,
2002-01-09,-1.21153,
2002-01-10,-2.52710,
2002-01-11,-2.04012,
2002-01-12,.,No value available
2002-01-13,.,No value available
2002-01-14,-2.13593,
2002-01-15,-2.28687,
2002-01-16,-1.87952,
2002-01-17,-2.18302,
2002-01-18,-1.98883,
2002-01-19,.,No value available
2002-01-20,.,No value available
2002-01-21,-2.13743,
2002-01-22,-2.32862,
2002-01-23,-0.82592,
2002-01-24,-1.09658,
2002-01-25,-2.33186,
2002-01-26,.,No value available
2002-01-27,.,No value available
2002-01-28,-2.36131,
2002-01-29,-1.33750,
2002-01-30,-1.00000,
2002-01-31,-2.15536,
2002-02-01,-1.73341,
2002-02-02,.,No value available
2002-02-03,.,No value available
2002-02-04,-1.00000,
2002-02-05,-1.00000,
2002-02-06,-1.77109,
2002-02-07,-1.00000,
2002-02-08,-1.93699,
2002-02-09,.,No value available
2002-02-10,.,No value available
2002-02-11,-2.06542,
2002-02-12,-2.26540,
2002-02-13,-1.13748,
2002-02-14,-1.08545,
2002-02-15,-1.52972,
2002-02-16,.,No value available
2002-02-17,.,No value available
2002-02-18,-2.14573,
2002-02-19,-1.05971,
2002-02-20,-1.84483,
2002-02-21,-1.33320,
2002-02-22,-2.25144,
2002-02-23,.,No value available
2002-02-24,.,No value available
2002-02-25,-1.58604,
2002-02-26,-1.90258,
2002-02-27,-1.13685,
2002-02-28,-2.19155,
2002-03-01,-2.16232,
2002-03-02,.,No value available
2002-03-03,.,No value available
2002-03-04,-2.16104,
2002-03-05,-1.93737,
2002-03-06,-0.98644,
2002-03-07,-2.00716,
2002-03-08,-1.19285,
2002-03-09,.,No value available
2002-03-10,.,No value available
2002-03-11,-1.14270,
2002-03-12,-0.99993,
2002-03-13,-1.87708,
2002-03-14,-1.90746,
2002-03-15,-0.82231,
2002-03-16,.,No value available
2002-03-17,.,No value available
2002-03-18,-1.19519,
2002-03-19,-1.54376,
2002-03-20,-1.96921,
2002-03-21,-1.33591,
2002-03-22,1.26359,
2002-03-23,.,No value available
2002-03-24,.,No value available
2002-03-25,3.44759,
2002-03-26,2.68024,
2002-03-27,-0.49219,
2002-03-28,-0.85103,
2002-03-29,.,No value available
2002-03-30,.,No value available
2002-03-31,.,No value available
2002-04-01,.,No value available
2002-04-02,1.56131,
2002-04-03,-0.57897,
2002-04-04,1.73090,
2002-04-05,0.13529,
2002-04-06,.,No value available
2002-04-07,.,No value available
2002-04-08,-0.93856,
2002-04-09,-1.05525,
2002-04-10,-1.61993,
2002-04-11,6.76116,
2002-04-12,-1.58695,
2002-04-13,.,No value available
2002-04-14,.,No value available
2002-04-15,13.89965,
2002-04-16,14.06574,
2002-04-17,-2.04618,
2002-04-18,15.26306,
2002-04-19,14.85296,
2002-04-20,.,No value available
2002-04-21,.,No value available
2002-04-22,21.84099,
2002-04-23,2.54861,
2002-04-24,1.22031,
2002-04-25,-1.99349,
2002-04-26,-1.09313,
2002-04-27,.,No value available
2002-04-28,.,No value available
2002-04-29,-2.04933,
2002-04-30,-1.39980,
2002-05-01,.,No value available
2002-05-02,-1.38684,
2002-05-03,1.97573,
2002-05-04,.,No value available
2002-05-05,.,No value available
2002-05-06,4.18614,
2002-05-07,-1.07961,
2002-05-08,3.84668,
2002-05-09,0.34612,
2002-05-10,-0.64022,
2002-05-11,.,No value available
2002-05-12,.,No value available
2002-05-13,3.66371,
2002-05-14,-0.41190,
2002-05-15,0.61982,
2002-05-16,-0.79818,
2002-05-17,1.16333,
2002-05-18,.,No value available
2002-05-19,.,No value available
2002-05-20,0.23219,
2002-05-21,-0.33669,
2002-05-22,-0.66126,
2002-05-23,1.66733,
2002-05-24,1.50182,
2002-05-25,.,No value available
2002-05-26,.,No value available
2002-05-27,0.07774,
2002-05-28,1.68277,
2002-05-29,1.18636,
2002-05-30,1.36782,
2002-05-31,-0.39098,
2002-06-01,.,No value available
2002-06-02,.,No value available
2002-06-03,1.81585,
2002-06-04,2.47259,
2002-06-05,1.57947,
2002-06-06,1.82611,
2002-06-07,1.29406,
2002-06-08,.,No value available
2002-06-09,.,No value available
2002-06-10,0.27222,
2002-06-11,2.00339,
2002-06-12,1.83185,
2002-06-13,-0.12757,
2002-06-14,0.06469,
2002-06-15,.,No value available
2002-06-16,.,No value available
2002-06-17,1.25869,
2002-06-18,0.24771,
2002-06-19,-0.47103,
2002-06-20,0.29123,
2002-06-21,0.30293,
2002-06-22,.,No value available
2002-06-23,.,No value available
2002-06-24,-1.04372,
2002-06-25,-0.94583,
2002-06-26,-0.99644,
2002-06-27,-1.33383,
2002-06-28,-1.42764,
2002-06-29,.,No value available
2002-06-30,.,No value available
2002-07-01,-1.35651,
2002-07-02,-1.37611,
2002-07-03,-1.53439,
2002-07-04,-1.18290,
2002-07-05,-1.32203,
2002-07-06,.,No value available
2002-07-07,.,No value available
2002-07-08,-1.11665,
2002-07-09,0.87320,
2002-07-10,0.02753,
2002-07-11,-0.31228,
2002-07-12,-0.95505,
2002-07-13,.,No value available
2002-07-14,.,No value available
2002-07-15,-1.26858,
2002-07-16,-1.29058,
2002-07-17,-1.01290,
2002-07-18,-0.92757,
2002-07-19,-1.73310,
2002-07-20,.,No value available
2002-07-21,.,No value available
2002-07-22,-1.90013,
2002-07-23,-1.18721,
2002-07-24,-1.80379,
2002-07-25,-1.66677,
2002-07-26,-1.54462,
2002-07-27,.,No value available
2002-07-28,.,No value available
2002-07-29,-1.54942,
2002-07-30,-1.10553,
2002-07-31,-1.11425,
2002-08-01,-1.86828,
2002-08-02,-1.72512,
2002-08-03,.,No value available
2002-08-04,.,No value available
2002-08-05,-2.54452,
2002-08-06,-2.06029,
2002-08-07,-1.70785,
2002-08-08,-2.19470,
2002-08-09,-2.79781,
2002-08-10,.,No value available
2002-08-11,.,No value available
2002-08-12,-2.05617,
2002-08-13,-2.25803,
2002-08-14,-2.69471,
2002-08-15,-1.90373,
2002-08-16,-1.07519,
2002-08-17,.,No value available
2002-08-18,.,No value available
2002-08-19,-1.77025,
2002-08-20,-1.58148,
2002-08-21,-1.72573,
2002-08-22,-1.67262,
2002-08-23,-1.53084,
2002-08-24,.,No value available
2002-08-25,.,No value available
2002-08-26,-1.54860,
2002-08-27,-1.55439,
2002-08-28,-1.19664,
2002-08-29,-1.61426,
2002-08-30,-2.57371,
2002-08-31,.,No value available
2002-09-01,.,No value available
2002-09-02,-2.36988,
2002-09-03,-2.45181,
2002-09-04,-1.87628,
2002-09-05,-1.17115,
2002-09-06,-1.79661,
2002-09-07,.,No value available
2002-09-08,.,No value available
2002-09-09,-1.89946,
2002-09-10,-1.79050,
2002-09-11,-2.22352,
2002-09-12,-2.38409,
2002-09-13,-2.60091,
2002-09-14,.,No value available
2002-09-15,.,No value available
2002-09-16,-3.07279,
2002-09-17,-2.69785,
2002-09-18,-1.42878,
2002-09-19,-2.64109,
2002-09-20,-1.42969,
2002-09-21,.,No value available
2002-09-22,.,No value available
2002-09-23,-1.55650,
2002-09-24,-2.82380,
2002-09-25,-2.21453,
2002-09-26,-2.12445,
2002-09-27,-3.11579,
2002-09-28,.,No value available
2002-09-29,.,No value available
2002-09-30,-1.86037,
2002-10-01,-2.62030,
2002-10-02,-2.62780,
2002-10-03,-3.41894,
2002-10-04,-3.08578,
2002-10-05,.,No value available
2002-10-06,.,No value available
2002-10-07,-2.64006,
2002-10-08,-2.39892,
2002-10-09,-2.43498,
2002-10-10,-3.33716,
2002-10-11,-1.25709,
2002-10-12,.,No value available
2002-10-13,.,No value available
2002-10-14,-1.07278,
2002-10-15,-2.59721,
2002-10-16,-2.68099,
2002-10-17,-2.14524,
2002-10-18,-3.38866,
2002-10-19,.,No value available
2002-10-20,.,No value available
2002-10-21,-3.12449,
2002-10-22,-3.00649,
2002-10-23,-3.14173,
2002-10-24,-3.00463,
2002-10-25,-1.25157,
2002-10-26,.,No value available
2002-10-27,.,No value available
2002-10-28,-0.92269,
2002-10-29,-2.39152,
2002-10-30,-2.73922,
2002-10-31,-2.31697,
2002-11-01,-0.06969,
2002-11-02,.,No value available
2002-11-03,.,No value available
2002-11-04,-1.38826,
2002-11-05,-1.05657,
2002-11-06,-0.87297,
2002-11-07,-1.06264,
2002-11-08,-1.13251,
2002-11-09,.,No value available
2002-11-10,.,No value available
2002-11-11,-2.76785,
2002-11-12,-2.79372,
2002-11-13,-2.58065,
2002-11-14,-2.65359,
2002-11-15,-2.40516,
2002-11-16,.,No value available
2002-11-17,.,No value available
2002-11-18,0.73863,
2002-11-19,-0.40259,
2002-11-20,-2.22833,
2002-11-21,0.61469,
2002-11-22,9.40244,
2002-11-23,.,No value available
2002-11-24,.,No value available
2002-11-25,-2.78131,
2002-11-26,-2.68839,
2002-11-27,-2.73134,
2002-11-28,-2.94448,
2002-11-29,-1.36186,
2002-11-30,.,No value available
2002-12-01,.,No value available
2002-12-02,-3.17054,
2002-12-03,-2.93174,
2002-12-04,-2.90273,
2002-12-05,-2.38433,
2002-12-06,-1.46241,
2002-12-07,.,No value available
2002-12-08,.,No value available
2002-12-09,-0.99591,
2002-12-10,-1.00000,
2002-12-11,-0.83369,
2002-12-12,-2.47870,
2002-12-13,-2.67585,
2002-12-14,.,No value available
2002-12-15,.,No value available
2002-12-16,-3.45909,
2002-12-17,-2.13082,
2002-12-18,-2.76174,
2002-12-19,-4.24777,
2002-12-20,-1.34504,
2002-12-21,.,No value available
2002-12-22,.,No value available
2002-12-23,-1.28468,
2002-12-24,.,No value available
2002-12-25,.,No value available
2002-12-26,.,No value available
2002-12-27,-2.87509,
2002-12-28,.,No value available
2002-12-29,.,No value available
2002-12-30,-2.58107,
2002-12-31,.,No value available
2003-01-01,.,No value available
2003-01-02,-2.26339,
2003-01-03,-3.32227,
2003-01-04,.,No value available
2003-01-05,.,No value available
2003-01-06,-2.84435,
2003-01-07,-2.03338,
2003-01-08,-2.69046,
2003-01-09,-0.85665,
2003-01-10,-1.78186,
2003-01-11,.,No value available
2003-01-12,.,No value available
2003-01-13,-1.99925,
2003-01-14,-1.96294,
2003-01-15,-2.04133,
2003-01-16,0.33338,
2003-01-17,-1.93404,
2003-01-18,.,No value available
2003-01-19,.,No value available
2003-01-20,-2.64777,
2003-01-21,-3.05865,
2003-01-22,-4.69906,
2003-01-23,-3.27697,
2003-01-24,-1.36197,
2003-01-25,.,No value available
2003-01-26,.,No value available
2003-01-27,-3.84336,
2003-01-28,-1.96745,
2003-01-29,-3.23213,
2003-01-30,-3.70723,
2003-01-31,-2.91847,
2003-02-01,.,No value available
2003-02-02,.,No value available
2003-02-03,-2.84325,
2003-02-04,-2.57744,
2003-02-05,-2.69385,
2003-02-06,-2.60100,
2003-02-07,-2.80349,
2003-02-08,.,No value available
2003-02-09,.,No value available
2003-02-10,-3.42751,
2003-02-11,-3.36214,
2003-02-12,-4.07152,
2003-02-13,-3.75344,
2003-02-14,-3.16840,
2003-02-15,.,No value available
2003-02-16,.,No value available
2003-02-17,-3.03267,
2003-02-18,-3.78032,
2003-02-19,-3.36032,
2003-02-20,-3.77959,
2003-02-21,-2.28891,
2003-02-22,.,No value available
2003-02-23,.,No value available
2003-02-24,-4.23448,
2003-02-25,-2.46676,
2003-02-26,-4.93555,
2003-02-27,-2.44138,
2003-02-28,-4.83295,
2003-03-01,.,No value available
2003-03-02,.,No value available
2003-03-03,-2.33477,
2003-03-04,-4.20657,
2003-03-05,-4.74566,
2003-03-06,-2.21517,
2003-03-07,-2.80607,
2003-03-08,.,No value available
2003-03-09,.,No value available
2003-03-10,-4.78994,
2003-03-11,-4.71480,
2003-03-12,-3.73072,
2003-03-13,-3.23369,
2003-03-14,-2.78051,
2003-03-15,.,No value available
2003-03-16,.,No value available
2003-03-17,-2.64712,
2003-03-18,-2.34943,
2003-03-19,-2.37587,
2003-03-20,-1.44322,
2003-03-21,-2.01785,
2003-03-22,.,No value available
2003-03-23,.,No value available
2003-03-24,0.00440,
2003-03-25,-2.84283,
2003-03-26,-3.19391,
2003-03-27,-2.61034,
2003-03-28,-2.63310,
2003-03-29,.,No value available
2003-03-30,.,No value available
2003-03-31,-2.20325,
2003-04-01,-2.47609,
2003-04-02,-3.32979,
2003-04-03,-2.80544,
2003-04-04,-2.06411,
2003-04-05,.,No value available
2003-04-06,.,No value available
2003-04-07,-1.09202,
2003-04-08,-3.71505,
2003-04-09,-1.52940,
2003-04-10,-2.11133,
2003-04-11,-1.89170,
2003-04-12,.,No value available
2003-04-13,.,No value available
2003-04-14,-1.88587,
2003-04-15,-1.87221,
2003-04-16,-2.10491,
2003-04-17,-2.31494,
2003-04-18,.,No value available
2003-04-19,.,No value available
2003-04-20,.,No value available
2003-04-21,.,No value available
2003-04-22,-2.00802,
2003-04-23,-2.38717,
2003-04-24,-2.64817,
2003-04-25,-2.66170,
2003-04-26,.,No value available
2003-04-27,.,No value available
2003-04-28,-2.53433,
2003-04-29,-2.71256,
2003-04-30,-2.73627,
2003-05-01,.,No value available
2003-05-02,-5.78182,
2003-05-03,.,No value available
2003-05-04,.,No value available
2003-05-05,-2.87679,
2003-05-06,-2.59188,
2003-05-07,-2.96121,
2003-05-08,-3.77438,
2003-05-09,-4.84179,
2003-05-10,.,No value available
2003-05-11,.,No value available
2003-05-12,-3.25913,
2003-05-13,-4.67393,
2003-05-14,-2.36889,
2003-05-15,-4.95712,
2003-05-16,-4.83608,
2003-05-17,.,No value available
2003-05-18,.,No value available
2003-05-19,-2.39807,
2003-05-20,-4.68349,
2003-05-21,-4.75262,
2003-05-22,-1.40636,
2003-05-23,-4.48184,
2003-05-24,.,No value available
2003-05-25,.,No value available
2003-05-26,-4.30191,
2003-05-27,-3.77130,
2003-05-28,-4.12940,
2003-05-29,-4.49990,
2003-05-30,-4.81742,
2003-05-31,.,No value available
2003-06-01,.,No value available
2003-06-02,-3.00287,
2003-06-03,-3.03771,
2003-06-04,-3.14509,
2003-06-05,-3.05522,
2003-06-06,-4.95974,
2003-06-07,.,No value available
2003-06-08,.,No value available
2003-06-09,-5.20803,
2003-06-10,-4.72393,
2003-06-11,-9.68415,
2003-06-12,-1.82373,
2003-06-13,-4.88461,
2003-06-14,.,No value available
2003-06-15,.,No value available
2003-06-16,-2.00000,
2003-06-17,-3.83118,
2003-06-18,-3.09388,
2003-06-19,-2.59200,
2003-06-20,-3.13225,
2003-06-21,.,No value available
2003-06-22,.,No value available
2003-06-23,-4.82335,
2003-06-24,-3.13024,
2003-06-25,-3.12193,
2003-06-26,-2.92681,
2003-06-27,-1.52570,
2003-06-28,.,No value available
2003-06-29,.,No value available
2003-06-30,-3.01947,
2003-07-01,-3.11358,
2003-07-02,-1.64106,
2003-07-03,-2.83078,
2003-07-04,-3.00816,
2003-07-05,.,No value available
2003-07-06,.,No value available
2003-07-07,-3.03524,
2003-07-08,-1.66529,
2003-07-09,-1.68648,
2003-07-10,-4.03560,
2003-07-11,-1.65006,
2003-07-12,.,No value available
2003-07-13,.,No value available
2003-07-14,-2.79244,
2003-07-15,-3.18026,
2003-07-16,-2.80692,
2003-07-17,-2.58591,
2003-07-18,-2.40338,
2003-07-19,.,No value available
2003-07-20,.,No value available
2003-07-21,-2.87114,
2003-07-22,-2.45425,
2003-07-23,-1.31097,
2003-07-24,-2.51044,
2003-07-25,-2.41297,
2003-07-26,.,No value available
2003-07-27,.,No value available
2003-07-28,-2.48279,
2003-07-29,-2.10147,
2003-07-30,-0.66894,
2003-07-31,-2.80355,
2003-08-01,-1.24934,
2003-08-02,.,No value available
2003-08-03,.,No value available
2003-08-04,-0.39684,
2003-08-05,0.01692,
2003-08-06,-1.85077,
2003-08-07,-3.17025,
2003-08-08,0.27750,
2003-08-09,.,No value available
2003-08-10,.,No value available
2003-08-11,-2.50046,
2003-08-12,-2.25411,
2003-08-13,-2.36819,
2003-08-14,-2.53920,
2003-08-15,0.86106,
2003-08-16,.,No value available
2003-08-17,.,No value available
2003-08-18,0.59499,
2003-08-19,-1.66484,
2003-08-20,-1.44534,
2003-08-21,-2.01239,
2003-08-22,-1.34790,
2003-08-23,.,No value available
2003-08-24,.,No value available
2003-08-25,-1.32926,
2003-08-26,-3.06434,
2003-08-27,-0.52034,
2003-08-28,-1.67884,
2003-08-29,-0.34364,
2003-08-30,.,No value available
2003-08-31,.,No value available
2003-09-01,0.45674,
2003-09-02,-1.36585,
2003-09-03,3.02321,
2003-09-04,-2.11300,
2003-09-05,-1.41554,
2003-09-06,.,No value available
2003-09-07,.,No value available
2003-09-08,-0.90721,
2003-09-09,-1.29665,
2003-09-10,-0.74932,
2003-09-11,-0.76763,
2003-09-12,-3.20123,
2003-09-13,.,No value available
2003-09-14,.,No value available
2003-09-15,0.32768,
2003-09-16,-0.01376,
2003-09-17,-0.58859,
2003-09-18,-2.15804,
2003-09-19,-2.69228,
2003-09-20,.,No value available
2003-09-21,.,No value available
2003-09-22,-2.12863,
2003-09-23,-2.28956,
2003-09-24,-2.02516,
2003-09-25,-1.84146,
2003-09-26,-1.87549,
2003-09-27,.,No value available
2003-09-28,.,No value available
2003-09-29,-1.88239,
2003-09-30,-2.29381,
2003-10-01,-3.75785,
2003-10-02,1.76285,
2003-10-03,-3.30154,
2003-10-04,.,No value available
2003-10-05,.,No value available
2003-10-06,-2.78335,
2003-10-07,-0.35907,
2003-10-08,0.09261,
2003-10-09,-0.79996,
2003-10-10,-0.92547,
2003-10-11,.,No value available
2003-10-12,.,No value available
2003-10-13,-1.33253,
2003-10-14,-1.03008,
2003-10-15,-0.79560,
2003-10-16,-0.42299,
2003-10-17,-3.10141,
2003-10-18,.,No value available
2003-10-19,.,No value available
2003-10-20,-1.62824,
2003-10-21,0.30303,
2003-10-22,-2.08236,
2003-10-23,-3.71573,
2003-10-24,-2.12390,
2003-10-25,.,No value available
2003-10-26,.,No value available
2003-10-27,-1.93913,
2003-10-28,-1.98169,
2003-10-29,-0.79389,
2003-10-30,0.19867,
2003-10-31,-0.04605,
2003-11-01,.,No value available
2003-11-02,.,No value available
2003-11-03,-1.54116,
2003-11-04,-2.69636,
2003-11-05,-0.26551,
2003-11-06,2.01841,
2003-11-07,0.36493,
2003-11-08,.,No value available
2003-11-09,.,No value available
2003-11-10,-0.58248,
2003-11-11,1.39225,
2003-11-12,0.19430,
2003-11-13,-9.92526,
2003-11-14,0.59430,
2003-11-15,.,No value available
2003-11-16,.,No value available
2003-11-17,-3.04251,
2003-11-18,-2.98951,
2003-11-19,1.24843,
2003-11-20,0.03265,
2003-11-21,-0.42077,
2003-11-22,.,No value available
2003-11-23,.,No value available
2003-11-24,-1.34510,
2003-11-25,-0.84437,
2003-11-26,0.09714,
2003-11-27,-0.39479,
2003-11-28,-0.77823,
2003-11-29,.,No value available
2003-11-30,.,No value available
2003-12-01,3.59577,
2003-12-02,-2.76276,
2003-12-03,-1.54273,
2003-12-04,-1.56433,
2003-12-05,-0.17672,
2003-12-06,.,No value available
2003-12-07,.,No value available
2003-12-08,-0.45834,
2003-12-09,0.32431,
2003-12-10,0.08994,
2003-12-11,0.14511,
2003-12-12,-1.31733,
2003-12-13,.,No value available
2003-12-14,.,No value available
2003-12-15,-2.04417,
2003-12-16,-1.01737,
2003-12-17,-1.16205,
2003-12-18,-1.07666,
2003-12-19,-1.62969,
2003-12-20,.,No value available
2003-12-21,.,No value available
2003-12-22,-2.21659,
2003-12-23,-1.36688,
2003-12-24,.,No value available
2003-12-25,.,No value available
2003-12-26,.,No value available
2003-12-27,.,No value available
2003-12-28,.,No value available
2003-12-29,-1.21486,
2003-12-30,-1.78292,
2003-12-31,.,No value available
2004-01-01,.,No value available
2004-01-02,-3.54225,
2004-01-03,.,No value available
2004-01-04,.,No value available
2004-01-05,-2.60723,
2004-01-06,-1.14737,
2004-01-07,-1.18771,
2004-01-08,-1.87161,
2004-01-09,-1.05587,
2004-01-10,.,No value available
2004-01-11,.,No value available
2004-01-12,-2.38121,
2004-01-13,-1.22990,
2004-01-14,-1.93504,
2004-01-15,-2.62722,
2004-01-16,-1.72782,
2004-01-17,.,No value available
2004-01-18,.,No value available
2004-01-19,-1.09734,
2004-01-20,-2.11174,
2004-01-21,-1.96765,
2004-01-22,-0.78973,
2004-01-23,-1.47639,
2004-01-24,.,No value available
2004-01-25,.,No value available
2004-01-26,-2.32156,
2004-01-27,-1.52456,
2004-01-28,-2.29746,
2004-01-29,0.35646,
2004-01-30,-0.73527,
2004-01-31,.,No value available
2004-02-01,.,No value available
2004-02-02,-1.69734,
2004-02-03,-1.54159,
2004-02-04,-1.07776,
2004-02-05,-1.52413,
2004-02-06,-3.16993,
2004-02-07,.,No value available
2004-02-08,.,No value available
2004-02-09,-1.56387,
2004-02-10,-1.41901,
2004-02-11,-0.83092,
2004-02-12,-1.42253,
2004-02-13,-1.72656,
2004-02-14,.,No value available
2004-02-15,.,No value available
2004-02-16,-2.46133,
2004-02-17,-1.77722,
2004-02-18,-2.41576,
2004-02-19,-2.26060,
2004-02-20,-2.18855,
2004-02-21,.,No value available
2004-02-22,.,No value available
2004-02-23,-2.19289,
2004-02-24,-3.14164,
2004-02-25,-3.48527,
2004-02-26,-0.80954,
2004-02-27,-2.69946,
2004-02-28,.,No value available
2004-02-29,.,No value available
2004-03-01,-1.84176,
2004-03-02,-2.07249,
2004-03-03,-2.20259,
2004-03-04,-2.30939,
2004-03-05,-1.98796,
2004-03-06,.,No value available
2004-03-07,.,No value available
2004-03-08,-3.23550,
2004-03-09,-2.35069,
2004-03-10,-2.34393,
2004-03-11,-2.25393,
2004-03-12,-2.34449,
2004-03-13,.,No value available
2004-03-14,.,No value available
2004-03-15,-1.13475,
2004-03-16,-2.03423,
2004-03-17,-1.16674,
2004-03-18,-1.30506,
2004-03-19,-2.75054,
2004-03-20,.,No value available
2004-03-21,.,No value available
2004-03-22,0.84923,
2004-03-23,0.79992,
2004-03-24,-3.04823,
2004-03-25,-4.38751,
2004-03-26,-4.28392,
2004-03-27,.,No value available
2004-03-28,.,No value available
2004-03-29,-3.43335,
2004-03-30,-4.35129,
2004-03-31,-2.37261,
2004-04-01,0.06060,
2004-04-02,-3.19669,
2004-04-03,.,No value available
2004-04-04,.,No value available
2004-04-05,-3.83959,
2004-04-06,-2.20092,
2004-04-07,-1.84896,
2004-04-08,-1.79925,
2004-04-09,.,No value available
2004-04-10,.,No value available
2004-04-11,.,No value available
2004-04-12,.,No value available
2004-04-13,-3.28843,
2004-04-14,-3.24062,
2004-04-15,-1.58881,
2004-04-16,-1.01100,
2004-04-17,.,No value available
2004-04-18,.,No value available
2004-04-19,0.68623,
2004-04-20,-2.38715,
2004-04-21,0.73827,
2004-04-22,-2.36487,
2004-04-23,-1.01000,
2004-04-24,.,No value available
2004-04-25,.,No value available
2004-04-26,-0.93337,
2004-04-27,-1.81245,
2004-04-28,-0.82824,
2004-04-29,-0.35470,
2004-04-30,1.40999,
2004-05-01,.,No value available
2004-05-02,.,No value available
2004-05-03,0.94352,
2004-05-04,0.69943,
2004-05-05,-2.03793,
2004-05-06,0.86813,
2004-05-07,-1.05200,
2004-05-08,.,No value available
2004-05-09,.,No value available
2004-05-10,0.01734,
2004-05-11,-0.87898,
2004-05-12,-0.02633,
2004-05-13,-2.71352,
2004-05-14,-1.18303,
2004-05-15,.,No value available
2004-05-16,.,No value available
2004-05-17,-1.54805,
2004-05-18,-1.24460,
2004-05-19,-2.64640,
2004-05-20,-0.58072,
2004-05-21,-3.03526,
2004-05-22,.,No value available
2004-05-23,.,No value available
2004-05-24,-1.66527,
2004-05-25,-3.02237,
2004-05-26,-1.13377,
2004-05-27,-0.51370,
2004-05-28,-0.27928,
2004-05-29,.,No value available
2004-05-30,.,No value available
2004-05-31,-0.19916,
2004-06-01,-1.22203,
2004-06-02,-1.25164,
2004-06-03,-2.91259,
2004-06-04,-2.46007,
2004-06-05,.,No value available
2004-06-06,.,No value available
2004-06-07,-2.35949,
2004-06-08,-1.84022,
2004-06-09,-0.03731,
2004-06-10,-2.17485,
2004-06-11,0.35725,
2004-06-12,.,No value available
2004-06-13,.,No value available
2004-06-14,0.01164,
2004-06-15,0.01035,
2004-06-16,-3.17072,
2004-06-17,0.83584,
2004-06-18,0.86639,
2004-06-19,.,No value available
2004-06-20,.,No value available
2004-06-21,-0.25268,
2004-06-22,1.14104,
2004-06-23,0.03319,
2004-06-24,-2.16628,
2004-06-25,0.46115,
2004-06-26,.,No value available
2004-06-27,.,No value available
2004-06-28,-2.30551,
2004-06-29,0.18799,
2004-06-30,0.14486,
2004-07-01,-0.76782,
2004-07-02,0.08790,
2004-07-03,.,No value available
2004-07-04,.,No value available
2004-07-05,-1.35597,
2004-07-06,-2.39203,
2004-07-07,-2.41605,
2004-07-08,-2.44004,
2004-07-09,-2.81823,
2004-07-10,.,No value available
2004-07-11,.,No value available
2004-07-12,-2.73011,
2004-07-13,0.07317,
2004-07-14,-1.06729,
2004-07-15,-0.76661,
2004-07-16,-1.72909,
2004-07-17,.,No value available
2004-07-18,.,No value available
2004-07-19,-2.42457,
2004-07-20,-2.43953,
2004-07-21,-0.80541,
2004-07-22,-0.39448,
2004-07-23,-0.43922,
2004-07-24,.,No value available
2004-07-25,.,No value available
2004-07-26,-2.57521,
2004-07-27,2.48095,
2004-07-28,-1.91165,
2004-07-29,2.40058,
2004-07-30,-2.07165,
2004-07-31,.,No value available
2004-08-01,.,No value available
2004-08-02,-0.11087,
2004-08-03,-0.23723,
2004-08-04,0.26847,
2004-08-05,-2.12370,
2004-08-06,-2.61762,
2004-08-07,.,No value available
2004-08-08,.,No value available
2004-08-09,-0.41232,
2004-08-10,-1.37389,
2004-08-11,-1.31403,
2004-08-12,-1.21091,
2004-08-13,-1.35696,
2004-08-14,.,No value available
2004-08-15,.,No value available
2004-08-16,-0.83867,
2004-08-17,-3.13100,
2004-08-18,-2.45237,
2004-08-19,-2.05773,
2004-08-20,-2.09487,
2004-08-21,.,No value available
2004-08-22,.,No value available
2004-08-23,-1.70373,
2004-08-24,-3.01125,
2004-08-25,-1.84020,
2004-08-26,-2.59273,
2004-08-27,-2.63259,
2004-08-28,.,No value available
2004-08-29,.,No value available
2004-08-30,-3.01900,
2004-08-31,-3.04393,
2004-09-01,-1.86562,
2004-09-02,-2.74832,
2004-09-03,-2.19735,
2004-09-04,.,No value available
2004-09-05,.,No value available
2004-09-06,-1.71562,
2004-09-07,-1.66916,
2004-09-08,-0.69057,
2004-09-09,-1.56815,
2004-09-10,-2.00000,
2004-09-11,.,No value available
2004-09-12,.,No value available
2004-09-13,1.30897,
2004-09-14,-1.98626,
2004-09-15,-0.37788,
2004-09-16,0.65396,
2004-09-17,-1.73722,
2004-09-18,.,No value available
2004-09-19,.,No value available
2004-09-20,0.13311,
2004-09-21,-0.06250,
2004-09-22,-1.71670,
2004-09-23,-0.90565,
2004-09-24,-0.14746,
2004-09-25,.,No value available
2004-09-26,.,No value available
2004-09-27,0.30870,
2004-09-28,1.59784,
2004-09-29,-1.90469,
2004-09-30,-0.90766,
2004-10-01,-0.93028,
2004-10-02,.,No value available
2004-10-03,.,No value available
2004-10-04,-1.27304,
2004-10-05,-0.82136,
2004-10-06,-0.83249,
2004-10-07,4.34744,
2004-10-08,-2.72008,
2004-10-09,.,No value available
2004-10-10,.,No value available
2004-10-11,-2.38651,
2004-10-12,0.03804,
2004-10-13,-2.45117,
2004-10-14,-1.39005,
2004-10-15,-1.39663,
2004-10-16,.,No value available
2004-10-17,.,No value available
2004-10-18,-1.35574,
2004-10-19,-1.35597,
2004-10-20,-1.71001,
2004-10-21,-1.07960,
2004-10-22,-2.27011,
2004-10-23,.,No value available
2004-10-24,.,No value available
2004-10-25,-1.12824,
2004-10-26,-1.99449,
2004-10-27,-1.12910,
2004-10-28,-1.37757,
2004-10-29,-1.36406,
2004-10-30,.,No value available
2004-10-31,.,No value available
2004-11-01,-2.26439,
2004-11-02,-1.37658,
2004-11-03,-2.25304,
2004-11-04,-2.24928,
2004-11-05,-2.14464,
2004-11-06,.,No value available
2004-11-07,.,No value available
2004-11-08,-1.28581,
2004-11-09,-2.25893,
2004-11-10,-2.38159,
2004-11-11,-1.78852,
2004-11-12,-0.52464,
2004-11-13,.,No value available
2004-11-14,.,No value available
2004-11-15,-0.52645,
2004-11-16,-1.89032,
2004-11-17,-2.21813,
2004-11-18,-0.32918,
2004-11-19,-1.94396,
2004-11-20,.,No value available
2004-11-21,.,No value available
2004-11-22,0.00637,
2004-11-23,3.04500,
2004-11-24,-1.76981,
2004-11-25,-0.54449,
2004-11-26,-1.08888,
2004-11-27,.,No value available
2004-11-28,.,No value available
2004-11-29,-2.26239,
2004-11-30,-1.12549,
2004-12-01,-1.08950,
2004-12-02,-0.50048,
2004-12-03,-1.34788,
2004-12-04,.,No value available
2004-12-05,.,No value available
2004-12-06,-0.77394,
2004-12-07,-0.93037,
2004-12-08,-1.02315,
2004-12-09,-0.19462,
2004-12-10,-1.56358,
2004-12-11,.,No value available
2004-12-12,.,No value available
2004-12-13,0.04392,
2004-12-14,-1.98933,
2004-12-15,-1.43437,
2004-12-16,-1.21361,
2004-12-17,2.09411,
2004-12-18,.,No value available
2004-12-19,.,No value available
2004-12-20,-1.99720,
2004-12-21,-1.91765,
2004-12-22,-1.54144,
2004-12-23,-1.12898,
2004-12-24,.,No value available
2004-12-25,.,No value available
2004-12-26,.,No value available
2004-12-27,-1.25533,
2004-12-28,-1.61573,
2004-12-29,-1.60305,
2004-12-30,-0.89148,
2004-12-31,.,No value available
2005-01-01,.,No value available
2005-01-02,.,No value available
2005-01-03,-1.51972,
2005-01-04,0.89149,
2005-01-05,-2.00000,
2005-01-06,-1.03932,
2005-01-07,-1.05298,
2005-01-08,.,No value available
2005-01-09,.,No value available
2005-01-10,-2.10962,
2005-01-11,-1.09132,
2005-01-12,-2.15258,
2005-01-13,-1.73258,
2005-01-14,-0.82249,
2005-01-15,.,No value available
2005-01-16,.,No value available
2005-01-17,-1.41941,
2005-01-18,-1.19193,
2005-01-19,-1.76289,
2005-01-20,-1.23425,
2005-01-21,0.02570,
2005-01-22,.,No value available
2005-01-23,.,No value available
2005-01-24,0.26473,
2005-01-25,3.42410,
2005-01-26,-1.10456,
2005-01-27,-0.88964,
2005-01-28,-1.18318,
2005-01-29,.,No value available
2005-01-30,.,No value available
2005-01-31,-1.49144,
2005-02-01,-0.70454,
2005-02-02,-0.96318,
2005-02-03,-0.39190,
2005-02-04,-1.17693,
2005-02-05,.,No value available
2005-02-06,.,No value available
2005-02-07,-1.00119,
2005-02-08,-0.86488,
2005-02-09,-1.15572,
2005-02-10,-0.30291,
2005-02-11,-0.15751,
2005-02-12,.,No value available
2005-02-13,.,No value available
2005-02-14,0.23790,
2005-02-15,-1.77867,
2005-02-16,2.32982,
2005-02-17,1.03864,
2005-02-18,-1.30758,
2005-02-19,.,No value available
2005-02-20,.,No value available
2005-02-21,-1.71542,
2005-02-22,-0.23325,
2005-02-23,-1.84302,
2005-02-24,0.25630,
2005-02-25,-0.44010,
2005-02-26,.,No value available
2005-02-27,.,No value available
2005-02-28,-1.66561,
2005-03-01,-1.89708,
2005-03-02,-0.92117,
2005-03-03,-1.16177,
2005-03-04,-1.13262,
2005-03-05,.,No value available
2005-03-06,.,No value available
2005-03-07,-1.05320,
2005-03-08,-1.00083,
2005-03-09,-0.83186,
2005-03-10,-1.39759,
2005-03-11,-1.46639,
2005-03-12,.,No value available
2005-03-13,.,No value available
2005-03-14,-1.50052,
2005-03-15,-1.77526,
2005-03-16,-1.81856,
2005-03-17,-1.54782,
2005-03-18,0.92961,
2005-03-19,.,No value available
2005-03-20,.,No value available
2005-03-21,-1.53307,
2005-03-22,-0.63843,
2005-03-23,0.99777,
2005-03-24,0.55858,
2005-03-25,.,No value available
2005-03-26,.,No value available
2005-03-27,.,No value available
2005-03-28,.,No value available
2005-03-29,2.65595,
2005-03-30,-0.97671,
2005-03-31,2.98773,
2005-04-01,-1.19102,
2005-04-02,.,No value available
2005-04-03,.,No value available
2005-04-04,-1.75214,
2005-04-05,-0.34243,
2005-04-06,-1.54395,
2005-04-07,-1.61907,
2005-04-08,0.03124,
2005-04-09,.,No value available
2005-04-10,.,No value available
2005-04-11,-0.49029,
2005-04-12,-0.23067,
2005-04-13,-1.16287,
2005-04-14,-0.53402,
2005-04-15,-1.95777,
2005-04-16,.,No value available
2005-04-17,.,No value available
2005-04-18,-1.89606,
2005-04-19,-1.69546,
2005-04-20,-2.15894,
2005-04-21,-2.23378,
2005-04-22,-1.76338,
2005-04-23,.,No value available
2005-04-24,.,No value available
2005-04-25,-2.20135,
2005-04-26,-2.21716,
2005-04-27,-2.23166,
2005-04-28,-2.20375,
2005-04-29,-2.37224,
2005-04-30,.,No value available
2005-05-01,.,No value available
2005-05-02,-1.25630,
2005-05-03,-1.20384,
2005-05-04,-1.87804,
2005-05-05,-2.31318,
2005-05-06,-1.86625,
2005-05-07,.,No value available
2005-05-08,.,No value available
2005-05-09,-1.71323,
2005-05-10,-0.47310,
2005-05-11,-1.31243,
2005-05-12,-2.31563,
2005-05-13,-2.08353,
2005-05-14,.,No value available
2005-05-15,.,No value available
2005-05-16,-1.81262,
2005-05-17,-1.82551,
2005-05-18,-1.97638,
2005-05-19,-0.63998,
2005-05-20,-1.81918,
2005-05-21,.,No value available
2005-05-22,.,No value available
2005-05-23,-1.00177,
2005-05-24,-3.40790,
2005-05-25,-1.68496,
2005-05-26,-1.59889,
2005-05-27,-1.70332,
2005-05-28,.,No value available
2005-05-29,.,No value available
2005-05-30,-0.41178,
2005-05-31,-2.05793,
2005-06-01,-1.42349,
2005-06-02,-1.12744,
2005-06-03,-2.23107,
2005-06-04,.,No value available
2005-06-05,.,No value available
2005-06-06,-1.09465,
2005-06-07,-1.09139,
2005-06-08,-1.38316,
2005-06-09,-1.10320,
2005-06-10,-1.09265,
2005-06-11,.,No value available
2005-06-12,.,No value available
2005-06-13,-0.79903,
2005-06-14,-0.69776,
2005-06-15,-1.94899,
2005-06-16,-1.73859,
2005-06-17,0.28277,
2005-06-18,.,No value available
2005-06-19,.,No value available
2005-06-20,-0.70533,
2005-06-21,-2.08678,
2005-06-22,-0.95372,
2005-06-23,-1.50869,
2005-06-24,-2.18904,
2005-06-25,.,No value available
2005-06-26,.,No value available
2005-06-27,-2.23424,
2005-06-28,-2.24386,
2005-06-29,-2.25059,
2005-06-30,-2.25541,
2005-07-01,-0.68341,
2005-07-02,.,No value available
2005-07-03,.,No value available
2005-07-04,-0.66415,
2005-07-05,-1.51300,
2005-07-06,-1.51320,
2005-07-07,-2.17182,
2005-07-08,-1.50428,
2005-07-09,.,No value available
2005-07-10,.,No value available
2005-07-11,-1.50822,
2005-07-12,-1.51642,
2005-07-13,-2.01861,
2005-07-14,-1.52983,
2005-07-15,-1.52567,
2005-07-16,.,No value available
2005-07-17,.,No value available
2005-07-18,-1.51997,
2005-07-19,-1.52094,
2005-07-20,-1.52658,
2005-07-21,-0.59372,
2005-07-22,-1.52681,
2005-07-23,.,No value available
2005-07-24,.,No value available
2005-07-25,-1.51457,
2005-07-26,-1.51147,
2005-07-27,-1.51559,
2005-07-28,-1.52041,
2005-07-29,-1.51048,
2005-07-30,.,No value available
2005-07-31,.,No value available
2005-08-01,-2.43202,
2005-08-02,-2.34561,
2005-08-03,-0.73215,
2005-08-04,-2.03882,
2005-08-05,-1.53141,
2005-08-06,.,No value available
2005-08-07,.,No value available
2005-08-08,-1.76312,
2005-08-09,-1.50847,
2005-08-10,-2.01251,
2005-08-11,-1.38440,
2005-08-12,-0.30320,
2005-08-13,.,No value available
2005-08-14,.,No value available
2005-08-15,-0.49131,
2005-08-16,-2.22189,
2005-08-17,-1.51780,
2005-08-18,-1.51593,
2005-08-19,-1.51703,
2005-08-20,.,No value available
2005-08-21,.,No value available
2005-08-22,-1.51894,
2005-08-23,-2.39955,
2005-08-24,-2.11790,
2005-08-25,-2.62165,
2005-08-26,-2.15064,
2005-08-27,.,No value available
2005-08-28,.,No value available
2005-08-29,-2.20918,
2005-08-30,-1.44575,
2005-08-31,-2.43309,
2005-09-01,-2.12506,
2005-09-02,-2.10059,
2005-09-03,.,No value available
2005-09-04,.,No value available
2005-09-05,-1.83553,
2005-09-06,-2.21714,
2005-09-07,-1.74333,
2005-09-08,-1.64407,
2005-09-09,-3.38912,
2005-09-10,.,No value available
2005-09-11,.,No value available
2005-09-12,-2.22614,
2005-09-13,-2.05041,
2005-09-14,-2.29904,
2005-09-15,0.98819,
2005-09-16,1.25561,
2005-09-17,.,No value available
2005-09-18,.,No value available
2005-09-19,-2.27782,
2005-09-20,-2.17577,
2005-09-21,-2.11105,
2005-09-22,-2.33176,
2005-09-23,-2.53143,
2005-09-24,.,No value available
2005-09-25,.,No value available
2005-09-26,3.64428,
2005-09-27,-0.86450,
2005-09-28,-1.16224,
2005-09-29,-1.62273,
2005-09-30,4.14559,
2005-10-01,.,No value available
2005-10-02,.,No value available
2005-10-03,0.11654,
2005-10-04,1.29900,
2005-10-05,0.32059,
2005-10-06,0.25803,
2005-10-07,-1.58473,
2005-10-08,.,No value available
2005-10-09,.,No value available
2005-10-10,-0.04053,
2005-10-11,-1.26742,
2005-10-12,-1.61292,
2005-10-13,-1.45794,
2005-10-14,-1.54857,
2005-10-15,.,No value available
2005-10-16,.,No value available
2005-10-17,-0.67551,
2005-10-18,0.05285,
2005-10-19,-0.05145,
2005-10-20,-1.41296,
2005-10-21,0.32442,
2005-10-22,.,No value available
2005-10-23,.,No value available
2005-10-24,1.39675,
2005-10-25,0.27679,
2005-10-26,0.29806,
2005-10-27,0.34255,
2005-10-28,0.19617,
2005-10-29,.,No value available
2005-10-30,.,No value available
2005-10-31,0.20160,
2005-11-01,0.20220,
2005-11-02,-0.52742,
2005-11-03,-0.50915,
2005-11-04,-0.58756,
2005-11-05,.,No value available
2005-11-06,.,No value available
2005-11-07,0.42964,
2005-11-08,-0.40598,
2005-11-09,2.47443,
2005-11-10,-0.39254,
2005-11-11,0.40118,
2005-11-12,.,No value available
2005-11-13,.,No value available
2005-11-14,2.55762,
2005-11-15,0.69644,
2005-11-16,-0.53683,
2005-11-17,-0.56148,
2005-11-18,-0.53388,
2005-11-19,.,No value available
2005-11-20,.,No value available
2005-11-21,-0.21061,
2005-11-22,2.71792,
2005-11-23,-0.58826,
2005-11-24,-0.33552,
2005-11-25,4.14211,
2005-11-26,.,No value available
2005-11-27,.,No value available
2005-11-28,0.05288,
2005-11-29,0.77085,
2005-11-30,-0.30266,
2005-12-01,-0.06810,
2005-12-02,-0.51545,
2005-12-03,.,No value available
2005-12-04,.,No value available
2005-12-05,-1.04963,
2005-12-06,0.07481,
2005-12-07,-0.71426,
2005-12-08,-0.44615,
2005-12-09,-0.63524,
2005-12-10,.,No value available
2005-12-11,.,No value available
2005-12-12,2.51087,
2005-12-13,0.72011,
2005-12-14,0.00670,
2005-12-15,-0.01367,
2005-12-16,-0.03620,
2005-12-17,.,No value available
2005-12-18,.,No value available
2005-12-19,-0.34152,
2005-12-20,0.46000,
2005-12-21,0.53226,
2005-12-22,-0.00115,
2005-12-23,-0.00272,
2005-12-24,.,No value available
2005-12-25,.,No value available
2005-12-26,.,No value available
2005-12-27,1.73468,
2005-12-28,1.70494,
2005-12-29,-0.00732,
2005-12-30,-0.68441,
2005-12-31,.,No value available
2006-01-01,.,No value available
2006-01-02,-0.57519,
2006-01-03,-0.51948,
2006-01-04,1.43029,
2006-01-05,0.18903,
2006-01-06,0.76281,
2006-01-07,.,No value available
2006-01-08,.,No value available
2006-01-09,1.21105,
2006-01-10,-0.01356,
2006-01-11,-0.16974,
2006-01-12,-0.58311,
2006-01-13,-0.01289,
2006-01-14,.,No value available
2006-01-15,.,No value available
2006-01-16,-0.07122,
2006-01-17,-0.14244,
2006-01-18,-0.28488,
2006-01-19,-0.49941,
2006-01-20,0.02380,
2006-01-21,.,No value available
2006-01-22,.,No value available
2006-01-23,0.02796,
2006-01-24,0.04494,
2006-01-25,0.00281,
2006-01-26,0.00562,
2006-01-27,0.01124,
2006-01-28,.,No value available
2006-01-29,.,No value available
2006-01-30,0.00727,
2006-01-31,0.46575,
2006-02-01,-0.11085,
2006-02-02,-0.22170,
2006-02-03,1.30020,
2006-02-04,.,No value available
2006-02-05,.,No value available
2006-02-06,0.72896,
2006-02-07,0.05606,
2006-02-08,0.11212,
2006-02-09,-0.08118,
2006-02-10,-0.11858,
2006-02-11,.,No value available
2006-02-12,.,No value available
2006-02-13,-0.00741,
2006-02-14,-0.00741,
2006-02-15,-0.00046,
2006-02-16,-0.00003,
2006-02-17,-0.00003,
2006-02-18,.,No value available
2006-02-19,.,No value available
2006-02-20,-0.00002,
2006-02-21,0.37074,
2006-02-22,1.00257,
2006-02-23,-0.05821,
2006-02-24,0.05418,
2006-02-25,.,No value available
2006-02-26,.,No value available
2006-02-27,0.00339,
2006-02-28,-0.14545,
2006-03-01,-0.14545,
2006-03-02,2.04009,
2006-03-03,0.19699,
2006-03-04,.,No value available
2006-03-05,.,No value available
2006-03-06,0.19699,
2006-03-07,0.01299,
2006-03-08,0.02475,
2006-03-09,0.04950,
2006-03-10,0.13748,
2006-03-11,.,No value available
2006-03-12,.,No value available
2006-03-13,-0.06621,
2006-03-14,-0.00414,
2006-03-15,-0.00026,
2006-03-16,-0.00052,
2006-03-17,-0.00003,
2006-03-18,.,No value available
2006-03-19,.,No value available
2006-03-20,-0.00006,
2006-03-21,1.24112,
2006-03-22,0.16885,
2006-03-23,0.01055,
2006-03-24,0.02110,
2006-03-25,.,No value available
2006-03-26,.,No value available
2006-03-27,0.00132,
2006-03-28,0.00016,
2006-03-29,0.00001,
2006-03-30,-0.24478,
2006-03-31,-0.24478,
2006-04-01,.,No value available
2006-04-02,.,No value available
2006-04-03,-0.01530,
2006-04-04,0.00000,
2006-04-05,-0.14931,
2006-04-06,-0.00933,
2006-04-07,-0.00866,
2006-04-08,.,No value available
2006-04-09,.,No value available
2006-04-10,-0.00054,
2006-04-11,-0.00003,
2006-04-12,2.53730,
2006-04-13,-0.28503,
2006-04-14,.,No value available
2006-04-15,.,No value available
2006-04-16,.,No value available
2006-04-17,.,No value available
2006-04-18,0.20446,
2006-04-19,-0.23382,
2006-04-20,-0.01461,
2006-04-21,-0.02922,
2006-04-22,.,No value available
2006-04-23,.,No value available
2006-04-24,-0.05844,
2006-04-25,-0.00365,
2006-04-26,-0.00730,
2006-04-27,-0.01346,
2006-04-28,-0.02413,
2006-04-29,.,No value available
2006-04-30,.,No value available
2006-05-01,.,No value available
2006-05-02,-0.26984,
2006-05-03,-0.26984,
2006-05-04,1.60025,
2006-05-05,-0.01305,
2006-05-06,.,No value available
2006-05-07,.,No value available
2006-05-08,-0.00082,
2006-05-09,-0.00164,
2006-05-10,0.87985,
2006-05-11,1.75170,
2006-05-12,-0.00365,
2006-05-13,.,No value available
2006-05-14,.,No value available
2006-05-15,-0.00023,
2006-05-16,-0.00001,
2006-05-17,-0.00001,
2006-05-18,-0.00001,
2006-05-19,-0.00001,
2006-05-20,.,No value available
2006-05-21,.,No value available
2006-05-22,0.00048,
2006-05-23,0.00019,
2006-05-24,0.00037,
2006-05-25,0.00049,
2006-05-26,0.00409,
2006-05-27,.,No value available
2006-05-28,.,No value available
2006-05-29,0.00542,
2006-05-30,-0.00252,
2006-05-31,-0.00618,
2006-06-01,-0.00039,
2006-06-02,0.47765,
2006-06-03,.,No value available
2006-06-04,.,No value available
2006-06-05,0.43340,
2006-06-06,0.03823,
2006-06-07,0.05213,
2006-06-08,0.10426,
2006-06-09,0.07680,
2006-06-10,.,No value available
2006-06-11,.,No value available
2006-06-12,0.24220,
2006-06-13,0.01514,
2006-06-14,0.00095,
2006-06-15,0.00006,
2006-06-16,0.13599,
2006-06-17,.,No value available
2006-06-18,.,No value available
2006-06-19,0.27198,
2006-06-20,0.01964,
2006-06-21,0.00123,
2006-06-22,0.00008,
2006-06-23,0.00008,
2006-06-24,.,No value available
2006-06-25,.,No value available
2006-06-26,0.00031,
2006-06-27,0.00062,
2006-06-28,0.00004,
2006-06-29,-0.11640,
2006-06-30,-0.00135,
2006-07-01,.,No value available
2006-07-02,.,No value available
2006-07-03,-0.00270,
2006-07-04,-0.00270,
2006-07-05,-0.00540,
2006-07-06,-0.00034,
2006-07-07,-0.00068,
2006-07-08,.,No value available
2006-07-09,.,No value available
2006-07-10,-0.00004,
2006-07-11,-0.00004,
2006-07-12,-0.00004,
2006-07-13,-0.00004,
2006-07-14,-0.00004,
2006-07-15,.,No value available
2006-07-16,.,No value available
2006-07-17,-0.00004,
2006-07-18,-0.00004,
2006-07-19,-0.07568,
2006-07-20,0.06946,
2006-07-21,0.00434,
2006-07-22,.,No value available
2006-07-23,.,No value available
2006-07-24,0.00027,
2006-07-25,0.00054,
2006-07-26,0.00108,
2006-07-27,0.00216,
2006-07-28,0.00014,
2006-07-29,.,No value available
2006-07-30,.,No value available
2006-07-31,0.00001,
2006-08-01,-0.01772,
2006-08-02,-0.00111,
2006-08-03,-0.00007,
2006-08-04,-0.00007,
2006-08-05,.,No value available
2006-08-06,.,No value available
2006-08-07,-0.00007,
2006-08-08,0.29760,
2006-08-09,0.01860,
2006-08-10,0.00116,
2006-08-11,0.00007,
2006-08-12,.,No value available
2006-08-13,.,No value available
2006-08-14,0.00000,
2006-08-15,0.00000,
2006-08-16,-0.15401,
2006-08-17,-0.00963,
2006-08-18,-0.01926,
2006-08-19,.,No value available
2006-08-20,.,No value available
2006-08-21,-0.02538,
2006-08-22,-0.05021,
2006-08-23,-0.05021,
2006-08-24,-0.02602,
2006-08-25,-0.05204,
2006-08-26,.,No value available
2006-08-27,.,No value available
2006-08-28,0.28649,
2006-08-29,-0.22812,
2006-08-30,-0.03080,
2006-08-31,-0.00193,
2006-09-01,-0.00386,
2006-09-02,.,No value available
2006-09-03,.,No value available
2006-09-04,-0.00128,
2006-09-05,-0.00256,
2006-09-06,-0.00016,
2006-09-07,-0.00001,
2006-09-08,-0.00002,
2006-09-09,.,No value available
2006-09-10,.,No value available
2006-09-11,-0.02631,
2006-09-12,-0.03189,
2006-09-13,-0.06378,
2006-09-14,-0.26084,
2006-09-15,0.24226,
2006-09-16,.,No value available
2006-09-17,.,No value available
2006-09-18,0.01514,
2006-09-19,0.03028,
2006-09-20,0.00189,
2006-09-21,0.00171,
2006-09-22,0.00342,
2006-09-23,.,No value available
2006-09-24,.,No value available
2006-09-25,0.00363,
2006-09-26,-0.00403,
2006-09-27,-0.00685,
2006-09-28,-0.00390,
2006-09-29,-0.00181,
2006-09-30,.,No value available
2006-10-01,.,No value available
2006-10-02,-0.01408,
2006-10-03,-0.01086,
2006-10-04,-0.02912,
2006-10-05,-0.00022,
2006-10-06,0.00496,
2006-10-07,.,No value available
2006-10-08,.,No value available
2006-10-09,-0.00893,
2006-10-10,0.01615,
2006-10-11,0.00070,
2006-10-12,0.00028,
2006-10-13,-0.00042,
2006-10-14,.,No value available
2006-10-15,.,No value available
2006-10-16,-0.01894,
2006-10-17,-0.02623,
2006-10-18,0.00271,
2006-10-19,0.00691,
2006-10-20,0.00023,
2006-10-21,.,No value available
2006-10-22,.,No value available
2006-10-23,-0.00452,
2006-10-24,-0.00285,
2006-10-25,-0.01361,
2006-10-26,-0.13807,
2006-10-27,-1.50538,
2006-10-28,.,No value available
2006-10-29,.,No value available
2006-10-30,-1.97345,
2006-10-31,-2.01204,
2006-11-01,-2.12393,
2006-11-02,-1.99283,
2006-11-03,0.76750,
2006-11-04,.,No value available
2006-11-05,.,No value available
2006-11-06,0.46355,
2006-11-07,0.48917,
2006-11-08,0.67154,
2006-11-09,0.56757,
2006-11-10,0.55645,
2006-11-11,.,No value available
2006-11-12,.,No value available
2006-11-13,0.30993,
2006-11-14,0.53818,
2006-11-15,0.50696,
2006-11-16,0.41248,
2006-11-17,0.44231,
2006-11-18,.,No value available
2006-11-19,.,No value available
2006-11-20,0.24595,
2006-11-21,0.30029,
2006-11-22,0.35299,
2006-11-23,0.27890,
2006-11-24,0.21967,
2006-11-25,.,No value available
2006-11-26,.,No value available
2006-11-27,-0.00365,
2006-11-28,-0.00730,
2006-11-29,-0.00183,
2006-11-30,-0.97669,
2006-12-01,-1.06009,
2006-12-02,.,No value available
2006-12-03,.,No value available
2006-12-04,-0.60970,
2006-12-05,-0.31060,
2006-12-06,-0.01941,
2006-12-07,-0.01941,
2006-12-08,0.01687,
2006-12-09,.,No value available
2006-12-10,.,No value available
2006-12-11,0.02009,
2006-12-12,0.04018,
2006-12-13,0.08036,
2006-12-14,0.00873,
2006-12-15,0.00529,
2006-12-16,.,No value available
2006-12-17,.,No value available
2006-12-18,0.01058,
2006-12-19,0.01750,
2006-12-20,0.01664,
2006-12-21,0.03328,
2006-12-22,0.10032,
2006-12-23,.,No value available
2006-12-24,.,No value available
2006-12-25,.,No value available
2006-12-26,.,No value available
2006-12-27,0.27931,
2006-12-28,0.02266,
2006-12-29,0.02266,
2006-12-30,.,No value available
2006-12-31,.,No value available
2007-01-01,.,No value available
2007-01-02,0.04532,
2007-01-03,0.24444,
2007-01-04,0.24444,
2007-01-05,-0.02042,
2007-01-06,.,No value available
2007-01-07,.,No value available
2007-01-08,-0.04084,
2007-01-09,-0.04084,
2007-01-10,0.06745,
2007-01-11,0.13490,
2007-01-12,0.26980,
2007-01-13,.,No value available
2007-01-14,.,No value available
2007-01-15,0.05419,
2007-01-16,0.15941,
2007-01-17,0.03735,
2007-01-18,0.01488,
2007-01-19,0.00093,
2007-01-20,.,No value available
2007-01-21,.,No value available
2007-01-22,0.00186,
2007-01-23,0.00084,
2007-01-24,0.01509,
2007-01-25,0.03018,
2007-01-26,0.03587,
2007-01-27,.,No value available
2007-01-28,.,No value available
2007-01-29,0.00224,
2007-01-30,0.00014,
2007-01-31,-0.00955,
2007-02-01,-0.01577,
2007-02-02,-0.54024,
2007-02-03,.,No value available
2007-02-04,.,No value available
2007-02-05,-0.05911,
2007-02-06,-0.00369,
2007-02-07,-0.00023,
2007-02-08,0.00048,
2007-02-09,0.00096,
2007-02-10,.,No value available
2007-02-11,.,No value available
2007-02-12,-0.24829,
2007-02-13,-0.02190,
2007-02-14,-0.22835,
2007-02-15,0.15050,
2007-02-16,0.00026,
2007-02-17,.,No value available
2007-02-18,.,No value available
2007-02-19,0.00010,
2007-02-20,0.00020,
2007-02-21,0.00040,
2007-02-22,0.00040,
2007-02-23,0.00040,
2007-02-24,.,No value available
2007-02-25,.,No value available
2007-02-26,0.00080,
2007-02-27,0.00160,
2007-02-28,0.00010,
2007-03-01,0.00001,
2007-03-02,0.00001,
2007-03-03,.,No value available
2007-03-04,.,No value available
2007-03-05,0.00001,
2007-03-06,0.00001,
2007-03-07,0.00001,
2007-03-08,0.00001,
2007-03-09,-0.02207,
2007-03-10,.,No value available
2007-03-11,.,No value available
2007-03-12,-0.00323,
2007-03-13,-0.02616,
2007-03-14,-0.00164,
2007-03-15,-0.00010,
2007-03-16,-0.00020,
2007-03-17,.,No value available
2007-03-18,.,No value available
2007-03-19,-0.00020,
2007-03-20,-0.00020,
2007-03-21,-0.00020,
2007-03-22,-0.00001,
2007-03-23,-0.00001,
2007-03-24,.,No value available
2007-03-25,.,No value available
2007-03-26,-0.00001,
2007-03-27,-0.00001,
2007-03-28,0.00000,
2007-03-29,-0.00080,
2007-03-30,-0.00257,
2007-03-31,.,No value available
2007-04-01,.,No value available
2007-04-02,0.00120,
2007-04-03,0.00031,
2007-04-04,0.00062,
2007-04-05,0.00124,
2007-04-06,.,No value available
2007-04-07,.,No value available
2007-04-08,.,No value available
2007-04-09,.,No value available
2007-04-10,0.00125,
2007-04-11,0.00008,
2007-04-12,0.00001,
2007-04-13,0.00001,
2007-04-14,.,No value available
2007-04-15,.,No value available
2007-04-16,0.00001,
2007-04-17,-0.11721,
2007-04-18,-0.00733,
2007-04-19,-0.01466,
2007-04-20,-0.02932,
2007-04-21,.,No value available
2007-04-22,.,No value available
2007-04-23,-0.05864,
2007-04-24,-0.00367,
2007-04-25,-0.00734,
2007-04-26,-0.01468,
2007-04-27,-0.02936,
2007-04-28,.,No value available
2007-04-29,.,No value available
2007-04-30,-0.02936,
2007-05-01,.,No value available
2007-05-02,-0.01187,
2007-05-03,-0.00074,
2007-05-04,-0.00074,
2007-05-05,.,No value available
2007-05-06,.,No value available
2007-05-07,-0.00148,
2007-05-08,-0.00145,
2007-05-09,-0.00145,
2007-05-10,-0.00015,
2007-05-11,-0.00001,
2007-05-12,.,No value available
2007-05-13,.,No value available
2007-05-14,-0.08301,
2007-05-15,-0.16602,
2007-05-16,-0.01038,
2007-05-17,-0.02076,
2007-05-18,-0.02917,
2007-05-19,.,No value available
2007-05-20,.,No value available
2007-05-21,-0.02917,
2007-05-22,-0.00182,
2007-05-23,-0.00011,
2007-05-24,-0.00011,
2007-05-25,1.59855,
2007-05-26,.,No value available
2007-05-27,.,No value available
2007-05-28,.,No value available
2007-05-29,-0.56663,
2007-05-30,-0.56663,
2007-05-31,-0.03541,
2007-06-01,-0.00221,
2007-06-02,.,No value available
2007-06-03,.,No value available
2007-06-04,0.06127,
2007-06-05,-0.58522,
2007-06-06,-0.06714,
2007-06-07,-0.13428,
2007-06-08,-0.19870,
2007-06-09,.,No value available
2007-06-10,.,No value available
2007-06-11,-0.01242,
2007-06-12,-0.02484,
2007-06-13,-0.27936,
2007-06-14,0.06613,
2007-06-15,0.00413,
2007-06-16,.,No value available
2007-06-17,.,No value available
2007-06-18,0.00026,
2007-06-19,-0.00085,
2007-06-20,-0.00539,
2007-06-21,-0.00178,
2007-06-22,-0.00011,
2007-06-23,.,No value available
2007-06-24,.,No value available
2007-06-25,-0.00011,
2007-06-26,-0.00011,
2007-06-27,-0.00001,
2007-06-28,-0.00001,
2007-06-29,-0.00001,
2007-06-30,.,No value available
2007-07-01,.,No value available
2007-07-02,-0.00001,
2007-07-03,-0.00001,
2007-07-04,-0.00001,
2007-07-05,-0.00001,
2007-07-06,-0.00001,
2007-07-07,.,No value available
2007-07-08,.,No value available
2007-07-09,-0.00001,
2007-07-10,-0.00001,
2007-07-11,-0.00001,
2007-07-12,-0.00001,
2007-07-13,-0.00001,
2007-07-14,.,No value available
2007-07-15,.,No value available
2007-07-16,-0.00001,
2007-07-17,-0.00001,
2007-07-18,0.00044,
2007-07-19,-0.00081,
2007-07-20,-0.02527,
2007-07-21,.,No value available
2007-07-22,.,No value available
2007-07-23,-0.10780,
2007-07-24,-0.03900,
2007-07-25,-0.00221,
2007-07-26,-0.00272,
2007-07-27,0.00008,
2007-07-28,.,No value available
2007-07-29,.,No value available
2007-07-30,0.00016,
2007-07-31,-1.18726,
2007-08-01,-1.90643,
2007-08-02,-1.56233,
2007-08-03,-1.70146,
2007-08-04,.,No value available
2007-08-05,.,No value available
2007-08-06,-1.51172,
2007-08-07,0.07231,
2007-08-08,0.01724,
2007-08-09,-0.00651,
2007-08-10,0.00012,
2007-08-11,.,No value available
2007-08-12,.,No value available
2007-08-13,-4.41321,
2007-08-14,-4.89015,
2007-08-15,-11.74919,
2007-08-16,3.64935,
2007-08-17,2.29685,
2007-08-18,.,No value available
2007-08-19,.,No value available
2007-08-20,2.17960,
2007-08-21,2.48096,
2007-08-22,2.61968,
2007-08-23,2.27280,
2007-08-24,2.11361,
2007-08-25,.,No value available
2007-08-26,.,No value available
2007-08-27,1.54462,
2007-08-28,1.12387,
2007-08-29,2.39964,
2007-08-30,1.58882,
2007-08-31,1.40858,
2007-09-01,.,No value available
2007-09-02,.,No value available
2007-09-03,1.51682,
2007-09-04,1.50932,
2007-09-05,1.85505,
2007-09-06,1.81257,
2007-09-07,1.84093,
2007-09-08,.,No value available
2007-09-09,.,No value available
2007-09-10,2.59712,
2007-09-11,2.32270,
2007-09-12,2.82259,
2007-09-13,2.73373,
2007-09-14,2.11543,
2007-09-15,.,No value available
2007-09-16,.,No value available
2007-09-17,2.59234,
2007-09-18,1.93202,
2007-09-19,2.55220,
2007-09-20,2.69012,
2007-09-21,3.87872,
2007-09-22,.,No value available
2007-09-23,.,No value available
2007-09-24,4.80037,
2007-09-25,2.71942,
2007-09-26,2.47640,
2007-09-27,1.49930,
2007-09-28,1.41254,
2007-09-29,.,No value available
2007-09-30,.,No value available
2007-10-01,1.12663,
2007-10-02,1.51733,
2007-10-03,0.68655,
2007-10-04,0.43431,
2007-10-05,0.71639,
2007-10-06,.,No value available
2007-10-07,.,No value available
2007-10-08,0.24405,
2007-10-09,-0.69269,
2007-10-10,-2.83236,
2007-10-11,-10.12118,
2007-10-12,-3.16141,
2007-10-13,.,No value available
2007-10-14,.,No value available
2007-10-15,-7.05408,
2007-10-16,-2.39619,
2007-10-17,-3.40661,
2007-10-18,-2.78610,
2007-10-19,-17.09921,
2007-10-20,.,No value available
2007-10-21,.,No value available
2007-10-22,-6.24167,
2007-10-23,-1.01475,
2007-10-24,-0.96124,
2007-10-25,-0.99508,
2007-10-26,-0.93778,
2007-10-27,.,No value available
2007-10-28,.,No value available
2007-10-29,-1.03001,
2007-10-30,-1.03989,
2007-10-31,-0.89374,
2007-11-01,-0.80151,
2007-11-02,-1.46731,
2007-11-03,.,No value available
2007-11-04,.,No value available
2007-11-05,-1.60226,
2007-11-06,-1.74004,
2007-11-07,-1.85325,
2007-11-08,-2.10267,
2007-11-09,-2.12833,
2007-11-10,.,No value available
2007-11-11,.,No value available
2007-11-12,-2.15226,
2007-11-13,-2.13365,
2007-11-14,-0.15603,
2007-11-15,-0.43657,
2007-11-16,-0.59169,
2007-11-17,.,No value available
2007-11-18,.,No value available
2007-11-19,-0.71531,
2007-11-20,-0.86293,
2007-11-21,-1.08486,
2007-11-22,-0.81660,
2007-11-23,-0.85066,
2007-11-24,.,No value available
2007-11-25,.,No value available
2007-11-26,-1.48435,
2007-11-27,-1.50779,
2007-11-28,-1.39046,
2007-11-29,-1.24104,
2007-11-30,-1.43100,
2007-12-01,.,No value available
2007-12-02,.,No value available
2007-12-03,-1.64849,
2007-12-04,-1.71961,
2007-12-05,-1.77153,
2007-12-06,-1.65411,
2007-12-07,-1.60158,
2007-12-08,.,No value available
2007-12-09,.,No value available
2007-12-10,-1.57231,
2007-12-11,-1.39867,
2007-12-12,-0.99993,
2007-12-13,-1.22205,
2007-12-14,-1.20446,
2007-12-15,.,No value available
2007-12-16,.,No value available
2007-12-17,-1.16065,
2007-12-18,-1.21727,
2007-12-19,-0.68641,
2007-12-20,-0.73894,
2007-12-21,-0.59825,
2007-12-22,.,No value available
2007-12-23,.,No value available
2007-12-24,.,No value available
2007-12-25,.,No value available
2007-12-26,.,No value available
2007-12-27,-0.85618,
2007-12-28,4.74990,
2007-12-29,.,No value available
2007-12-30,.,No value available
2007-12-31,.,No value available
2008-01-01,.,No value available
2008-01-02,4.15612,
2008-01-03,4.95655,
2008-01-04,2.70255,
2008-01-05,.,No value available
2008-01-06,.,No value available
2008-01-07,2.50241,
2008-01-08,2.76921,
2008-01-09,4.00599,
2008-01-10,4.92332,
2008-01-11,5.05274,
2008-01-12,.,No value available
2008-01-13,.,No value available
2008-01-14,4.91115,
2008-01-15,-2.66753,
2008-01-16,-2.85905,
2008-01-17,-2.63777,
2008-01-18,-2.58758,
2008-01-19,.,No value available
2008-01-20,.,No value available
2008-01-21,-2.81867,
2008-01-22,-2.70752,
2008-01-23,-2.07554,
2008-01-24,-2.01636,
2008-01-25,-1.63092,
2008-01-26,.,No value available
2008-01-27,.,No value available
2008-01-28,-2.01708,
2008-01-29,-1.56013,
2008-01-30,-1.58217,
2008-01-31,-1.70522,
2008-02-01,-1.83558,
2008-02-02,.,No value available
2008-02-03,.,No value available
2008-02-04,-1.73109,
2008-02-05,-1.78561,
2008-02-06,-2.19403,
2008-02-07,-1.67136,
2008-02-08,-2.10204,
2008-02-09,.,No value available
2008-02-10,.,No value available
2008-02-11,-2.17235,
2008-02-12,-2.26042,
2008-02-13,-2.28339,
2008-02-14,-2.35863,
2008-02-15,-2.46738,
2008-02-16,.,No value available
2008-02-17,.,No value available
2008-02-18,-2.42082,
2008-02-19,-2.73989,
2008-02-20,-2.29454,
2008-02-21,-1.85023,
2008-02-22,-2.07034,
2008-02-23,.,No value available
2008-02-24,.,No value available
2008-02-25,-1.70448,
2008-02-26,-1.99251,
2008-02-27,-1.76114,
2008-02-28,-1.79832,
2008-02-29,-3.07462,
2008-03-01,.,No value available
2008-03-02,.,No value available
2008-03-03,-3.65775,
2008-03-04,-3.45792,
2008-03-05,-4.26573,
2008-03-06,-4.26391,
2008-03-07,-4.43064,
2008-03-08,.,No value available
2008-03-09,.,No value available
2008-03-10,-4.21053,
2008-03-11,-3.75964,
2008-03-12,-3.54500,
2008-03-13,-3.48419,
2008-03-14,-3.20046,
2008-03-15,.,No value available
2008-03-16,.,No value available
2008-03-17,-3.73701,
2008-03-18,-3.74681,
2008-03-19,-3.54797,
2008-03-20,-3.10121,
2008-03-21,.,No value available
2008-03-22,.,No value available
2008-03-23,.,No value available
2008-03-24,.,No value available
2008-03-25,-2.52964,
2008-03-26,-2.56875,
2008-03-27,-1.74353,
2008-03-28,-2.09847,
2008-03-29,.,No value available
2008-03-30,.,No value available
2008-03-31,-2.19578,
2008-04-01,-2.19312,
2008-04-02,-0.52005,
2008-04-03,-0.48013,
2008-04-04,-0.55310,
2008-04-05,.,No value available
2008-04-06,.,No value available
2008-04-07,-0.71018,
2008-04-08,-0.76811,
2008-04-09,-0.34767,
2008-04-10,0.03882,
2008-04-11,0.04931,
2008-04-12,.,No value available
2008-04-13,.,No value available
2008-04-14,5.93921,
2008-04-15,7.03333,
2008-04-16,6.53611,
2008-04-17,6.04144,
2008-04-18,6.02793,
2008-04-19,.,No value available
2008-04-20,.,No value available
2008-04-21,5.63143,
2008-04-22,5.35487,
2008-04-23,5.27487,
2008-04-24,5.95572,
2008-04-25,5.43338,
2008-04-26,.,No value available
2008-04-27,.,No value available
2008-04-28,6.01972,
2008-04-29,6.52451,
2008-04-30,5.64373,
2008-05-01,.,No value available
2008-05-02,5.98549,
2008-05-03,.,No value available
2008-05-04,.,No value available
2008-05-05,5.61853,
2008-05-06,5.51522,
2008-05-07,5.68759,
2008-05-08,5.96009,
2008-05-09,6.29743,
2008-05-10,.,No value available
2008-05-11,.,No value available
2008-05-12,5.98944,
2008-05-13,5.99994,
2008-05-14,5.86641,
2008-05-15,5.51078,
2008-05-16,5.38474,
2008-05-17,.,No value available
2008-05-18,.,No value available
2008-05-19,5.40763,
2008-05-20,-1.96266,
2008-05-21,-1.84875,
2008-05-22,-2.04748,
2008-05-23,-2.06879,
2008-05-24,.,No value available
2008-05-25,.,No value available
2008-05-26,-3.96547,
2008-05-27,-8.08938,
2008-05-28,-8.69461,
2008-05-29,-2.53143,
2008-05-30,-2.62845,
2008-05-31,.,No value available
2008-06-01,.,No value available
2008-06-02,-2.73692,
2008-06-03,-2.99002,
2008-06-04,-3.05748,
2008-06-05,-3.05557,
2008-06-06,1.20515,
2008-06-07,.,No value available
2008-06-08,.,No value available
2008-06-09,-2.65963,
2008-06-10,-2.86881,
2008-06-11,-4.24491,
2008-06-12,-4.22387,
2008-06-13,-5.50220,
2008-06-14,.,No value available
2008-06-15,.,No value available
2008-06-16,-8.26555,
2008-06-17,-9.23935,
2008-06-18,-4.13887,
2008-06-19,-4.79164,
2008-06-20,-6.81654,
2008-06-21,.,No value available
2008-06-22,.,No value available
2008-06-23,-9.76778,
2008-06-24,-10.66341,
2008-06-25,-8.09297,
2008-06-26,-5.04452,
2008-06-27,-5.19502,
2008-06-28,.,No value available
2008-06-29,.,No value available
2008-06-30,-4.56352,
2008-07-01,-7.36313,
2008-07-02,-3.43202,
2008-07-03,-3.82005,
2008-07-04,-0.05020,
2008-07-05,.,No value available
2008-07-06,.,No value available
2008-07-07,-0.00086,
2008-07-08,-0.00027,
2008-07-09,-0.00190,
2008-07-10,-0.00010,
2008-07-11,-0.00018,
2008-07-12,.,No value available
2008-07-13,.,No value available
2008-07-14,11.30410,
2008-07-15,-25.74099,
2008-07-16,-24.45590,
2008-07-17,-25.58069,
2008-07-18,-25.55074,
2008-07-19,.,No value available
2008-07-20,.,No value available
2008-07-21,-0.06667,
2008-07-22,-0.00090,
2008-07-23,-0.00047,
2008-07-24,0.00487,
2008-07-25,-0.02129,
2008-07-26,.,No value available
2008-07-27,.,No value available
2008-07-28,-30.00000,
2008-07-29,-30.00000,
2008-07-30,-30.00000,
2008-07-31,30.00000,
2008-08-01,26.34872,
2008-08-02,.,No value available
2008-08-03,.,No value available
2008-08-04,30.00000,
2008-08-05,30.00000,
2008-08-06,29.99476,
2008-08-07,30.00000,
2008-08-08,22.76335,
2008-08-09,.,No value available
2008-08-10,.,No value available
2008-08-11,24.13748,
2008-08-12,30.00000,
2008-08-13,29.95356,
2008-08-14,20.43153,
2008-08-15,17.44814,
2008-08-16,.,No value available
2008-08-17,.,No value available
2008-08-18,8.53585,
2008-08-19,7.12598,
2008-08-20,19.46289,
2008-08-21,26.76978,
2008-08-22,30.00000,
2008-08-23,.,No value available
2008-08-24,.,No value available
2008-08-25,30.00000,
2008-08-26,18.88218,
2008-08-27,19.99558,
2008-08-28,23.16160,
2008-08-29,30.00000,
2008-08-30,.,No value available
2008-08-31,.,No value available
2008-09-01,17.93813,
2008-09-02,30.00000,
2008-09-03,29.96799,
2008-09-04,30.00000,
2008-09-05,19.11968,
2008-09-06,.,No value available
2008-09-07,.,No value available
2008-09-08,30.00000,
2008-09-09,29.99418,
2008-09-10,29.99220,
2008-09-11,28.79882,
2008-09-12,26.75741,
2008-09-13,.,No value available
2008-09-14,.,No value available
2008-09-15,10.11952,
2008-09-16,8.05474,
2008-09-17,11.68703,
2008-09-18,27.99654,
2008-09-19,29.75567,
2008-09-20,.,No value available
2008-09-21,.,No value available
2008-09-22,-1.84310,
2008-09-23,-1.04038,
2008-09-24,-1.11386,
2008-09-25,-0.23806,
2008-09-26,-0.26973,
2008-09-27,.,No value available
2008-09-28,.,No value available
2008-09-29,-1.40465,
2008-09-30,1.58881,
2008-10-01,0.19069,
2008-10-02,0.03545,
2008-10-03,1.17126,
2008-10-04,.,No value available
2008-10-05,.,No value available
2008-10-06,-29.99918,
2008-10-07,-0.06575,
2008-10-08,-0.00991,
2008-10-09,-29.98371,
2008-10-10,-30.00000,
2008-10-11,.,No value available
2008-10-12,.,No value available
2008-10-13,0.16205,
2008-10-14,1.78682,
2008-10-15,7.54982,
2008-10-16,8.41988,
2008-10-17,10.29780,
2008-10-18,.,No value available
2008-10-19,.,No value available
2008-10-20,-4.35649,
2008-10-21,17.55087,
2008-10-22,22.67397,
2008-10-23,30.00000,
2008-10-24,8.63693,
2008-10-25,.,No value available
2008-10-26,.,No value available
2008-10-27,8.39051,
2008-10-28,8.57294,
2008-10-29,8.61206,
2008-10-30,9.01256,
2008-10-31,9.18249,
2008-11-01,.,No value available
2008-11-02,.,No value available
2008-11-03,9.16280,
2008-11-04,9.28346,
2008-11-05,30.00000,
2008-11-06,30.00000,
2008-11-07,30.00000,
2008-11-08,.,No value available
2008-11-09,.,No value available
2008-11-10,29.99999,
2008-11-11,30.00000,
2008-11-12,30.00000,
2008-11-13,30.00000,
2008-11-14,30.00000,
2008-11-15,.,No value available
2008-11-16,.,No value available
2008-11-17,30.00000,
2008-11-18,30.00000,
2008-11-19,30.00000,
2008-11-20,30.00000,
2008-11-21,30.00000,
2008-11-22,.,No value available
2008-11-23,.,No value available
2008-11-24,30.00000,
2008-11-25,30.00000,
2008-11-26,29.99995,
2008-11-27,30.00000,
2008-11-28,-23.72832,
2008-11-29,.,No value available
2008-11-30,.,No value available
2008-12-01,-23.94558,
2008-12-02,-24.22478,
2008-12-03,-23.95570,
2008-12-04,-23.70111,
2008-12-05,-23.67101,
2008-12-06,.,No value available
2008-12-07,.,No value available
2008-12-08,-23.34650,
2008-12-09,-18.90755,
2008-12-10,-23.17722,
2008-12-11,-23.19104,
2008-12-12,-23.22551,
2008-12-13,.,No value available
2008-12-14,.,No value available
2008-12-15,-21.74333,
2008-12-16,-22.90662,
2008-12-17,18.93437,
2008-12-18,30.00000,
2008-12-19,27.11812,
2008-12-20,.,No value available
2008-12-21,.,No value available
2008-12-22,30.00000,
2008-12-23,-23.05035,
2008-12-24,.,No value available
2008-12-25,.,No value available
2008-12-26,.,No value available
2008-12-27,.,No value available
2008-12-28,.,No value available
2008-12-29,-22.75416,
2008-12-30,-22.72814,
2008-12-31,.,No value available
2009-01-01,.,No value available
2009-01-02,-23.17129,
2009-01-03,.,No value available
2009-01-04,.,No value available
2009-01-05,-23.03618,
2009-01-06,-23.20762,
2009-01-07,-23.06655,
2009-01-08,-22.59958,
2009-01-09,-22.92813,
2009-01-10,.,No value available
2009-01-11,.,No value available
2009-01-12,-22.66403,
2009-01-13,-22.83726,
2009-01-14,-22.80169,
2009-01-15,-22.89492,
2009-01-16,-22.83802,
2009-01-17,.,No value available
2009-01-18,.,No value available
2009-01-19,-22.45589,
2009-01-20,-22.46211,
2009-01-21,-22.52609,
2009-01-22,-22.20441,
2009-01-23,-22.19412,
2009-01-24,.,No value available
2009-01-25,.,No value available
2009-01-26,-21.34967,
2009-01-27,-20.68993,
2009-01-28,-20.38206,
2009-01-29,-21.38515,
2009-01-30,-21.74006,
2009-01-31,.,No value available
2009-02-01,.,No value available
2009-02-02,-22.13351,
2009-02-03,-22.06395,
2009-02-04,-21.83708,
2009-02-05,-21.81006,
2009-02-06,-22.14207,
2009-02-07,.,No value available
2009-02-08,.,No value available
2009-02-09,-21.94928,
2009-02-10,-22.03730,
2009-02-11,-22.23525,
2009-02-12,-22.50943,
2009-02-13,-22.34716,
2009-02-14,.,No value available
2009-02-15,.,No value available
2009-02-16,-22.73930,
2009-02-17,-22.93366,
2009-02-18,-23.15857,
2009-02-19,-22.54308,
2009-02-20,-22.67819,
2009-02-21,.,No value available
2009-02-22,.,No value available
2009-02-23,-22.37397,
2009-02-24,-22.53842,
2009-02-25,-22.68825,
2009-02-26,-22.31657,
2009-02-27,-22.11932,
2009-02-28,.,No value available
2009-03-01,.,No value available
2009-03-02,-22.40805,
2009-03-03,-22.34682,
2009-03-04,-22.45793,
2009-03-05,-22.06439,
2009-03-06,-22.30084,
2009-03-07,.,No value available
2009-03-08,.,No value available
2009-03-09,-21.97801,
2009-03-10,-21.70112,
2009-03-11,-21.51061,
2009-03-12,-21.44071,
2009-03-13,30.00000,
2009-03-14,.,No value available
2009-03-15,.,No value available
2009-03-16,30.00000,
2009-03-17,29.92970,
2009-03-18,29.96365,
2009-03-19,30.00000,
2009-03-20,30.00000,
2009-03-21,.,No value available
2009-03-22,.,No value available
2009-03-23,30.00000,
2009-03-24,28.06466,
2009-03-25,30.00000,
2009-03-26,29.95716,
2009-03-27,-21.00720,
2009-03-28,.,No value available
2009-03-29,.,No value available
2009-03-30,-21.26889,
2009-03-31,-21.28955,
2009-04-01,-21.28601,
2009-04-02,-20.91952,
2009-04-03,-20.34596,
2009-04-04,.,No value available
2009-04-05,.,No value available
2009-04-06,10.62030,
2009-04-07,10.63247,
2009-04-08,10.56648,
2009-04-09,10.63442,
2009-04-10,.,No value available
2009-04-11,.,No value available
2009-04-12,.,No value available
2009-04-13,.,No value available
2009-04-14,30.00000,
2009-04-15,30.00000,
2009-04-16,-20.83549,
2009-04-17,-20.93756,
2009-04-18,.,No value available
2009-04-19,.,No value available
2009-04-20,30.00000,
2009-04-21,30.00000,
2009-04-22,30.00000,
2009-04-23,30.00000,
2009-04-24,30.00000,
2009-04-25,.,No value available
2009-04-26,.,No value available
2009-04-27,30.00000,
2009-04-28,30.00000,
2009-04-29,30.00000,
2009-04-30,30.00000,
2009-05-01,.,No value available
2009-05-02,.,No value available
2009-05-03,.,No value available
2009-05-04,30.00000,
2009-05-05,30.00000,
2009-05-06,30.00000,
2009-05-07,20.21661,
2009-05-08,18.43993,
2009-05-09,.,No value available
2009-05-10,.,No value available
2009-05-11,22.34715,
2009-05-12,14.98778,
2009-05-13,28.25763,
2009-05-14,30.00000,
2009-05-15,30.00000,
2009-05-16,.,No value available
2009-05-17,.,No value available
2009-05-18,30.00000,
2009-05-19,29.39866,
2009-05-20,24.27045,
2009-05-21,30.00000,
2009-05-22,30.00000,
2009-05-23,.,No value available
2009-05-24,.,No value available
2009-05-25,26.30301,
2009-05-26,10.21003,
2009-05-27,10.19355,
2009-05-28,10.16955,
2009-05-29,10.05391,
2009-05-30,.,No value available
2009-05-31,.,No value available
2009-06-01,10.13742,
2009-06-02,10.37059,
2009-06-03,10.39973,
2009-06-04,10.32681,
2009-06-05,10.27521,
2009-06-06,.,No value available
2009-06-07,.,No value available
2009-06-08,9.88773,
2009-06-09,9.81440,
2009-06-10,9.50695,
2009-06-11,9.52319,
2009-06-12,9.37615,
2009-06-13,.,No value available
2009-06-14,.,No value available
2009-06-15,9.46322,
2009-06-16,9.54394,
2009-06-17,9.68409,
2009-06-18,9.77075,
2009-06-19,9.96484,
2009-06-20,.,No value available
2009-06-21,.,No value available
2009-06-22,9.87323,
2009-06-23,9.91195,
2009-06-24,9.85589,
2009-06-25,10.21729,
2009-06-26,10.20487,
2009-06-27,.,No value available
2009-06-28,.,No value available
2009-06-29,10.17636,
2009-06-30,10.17885,
2009-07-01,10.16660,
2009-07-02,10.21471,
2009-07-03,10.23126,
2009-07-04,.,No value available
2009-07-05,.,No value available
2009-07-06,10.27012,
2009-07-07,10.21723,
2009-07-08,10.14190,
2009-07-09,10.13382,
2009-07-10,10.07539,
2009-07-11,.,No value available
2009-07-12,.,No value available
2009-07-13,10.04551,
2009-07-14,9.88527,
2009-07-15,9.91529,
2009-07-16,9.92264,
2009-07-17,9.96871,
2009-07-18,.,No value available
2009-07-19,.,No value available
2009-07-20,9.93243,
2009-07-21,9.97444,
2009-07-22,9.96999,
2009-07-23,9.97527,
2009-07-24,9.94853,
2009-07-25,.,No value available
2009-07-26,.,No value available
2009-07-27,9.86030,
2009-07-28,9.80693,
2009-07-29,9.56138,
2009-07-30,9.58781,
2009-07-31,9.38700,
2009-08-01,.,No value available
2009-08-02,.,No value available
2009-08-03,9.39824,
2009-08-04,9.12691,
2009-08-05,8.98065,
2009-08-06,8.81986,
2009-08-07,8.84404,
2009-08-08,.,No value available
2009-08-09,.,No value available
2009-08-10,8.76837,
2009-08-11,8.76681,
2009-08-12,8.94467,
2009-08-13,8.92829,
2009-08-14,9.12029,
2009-08-15,.,No value available
2009-08-16,.,No value available
2009-08-17,9.11381,
2009-08-18,-2.23266,
2009-08-19,-2.24590,
2009-08-20,-2.28917,
2009-08-21,-2.35803,
2009-08-22,.,No value available
2009-08-23,.,No value available
2009-08-24,-2.64777,
2009-08-25,-2.48323,
2009-08-26,-2.41405,
2009-08-27,-2.36795,
2009-08-28,-2.34793,
2009-08-29,.,No value available
2009-08-30,.,No value available
2009-08-31,-2.36925,
2009-09-01,-2.29333,
2009-09-02,-2.44990,
2009-09-03,-2.13849,
2009-09-04,-2.49894,
2009-09-05,.,No value available
2009-09-06,.,No value available
2009-09-07,-2.48976,
2009-09-08,-2.60476,
2009-09-09,-2.59166,
2009-09-10,-2.39401,
2009-09-11,-2.17131,
2009-09-12,.,No value available
2009-09-13,.,No value available
2009-09-14,-2.34877,
2009-09-15,-2.03345,
2009-09-16,-2.35089,
2009-09-17,-2.30010,
2009-09-18,-2.30036,
2009-09-19,.,No value available
2009-09-20,.,No value available
2009-09-21,-2.24705,
2009-09-22,-2.34671,
2009-09-23,-2.54454,
2009-09-24,-2.39947,
2009-09-25,-2.10397,
2009-09-26,.,No value available
2009-09-27,.,No value available
2009-09-28,-2.09025,
2009-09-29,-1.98825,
2009-09-30,-1.76638,
2009-10-01,-1.70591,
2009-10-02,0.04749,
2009-10-03,.,No value available
2009-10-04,.,No value available
2009-10-05,10.20398,
2009-10-06,10.23812,
2009-10-07,10.21274,
2009-10-08,10.12832,
2009-10-09,10.12823,
2009-10-10,.,No value available
2009-10-11,.,No value available
2009-10-12,10.23429,
2009-10-13,10.26135,
2009-10-14,10.38633,
2009-10-15,10.36445,
2009-10-16,10.43156,
2009-10-17,.,No value available
2009-10-18,.,No value available
2009-10-19,10.39028,
2009-10-20,10.36113,
2009-10-21,10.36450,
2009-10-22,10.38363,
2009-10-23,10.44277,
2009-10-24,.,No value available
2009-10-25,.,No value available
2009-10-26,10.49605,
2009-10-27,10.48358,
2009-10-28,10.42352,
2009-10-29,10.42669,
2009-10-30,10.31786,
2009-10-31,.,No value available
2009-11-01,.,No value available
2009-11-02,10.31006,
2009-11-03,10.25485,
2009-11-04,10.43373,
2009-11-05,10.51429,
2009-11-06,10.43065,
2009-11-07,.,No value available
2009-11-08,.,No value available
2009-11-09,10.49061,
2009-11-10,10.41786,
2009-11-11,10.42050,
2009-11-12,9.85498,
2009-11-13,9.92435,
2009-11-14,.,No value available
2009-11-15,.,No value available
2009-11-16,9.96389,
2009-11-17,9.94655,
2009-11-18,9.83334,
2009-11-19,9.81731,
2009-11-20,9.84175,
2009-11-21,.,No value available
2009-11-22,.,No value available
2009-11-23,9.72655,
2009-11-24,9.80365,
2009-11-25,9.85458,
2009-11-26,10.00737,
2009-11-27,10.08157,
2009-11-28,.,No value available
2009-11-29,.,No value available
2009-11-30,10.25917,
2009-12-01,10.28516,
2009-12-02,10.29465,
2009-12-03,10.37442,
2009-12-04,10.34230,
2009-12-05,.,No value available
2009-12-06,.,No value available
2009-12-07,10.33828,
2009-12-08,10.36006,
2009-12-09,10.38505,
2009-12-10,10.48356,
2009-12-11,10.49703,
2009-12-12,.,No value available
2009-12-13,.,No value available
2009-12-14,10.42745,
2009-12-15,10.40704,
2009-12-16,10.42344,
2009-12-17,10.36482,
2009-12-18,10.23902,
2009-12-19,.,No value available
2009-12-20,.,No value available
2009-12-21,10.26660,
2009-12-22,10.49169,
2009-12-23,10.57707,
2009-12-24,.,No value available
2009-12-25,.,No value available
2009-12-26,.,No value available
2009-12-27,.,No value available
2009-12-28,10.63124,
2009-12-29,10.65443,
2009-12-30,10.48172,
2009-12-31,.,No value available
2010-01-01,.,No value available
2010-01-02,.,No value available
2010-01-03,.,No value available
2010-01-04,10.53594,
2010-01-05,10.37624,
2010-01-06,10.43515,
2010-01-07,10.55809,
2010-01-08,10.44545,
2010-01-09,.,No value available
2010-01-10,.,No value available
2010-01-11,10.46094,
2010-01-12,10.46228,
2010-01-13,10.45695,
2010-01-14,10.47210,
2010-01-15,10.46529,
2010-01-16,.,No value available
2010-01-17,.,No value available
2010-01-18,10.44823,
2010-01-19,10.47597,
2010-01-20,10.48044,
2010-01-21,10.51908,
2010-01-22,10.50867,
2010-01-23,.,No value available
2010-01-24,.,No value available
2010-01-25,10.45614,
2010-01-26,10.44032,
2010-01-27,10.40467,
2010-01-28,10.38485,
2010-01-29,10.27670,
2010-01-30,.,No value available
2010-01-31,.,No value available
2010-02-01,10.26397,
2010-02-02,10.30071,
2010-02-03,10.29059,
2010-02-04,10.33773,
2010-02-05,10.35480,
2010-02-06,.,No value available
2010-02-07,.,No value available
2010-02-08,10.07304,
2010-02-09,10.22076,
2010-02-10,17.31364,
2010-02-11,10.20564,
2010-02-12,10.26815,
2010-02-13,.,No value available
2010-02-14,.,No value available
2010-02-15,10.25092,
2010-02-16,10.28038,
2010-02-17,10.29652,
2010-02-18,10.33086,
2010-02-19,10.29677,
2010-02-20,.,No value available
2010-02-21,.,No value available
2010-02-22,10.34937,
2010-02-23,10.32307,
2010-02-24,10.16166,
2010-02-25,10.11877,
2010-02-26,10.18228,
2010-02-27,.,No value available
2010-02-28,.,No value available
2010-03-01,10.10880,
2010-03-02,10.14089,
2010-03-03,10.16350,
2010-03-04,10.13130,
2010-03-05,10.10361,
2010-03-06,.,No value available
2010-03-07,.,No value available
2010-03-08,10.08535,
2010-03-09,10.10767,
2010-03-10,10.10480,
2010-03-11,9.06471,
2010-03-12,9.77729,
2010-03-13,.,No value available
2010-03-14,.,No value available
2010-03-15,9.49652,
2010-03-16,9.24416,
2010-03-17,10.07451,
2010-03-18,10.06207,
2010-03-19,10.11102,
2010-03-20,.,No value available
2010-03-21,.,No value available
2010-03-22,10.05508,
2010-03-23,9.98658,
2010-03-24,9.82266,
2010-03-25,9.99086,
2010-03-26,9.27484,
2010-03-27,.,No value available
2010-03-28,.,No value available
2010-03-29,9.44490,
2010-03-30,9.66739,
2010-03-31,8.41264,
2010-04-01,8.19065,
2010-04-02,.,No value available
2010-04-03,.,No value available
2010-04-04,.,No value available
2010-04-05,.,No value available
2010-04-06,7.90350,
2010-04-07,7.38302,
2010-04-08,8.22239,
2010-04-09,7.76148,
2010-04-10,.,No value available
2010-04-11,.,No value available
2010-04-12,7.22251,
2010-04-13,6.64385,
2010-04-14,7.01516,
2010-04-15,6.56056,
2010-04-16,6.47690,
2010-04-17,.,No value available
2010-04-18,.,No value available
2010-04-19,7.09031,
2010-04-20,-2.92683,
2010-04-21,-2.96545,
2010-04-22,-2.83263,
2010-04-23,-2.89504,
2010-04-24,.,No value available
2010-04-25,.,No value available
2010-04-26,-2.52552,
2010-04-27,-2.76828,
2010-04-28,-3.36234,
2010-04-29,-3.39061,
2010-04-30,-3.44448,
2010-05-01,.,No value available
2010-05-02,.,No value available
2010-05-03,-3.49917,
2010-05-04,-3.72908,
2010-05-05,-4.09708,
2010-05-06,-4.17721,
2010-05-07,-4.80187,
2010-05-08,.,No value available
2010-05-09,.,No value available
2010-05-10,-3.75302,
2010-05-11,-4.41464,
2010-05-12,-4.32401,
2010-05-13,-4.84509,
2010-05-14,-5.54595,
2010-05-15,.,No value available
2010-05-16,.,No value available
2010-05-17,-5.13036,
2010-05-18,-5.38358,
2010-05-19,-5.46821,
2010-05-20,-6.20561,
2010-05-21,-5.64243,
2010-05-22,.,No value available
2010-05-23,.,No value available
2010-05-24,-5.78193,
2010-05-25,-8.27714,
2010-05-26,-5.61406,
2010-05-27,-6.12974,
2010-05-28,-5.03055,
2010-05-29,.,No value available
2010-05-30,.,No value available
2010-05-31,-5.21704,
2010-06-01,-6.55371,
2010-06-02,-5.74771,
2010-06-03,-5.60777,
2010-06-04,-5.69324,
2010-06-05,.,No value available
2010-06-06,.,No value available
2010-06-07,-6.00214,
2010-06-08,-5.03073,
2010-06-09,-5.38843,
2010-06-10,-5.14396,
2010-06-11,-5.41134,
2010-06-12,.,No value available
2010-06-13,.,No value available
2010-06-14,-5.50186,
2010-06-15,-9.92447,
2010-06-16,-7.04399,
2010-06-17,-5.98565,
2010-06-18,-10.45763,
2010-06-19,.,No value available
2010-06-20,.,No value available
2010-06-21,-13.81537,
2010-06-22,-8.92224,
2010-06-23,-10.50023,
2010-06-24,-9.49072,
2010-06-25,-10.11107,
2010-06-26,.,No value available
2010-06-27,.,No value available
2010-06-28,-29.17132,
2010-06-29,-29.04115,
2010-06-30,-22.97614,
2010-07-01,-27.62016,
2010-07-02,-25.26495,
2010-07-03,.,No value available
2010-07-04,.,No value available
2010-07-05,-28.10946,
2010-07-06,-28.35171,
2010-07-07,-18.15854,
2010-07-08,-26.99060,
2010-07-09,-28.27887,
2010-07-10,.,No value available
2010-07-11,.,No value available
2010-07-12,-28.54217,
2010-07-13,-28.95396,
2010-07-14,11.15521,
2010-07-15,13.37859,
2010-07-16,19.90820,
2010-07-17,.,No value available
2010-07-18,.,No value available
2010-07-19,-9.33586,
2010-07-20,-9.55090,
2010-07-21,-9.15236,
2010-07-22,-9.45061,
2010-07-23,-9.50336,
2010-07-24,.,No value available
2010-07-25,.,No value available
2010-07-26,-13.13924,
2010-07-27,7.04359,
2010-07-28,6.95037,
2010-07-29,7.06851,
2010-07-30,7.44343,
2010-07-31,.,No value available
2010-08-01,.,No value available
2010-08-02,7.30900,
2010-08-03,7.32234,
2010-08-04,7.53907,
2010-08-05,8.07545,
2010-08-06,7.77323,
2010-08-07,.,No value available
2010-08-08,.,No value available
2010-08-09,7.09440,
2010-08-10,7.37342,
2010-08-11,8.23032,
2010-08-12,7.45141,
2010-08-13,7.76266,
2010-08-14,.,No value available
2010-08-15,.,No value available
2010-08-16,8.45421,
2010-08-17,8.06562,
2010-08-18,7.59200,
2010-08-19,7.81593,
2010-08-20,8.13396,
2010-08-21,.,No value available
2010-08-22,.,No value available
2010-08-23,7.87696,
2010-08-24,7.80484,
2010-08-25,8.28777,
2010-08-26,7.00345,
2010-08-27,6.45738,
2010-08-28,.,No value available
2010-08-29,.,No value available
2010-08-30,6.84000,
2010-08-31,7.03246,
2010-09-01,6.71284,
2010-09-02,8.28133,
2010-09-03,7.74270,
2010-09-04,.,No value available
2010-09-05,.,No value available
2010-09-06,8.22890,
2010-09-07,7.93119,
2010-09-08,7.72302,
2010-09-09,7.57136,
2010-09-10,7.52027,
2010-09-11,.,No value available
2010-09-12,.,No value available
2010-09-13,8.02146,
2010-09-14,-3.70155,
2010-09-15,-2.96051,
2010-09-16,-2.28064,
2010-09-17,-2.28976,
2010-09-18,.,No value available
2010-09-19,.,No value available
2010-09-20,-2.43593,
2010-09-21,-2.67650,
2010-09-22,-2.76092,
2010-09-23,-2.52733,
2010-09-24,-2.54690,
2010-09-25,.,No value available
2010-09-26,.,No value available
2010-09-27,-2.63012,
2010-09-28,-2.31361,
2010-09-29,-2.37790,
2010-09-30,-2.37695,
2010-10-01,-2.20326,
2010-10-02,.,No value available
2010-10-03,.,No value available
2010-10-04,-2.23739,
2010-10-05,-2.29363,
2010-10-06,-2.43707,
2010-10-07,-2.54772,
2010-10-08,-2.63352,
2010-10-09,.,No value available
2010-10-10,.,No value available
2010-10-11,-2.67325,
2010-10-12,-2.91109,
2010-10-13,-2.87031,
2010-10-14,-2.88879,
2010-10-15,-3.13365,
2010-10-16,.,No value available
2010-10-17,.,No value available
2010-10-18,-3.28863,
2010-10-19,-2.80416,
2010-10-20,-3.01381,
2010-10-21,-2.60936,
2010-10-22,-2.37765,
2010-10-23,.,No value available
2010-10-24,.,No value available
2010-10-25,-2.42813,
2010-10-26,-2.55507,
2010-10-27,-2.53243,
2010-10-28,-2.38824,
2010-10-29,-2.38181,
2010-10-30,.,No value available
2010-10-31,.,No value available
2010-11-01,8.52142,
2010-11-02,8.43094,
2010-11-03,8.68038,
2010-11-04,9.03999,
2010-11-05,9.66760,
2010-11-06,.,No value available
2010-11-07,.,No value available
2010-11-08,9.71124,
2010-11-09,11.33573,
2010-11-10,10.53778,
2010-11-11,11.60072,
2010-11-12,9.78239,
2010-11-13,.,No value available
2010-11-14,.,No value available
2010-11-15,10.62267,
2010-11-16,11.41891,
2010-11-17,9.93065,
2010-11-18,9.36259,
2010-11-19,9.42846,
2010-11-20,.,No value available
2010-11-21,.,No value available
2010-11-22,9.30933,
2010-11-23,9.23326,
2010-11-24,9.19078,
2010-11-25,9.20233,
2010-11-26,9.35176,
2010-11-27,.,No value available
2010-11-28,.,No value available
2010-11-29,8.99444,
2010-11-30,8.57444,
2010-12-01,8.75282,
2010-12-02,8.74780,
2010-12-03,-3.81048,
2010-12-04,.,No value available
2010-12-05,.,No value available
2010-12-06,-4.98464,
2010-12-07,-4.78523,
2010-12-08,-3.55940,
2010-12-09,-3.13556,
2010-12-10,-2.99201,
2010-12-11,.,No value available
2010-12-12,.,No value available
2010-12-13,-2.60149,
2010-12-14,-2.41648,
2010-12-15,-2.27996,
2010-12-16,-2.25100,
2010-12-17,-2.39025,
2010-12-18,.,No value available
2010-12-19,.,No value available
2010-12-20,-2.32382,
2010-12-21,-2.29099,
2010-12-22,-2.24389,
2010-12-23,-2.66742,
2010-12-24,.,No value available
2010-12-25,.,No value available
2010-12-26,.,No value available
2010-12-27,-2.64961,
2010-12-28,-3.19347,
2010-12-29,-3.38363,
2010-12-30,-3.15120,
2010-12-31,.,No value available
2011-01-01,.,No value available
2011-01-02,.,No value available
2011-01-03,-3.02632,
2011-01-04,-3.69333,
2011-01-05,-3.05678,
2011-01-06,-2.74783,
2011-01-07,-2.79614,
2011-01-08,.,No value available
2011-01-09,.,No value available
2011-01-10,-2.82671,
2011-01-11,9.75649,
2011-01-12,9.71113,
2011-01-13,9.86027,
2011-01-14,9.55229,
2011-01-15,.,No value available
2011-01-16,.,No value available
2011-01-17,9.55721,
2011-01-18,9.43835,
2011-01-19,9.59376,
2011-01-20,9.66195,
2011-01-21,9.43882,
2011-01-22,.,No value available
2011-01-23,.,No value available
2011-01-24,9.37265,
2011-01-25,9.33742,
2011-01-26,9.26399,
2011-01-27,-1.04687,
2011-01-28,-0.89171,
2011-01-29,.,No value available
2011-01-30,.,No value available
2011-01-31,-0.82324,
2011-02-01,-1.10971,
2011-02-02,-1.11340,
2011-02-03,-8.95552,
2011-02-04,-1.37488,
2011-02-05,.,No value available
2011-02-06,.,No value available
2011-02-07,-1.68650,
2011-02-08,-1.08944,
2011-02-09,-6.31191,
2011-02-10,-19.50936,
2011-02-11,-21.31952,
2011-02-12,.,No value available
2011-02-13,.,No value available
2011-02-14,-21.30605,
2011-02-15,-21.12322,
2011-02-16,-21.35605,
2011-02-17,-18.87319,
2011-02-18,-21.42043,
2011-02-19,.,No value available
2011-02-20,.,No value available
2011-02-21,-21.38419,
2011-02-22,-20.99289,
2011-02-23,-20.49107,
2011-02-24,-21.44296,
2011-02-25,-21.59331,
2011-02-26,.,No value available
2011-02-27,.,No value available
2011-02-28,-21.62029,
2011-03-01,-17.53888,
2011-03-02,-20.33439,
2011-03-03,-15.48566,
2011-03-04,-1.08465,
2011-03-05,.,No value available
2011-03-06,.,No value available
2011-03-07,8.56525,
2011-03-08,8.56339,
2011-03-09,8.56338,
2011-03-10,8.58394,
2011-03-11,8.62999,
2011-03-12,.,No value available
2011-03-13,.,No value available
2011-03-14,8.67923,
2011-03-15,8.82686,
2011-03-16,9.16395,
2011-03-17,9.15838,
2011-03-18,9.12199,
2011-03-19,.,No value available
2011-03-20,.,No value available
2011-03-21,9.16731,
2011-03-22,9.18086,
2011-03-23,8.60893,
2011-03-24,8.63188,
2011-03-25,8.57292,
2011-03-26,.,No value available
2011-03-27,.,No value available
2011-03-28,8.56203,
2011-03-29,8.55240,
2011-03-30,8.49872,
2011-03-31,8.43686,
2011-04-01,8.44893,
2011-04-02,.,No value available
2011-04-03,.,No value available
2011-04-04,8.48893,
2011-04-05,8.48177,
2011-04-06,8.42796,
2011-04-07,8.54115,
2011-04-08,8.42330,
2011-04-09,.,No value available
2011-04-10,.,No value available
2011-04-11,8.38052,
2011-04-12,8.42507,
2011-04-13,8.47389,
2011-04-14,8.52143,
2011-04-15,8.41929,
2011-04-16,.,No value available
2011-04-17,.,No value available
2011-04-18,8.42021,
2011-04-19,8.34557,
2011-04-20,8.23121,
2011-04-21,8.23011,
2011-04-22,.,No value available
2011-04-23,.,No value available
2011-04-24,.,No value available
2011-04-25,.,No value available
2011-04-26,8.41520,
2011-04-27,8.41803,
2011-04-28,8.22718,
2011-04-29,8.15663,
2011-04-30,.,No value available
2011-05-01,.,No value available
2011-05-02,8.14299,
2011-05-03,8.12642,
2011-05-04,7.83242,
2011-05-05,7.89569,
2011-05-06,8.57496,
2011-05-07,.,No value available
2011-05-08,.,No value available
2011-05-09,8.53489,
2011-05-10,8.54131,
2011-05-11,8.66527,
2011-05-12,8.68624,
2011-05-13,8.73628,
2011-05-14,.,No value available
2011-05-15,.,No value available
2011-05-16,8.61698,
2011-05-17,8.72010,
2011-05-18,8.59375,
2011-05-19,8.62673,
2011-05-20,8.66619,
2011-05-21,.,No value available
2011-05-22,.,No value available
2011-05-23,8.63119,
2011-05-24,8.67302,
2011-05-25,8.80986,
2011-05-26,8.76577,
2011-05-27,8.81161,
2011-05-28,.,No value available
2011-05-29,.,No value available
2011-05-30,8.84253,
2011-05-31,8.74503,
2011-06-01,8.83069,
2011-06-02,8.76656,
2011-06-03,8.66257,
2011-06-04,.,No value available
2011-06-05,.,No value available
2011-06-06,8.62835,
2011-06-07,8.70519,
2011-06-08,8.71254,
2011-06-09,8.82680,
2011-06-10,9.04981,
2011-06-11,.,No value available
2011-06-12,.,No value available
2011-06-13,30.00000,
2011-06-14,30.00000,
2011-06-15,30.00000,
2011-06-16,29.99658,
2011-06-17,30.00000,
2011-06-18,.,No value available
2011-06-19,.,No value available
2011-06-20,29.97073,
2011-06-21,30.00000,
2011-06-22,29.98144,
2011-06-23,30.00000,
2011-06-24,29.18113,
2011-06-25,.,No value available
2011-06-26,.,No value available
2011-06-27,29.50028,
2011-06-28,27.33865,
2011-06-29,27.41953,
2011-06-30,30.00000,
2011-07-01,-22.75520,
2011-07-02,.,No value available
2011-07-03,.,No value available
2011-07-04,-22.64879,
2011-07-05,-22.72100,
2011-07-06,-21.60666,
2011-07-07,-23.02567,
2011-07-08,-23.17655,
2011-07-09,.,No value available
2011-07-10,.,No value available
2011-07-11,-23.64086,
2011-07-12,-23.78045,
2011-07-13,-4.25700,
2011-07-14,-19.04010,
2011-07-15,-11.17751,
2011-07-16,.,No value available
2011-07-17,.,No value available
2011-07-18,-5.13659,
2011-07-19,-13.94712,
2011-07-20,-22.83622,
2011-07-21,-23.35278,
2011-07-22,-23.01470,
2011-07-23,.,No value available
2011-07-24,.,No value available
2011-07-25,-23.42650,
2011-07-26,-23.58722,
2011-07-27,-23.59190,
2011-07-28,-23.65747,
2011-07-29,-23.60253,
2011-07-30,.,No value available
2011-07-31,.,No value available
2011-08-01,-23.69423,
2011-08-02,-24.27146,
2011-08-03,9.82819,
2011-08-04,9.81389,
2011-08-05,9.95226,
2011-08-06,.,No value available
2011-08-07,.,No value available
2011-08-08,10.21574,
2011-08-09,10.00182,
2011-08-10,10.15305,
2011-08-11,10.25819,
2011-08-12,10.20532,
2011-08-13,.,No value available
2011-08-14,.,No value available
2011-08-15,10.37245,
2011-08-16,10.58832,
2011-08-17,10.54473,
2011-08-18,10.42419,
2011-08-19,10.16976,
2011-08-20,.,No value available
2011-08-21,.,No value available
2011-08-22,9.93081,
2011-08-23,10.07470,
2011-08-24,10.12360,
2011-08-25,10.10084,
2011-08-26,10.20339,
2011-08-27,.,No value available
2011-08-28,.,No value available
2011-08-29,10.14368,
2011-08-30,10.19834,
2011-08-31,10.17293,
2011-09-01,10.16613,
2011-09-02,10.23056,
2011-09-03,.,No value available
2011-09-04,.,No value available
2011-09-05,10.17888,
2011-09-06,10.24459,
2011-09-07,30.00000,
2011-09-08,30.00000,
2011-09-09,30.00000,
2011-09-10,.,No value available
2011-09-11,.,No value available
2011-09-12,-23.78719,
2011-09-13,-23.86703,
2011-09-14,-23.76525,
2011-09-15,-23.32161,
2011-09-16,-23.42510,
2011-09-17,.,No value available
2011-09-18,.,No value available
2011-09-19,-23.19621,
2011-09-20,-23.57793,
2011-09-21,-23.49308,
2011-09-22,-23.61394,
2011-09-23,-23.48666,
2011-09-24,.,No value available
2011-09-25,.,No value available
2011-09-26,-23.20614,
2011-09-27,30.00000,
2011-09-28,30.00000,
2011-09-29,30.00000,
2011-09-30,30.00000,
2011-10-01,.,No value available
2011-10-02,.,No value available
2011-10-03,30.00000,
2011-10-04,30.00000,
2011-10-05,30.00000,
2011-10-06,30.00000,
2011-10-07,30.00000,
2011-10-08,.,No value available
2011-10-09,.,No value available
2011-10-10,-23.36903,
2011-10-11,-23.44666,
2011-10-12,-23.20501,
2011-10-13,-23.15736,
2011-10-14,-23.17471,
2011-10-15,.,No value available
2011-10-16,.,No value available
2011-10-17,-23.25862,
2011-10-18,-23.50154,
2011-10-19,-23.46902,
2011-10-20,-23.26251,
2011-10-21,-23.44454,
2011-10-22,.,No value available
2011-10-23,.,No value available
2011-10-24,-23.44747,
2011-10-25,-23.25869,
2011-10-26,-23.60720,
2011-10-27,-23.61538,
2011-10-28,-23.31908,
2011-10-29,.,No value available
2011-10-30,.,No value available
2011-10-31,-23.66791,
2011-11-01,-23.94222,
2011-11-02,-23.92889,
2011-11-03,-23.79095,
2011-11-04,-23.70054,
2011-11-05,.,No value available
2011-11-06,.,No value available
2011-11-07,-23.98531,
2011-11-08,-23.86380,
2011-11-09,-24.03692,
2011-11-10,-23.71214,
2011-11-11,-23.77532,
2011-11-12,.,No value available
2011-11-13,.,No value available
2011-11-14,-23.70425,
2011-11-15,-23.93380,
2011-11-16,-23.77667,
2011-11-17,-23.77737,
2011-11-18,-23.63268,
2011-11-19,.,No value available
2011-11-20,.,No value available
2011-11-21,-23.65288,
2011-11-22,-23.59450,
2011-11-23,-23.67187,
2011-11-24,-23.10106,
2011-11-25,-23.07826,
2011-11-26,.,No value available
2011-11-27,.,No value available
2011-11-28,-23.01808,
2011-11-29,-22.69798,
2011-11-30,-22.59001,
2011-12-01,-23.08020,
2011-12-02,-23.30844,
2011-12-03,.,No value available
2011-12-04,.,No value available
2011-12-05,-23.37778,
2011-12-06,-23.37896,
2011-12-07,-23.41238,
2011-12-08,-23.49241,
2011-12-09,-23.49641,
2011-12-10,.,No value available
2011-12-11,.,No value available
2011-12-12,-23.68171,
2011-12-13,-23.70083,
2011-12-14,-23.71287,
2011-12-15,-23.87496,
2011-12-16,-23.89060,
2011-12-17,.,No value available
2011-12-18,.,No value available
2011-12-19,-23.89901,
2011-12-20,-23.92914,
2011-12-21,-23.76380,
2011-12-22,-23.67581,
2011-12-23,-23.69332,
2011-12-24,.,No value available
2011-12-25,.,No value available
2011-12-26,.,No value available
2011-12-27,-23.70171,
2011-12-28,-23.85579,
2011-12-29,-23.87067,
2011-12-30,-23.92815,
2011-12-31,.,No value available
2012-01-01,.,No value available
2012-01-02,-23.84648,
2012-01-03,-23.83373,
2012-01-04,-23.78728,
2012-01-05,-23.79463,
2012-01-06,-23.84181,
2012-01-07,.,No value available
2012-01-08,.,No value available
2012-01-09,-23.82898,
2012-01-10,-23.96898,
2012-01-11,-24.00203,
2012-01-12,-24.21624,
2012-01-13,-24.43134,
2012-01-14,.,No value available
2012-01-15,.,No value available
2012-01-16,-24.52804,
2012-01-17,-24.49812,
2012-01-18,-24.40970,
2012-01-19,-24.42067,
2012-01-20,-24.23876,
2012-01-21,.,No value available
2012-01-22,.,No value available
2012-01-23,-24.14776,
2012-01-24,-24.24188,
2012-01-25,-24.28598,
2012-01-26,-24.33297,
2012-01-27,-24.42153,
2012-01-28,.,No value available
2012-01-29,.,No value available
2012-01-30,-24.44666,
2012-01-31,-24.41410,
2012-02-01,-24.50115,
2012-02-02,-24.54922,
2012-02-03,-24.43214,
2012-02-04,.,No value available
2012-02-05,.,No value available
2012-02-06,-24.41474,
2012-02-07,-24.47649,
2012-02-08,-24.35153,
2012-02-09,-24.25270,
2012-02-10,-24.26226,
2012-02-11,.,No value available
2012-02-12,.,No value available
2012-02-13,-24.27494,
2012-02-14,-24.34276,
2012-02-15,-24.42427,
2012-02-16,-24.62775,
2012-02-17,-24.39358,
2012-02-18,.,No value available
2012-02-19,.,No value available
2012-02-20,-24.30691,
2012-02-21,-24.29924,
2012-02-22,-24.35135,
2012-02-23,-24.37651,
2012-02-24,-24.41469,
2012-02-25,.,No value available
2012-02-26,.,No value available
2012-02-27,-24.46249,
2012-02-28,-24.57192,
2012-02-29,-24.50904,
2012-03-01,-24.45138,
2012-03-02,-24.45927,
2012-03-03,.,No value available
2012-03-04,.,No value available
2012-03-05,-24.50554,
2012-03-06,-24.59299,
2012-03-07,-24.57350,
2012-03-08,-24.58255,
2012-03-09,-24.61929,
2012-03-10,.,No value available
2012-03-11,.,No value available
2012-03-12,-24.63762,
2012-03-13,-24.63182,
2012-03-14,-24.46875,
2012-03-15,-24.14179,
2012-03-16,-24.00170,
2012-03-17,.,No value available
2012-03-18,.,No value available
2012-03-19,-23.87760,
2012-03-20,-23.83158,
2012-03-21,-23.88258,
2012-03-22,-24.09306,
2012-03-23,-24.23256,
2012-03-24,.,No value available
2012-03-25,.,No value available
2012-03-26,-24.28672,
2012-03-27,-24.20517,
2012-03-28,-24.35300,
2012-03-29,-24.35806,
2012-03-30,-24.39755,
2012-03-31,.,No value available
2012-04-01,.,No value available
2012-04-02,-24.35605,
2012-04-03,-24.46848,
2012-04-04,-24.53004,
2012-04-05,-24.73835,
2012-04-06,.,No value available
2012-04-07,.,No value available
2012-04-08,.,No value available
2012-04-09,.,No value available
2012-04-10,-24.80692,
2012-04-11,-24.85883,
2012-04-12,-24.78841,
2012-04-13,-24.77027,
2012-04-14,.,No value available
2012-04-15,.,No value available
2012-04-16,-24.74883,
2012-04-17,-24.64801,
2012-04-18,-24.66584,
2012-04-19,-24.66191,
2012-04-20,-24.71188,
2012-04-21,.,No value available
2012-04-22,.,No value available
2012-04-23,-24.78402,
2012-04-24,-24.66789,
2012-04-25,-24.58462,
2012-04-26,-24.69729,
2012-04-27,-24.72202,
2012-04-28,.,No value available
2012-04-29,.,No value available
2012-04-30,-24.72534,
2012-05-01,.,No value available
2012-05-02,-24.74142,
2012-05-03,-24.78769,
2012-05-04,-24.75999,
2012-05-05,.,No value available
2012-05-06,.,No value available
2012-05-07,-24.86747,
2012-05-08,-24.82345,
2012-05-09,-24.91459,
2012-05-10,-24.99697,
2012-05-11,-24.93364,
2012-05-12,.,No value available
2012-05-13,.,No value available
2012-05-14,-24.98181,
2012-05-15,-24.90555,
2012-05-16,-24.90966,
2012-05-17,-24.90536,
2012-05-18,-24.95930,
2012-05-19,.,No value available
2012-05-20,.,No value available
2012-05-21,-24.85018,
2012-05-22,-24.94565,
2012-05-23,-24.96087,
2012-05-24,-25.22093,
2012-05-25,-24.91641,
2012-05-26,.,No value available
2012-05-27,.,No value available
2012-05-28,-25.03288,
2012-05-29,-25.18489,
2012-05-30,-25.41733,
2012-05-31,-25.47516,
2012-06-01,-25.98921,
2012-06-02,.,No value available
2012-06-03,.,No value available
2012-06-04,-25.91355,
2012-06-05,-25.89004,
2012-06-06,-25.50383,
2012-06-07,-25.07019,
2012-06-08,-25.27663,
2012-06-09,.,No value available
2012-06-10,.,No value available
2012-06-11,-24.88768,
2012-06-12,-24.80827,
2012-06-13,-24.49642,
2012-06-14,-24.60293,
2012-06-15,-24.65157,
2012-06-16,.,No value available
2012-06-17,.,No value available
2012-06-18,-25.35488,
2012-06-19,-24.81221,
2012-06-20,-25.01169,
2012-06-21,-20.73742,
2012-06-22,-26.19658,
2012-06-23,.,No value available
2012-06-24,.,No value available
2012-06-25,-25.83227,
2012-06-26,-25.32910,
2012-06-27,-25.04038,
2012-06-28,-24.63389,
2012-06-29,-24.53846,
2012-06-30,.,No value available
2012-07-01,.,No value available
2012-07-02,-24.61406,
2012-07-03,-24.67828,
2012-07-04,-24.73564,
2012-07-05,-24.72971,
2012-07-06,-24.95125,
2012-07-07,.,No value available
2012-07-08,.,No value available
2012-07-09,-25.01024,
2012-07-10,-25.43033,
2012-07-11,-25.65507,
2012-07-12,-26.08697,
2012-07-13,-26.45568,
2012-07-14,.,No value available
2012-07-15,.,No value available
2012-07-16,-26.85625,
2012-07-17,-26.66050,
2012-07-18,-26.97032,
2012-07-19,-27.26275,
2012-07-20,-27.17178,
2012-07-21,.,No value available
2012-07-22,.,No value available
2012-07-23,-26.32760,
2012-07-24,-26.71674,
2012-07-25,-27.13153,
2012-07-26,-26.71432,
2012-07-27,-27.14001,
2012-07-28,.,No value available
2012-07-29,.,No value available
2012-07-30,-19.56806,
2012-07-31,-27.58639,
2012-08-01,-27.95648,
2012-08-02,-27.83068,
2012-08-03,-27.90214,
2012-08-04,.,No value available
2012-08-05,.,No value available
2012-08-06,-28.16487,
2012-08-07,-28.51127,
2012-08-08,-28.43294,
2012-08-09,-28.11893,
2012-08-10,-28.04710,
2012-08-11,.,No value available
2012-08-12,.,No value available
2012-08-13,-28.07448,
2012-08-14,-27.92141,
2012-08-15,-28.30361,
2012-08-16,-28.43763,
2012-08-17,-24.96937,
2012-08-18,.,No value available
2012-08-19,.,No value available
2012-08-20,-28.62137,
2012-08-21,-28.50330,
2012-08-22,-28.35882,
2012-08-23,-27.88467,
2012-08-24,-27.81737,
2012-08-25,.,No value available
2012-08-26,.,No value available
2012-08-27,-27.37985,
2012-08-28,-27.64393,
2012-08-29,-18.54111,
2012-08-30,-27.26222,
2012-08-31,-27.59838,
2012-09-01,.,No value available
2012-09-02,.,No value available
2012-09-03,-27.83169,
2012-09-04,-27.94784,
2012-09-05,-27.99166,
2012-09-06,-27.20051,
2012-09-07,-26.74266,
2012-09-08,.,No value available
2012-09-09,.,No value available
2012-09-10,-26.59359,
2012-09-11,30.00000,
2012-09-12,29.92332,
2012-09-13,30.00000,
2012-09-14,29.99898,
2012-09-15,.,No value available
2012-09-16,.,No value available
2012-09-17,29.68048,
2012-09-18,30.00000,
2012-09-19,19.46583,
2012-09-20,30.00000,
2012-09-21,-26.91649,
2012-09-22,.,No value available
2012-09-23,.,No value available
2012-09-24,-26.75651,
2012-09-25,-26.55195,
2012-09-26,-26.18441,
2012-09-27,-25.98737,
2012-09-28,-25.73101,
2012-09-29,.,No value available
2012-09-30,.,No value available
2012-10-01,-26.21068,
2012-10-02,-26.99075,
2012-10-03,-26.89459,
2012-10-04,-27.31667,
2012-10-05,-27.02744,
2012-10-06,.,No value available
2012-10-07,.,No value available
2012-10-08,-26.97269,
2012-10-09,-26.97269,
2012-10-10,-26.97269,
2012-10-11,-24.59437,
2012-10-12,-27.33720,
2012-10-13,.,No value available
2012-10-14,.,No value available
2012-10-15,-27.46271,
2012-10-16,-27.53019,
2012-10-17,-27.77749,
2012-10-18,-27.51028,
2012-10-19,30.00000,
2012-10-20,.,No value available
2012-10-21,.,No value available
2012-10-22,30.00000,
2012-10-23,30.00000,
2012-10-24,29.54224,
2012-10-25,30.00000,
2012-10-26,30.00000,
2012-10-27,.,No value available
2012-10-28,.,No value available
2012-10-29,30.00000,
2012-10-30,30.00000,
2012-10-31,30.00000,
2012-11-01,28.63424,
2012-11-02,30.00000,
2012-11-03,.,No value available
2012-11-04,.,No value available
2012-11-05,30.00000,
2012-11-06,30.00000,
2012-11-07,29.99635,
2012-11-08,29.94690,
2012-11-09,29.90829,
2012-11-10,.,No value available
2012-11-11,.,No value available
2012-11-12,29.82277,
2012-11-13,30.00000,
2012-11-14,30.00000,
2012-11-15,30.00000,
2012-11-16,29.99801,
2012-11-17,.,No value available
2012-11-18,.,No value available
2012-11-19,30.00000,
2012-11-20,29.99548,
2012-11-21,29.99734,
2012-11-22,30.00000,
2012-11-23,29.55102,
2012-11-24,.,No value available
2012-11-25,.,No value available
2012-11-26,29.55102,
2012-11-27,29.99861,
2012-11-28,13.32719,
2012-11-29,30.00000,
2012-11-30,29.78649,
2012-12-01,.,No value available
2012-12-02,.,No value available
2012-12-03,30.00000,
2012-12-04,29.86997,
2012-12-05,29.95596,
2012-12-06,29.73225,
2012-12-07,29.99988,
2012-12-08,.,No value available
2012-12-09,.,No value available
2012-12-10,30.00000,
2012-12-11,29.99127,
2012-12-12,29.93694,
2012-12-13,29.99915,
2012-12-14,30.00000,
2012-12-15,.,No value available
2012-12-16,.,No value available
2012-12-17,29.99873,
2012-12-18,30.00000,
2012-12-19,29.99157,
2012-12-20,29.94841,
2012-12-21,30.00000,
2012-12-22,.,No value available
2012-12-23,.,No value available
2012-12-24,.,No value available
2012-12-25,.,No value available
2012-12-26,.,No value available
2012-12-27,29.89179,
2012-12-28,29.99888,
2012-12-29,.,No value available
2012-12-30,.,No value available
2012-12-31,.,No value available
2013-01-01,.,No value available
2013-01-02,29.99850,
2013-01-03,29.99625,
2013-01-04,30.00000,
2013-01-05,.,No value available
2013-01-06,.,No value available
2013-01-07,30.00000,
2013-01-08,29.99842,
2013-01-09,24.91814,
2013-01-10,30.00000,
2013-01-11,29.99997,
2013-01-12,.,No value available
2013-01-13,.,No value available
2013-01-14,29.96575,
2013-01-15,29.99591,
2013-01-16,30.00000,
2013-01-17,29.86592,
2013-01-18,29.85302,
2013-01-19,.,No value available
2013-01-20,.,No value available
2013-01-21,30.00000,
2013-01-22,29.96799,
2013-01-23,30.00000,
2013-01-24,30.00000,
2013-01-25,30.00000,
2013-01-26,.,No value available
2013-01-27,.,No value available
2013-01-28,30.00000,
2013-01-29,30.00000,
2013-01-30,29.80181,
2013-01-31,29.84616,
2013-02-01,30.00000,
2013-02-02,.,No value available
2013-02-03,.,No value available
2013-02-04,29.99156,
2013-02-05,30.00000,
2013-02-06,30.00000,
2013-02-07,30.00000,
2013-02-08,30.00000,
2013-02-09,.,No value available
2013-02-10,.,No value available
2013-02-11,30.00000,
2013-02-12,30.00000,
2013-02-13,29.98380,
2013-02-14,29.99199,
2013-02-15,29.99949,
2013-02-16,.,No value available
2013-02-17,.,No value available
2013-02-18,30.00000,
2013-02-19,29.93995,
2013-02-20,29.99753,
2013-02-21,29.97557,
2013-02-22,30.00000,
2013-02-23,.,No value available
2013-02-24,.,No value available
2013-02-25,29.99964,
2013-02-26,29.99844,
2013-02-27,30.00000,
2013-02-28,29.99989,
2013-03-01,30.00000,
2013-03-02,.,No value available
2013-03-03,.,No value available
2013-03-04,29.99233,
2013-03-05,30.00000,
2013-03-06,30.00000,
2013-03-07,30.00000,
2013-03-08,30.00000,
2013-03-09,.,No value available
2013-03-10,.,No value available
2013-03-11,30.00000,
2013-03-12,30.00000,
2013-03-13,30.00000,
2013-03-14,30.00000,
2013-03-15,30.00000,
2013-03-16,.,No value available
2013-03-17,.,No value available
2013-03-18,30.00000,
2013-03-19,30.00000,
2013-03-20,30.00000,
2013-03-21,30.00000,
2013-03-22,29.99973,
2013-03-23,.,No value available
2013-03-24,.,No value available
2013-03-25,30.00000,
2013-03-26,30.00000,
2013-03-27,30.00000,
2013-03-28,30.00000,
2013-03-29,.,No value available
2013-03-30,.,No value available
2013-03-31,.,No value available
2013-04-01,.,No value available
2013-04-02,29.99975,
2013-04-03,-25.36528,
2013-04-04,-25.37925,
2013-04-05,-25.40794,
2013-04-06,.,No value available
2013-04-07,.,No value available
2013-04-08,-25.56536,
2013-04-09,-25.25400,
2013-04-10,29.99996,
2013-04-11,30.00000,
2013-04-12,29.99990,
2013-04-13,.,No value available
2013-04-14,.,No value available
2013-04-15,30.00000,
2013-04-16,30.00000,
2013-04-17,29.99982,
2013-04-18,30.00000,
2013-04-19,29.99987,
2013-04-20,.,No value available
2013-04-21,.,No value available
2013-04-22,30.00000,
2013-04-23,30.00000,
2013-04-24,30.00000,
2013-04-25,30.00000,
2013-04-26,30.00000,
2013-04-27,.,No value available
2013-04-28,.,No value available
2013-04-29,30.00000,
2013-04-30,29.98352,
2013-05-01,.,No value available
2013-05-02,30.00000,
2013-05-03,30.00000,
2013-05-04,.,No value available
2013-05-05,.,No value available
2013-05-06,30.00000,
2013-05-07,30.00000,
2013-05-08,30.00000,
2013-05-09,29.99936,
2013-05-10,30.00000,
2013-05-11,.,No value available
2013-05-12,.,No value available
2013-05-13,29.99901,
2013-05-14,30.00000,
2013-05-15,30.00000,
2013-05-16,30.00000,
2013-05-17,30.00000,
2013-05-18,.,No value available
2013-05-19,.,No value available
2013-05-20,30.00000,
2013-05-21,30.00000,
2013-05-22,27.64624,
2013-05-23,30.00000,
2013-05-24,30.00000,
2013-05-25,.,No value available
2013-05-26,.,No value available
2013-05-27,30.00000,
2013-05-28,29.96949,
2013-05-29,30.00000,
2013-05-30,30.00000,
2013-05-31,30.00000,
2013-06-01,.,No value available
2013-06-02,.,No value available
2013-06-03,30.00000,
2013-06-04,30.00000,
2013-06-05,30.00000,
2013-06-06,30.00000,
2013-06-07,30.00000,
2013-06-08,.,No value available
2013-06-09,.,No value available
2013-06-10,30.00000,
2013-06-11,-24.34444,
2013-06-12,-24.50611,
2013-06-13,-24.56356,
2013-06-14,-24.72705,
2013-06-15,.,No value available
2013-06-16,.,No value available
2013-06-17,-24.71002,
2013-06-18,-24.66415,
2013-06-19,-24.60670,
2013-06-20,-24.23077,
2013-06-21,-24.21420,
2013-06-22,.,No value available
2013-06-23,.,No value available
2013-06-24,-24.34168,
2013-06-25,-25.19834,
2013-06-26,-25.14252,
2013-06-27,-25.24626,
2013-06-28,-25.18629,
2013-06-29,.,No value available
2013-06-30,.,No value available
2013-07-01,-24.80356,
2013-07-02,-24.60465,
2013-07-03,-24.73438,
2013-07-04,-24.49571,
2013-07-05,-24.67219,
2013-07-06,.,No value available
2013-07-07,.,No value available
2013-07-08,-24.70922,
2013-07-09,-24.75355,
2013-07-10,-24.85617,
2013-07-11,-24.76817,
2013-07-12,-24.83280,
2013-07-13,.,No value available
2013-07-14,.,No value available
2013-07-15,-24.75497,
2013-07-16,-24.85182,
2013-07-17,-24.85138,
2013-07-18,-24.91435,
2013-07-19,-24.95410,
2013-07-20,.,No value available
2013-07-21,.,No value available
2013-07-22,-24.93323,
2013-07-23,-24.84671,
2013-07-24,-24.68215,
2013-07-25,-24.69124,
2013-07-26,-24.62075,
2013-07-27,.,No value available
2013-07-28,.,No value available
2013-07-29,-24.62075,
2013-07-30,-24.57487,
2013-07-31,-24.52953,
2013-08-01,-24.73438,
2013-08-02,-24.45586,
2013-08-03,.,No value available
2013-08-04,.,No value available
2013-08-05,-24.57484,
2013-08-06,-24.51559,
2013-08-07,-24.59056,
2013-08-08,-24.59056,
2013-08-09,-24.59056,
2013-08-10,.,No value available
2013-08-11,.,No value available
2013-08-12,-24.50767,
2013-08-13,-24.37588,
2013-08-14,-24.29975,
2013-08-15,-24.27048,
2013-08-16,-24.26359,
2013-08-17,.,No value available
2013-08-18,.,No value available
2013-08-19,-24.26359,
2013-08-20,-24.28844,
2013-08-21,-24.94744,
2013-08-22,-25.13934,
2013-08-23,-24.42251,
2013-08-24,.,No value available
2013-08-25,.,No value available
2013-08-26,-20.51495,
2013-08-27,-8.88527,
2013-08-28,-8.40267,
2013-08-29,-10.94323,
2013-08-30,-24.98159,
2013-08-31,.,No value available
2013-09-01,.,No value available
2013-09-02,-10.27866,
2013-09-03,-10.77501,
2013-09-04,-24.25317,
2013-09-05,-24.19999,
2013-09-06,-24.10833,
2013-09-07,.,No value available
2013-09-08,.,No value available
2013-09-09,-24.24957,
2013-09-10,-24.22007,
2013-09-11,-24.26434,
2013-09-12,-24.37323,
2013-09-13,-24.35470,
2013-09-14,.,No value available
2013-09-15,.,No value available
2013-09-16,-24.49113,
2013-09-17,-24.45948,
2013-09-18,-24.43146,
2013-09-19,-24.63120,
2013-09-20,-24.59718,
2013-09-21,.,No value available
2013-09-22,.,No value available
2013-09-23,-24.55138,
2013-09-24,-24.71228,
2013-09-25,-24.71355,
2013-09-26,-24.72561,
2013-09-27,-24.76867,
2013-09-28,.,No value available
2013-09-29,.,No value available
2013-09-30,-24.82588,
2013-10-01,-24.50064,
2013-10-02,-24.52249,
2013-10-03,-24.49198,
2013-10-04,-24.49811,
2013-10-05,.,No value available
2013-10-06,.,No value available
2013-10-07,-24.54821,
2013-10-08,-24.49456,
2013-10-09,-24.54256,
2013-10-10,-24.44841,
2013-10-11,-24.44568,
2013-10-12,.,No value available
2013-10-13,.,No value available
2013-10-14,-24.49223,
2013-10-15,-24.40129,
2013-10-16,-24.36524,
2013-10-17,-24.35916,
2013-10-18,-24.49164,
2013-10-19,.,No value available
2013-10-20,.,No value available
2013-10-21,-24.44797,
2013-10-22,-24.42330,
2013-10-23,-24.59639,
2013-10-24,-24.60003,
2013-10-25,-24.54445,
2013-10-26,.,No value available
2013-10-27,.,No value available
2013-10-28,-24.54355,
2013-10-29,-24.58320,
2013-10-30,-24.69055,
2013-10-31,-24.82291,
2013-11-01,-24.90517,
2013-11-02,.,No value available
2013-11-03,.,No value available
2013-11-04,-24.89429,
2013-11-05,-24.75924,
2013-11-06,-24.73908,
2013-11-07,-24.75427,
2013-11-08,-24.87414,
2013-11-09,.,No value available
2013-11-10,.,No value available
2013-11-11,-24.87526,
2013-11-12,-24.85452,
2013-11-13,-24.90091,
2013-11-14,-24.94128,
2013-11-15,-24.92635,
2013-11-16,.,No value available
2013-11-17,.,No value available
2013-11-18,-24.88801,
2013-11-19,-24.88801,
2013-11-20,-24.82719,
2013-11-21,-24.85415,
2013-11-22,-24.85714,
2013-11-23,.,No value available
2013-11-24,.,No value available
2013-11-25,-24.87618,
2013-11-26,-24.87618,
2013-11-27,-24.88933,
2013-11-28,-24.84776,
2013-11-29,-24.91933,
2013-11-30,.,No value available
2013-12-01,.,No value available
2013-12-02,-24.84207,
2013-12-03,-24.85647,
2013-12-04,-24.85647,
2013-12-05,-24.72570,
2013-12-06,-24.56202,
2013-12-07,.,No value available
2013-12-08,.,No value available
2013-12-09,-24.56202,
2013-12-10,-24.61885,
2013-12-11,-24.61885,
2013-12-12,-24.61885,
2013-12-13,-24.84691,
2013-12-14,.,No value available
2013-12-15,.,No value available
2013-12-16,-24.84691,
2013-12-17,-24.84691,
2013-12-18,-25.10639,
2013-12-19,-22.59655,
2013-12-20,-9.41782,
2013-12-21,.,No value available
2013-12-22,.,No value available
2013-12-23,-9.01765,
2013-12-24,.,No value available
2013-12-25,.,No value available
2013-12-26,.,No value available
2013-12-27,-8.77261,
2013-12-28,.,No value available
2013-12-29,.,No value available
2013-12-30,-5.70358,
2013-12-31,.,No value available
2014-01-01,.,No value available
2014-01-02,-5.55905,
2014-01-03,-5.86030,
2014-01-04,.,No value available
2014-01-05,.,No value available
2014-01-06,-6.91381,
2014-01-07,-8.84495,
2014-01-08,-8.84413,
2014-01-09,-6.82130,
2014-01-10,-6.85766,
2014-01-11,.,No value available
2014-01-12,.,No value available
2014-01-13,-8.63568,
2014-01-14,-12.71089,
2014-01-15,-11.58466,
2014-01-16,-15.14819,
2014-01-17,-25.73764,
2014-01-18,.,No value available
2014-01-19,.,No value available
2014-01-20,-26.02809,
2014-01-21,-26.02809,
2014-01-22,-26.02809,
2014-01-23,-26.02809,
2014-01-24,-25.40730,
2014-01-25,.,No value available
2014-01-26,.,No value available
2014-01-27,-25.40730,
2014-01-28,-25.90594,
2014-01-29,-20.53804,
2014-01-30,-26.28208,
2014-01-31,-26.00840,
2014-02-01,.,No value available
2014-02-02,.,No value available
2014-02-03,-26.00840,
2014-02-04,-25.64518,
2014-02-05,-20.38410,
2014-02-06,-25.00490,
2014-02-07,-25.00490,
2014-02-08,.,No value available
2014-02-09,.,No value available
2014-02-10,-25.00490,
2014-02-11,-25.00490,
2014-02-12,-20.35732,
2014-02-13,-25.72152,
2014-02-14,-25.72152,
2014-02-15,.,No value available
2014-02-16,.,No value available
2014-02-17,-25.30175,
2014-02-18,-25.70494,
2014-02-19,-25.13382,
2014-02-20,21.29659,
2014-02-21,21.29659,
2014-02-22,.,No value available
2014-02-23,.,No value available
2014-02-24,21.29659,
2014-02-25,27.88522,
2014-02-26,30.00000,
2014-02-27,29.98474,
2014-02-28,29.99669,
2014-03-01,.,No value available
2014-03-02,.,No value available
2014-03-03,30.00000,
2014-03-04,30.00000,
2014-03-05,30.00000,
2014-03-06,29.99702,
2014-03-07,29.91185,
2014-03-08,.,No value available
2014-03-09,.,No value available
2014-03-10,29.99752,
2014-03-11,30.00000,
2014-03-12,30.00000,
2014-03-13,30.00000,
2014-03-14,29.99970,
2014-03-15,.,No value available
2014-03-16,.,No value available
2014-03-17,29.99278,
2014-03-18,29.99951,
2014-03-19,29.99940,
2014-03-20,29.99225,
2014-03-21,30.00000,
2014-03-22,.,No value available
2014-03-23,.,No value available
2014-03-24,29.99823,
2014-03-25,29.99911,
2014-03-26,30.00000,
2014-03-27,30.00000,
2014-03-28,29.99950,
2014-03-29,.,No value available
2014-03-30,.,No value available
2014-03-31,30.00000,
2014-04-01,29.97758,
2014-04-02,29.99390,
2014-04-03,30.00000,
2014-04-04,30.00000,
2014-04-05,.,No value available
2014-04-06,.,No value available
2014-04-07,30.00000,
2014-04-08,30.00000,
2014-04-09,30.00000,
2014-04-10,30.00000,
2014-04-11,-26.27960,
2014-04-12,.,No value available
2014-04-13,.,No value available
2014-04-14,-26.23574,
2014-04-15,-26.31695,
2014-04-16,-26.39328,
2014-04-17,-26.14693,
2014-04-18,.,No value available
2014-04-19,.,No value available
2014-04-20,.,No value available
2014-04-21,.,No value available
2014-04-22,-25.88660,
2014-04-23,-26.03746,
2014-04-24,-25.79571,
2014-04-25,-26.43276,
2014-04-26,.,No value available
2014-04-27,.,No value available
2014-04-28,-26.26358,
2014-04-29,-26.52197,
2014-04-30,-26.27733,
2014-05-01,.,No value available
2014-05-02,-26.50447,
2014-05-03,.,No value available
2014-05-04,.,No value available
2014-05-05,-26.76090,
2014-05-06,-26.40005,
2014-05-07,-26.21501,
2014-05-08,-26.51125,
2014-05-09,-24.93617,
2014-05-10,.,No value available
2014-05-11,.,No value available
2014-05-12,-26.18704,
2014-05-13,-24.49861,
2014-05-14,-26.16778,
2014-05-15,-25.47074,
2014-05-16,-25.57437,
2014-05-17,.,No value available
2014-05-18,.,No value available
2014-05-19,-25.73429,
2014-05-20,-25.58210,
2014-05-21,-26.10186,
2014-05-22,-26.08013,
2014-05-23,-26.19634,
2014-05-24,.,No value available
2014-05-25,.,No value available
2014-05-26,-26.12205,
2014-05-27,-26.06535,
2014-05-28,-25.89754,
2014-05-29,-25.32118,
2014-05-30,-25.26110,
2014-05-31,.,No value available
2014-06-01,.,No value available
2014-06-02,-25.28677,
2014-06-03,-25.22481,
2014-06-04,-25.46597,
2014-06-05,-25.20674,
2014-06-06,-25.24296,
2014-06-07,.,No value available
2014-06-08,.,No value available
2014-06-09,-25.23339,
2014-06-10,-25.17283,
2014-06-11,-25.18757,
2014-06-12,-25.14817,
2014-06-13,-25.13017,
2014-06-14,.,No value available
2014-06-15,.,No value available
2014-06-16,-25.15001,
2014-06-17,-25.07073,
2014-06-18,-25.07667,
2014-06-19,-25.13614,
2014-06-20,-25.15464,
2014-06-21,.,No value available
2014-06-22,.,No value available
2014-06-23,-25.15030,
2014-06-24,-25.15582,
2014-06-25,-25.15363,
2014-06-26,-25.19677,
2014-06-27,-25.17003,
2014-06-28,.,No value available
2014-06-29,.,No value available
2014-06-30,-25.12824,
2014-07-01,-25.21254,
2014-07-02,-25.22278,
2014-07-03,-25.14508,
2014-07-04,-25.19761,
2014-07-05,.,No value available
2014-07-06,.,No value available
2014-07-07,-25.18300,
2014-07-08,-25.20383,
2014-07-09,-25.28312,
2014-07-10,-25.29957,
2014-07-11,-25.26843,
2014-07-12,.,No value available
2014-07-13,.,No value available
2014-07-14,-25.27761,
2014-07-15,-25.30358,
2014-07-16,-25.28238,
2014-07-17,-25.28500,
2014-07-18,-25.27503,
2014-07-19,.,No value available
2014-07-20,.,No value available
2014-07-21,-25.36330,
2014-07-22,-25.25286,
2014-07-23,-25.30712,
2014-07-24,-25.24599,
2014-07-25,-25.22751,
2014-07-26,.,No value available
2014-07-27,.,No value available
2014-07-28,-25.24966,
2014-07-29,-25.40997,
2014-07-30,-25.42951,
2014-07-31,-25.25202,
2014-08-01,-25.18156,
2014-08-02,.,No value available
2014-08-03,.,No value available
2014-08-04,-25.32435,
2014-08-05,-25.32879,
2014-08-06,-25.42069,
2014-08-07,-25.54678,
2014-08-08,29.99414,
2014-08-09,.,No value available
2014-08-10,.,No value available
2014-08-11,30.00000,
2014-08-12,30.00000,
2014-08-13,30.00000,
2014-08-14,29.99953,
2014-08-15,29.99889,
2014-08-16,.,No value available
2014-08-17,.,No value available
2014-08-18,30.00000,
2014-08-19,30.00000,
2014-08-20,30.00000,
2014-08-21,30.00000,
2014-08-22,30.00000,
2014-08-23,.,No value available
2014-08-24,.,No value available
2014-08-25,30.00000,
2014-08-26,29.99992,
2014-08-27,30.00000,
2014-08-28,29.98592,
2014-08-29,30.00000,
2014-08-30,.,No value available
2014-08-31,.,No value available
2014-09-01,29.99982,
2014-09-02,30.00000,
2014-09-03,29.99969,
2014-09-04,29.99793,
2014-09-05,29.99997,
2014-09-06,.,No value available
2014-09-07,.,No value available
2014-09-08,30.00000,
2014-09-09,29.86647,
2014-09-10,29.99958,
2014-09-11,30.00000,
2014-09-12,30.00000,
2014-09-13,.,No value available
2014-09-14,.,No value available
2014-09-15,29.99969,
2014-09-16,30.00000,
2014-09-17,29.99364,
2014-09-18,30.00000,
2014-09-19,30.00000,
2014-09-20,.,No value available
2014-09-21,.,No value available
2014-09-22,29.99900,
2014-09-23,29.99978,
2014-09-24,30.00000,
2014-09-25,29.99998,
2014-09-26,29.99994,
2014-09-27,.,No value available
2014-09-28,.,No value available
2014-09-29,30.00000,
2014-09-30,30.00000,
2014-10-01,30.00000,
2014-10-02,29.99923,
2014-10-03,.,No value available
2014-10-04,.,No value available
2014-10-05,.,No value available
2014-10-06,29.99990,
2014-10-07,30.00000,
2014-10-08,29.99996,
2014-10-09,29.99914,
2014-10-10,29.99994,
2014-10-11,.,No value available
2014-10-12,.,No value available
2014-10-13,29.99970,
2014-10-14,30.00000,
2014-10-15,-30.00000,
2014-10-16,-30.00000,
2014-10-17,-27.93892,
2014-10-18,.,No value available
2014-10-19,.,No value available
2014-10-20,-29.99883,
2014-10-21,24.52960,
2014-10-22,25.38841,
2014-10-23,25.35866,
2014-10-24,25.29134,
2014-10-25,.,No value available
2014-10-26,.,No value available
2014-10-27,25.37367,
2014-10-28,25.48374,
2014-10-29,25.39931,
2014-10-30,25.45466,
2014-10-31,25.48756,
2014-11-01,.,No value available
2014-11-02,.,No value available
2014-11-03,25.39571,
2014-11-04,25.35345,
2014-11-05,25.32467,
2014-11-06,25.25893,
2014-11-07,25.21561,
2014-11-08,.,No value available
2014-11-09,.,No value available
2014-11-10,25.31123,
2014-11-11,25.29870,
2014-11-12,25.37187,
2014-11-13,25.35273,
2014-11-14,-29.99986,
2014-11-15,.,No value available
2014-11-16,.,No value available
2014-11-17,-29.99307,
2014-11-18,-30.00000,
2014-11-19,-29.98898,
2014-11-20,-29.97580,
2014-11-21,-29.99253,
2014-11-22,.,No value available
2014-11-23,.,No value available
2014-11-24,-30.00000,
2014-11-25,-30.00000,
2014-11-26,-30.00000,
2014-11-27,-30.00000,
2014-11-28,-30.00000,
2014-11-29,.,No value available
2014-11-30,.,No value available
2014-12-01,-29.99692,
2014-12-02,-30.00000,
2014-12-03,-30.00000,
2014-12-04,25.58503,
2014-12-05,25.68565,
2014-12-06,.,No value available
2014-12-07,.,No value available
2014-12-08,25.68513,
2014-12-09,25.82136,
2014-12-10,25.96638,
2014-12-11,25.79540,
2014-12-12,26.10766,
2014-12-13,.,No value available
2014-12-14,.,No value available
2014-12-15,26.13136,
2014-12-16,26.14808,
2014-12-17,26.15696,
2014-12-18,26.06384,
2014-12-19,25.42901,
2014-12-20,.,No value available
2014-12-21,.,No value available
2014-12-22,26.05001,
2014-12-23,26.01972,
2014-12-24,.,No value available
2014-12-25,.,No value available
2014-12-26,.,No value available
2014-12-27,.,No value available
2014-12-28,.,No value available
2014-12-29,26.11732,
2014-12-30,26.11241,
2014-12-31,.,No value available
2015-01-01,.,No value available
2015-01-02,-29.99682,
2015-01-03,.,No value available
2015-01-04,.,No value available
2015-01-05,-30.00000,
2015-01-06,-30.00000,
2015-01-07,-30.00000,
2015-01-08,-11.53279,
2015-01-09,-22.55768,
2015-01-10,.,No value available
2015-01-11,.,No value available
2015-01-12,-10.27349,
2015-01-13,-10.24250,
2015-01-14,-20.68512,
2015-01-15,-10.48157,
2015-01-16,-22.30799,
2015-01-17,.,No value available
2015-01-18,.,No value available
2015-01-19,-24.26526,
2015-01-20,-23.31527,
2015-01-21,-17.94824,
2015-01-22,-27.95422,
2015-01-23,-29.78447,
2015-01-24,.,No value available
2015-01-25,.,No value available
2015-01-26,-16.29006,
2015-01-27,-16.61826,
2015-01-28,-16.61826,
2015-01-29,-30.00000,
2015-01-30,-24.69126,
2015-01-31,.,No value available
2015-02-01,.,No value available
2015-02-02,-29.99750,
2015-02-03,-9.80678,
2015-02-04,-1.34629,
2015-02-05,-1.47893,
2015-02-06,-1.47135,
2015-02-07,.,No value available
2015-02-08,.,No value available
2015-02-09,-1.46788,
2015-02-10,-1.58260,
2015-02-11,-1.58260,
2015-02-12,-1.58260,
2015-02-13,-0.93206,
2015-02-14,.,No value available
2015-02-15,.,No value available
2015-02-16,-1.03682,
2015-02-17,-1.03682,
2015-02-18,-1.13425,
2015-02-19,-1.23212,
2015-02-20,-1.25055,
2015-02-21,.,No value available
2015-02-22,.,No value available
2015-02-23,-1.33943,
2015-02-24,-1.22170,
2015-02-25,-9.91405,
2015-02-26,29.59491,
2015-02-27,30.00000,
2015-02-28,.,No value available
2015-03-01,.,No value available
2015-03-02,29.56438,
2015-03-03,29.99898,
2015-03-04,29.99028,
2015-03-05,27.78000,
2015-03-06,30.00000,
2015-03-07,.,No value available
2015-03-08,.,No value available
2015-03-09,29.99988,
2015-03-10,13.11425,
2015-03-11,4.68386,
2015-03-12,6.76786,
2015-03-13,-2.87057,
2015-03-14,.,No value available
2015-03-15,.,No value available
2015-03-16,-2.76094,
2015-03-17,-4.09870,
2015-03-18,-5.55354,
2015-03-19,-10.12296,
2015-03-20,-3.49429,
2015-03-21,.,No value available
2015-03-22,.,No value available
2015-03-23,-8.80628,
2015-03-24,-8.50739,
2015-03-25,-8.50739,
2015-03-26,-7.80902,
2015-03-27,-28.15895,
2015-03-28,.,No value available
2015-03-29,.,No value available
2015-03-30,-29.81075,
2015-03-31,-30.00000,
2015-04-01,-30.00000,
2015-04-02,-30.00000,
2015-04-03,.,No value available
2015-04-04,.,No value available
2015-04-05,.,No value available
2015-04-06,.,No value available
2015-04-07,-27.55475,
2015-04-08,-30.00000,
2015-04-09,-2.40266,
2015-04-10,-2.40266,
2015-04-11,.,No value available
2015-04-12,.,No value available
2015-04-13,-2.26367,
2015-04-14,-2.20381,
2015-04-15,-2.26590,
2015-04-16,1.06909,
2015-04-17,1.60193,
2015-04-18,.,No value available
2015-04-19,.,No value available
2015-04-20,1.60193,
2015-04-21,1.60193,
2015-04-22,3.43996,
2015-04-23,5.23163,
2015-04-24,4.63928,
2015-04-25,.,No value available
2015-04-26,.,No value available
2015-04-27,4.48964,
2015-04-28,-1.09120,
2015-04-29,-0.30783,
2015-04-30,-1.79783,
2015-05-01,.,No value available
2015-05-02,.,No value available
2015-05-03,.,No value available
2015-05-04,-1.87281,
2015-05-05,-2.02618,
2015-05-06,-2.28686,
2015-05-07,10.75586,
2015-05-08,8.70939,
2015-05-09,.,No value available
2015-05-10,.,No value available
2015-05-11,6.53513,
2015-05-12,16.09612,
2015-05-13,30.00000,
2015-05-14,7.19598,
2015-05-15,7.50740,
2015-05-16,.,No value available
2015-05-17,.,No value available
2015-05-18,7.50740,
2015-05-19,9.56633,
2015-05-20,9.81987,
2015-05-21,27.79418,
2015-05-22,10.12554,
2015-05-23,.,No value available
2015-05-24,.,No value available
2015-05-25,.,No value available
2015-05-26,7.00848,
2015-05-27,7.89607,
2015-05-28,18.40383,
2015-05-29,30.00000,
2015-05-30,.,No value available
2015-05-31,.,No value available
2015-06-01,30.00000,
2015-06-02,29.97579,
2015-06-03,17.95561,
2015-06-04,7.75171,
2015-06-05,28.54129,
2015-06-06,.,No value available
2015-06-07,.,No value available
2015-06-08,30.00000,
2015-06-09,8.07790,
2015-06-10,12.33668,
2015-06-11,17.20902,
2015-06-12,19.08854,
2015-06-13,.,No value available
2015-06-14,.,No value available
2015-06-15,30.00000,
2015-06-16,30.00000,
2015-06-17,30.00000,
2015-06-18,30.00000,
2015-06-19,30.00000,
2015-06-20,.,No value available
2015-06-21,.,No value available
2015-06-22,-11.77018,
2015-06-23,-28.09781,
2015-06-24,-27.86233,
2015-06-25,-28.08044,
2015-06-26,-27.69300,
2015-06-27,.,No value available
2015-06-28,.,No value available
2015-06-29,-27.81512,
2015-06-30,-26.78858,
2015-07-01,-7.32802,
2015-07-02,-14.35990,
2015-07-03,-16.05998,
2015-07-04,.,No value available
2015-07-05,.,No value available
2015-07-06,-27.63802,
2015-07-07,-26.03626,
2015-07-08,-26.31806,
2015-07-09,-28.76432,
2015-07-10,-28.85484,
2015-07-11,.,No value available
2015-07-12,.,No value available
2015-07-13,-28.20407,
2015-07-14,-28.04460,
2015-07-15,-28.33676,
2015-07-16,-27.92898,
2015-07-17,-28.22846,
2015-07-18,.,No value available
2015-07-19,.,No value available
2015-07-20,-28.20873,
2015-07-21,-28.70562,
2015-07-22,-8.79703,
2015-07-23,-28.74588,
2015-07-24,-27.51456,
2015-07-25,.,No value available
2015-07-26,.,No value available
2015-07-27,-28.43167,
2015-07-28,-9.32427,
2015-07-29,-10.99206,
2015-07-30,-27.07836,
2015-07-31,-7.58198,
2015-08-01,.,No value available
2015-08-02,.,No value available
2015-08-03,-13.46771,
2015-08-04,-15.48953,
2015-08-05,-19.81433,
2015-08-06,-17.51573,
2015-08-07,-18.23425,
2015-08-08,.,No value available
2015-08-09,.,No value available
2015-08-10,-24.68166,
2015-08-11,-28.55281,
2015-08-12,-7.12321,
2015-08-13,-15.08858,
2015-08-14,-15.08858,
2015-08-15,.,No value available
2015-08-16,.,No value available
2015-08-17,-18.46410,
2015-08-18,30.00000,
2015-08-19,29.97332,
2015-08-20,30.00000,
2015-08-21,30.00000,
2015-08-22,.,No value available
2015-08-23,.,No value available
2015-08-24,30.00000,
2015-08-25,7.69621,
2015-08-26,13.40541,
2015-08-27,12.61086,
2015-08-28,12.85983,
2015-08-29,.,No value available
2015-08-30,.,No value available
2015-08-31,12.85983,
2015-09-01,22.63853,
2015-09-02,30.00000,
2015-09-03,30.00000,
2015-09-04,30.00000,
2015-09-05,.,No value available
2015-09-06,.,No value available
2015-09-07,25.07554,
2015-09-08,30.00000,
2015-09-09,30.00000,
2015-09-10,28.44474,
2015-09-11,26.64702,
2015-09-12,.,No value available
2015-09-13,.,No value available
2015-09-14,30.00000,
2015-09-15,29.33832,
2015-09-16,30.00000,
2015-09-17,30.00000,
2015-09-18,30.00000,
2015-09-19,.,No value available
2015-09-20,.,No value available
2015-09-21,30.00000,
2015-09-22,30.00000,
2015-09-23,30.00000,
2015-09-24,30.00000,
2015-09-25,30.00000,
2015-09-26,.,No value available
2015-09-27,.,No value available
2015-09-28,30.00000,
2015-09-29,30.00000,
2015-09-30,30.00000,
2015-10-01,30.00000,
2015-10-02,30.00000,
2015-10-03,.,No value available
2015-10-04,.,No value available
2015-10-05,30.00000,
2015-10-06,29.89032,
2015-10-07,30.00000,
2015-10-08,30.00000,
2015-10-09,29.31715,
2015-10-10,.,No value available
2015-10-11,.,No value available
2015-10-12,29.31715,
2015-10-13,30.00000,
2015-10-14,30.00000,
2015-10-15,30.00000,
2015-10-16,30.00000,
2015-10-17,.,No value available
2015-10-18,.,No value available
2015-10-19,30.00000,
2015-10-20,29.97788,
2015-10-21,30.00000,
2015-10-22,30.00000,
2015-10-23,30.00000,
2015-10-24,.,No value available
2015-10-25,.,No value available
2015-10-26,30.00000,
2015-10-27,30.00000,
2015-10-28,30.00000,
2015-10-29,30.00000,
2015-10-30,9.84537,
2015-10-31,.,No value available
2015-11-01,.,No value available
2015-11-02,25.67390,
2015-11-03,30.00000,
2015-11-04,29.65134,
2015-11-05,30.00000,
2015-11-06,28.41870,
2015-11-07,.,No value available
2015-11-08,.,No value available
2015-11-09,23.85006,
2015-11-10,10.75357,
2015-11-11,29.02177,
2015-11-12,10.74990,
2015-11-13,14.58162,
2015-11-14,.,No value available
2015-11-15,.,No value available
2015-11-16,14.58162,
2015-11-17,21.01066,
2015-11-18,22.69976,
2015-11-19,20.09213,
2015-11-20,18.03054,
2015-11-21,.,No value available
2015-11-22,.,No value available
2015-11-23,10.42984,
2015-11-24,13.98040,
2015-11-25,14.36325,
2015-11-26,16.55512,
2015-11-27,20.51699,
2015-11-28,.,No value available
2015-11-29,.,No value available
2015-11-30,30.00000,
2015-12-01,28.53841,
2015-12-02,30.00000,
2015-12-03,29.99990,
2015-12-04,29.99420,
2015-12-05,.,No value available
2015-12-06,.,No value available
2015-12-07,30.00000,
2015-12-08,30.00000,
2015-12-09,30.00000,
2015-12-10,30.00000,
2015-12-11,30.00000,
2015-12-12,.,No value available
2015-12-13,.,No value available
2015-12-14,30.00000,
2015-12-15,30.00000,
2015-12-16,30.00000,
2015-12-17,30.00000,
2015-12-18,30.00000,
2015-12-19,.,No value available
2015-12-20,.,No value available
2015-12-21,28.22408,
2015-12-22,29.99999,
2015-12-23,30.00000,
2015-12-24,.,No value available
2015-12-25,.,No value available
2015-12-26,.,No value available
2015-12-27,.,No value available
2015-12-28,29.99999,
2015-12-29,29.99971,
2015-12-30,29.98993,
2015-12-31,.,No value available
2016-01-01,.,No value available
2016-01-02,.,No value available
2016-01-03,.,No value available
2016-01-04,28.75637,
2016-01-05,29.99994,
2016-01-06,30.00000,
2016-01-07,29.99999,
2016-01-08,30.00000,
2016-01-09,.,No value available
2016-01-10,.,No value available
2016-01-11,30.00000,
2016-01-12,18.39212,
2016-01-13,30.00000,
2016-01-14,14.00041,
2016-01-15,16.01571,
2016-01-16,.,No value available
2016-01-17,.,No value available
2016-01-18,16.57334,
2016-01-19,24.03306,
2016-01-20,30.00000,
2016-01-21,30.00000,
2016-01-22,30.00000,
2016-01-23,.,No value available
2016-01-24,.,No value available
2016-01-25,28.30518,
2016-01-26,24.83006,
2016-01-27,30.00000,
2016-01-28,-27.36445,
2016-01-29,-27.65478,
2016-01-30,.,No value available
2016-01-31,.,No value available
2016-02-01,-27.57798,
2016-02-02,-27.71058,
2016-02-03,-22.52335,
2016-02-04,-22.52335,
2016-02-05,-22.52335,
2016-02-06,.,No value available
2016-02-07,.,No value available
2016-02-08,-28.00888,
2016-02-09,-9.30897,
2016-02-10,13.92963,
2016-02-11,15.78847,
2016-02-12,30.00000,
2016-02-13,.,No value available
2016-02-14,.,No value available
2016-02-15,28.89154,
2016-02-16,30.00000,
2016-02-17,30.00000,
2016-02-18,30.00000,
2016-02-19,30.00000,
2016-02-20,.,No value available
2016-02-21,.,No value available
2016-02-22,30.00000,
2016-02-23,30.00000,
2016-02-24,30.00000,
2016-02-25,30.00000,
2016-02-26,30.00000,
2016-02-27,.,No value available
2016-02-28,.,No value available
2016-02-29,21.01928,
2016-03-01,30.00000,
2016-03-02,30.00000,
2016-03-03,30.00000,
2016-03-04,30.00000,
2016-03-05,.,No value available
2016-03-06,.,No value available
2016-03-07,29.99990,
2016-03-08,-28.10967,
2016-03-09,-27.94827,
2016-03-10,-27.95130,
2016-03-11,-27.55615,
2016-03-12,.,No value available
2016-03-13,.,No value available
2016-03-14,-27.67590,
2016-03-15,-27.66967,
2016-03-16,-27.53388,
2016-03-17,-27.63732,
2016-03-18,-27.88910,
2016-03-19,.,No value available
2016-03-20,.,No value available
2016-03-21,-27.97037,
2016-03-22,-27.89103,
2016-03-23,-27.79413,
2016-03-24,-28.07891,
2016-03-25,.,No value available
2016-03-26,.,No value available
2016-03-27,.,No value available
2016-03-28,.,No value available
2016-03-29,-28.14091,
2016-03-30,-28.15418,
2016-03-31,-28.10668,
2016-04-01,-28.13099,
2016-04-02,.,No value available
2016-04-03,.,No value available
2016-04-04,-4.30670,
2016-04-05,-4.31517,
2016-04-06,13.01148,
2016-04-07,26.87098,
2016-04-08,26.82449,
2016-04-09,.,No value available
2016-04-10,.,No value available
2016-04-11,26.64073,
2016-04-12,9.44103,
2016-04-13,8.97486,
2016-04-14,22.08089,
2016-04-15,24.29063,
2016-04-16,.,No value available
2016-04-17,.,No value available
2016-04-18,26.70128,
2016-04-19,26.03535,
2016-04-20,26.60133,
2016-04-21,26.59756,
2016-04-22,26.47434,
2016-04-23,.,No value available
2016-04-24,.,No value available
2016-04-25,26.35382,
2016-04-26,26.36224,
2016-04-27,26.36148,
2016-04-28,19.13797,
2016-04-29,26.38437,
2016-04-30,.,No value available
2016-05-01,.,No value available
2016-05-02,26.49489,
2016-05-03,26.48374,
2016-05-04,26.58385,
2016-05-05,14.86180,
2016-05-06,3.97077,
2016-05-07,.,No value available
2016-05-08,.,No value available
2016-05-09,3.97077,
2016-05-10,12.05553,
2016-05-11,12.61961,
2016-05-12,15.47793,
2016-05-13,6.21137,
2016-05-14,.,No value available
2016-05-15,.,No value available
2016-05-16,.,No value available
2016-05-17,10.44174,
2016-05-18,26.58102,
2016-05-19,12.91792,
2016-05-20,11.97606,
2016-05-21,.,No value available
2016-05-22,.,No value available
2016-05-23,3.18893,
2016-05-24,6.44476,
2016-05-25,6.44476,
2016-05-26,19.83426,
2016-05-27,18.64261,
2016-05-28,.,No value available
2016-05-29,.,No value available
2016-05-30,24.20078,
2016-05-31,24.20078,
2016-06-01,24.99977,
2016-06-02,26.65406,
2016-06-03,5.84327,
2016-06-04,.,No value available
2016-06-05,.,No value available
2016-06-06,6.51803,
2016-06-07,6.51803,
2016-06-08,3.84436,
2016-06-09,1.53105,
2016-06-10,2.17286,
2016-06-11,.,No value available
2016-06-12,.,No value available
2016-06-13,1.66111,
2016-06-14,1.40480,
2016-06-15,1.64467,
2016-06-16,4.98216,
2016-06-17,10.21639,
2016-06-18,.,No value available
2016-06-19,.,No value available
2016-06-20,1.49912,
2016-06-21,4.07171,
2016-06-22,16.77661,
2016-06-23,26.80951,
2016-06-24,27.24686,
2016-06-25,.,No value available
2016-06-26,.,No value available
2016-06-27,27.44837,
2016-06-28,7.42233,
2016-06-29,16.58006,
2016-06-30,27.20025,
2016-07-01,25.95327,
2016-07-02,.,No value available
2016-07-03,.,No value available
2016-07-04,5.59026,
2016-07-05,18.31619,
2016-07-06,7.00461,
2016-07-07,8.51625,
2016-07-08,8.50542,
2016-07-09,.,No value available
2016-07-10,.,No value available
2016-07-11,3.60697,
2016-07-12,7.52141,
2016-07-13,17.60940,
2016-07-14,27.20782,
2016-07-15,27.12140,
2016-07-16,.,No value available
2016-07-17,.,No value available
2016-07-18,16.75091,
2016-07-19,26.40831,
2016-07-20,26.64706,
2016-07-21,26.93529,
2016-07-22,27.16496,
2016-07-23,.,No value available
2016-07-24,.,No value available
2016-07-25,27.23663,
2016-07-26,27.35416,
2016-07-27,21.75722,
2016-07-28,7.14164,
2016-07-29,-0.00445,
2016-07-30,.,No value available
2016-07-31,.,No value available
2016-08-01,0.03395,
2016-08-02,0.01078,
2016-08-03,0.02400,
2016-08-04,-4.24011,
2016-08-05,-5.14678,
2016-08-06,.,No value available
2016-08-07,.,No value available
2016-08-08,-9.67198,
2016-08-09,-13.62806,
2016-08-10,-19.62575,
2016-08-11,-8.92574,
2016-08-12,-12.58701,
2016-08-13,.,No value available
2016-08-14,.,No value available
2016-08-15,-15.19479,
2016-08-16,-13.42555,
2016-08-17,-30.00000,
2016-08-18,-14.85280,
2016-08-19,-28.47345,
2016-08-20,.,No value available
2016-08-21,.,No value available
2016-08-22,-8.31699,
2016-08-23,-11.44056,
2016-08-24,-12.23329,
2016-08-25,-16.39010,
2016-08-26,-29.63927,
2016-08-27,.,No value available
2016-08-28,.,No value available
2016-08-29,-29.77005,
2016-08-30,-30.00000,
2016-08-31,-21.10021,
2016-09-01,-24.11425,
2016-09-02,-26.96684,
2016-09-03,.,No value available
2016-09-04,.,No value available
2016-09-05,-30.00000,
2016-09-06,-7.77747,
2016-09-07,-10.62896,
2016-09-08,-12.40410,
2016-09-09,-9.86011,
2016-09-10,.,No value available
2016-09-11,.,No value available
2016-09-12,-27.31215,
2016-09-13,-10.90482,
2016-09-14,-29.49226,
2016-09-15,-30.00000,
2016-09-16,-7.89670,
2016-09-17,.,No value available
2016-09-18,.,No value available
2016-09-19,-14.35066,
2016-09-20,-16.36637,
2016-09-21,-18.29596,
2016-09-22,-25.68613,
2016-09-23,-6.50175,
2016-09-24,.,No value available
2016-09-25,.,No value available
2016-09-26,-7.13601,
2016-09-27,-17.37724,
2016-09-28,-15.94358,
2016-09-29,-16.01903,
2016-09-30,-29.35170,
2016-10-01,.,No value available
2016-10-02,.,No value available
2016-10-03,.,No value available
2016-10-04,-29.99703,
2016-10-05,-5.85843,
2016-10-06,-4.17275,
2016-10-07,-3.72132,
2016-10-08,.,No value available
2016-10-09,.,No value available
2016-10-10,-3.68824,
2016-10-11,-3.78770,
2016-10-12,-3.52011,
2016-10-13,-3.94894,
2016-10-14,-5.00824,
2016-10-15,.,No value available
2016-10-16,.,No value available
2016-10-17,-7.05932,
2016-10-18,-15.17392,
2016-10-19,-10.80930,
2016-10-20,-14.04169,
2016-10-21,-18.65838,
2016-10-22,.,No value available
2016-10-23,.,No value available
2016-10-24,0.04541,
2016-10-25,0.03355,
2016-10-26,0.12928,
2016-10-27,0.00139,
2016-10-28,-0.05289,
2016-10-29,.,No value available
2016-10-30,.,No value available
2016-10-31,-0.14068,
2016-11-01,-0.24370,
2016-11-02,-0.54717,
2016-11-03,-0.91146,
2016-11-04,-0.78056,
2016-11-05,.,No value available
2016-11-06,.,No value available
2016-11-07,-0.90838,
2016-11-08,-1.10073,
2016-11-09,-1.06346,
2016-11-10,26.54436,
2016-11-11,24.72092,
2016-11-12,.,No value available
2016-11-13,.,No value available
2016-11-14,11.44640,
2016-11-15,16.77254,
2016-11-16,25.29902,
2016-11-17,25.91726,
2016-11-18,26.63195,
2016-11-19,.,No value available
2016-11-20,.,No value available
2016-11-21,26.51379,
2016-11-22,26.53269,
2016-11-23,11.44563,
2016-11-24,19.28691,
2016-11-25,16.20952,
2016-11-26,.,No value available
2016-11-27,.,No value available
2016-11-28,13.81785,
2016-11-29,15.56663,
2016-11-30,26.25197,
2016-12-01,12.11002,
2016-12-02,-17.57238,
2016-12-03,.,No value available
2016-12-04,.,No value available
2016-12-05,-19.94642,
2016-12-06,-30.00000,
2016-12-07,-30.00000,
2016-12-08,-29.91438,
2016-12-09,-24.88461,
2016-12-10,.,No value available
2016-12-11,.,No value available
2016-12-12,-29.96896,
2016-12-13,-29.95363,
2016-12-14,-30.00000,
2016-12-15,-30.00000,
2016-12-16,-30.00000,
2016-12-17,.,No value available
2016-12-18,.,No value available
2016-12-19,-30.00000,
2016-12-20,-29.96385,
2016-12-21,-29.39870,
2016-12-22,-30.00000,
2016-12-23,-30.00000,
2016-12-24,.,No value available
2016-12-25,.,No value available
2016-12-26,.,No value available
2016-12-27,-29.98951,
2016-12-28,-29.99773,
2016-12-29,-30.00000,
2016-12-30,-21.05146,
2016-12-31,.,No value available
2017-01-01,.,No value available
2017-01-02,-21.51009,
2017-01-03,-25.91408,
2017-01-04,-19.19742,
2017-01-05,-16.52476,
2017-01-06,-7.41899,
2017-01-07,.,No value available
2017-01-08,.,No value available
2017-01-09,-19.74263,
2017-01-10,-7.44475,
2017-01-11,-10.63424,
2017-01-12,-10.08509,
2017-01-13,-19.97569,
2017-01-14,.,No value available
2017-01-15,.,No value available
2017-01-16,-20.61041,
2017-01-17,-25.77040,
2017-01-18,-30.00000,
2017-01-19,-30.00000,
2017-01-20,-13.36355,
2017-01-21,.,No value available
2017-01-22,.,No value available
2017-01-23,-30.00000,
2017-01-24,-29.97703,
2017-01-25,-29.95443,
2017-01-26,25.47151,
2017-01-27,25.56048,
2017-01-28,.,No value available
2017-01-29,.,No value available
2017-01-30,25.38792,
2017-01-31,25.60004,
2017-02-01,10.88695,
2017-02-02,25.46917,
2017-02-03,25.47653,
2017-02-04,.,No value available
2017-02-05,.,No value available
2017-02-06,14.87589,
2017-02-07,25.39064,
2017-02-08,14.54557,
2017-02-09,29.01431,
2017-02-10,29.20400,
2017-02-11,.,No value available
2017-02-12,.,No value available
2017-02-13,28.96825,
2017-02-14,29.01241,
2017-02-15,13.37058,
2017-02-16,16.77630,
2017-02-17,17.64843,
2017-02-18,.,No value available
2017-02-19,.,No value available
2017-02-20,-0.19860,
2017-02-21,-1.57749,
2017-02-22,14.90447,
2017-02-23,20.31411,
2017-02-24,25.31935,
2017-02-25,.,No value available
2017-02-26,.,No value available
2017-02-27,25.49558,
2017-02-28,16.24321,
2017-03-01,25.54485,
2017-03-02,25.52438,
2017-03-03,25.53586,
2017-03-04,.,No value available
2017-03-05,.,No value available
2017-03-06,13.74939,
2017-03-07,14.92334,
2017-03-08,16.20248,
2017-03-09,15.67260,
2017-03-10,8.84965,
2017-03-11,.,No value available
2017-03-12,.,No value available
2017-03-13,25.81680,
2017-03-14,25.86719,
2017-03-15,17.53474,
2017-03-16,16.35320,
2017-03-17,11.59819,
2017-03-18,.,No value available
2017-03-19,.,No value available
2017-03-20,11.68577,
2017-03-21,3.71505,
2017-03-22,8.76957,
2017-03-23,10.22979,
2017-03-24,18.26072,
2017-03-25,.,No value available
2017-03-26,.,No value available
2017-03-27,15.55095,
2017-03-28,12.31989,
2017-03-29,26.10349,
2017-03-30,20.36709,
2017-03-31,18.12741,
2017-04-01,.,No value available
2017-04-02,.,No value available
2017-04-03,25.68814,
2017-04-04,9.42560,
2017-04-05,-1.21314,
2017-04-06,-1.65762,
2017-04-07,-1.78470,
2017-04-08,.,No value available
2017-04-09,.,No value available
2017-04-10,-1.59541,
2017-04-11,-1.36397,
2017-04-12,-1.44540,
2017-04-13,-1.50504,
2017-04-14,.,No value available
2017-04-15,.,No value available
2017-04-16,.,No value available
2017-04-17,.,No value available
2017-04-18,-1.42620,
2017-04-19,-1.37080,
2017-04-20,-1.55475,
2017-04-21,-1.24518,
2017-04-22,.,No value available
2017-04-23,.,No value available
2017-04-24,-1.05454,
2017-04-25,-1.35384,
2017-04-26,-1.36741,
2017-04-27,-1.36346,
2017-04-28,-1.33117,
2017-04-29,.,No value available
2017-04-30,.,No value available
2017-05-01,.,No value available
2017-05-02,-1.12839,
2017-05-03,-0.89007,
2017-05-04,-0.91053,
2017-05-05,-1.03478,
2017-05-06,.,No value available
2017-05-07,.,No value available
2017-05-08,-1.33150,
2017-05-09,-1.32164,
2017-05-10,-1.39820,
2017-05-11,-1.59710,
2017-05-12,-1.40655,
2017-05-13,.,No value available
2017-05-14,.,No value available
2017-05-15,-1.46240,
2017-05-16,-1.36349,
2017-05-17,-1.42199,
2017-05-18,-1.54771,
2017-05-19,-1.52627,
2017-05-20,.,No value available
2017-05-21,.,No value available
2017-05-22,-1.43507,
2017-05-23,-1.74598,
2017-05-24,-1.75708,
2017-05-25,-1.76705,
2017-05-26,-1.66600,
2017-05-27,.,No value available
2017-05-28,.,No value available
2017-05-29,-1.70479,
2017-05-30,-1.70906,
2017-05-31,-1.65132,
2017-06-01,-1.65763,
2017-06-02,-1.63393,
2017-06-03,.,No value available
2017-06-04,.,No value available
2017-06-05,.,No value available
2017-06-06,-1.65097,
2017-06-07,-1.47589,
2017-06-08,-1.37368,
2017-06-09,-1.30057,
2017-06-10,.,No value available
2017-06-11,.,No value available
2017-06-12,-1.26666,
2017-06-13,-1.19344,
2017-06-14,-14.21357,
2017-06-15,-29.99273,
2017-06-16,-11.06566,
2017-06-17,.,No value available
2017-06-18,.,No value available
2017-06-19,-24.85764,
2017-06-20,-15.19072,
2017-06-21,-18.87188,
2017-06-22,-29.98245,
2017-06-23,-26.55762,
2017-06-24,.,No value available
2017-06-25,.,No value available
2017-06-26,-26.23362,
2017-06-27,-27.75398,
2017-06-28,-27.38596,
2017-06-29,-29.31137,
2017-06-30,-27.24948,
2017-07-01,.,No value available
2017-07-02,.,No value available
2017-07-03,-29.99899,
2017-07-04,-20.23422,
2017-07-05,-28.02172,
2017-07-06,13.45327,
2017-07-07,21.87106,
2017-07-08,.,No value available
2017-07-09,.,No value available
2017-07-10,26.81183,
2017-07-11,13.05196,
2017-07-12,10.02709,
2017-07-13,5.97496,
2017-07-14,18.24561,
2017-07-15,.,No value available
2017-07-16,.,No value available
2017-07-17,14.50004,
2017-07-18,27.35190,
2017-07-19,11.41128,
2017-07-20,11.41128,
2017-07-21,14.40673,
2017-07-22,.,No value available
2017-07-23,.,No value available
2017-07-24,3.48364,
2017-07-25,4.00074,
2017-07-26,6.83171,
2017-07-27,7.02676,
2017-07-28,6.42496,
2017-07-29,.,No value available
2017-07-30,.,No value available
2017-07-31,4.41393,
2017-08-01,4.45561,
2017-08-02,16.85517,
2017-08-03,20.15973,
2017-08-04,28.18340,
2017-08-05,.,No value available
2017-08-06,.,No value available
2017-08-07,28.35511,
2017-08-08,-3.97352,
2017-08-09,-4.02363,
2017-08-10,-4.02363,
2017-08-11,-3.87468,
2017-08-12,.,No value available
2017-08-13,.,No value available
2017-08-14,-4.04413,
2017-08-15,-4.04413,
2017-08-16,0.13395,
2017-08-17,0.00837,
2017-08-18,0.01674,
2017-08-19,.,No value available
2017-08-20,.,No value available
2017-08-21,0.01674,
2017-08-22,0.01674,
2017-08-23,0.03005,
2017-08-24,0.06010,
2017-08-25,0.06049,
2017-08-26,.,No value available
2017-08-27,.,No value available
2017-08-28,0.12098,
2017-08-29,0.24196,
2017-08-30,0.01512,
2017-08-31,0.03024,
2017-09-01,0.03024,
2017-09-02,.,No value available
2017-09-03,.,No value available
2017-09-04,0.06048,
2017-09-05,0.12096,
2017-09-06,0.00756,
2017-09-07,-5.20573,
2017-09-08,-9.97449,
2017-09-09,.,No value available
2017-09-10,.,No value available
2017-09-11,-24.01915,
2017-09-12,-29.99318,
2017-09-13,-29.24980,
2017-09-14,-29.97339,
2017-09-15,-29.99451,
2017-09-16,.,No value available
2017-09-17,.,No value available
2017-09-18,-3.55823,
2017-09-19,-3.66538,
2017-09-20,-4.09940,
2017-09-21,-3.60669,
2017-09-22,-3.47662,
2017-09-23,.,No value available
2017-09-24,.,No value available
2017-09-25,-3.79093,
2017-09-26,-3.54926,
2017-09-27,-4.03299,
2017-09-28,-4.02322,
2017-09-29,-4.06436,
2017-09-30,.,No value available
2017-10-01,.,No value available
2017-10-02,-4.10916,
2017-10-03,.,No value available
2017-10-04,-4.10517,
2017-10-05,-9.16874,
2017-10-06,-7.00999,
2017-10-07,.,No value available
2017-10-08,.,No value available
2017-10-09,-19.81717,
2017-10-10,-22.31010,
2017-10-11,5.09562,
2017-10-12,8.60736,
2017-10-13,4.39425,
2017-10-14,.,No value available
2017-10-15,.,No value available
2017-10-16,16.79874,
2017-10-17,15.85120,
2017-10-18,16.50701,
2017-10-19,13.01557,
2017-10-20,8.95501,
2017-10-21,.,No value available
2017-10-22,.,No value available
2017-10-23,7.87548,
2017-10-24,6.03091,
2017-10-25,16.04834,
2017-10-26,6.12815,
2017-10-27,5.90244,
2017-10-28,.,No value available
2017-10-29,.,No value available
2017-10-30,11.26804,
2017-10-31,.,No value available
2017-11-01,11.26215,
2017-11-02,17.17683,
2017-11-03,28.29166,
2017-11-04,.,No value available
2017-11-05,.,No value available
2017-11-06,28.31272,
2017-11-07,28.23731,
2017-11-08,27.57714,
2017-11-09,26.20845,
2017-11-10,-19.46423,
2017-11-11,.,No value available
2017-11-12,.,No value available
2017-11-13,-27.77679,
2017-11-14,-30.00000,
2017-11-15,-29.99656,
2017-11-16,-27.14503,
2017-11-17,-29.99876,
2017-11-18,.,No value available
2017-11-19,.,No value available
2017-11-20,-29.99948,
2017-11-21,-30.00000,
2017-11-22,-29.76279,
2017-11-23,-29.06564,
2017-11-24,-29.99871,
2017-11-25,.,No value available
2017-11-26,.,No value available
2017-11-27,-29.91639,
2017-11-28,-9.92573,
2017-11-29,-5.60215,
2017-11-30,-6.08562,
2017-12-01,-21.61236,
2017-12-02,.,No value available
2017-12-03,.,No value available
2017-12-04,-19.56502,
2017-12-05,-7.13754,
2017-12-06,-3.23060,
2017-12-07,-3.33940,
2017-12-08,-3.35325,
2017-12-09,.,No value available
2017-12-10,.,No value available
2017-12-11,-2.98295,
2017-12-12,-2.75423,
2017-12-13,-2.70060,
2017-12-14,-2.70260,
2017-12-15,-2.82162,
2017-12-16,.,No value available
2017-12-17,.,No value available
2017-12-18,-2.45190,
2017-12-19,-2.42914,
2017-12-20,-2.08272,
2017-12-21,-2.39414,
2017-12-22,-2.17909,
2017-12-23,.,No value available
2017-12-24,.,No value available
2017-12-25,.,No value available
2017-12-26,.,No value available
2017-12-27,-2.14442,
2017-12-28,-2.03389,
2017-12-29,-2.17475,
2017-12-30,.,No value available
2017-12-31,.,No value available
2018-01-01,.,No value available
2018-01-02,-2.48046,
2018-01-03,-2.78822,
2018-01-04,-2.74919,
2018-01-05,-2.87274,
2018-01-06,.,No value available
2018-01-07,.,No value available
2018-01-08,-2.85267,
2018-01-09,-2.95357,
2018-01-10,-3.20428,
2018-01-11,-3.18510,
2018-01-12,-2.89922,
2018-01-13,.,No value available
2018-01-14,.,No value available
2018-01-15,-2.94066,
2018-01-16,2.16162,
2018-01-17,-1.49252,
2018-01-18,-1.41081,
2018-01-19,-1.61395,
2018-01-20,.,No value available
2018-01-21,.,No value available
2018-01-22,-1.75297,
2018-01-23,-1.74645,
2018-01-24,-1.73167,
2018-01-25,-1.58354,
2018-01-26,-1.68400,
2018-01-27,.,No value available
2018-01-28,.,No value available
2018-01-29,-1.41913,
2018-01-30,-1.19061,
2018-01-31,-1.34203,
2018-02-01,-1.17570,
2018-02-02,-1.51148,
2018-02-03,.,No value available
2018-02-04,.,No value available
2018-02-05,-1.45011,
2018-02-06,-1.41367,
2018-02-07,-1.28801,
2018-02-08,-1.11515,
2018-02-09,-1.11383,
2018-02-10,.,No value available
2018-02-11,.,No value available
2018-02-12,-2.72741,
2018-02-13,-2.58407,
2018-02-14,-2.38032,
2018-02-15,-2.50829,
2018-02-16,-2.48755,
2018-02-17,.,No value available
2018-02-18,.,No value available
2018-02-19,-2.33215,
2018-02-20,-2.33288,
2018-02-21,-2.14206,
2018-02-22,-2.40474,
2018-02-23,-2.18432,
2018-02-24,.,No value available
2018-02-25,.,No value available
2018-02-26,-2.24768,
2018-02-27,-2.22361,
2018-02-28,-2.22361,
2018-03-01,-2.11351,
2018-03-02,-2.09936,
2018-03-03,.,No value available
2018-03-04,.,No value available
2018-03-05,-2.02135,
2018-03-06,-3.17704,
2018-03-07,-2.88777,
2018-03-08,-1.35823,
2018-03-09,-1.15005,
2018-03-10,.,No value available
2018-03-11,.,No value available
2018-03-12,-2.61770,
2018-03-13,-1.54218,
2018-03-14,0.94871,
2018-03-15,3.51135,
2018-03-16,3.96514,
2018-03-17,.,No value available
2018-03-18,.,No value available
2018-03-19,3.96514,
2018-03-20,-0.26846,
2018-03-21,-3.00523,
2018-03-22,-2.96546,
2018-03-23,-2.87007,
2018-03-24,.,No value available
2018-03-25,.,No value available
2018-03-26,-2.85872,
2018-03-27,-2.69547,
2018-03-28,-2.62408,
2018-03-29,-2.88699,
2018-03-30,.,No value available
2018-03-31,.,No value available
2018-04-01,.,No value available
2018-04-02,.,No value available
2018-04-03,-0.85501,
2018-04-04,-2.91564,
2018-04-05,-2.90966,
2018-04-06,0.57646,
2018-04-07,.,No value available
2018-04-08,.,No value available
2018-04-09,-0.39604,
2018-04-10,1.09511,
2018-04-11,0.07894,
2018-04-12,-2.64477,
2018-04-13,-2.76823,
2018-04-14,.,No value available
2018-04-15,.,No value available
2018-04-16,-2.78374,
2018-04-17,-2.81764,
2018-04-18,-2.74052,
2018-04-19,-2.50980,
2018-04-20,-2.71931,
2018-04-21,.,No value available
2018-04-22,.,No value available
2018-04-23,-2.85313,
2018-04-24,-2.24373,
2018-04-25,-2.90818,
2018-04-26,-2.90435,
2018-04-27,-2.86418,
2018-04-28,.,No value available
2018-04-29,.,No value available
2018-04-30,-2.86418,
2018-05-01,.,No value available
2018-05-02,-2.99234,
2018-05-03,-3.02338,
2018-05-04,-3.03378,
2018-05-05,.,No value available
2018-05-06,.,No value available
2018-05-07,-3.03378,
2018-05-08,-3.09438,
2018-05-09,-3.06056,
2018-05-10,-3.07018,
2018-05-11,-1.75451,
2018-05-12,.,No value available
2018-05-13,.,No value available
2018-05-14,-2.82507,
2018-05-15,-3.11945,
2018-05-16,-1.89038,
2018-05-17,-2.57378,
2018-05-18,-2.13408,
2018-05-19,.,No value available
2018-05-20,.,No value available
2018-05-21,.,No value available
2018-05-22,-2.82780,
2018-05-23,-1.88236,
2018-05-24,-3.05931,
2018-05-25,-0.94474,
2018-05-26,.,No value available
2018-05-27,.,No value available
2018-05-28,-3.57107,
2018-05-29,-2.59428,
2018-05-30,-4.12599,
2018-05-31,-0.43020,
2018-06-01,-0.18055,
2018-06-02,.,No value available
2018-06-03,.,No value available
2018-06-04,-0.32934,
2018-06-05,-1.42069,
2018-06-06,-1.12961,
2018-06-07,-1.08328,
2018-06-08,-0.83267,
2018-06-09,.,No value available
2018-06-10,.,No value available
2018-06-11,-0.85382,
2018-06-12,-0.87090,
2018-06-13,-0.92614,
2018-06-14,-0.82382,
2018-06-15,-1.23331,
2018-06-16,.,No value available
2018-06-17,.,No value available
2018-06-18,-1.12751,
2018-06-19,-0.88366,
2018-06-20,-0.98762,
2018-06-21,-1.09009,
2018-06-22,-0.69553,
2018-06-23,.,No value available
2018-06-24,.,No value available
2018-06-25,0.01364,
2018-06-26,0.00010,
2018-06-27,-2.61622,
2018-06-28,-3.15840,
2018-06-29,-3.05367,
2018-06-30,.,No value available
2018-07-01,.,No value available
2018-07-02,-3.15686,
2018-07-03,-1.98916,
2018-07-04,-2.99711,
2018-07-05,-2.99327,
2018-07-06,-3.03240,
2018-07-07,.,No value available
2018-07-08,.,No value available
2018-07-09,-3.04075,
2018-07-10,0.69337,
2018-07-11,-1.82785,
2018-07-12,-1.98541,
2018-07-13,-2.02195,
2018-07-14,.,No value available
2018-07-15,.,No value available
2018-07-16,-1.91580,
2018-07-17,-1.83089,
2018-07-18,-1.70625,
2018-07-19,-1.70536,
2018-07-20,-1.45781,
2018-07-21,.,No value available
2018-07-22,.,No value available
2018-07-23,-3.27008,
2018-07-24,-3.58707,
2018-07-25,-7.43590,
2018-07-26,-7.95443,
2018-07-27,-7.47007,
2018-07-28,.,No value available
2018-07-29,.,No value available
2018-07-30,-11.78300,
2018-07-31,-14.27100,
2018-08-01,-5.87414,
2018-08-02,-5.55715,
2018-08-03,-2.84468,
2018-08-04,.,No value available
2018-08-05,.,No value available
2018-08-06,-2.88772,
2018-08-07,-2.99401,
2018-08-08,-3.10800,
2018-08-09,-3.21977,
2018-08-10,1.88495,
2018-08-11,.,No value available
2018-08-12,.,No value available
2018-08-13,-1.04597,
2018-08-14,-3.36452,
2018-08-15,-3.47719,
2018-08-16,-3.45165,
2018-08-17,-3.47161,
2018-08-18,.,No value available
2018-08-19,.,No value available
2018-08-20,-3.61325,
2018-08-21,-3.42584,
2018-08-22,-3.51996,
2018-08-23,-3.32200,
2018-08-24,-3.19391,
2018-08-25,.,No value available
2018-08-26,.,No value available
2018-08-27,-3.20890,
2018-08-28,-3.16828,
2018-08-29,-3.10764,
2018-08-30,-3.14472,
2018-08-31,-3.15594,
2018-09-01,.,No value available
2018-09-02,.,No value available
2018-09-03,-3.09073,
2018-09-04,-3.12177,
2018-09-05,-3.06307,
2018-09-06,-3.17365,
2018-09-07,-3.08626,
2018-09-08,.,No value available
2018-09-09,.,No value available
2018-09-10,-3.05375,
2018-09-11,-2.97209,
2018-09-12,-2.97209,
2018-09-13,-2.94638,
2018-09-14,-2.88152,
2018-09-15,.,No value available
2018-09-16,.,No value available
2018-09-17,-2.84806,
2018-09-18,-2.84806,
2018-09-19,-2.72627,
2018-09-20,-2.56986,
2018-09-21,-2.49186,
2018-09-22,.,No value available
2018-09-23,.,No value available
2018-09-24,-2.52193,
2018-09-25,-2.15581,
2018-09-26,-1.93061,
2018-09-27,-1.85045,
2018-09-28,-2.13096,
2018-09-29,.,No value available
2018-09-30,.,No value available
2018-10-01,-2.02694,
2018-10-02,-1.89969,
2018-10-03,.,No value available
2018-10-04,-2.44982,
2018-10-05,-2.21482,
2018-10-06,.,No value available
2018-10-07,.,No value available
2018-10-08,-2.29949,
2018-10-09,-2.20973,
2018-10-10,-2.18230,
2018-10-11,-2.18267,
2018-10-12,-2.23919,
2018-10-13,.,No value available
2018-10-14,.,No value available
2018-10-15,-2.08706,
2018-10-16,-2.30773,
2018-10-17,-2.18573,
2018-10-18,-2.18573,
2018-10-19,-2.11156,
2018-10-20,.,No value available
2018-10-21,.,No value available
2018-10-22,-1.82263,
2018-10-23,-1.84871,
2018-10-24,-1.63516,
2018-10-25,-1.63516,
2018-10-26,-1.80022,
2018-10-27,.,No value available
2018-10-28,.,No value available
2018-10-29,-1.92764,
2018-10-30,-1.85746,
2018-10-31,-1.85746,
2018-11-01,-1.88113,
2018-11-02,-1.85000,
2018-11-03,.,No value available
2018-11-04,.,No value available
2018-11-05,-2.05374,
2018-11-06,-2.16322,
2018-11-07,-2.11779,
2018-11-08,-2.22127,
2018-11-09,-2.26640,
2018-11-10,.,No value available
2018-11-11,.,No value available
2018-11-12,-2.22236,
2018-11-13,-2.22236,
2018-11-14,-2.19186,
2018-11-15,-2.24380,
2018-11-16,-2.37581,
2018-11-17,.,No value available
2018-11-18,.,No value available
2018-11-19,-2.33321,
2018-11-20,-2.26535,
2018-11-21,-2.34754,
2018-11-22,-2.31714,
2018-11-23,-2.31714,
2018-11-24,.,No value available
2018-11-25,.,No value available
2018-11-26,-2.31714,
2018-11-27,-2.31714,
2018-11-28,-2.41783,
2018-11-29,-2.41783,
2018-11-30,-2.54860,
2018-12-01,.,No value available
2018-12-02,.,No value available
2018-12-03,-2.54005,
2018-12-04,-2.44894,
2018-12-05,-2.59157,
2018-12-06,4.99726,
2018-12-07,-0.00567,
2018-12-08,.,No value available
2018-12-09,.,No value available
2018-12-10,-0.00035,
2018-12-11,-0.00070,
2018-12-12,-0.00004,
2018-12-13,-0.00008,
2018-12-14,-2.28324,
2018-12-15,.,No value available
2018-12-16,.,No value available
2018-12-17,-2.18360,
2018-12-18,-2.19014,
2018-12-19,-1.99991,
2018-12-20,-1.92081,
2018-12-21,-2.21330,
2018-12-22,.,No value available
2018-12-23,.,No value available
2018-12-24,.,No value available
2018-12-25,.,No value available
2018-12-26,.,No value available
2018-12-27,-2.20888,
2018-12-28,-2.43281,
2018-12-29,.,No value available
2018-12-30,.,No value available
2018-12-31,.,No value available
2019-01-01,.,No value available
2019-01-02,1.66342,
2019-01-03,1.67861,
2019-01-04,2.26236,
2019-01-05,.,No value available
2019-01-06,.,No value available
2019-01-07,3.16113,
2019-01-08,4.69857,
2019-01-09,3.81296,
2019-01-10,2.45105,
2019-01-11,-0.18409,
2019-01-12,.,No value available
2019-01-13,.,No value available
2019-01-14,-0.01151,
2019-01-15,-0.43755,
2019-01-16,-1.76582,
2019-01-17,0.19725,
2019-01-18,-2.88232,
2019-01-19,.,No value available
2019-01-20,.,No value available
2019-01-21,-2.84406,
2019-01-22,-1.01631,
2019-01-23,2.28344,
2019-01-24,2.26470,
2019-01-25,-0.90928,
2019-01-26,.,No value available
2019-01-27,.,No value available
2019-01-28,-2.60634,
2019-01-29,-2.65227,
2019-01-30,-2.61573,
2019-01-31,-2.47616,
2019-02-01,-2.59850,
2019-02-02,.,No value available
2019-02-03,.,No value available
2019-02-04,-1.75132,
2019-02-05,-0.57187,
2019-02-06,2.28973,
2019-02-07,2.78478,
2019-02-08,3.65371,
2019-02-09,.,No value available
2019-02-10,.,No value available
2019-02-11,1.17646,
2019-02-12,2.03322,
2019-02-13,2.03322,
2019-02-14,4.01916,
2019-02-15,4.01916,
2019-02-16,.,No value available
2019-02-17,.,No value available
2019-02-18,14.49571,
2019-02-19,25.73760,
2019-02-20,25.73760,
2019-02-21,29.96652,
2019-02-22,29.96652,
2019-02-23,.,No value available
2019-02-24,.,No value available
2019-02-25,10.54559,
2019-02-26,0.07680,
2019-02-27,0.15360,
2019-02-28,0.30720,
2019-03-01,0.01729,
2019-03-02,.,No value available
2019-03-03,.,No value available
2019-03-04,0.05825,
2019-03-05,0.11636,
2019-03-06,-0.18335,
2019-03-07,-2.26964,
2019-03-08,4.92846,
2019-03-09,.,No value available
2019-03-10,.,No value available
2019-03-11,4.88923,
2019-03-12,4.54243,
2019-03-13,4.75160,
2019-03-14,4.75160,
2019-03-15,4.48138,
2019-03-16,.,No value available
2019-03-17,.,No value available
2019-03-18,4.48138,
2019-03-19,4.48138,
2019-03-20,4.25145,
2019-03-21,4.47905,
2019-03-22,4.17301,
2019-03-23,.,No value available
2019-03-24,.,No value available
2019-03-25,4.17301,
2019-03-26,3.57275,
2019-03-27,3.31670,
2019-03-28,3.69381,
2019-03-29,-2.55887,
2019-03-30,.,No value available
2019-03-31,.,No value available
2019-04-01,1.62905,
2019-04-02,1.62905,
2019-04-03,2.37933,
2019-04-04,2.37933,
2019-04-05,2.05799,
2019-04-06,.,No value available
2019-04-07,.,No value available
2019-04-08,2.05799,
2019-04-09,2.05799,
2019-04-10,2.52177,
2019-04-11,2.72644,
2019-04-12,5.65833,
2019-04-13,.,No value available
2019-04-14,.,No value available
2019-04-15,6.78756,
2019-04-16,-0.66465,
2019-04-17,0.00129,
2019-04-18,0.00601,
2019-04-19,.,No value available
2019-04-20,.,No value available
2019-04-21,.,No value available
2019-04-22,.,No value available
2019-04-23,3.98108,
2019-04-24,11.86359,
2019-04-25,2.41358,
2019-04-26,0.08171,
2019-04-27,.,No value available
2019-04-28,.,No value available
2019-04-29,0.10353,
2019-04-30,-0.05044,
2019-05-01,.,No value available
2019-05-02,0.99928,
2019-05-03,0.11758,
2019-05-04,.,No value available
2019-05-05,.,No value available
2019-05-06,0.14901,
2019-05-07,-0.81780,
2019-05-08,-0.52219,
2019-05-09,-0.70383,
2019-05-10,-0.88729,
2019-05-11,.,No value available
2019-05-12,.,No value available
2019-05-13,-1.07960,
2019-05-14,-0.15211,
2019-05-15,-0.77299,
2019-05-16,-0.34720,
2019-05-17,-0.02170,
2019-05-18,.,No value available
2019-05-19,.,No value available
2019-05-20,-0.00136,
2019-05-21,-0.00136,
2019-05-22,-0.00038,
2019-05-23,-0.00076,
2019-05-24,-0.00076,
2019-05-25,.,No value available
2019-05-26,.,No value available
2019-05-27,-0.00005,
2019-05-28,-0.00010,
2019-05-29,-0.00010,
2019-05-30,-0.00010,
2019-05-31,-0.00020,
2019-06-01,.,No value available
2019-06-02,.,No value available
2019-06-03,-0.92086,
2019-06-04,0.00510,
2019-06-05,0.00510,
2019-06-06,0.01020,
2019-06-07,0.01390,
2019-06-08,.,No value available
2019-06-09,.,No value available
2019-06-10,.,No value available
2019-06-11,0.00087,
2019-06-12,0.00087,
2019-06-13,0.00174,
2019-06-14,0.00011,
2019-06-15,.,No value available
2019-06-16,.,No value available
2019-06-17,-2.62007,
2019-06-18,-2.78963,
2019-06-19,-2.73612,
2019-06-20,-3.10028,
2019-06-21,-3.10028,
2019-06-22,.,No value available
2019-06-23,.,No value available
2019-06-24,-2.38569,
2019-06-25,-2.38569,
2019-06-26,-2.36828,
2019-06-27,-2.17575,
2019-06-28,-2.54116,
2019-06-29,.,No value available
2019-06-30,.,No value available
2019-07-01,-2.71602,
2019-07-02,-2.68742,
2019-07-03,-2.50672,
2019-07-04,-2.46249,
2019-07-05,-2.69494,
2019-07-06,.,No value available
2019-07-07,.,No value available
2019-07-08,-2.45022,
2019-07-09,-2.43710,
2019-07-10,-2.49380,
2019-07-11,-2.49289,
2019-07-12,-2.56070,
2019-07-13,.,No value available
2019-07-14,.,No value available
2019-07-15,-2.53555,
2019-07-16,-2.47245,
2019-07-17,-1.40521,
2019-07-18,-0.96664,
2019-07-19,-2.55045,
2019-07-20,.,No value available
2019-07-21,.,No value available
2019-07-22,-2.60591,
2019-07-23,-2.58917,
2019-07-24,-0.12577,
2019-07-25,0.09224,
2019-07-26,0.13689,
2019-07-27,.,No value available
2019-07-28,.,No value available
2019-07-29,-2.35258,
2019-07-30,-2.25957,
2019-07-31,-2.25035,
2019-08-01,-2.58391,
2019-08-02,-2.41411,
2019-08-03,.,No value available
2019-08-04,.,No value available
2019-08-05,-2.21960,
2019-08-06,-2.29676,
2019-08-07,-2.14424,
2019-08-08,-2.28126,
2019-08-09,-2.34770,
2019-08-10,.,No value available
2019-08-11,.,No value available
2019-08-12,-2.30599,
2019-08-13,-2.13249,
2019-08-14,-2.27307,
2019-08-15,-0.45669,
2019-08-16,-1.73060,
2019-08-17,.,No value available
2019-08-18,.,No value available
2019-08-19,-1.90370,
2019-08-20,-7.62475,
2019-08-21,-2.61702,
2019-08-22,-2.47566,
2019-08-23,-2.54227,
2019-08-24,.,No value available
2019-08-25,.,No value available
2019-08-26,-2.38376,
2019-08-27,-2.27916,
2019-08-28,-2.11517,
2019-08-29,-2.10365,
2019-08-30,-2.21852,
2019-08-31,.,No value available
2019-09-01,.,No value available
2019-09-02,-2.19719,
2019-09-03,-2.33964,
2019-09-04,-2.16385,
2019-09-05,1.21810,
2019-09-06,1.41762,
2019-09-07,.,No value available
2019-09-08,.,No value available
2019-09-09,1.67965,
2019-09-10,1.51208,
2019-09-11,-2.14770,
2019-09-12,-2.58036,
2019-09-13,-2.57087,
2019-09-14,.,No value available
2019-09-15,.,No value available
2019-09-16,-2.47578,
2019-09-17,-2.47742,
2019-09-18,-2.35995,
2019-09-19,-2.18083,
2019-09-20,-2.12739,
2019-09-21,.,No value available
2019-09-22,.,No value available
2019-09-23,-2.03777,
2019-09-24,-2.00765,
2019-09-25,-1.99028,
2019-09-26,-2.00448,
2019-09-27,-1.56387,
2019-09-28,.,No value available
2019-09-29,.,No value available
2019-09-30,-1.68801,
2019-10-01,-1.59231,
2019-10-02,-1.69539,
2019-10-03,.,No value available
2019-10-04,-2.04452,
2019-10-05,.,No value available
2019-10-06,.,No value available
2019-10-07,-2.07660,
2019-10-08,-2.16714,
2019-10-09,-2.12705,
2019-10-10,-2.00043,
2019-10-11,-2.03775,
2019-10-12,.,No value available
2019-10-13,.,No value available
2019-10-14,-2.12538,
2019-10-15,-2.11482,
2019-10-16,-1.54029,
2019-10-17,-0.16104,
2019-10-18,-1.99107,
2019-10-19,.,No value available
2019-10-20,.,No value available
2019-10-21,-2.02872,
2019-10-22,-2.24899,
2019-10-23,-1.93264,
2019-10-24,-1.98207,
2019-10-25,-1.84919,
2019-10-26,.,No value available
2019-10-27,.,No value available
2019-10-28,-1.96777,
2019-10-29,-1.81769,
2019-10-30,-1.81818,
2019-10-31,-1.98654,
2019-11-01,0.45068,
2019-11-02,.,No value available
2019-11-03,.,No value available
2019-11-04,0.56781,
2019-11-05,-0.01993,
2019-11-06,-0.03986,
2019-11-07,-0.07972,
2019-11-08,-0.09379,
2019-11-09,.,No value available
2019-11-10,.,No value available
2019-11-11,-1.34853,
2019-11-12,-1.84671,
2019-11-13,-0.09291,
2019-11-14,1.27771,
2019-11-15,0.80695,
2019-11-16,.,No value available
2019-11-17,.,No value available
2019-11-18,0.91483,
2019-11-19,1.42512,
2019-11-20,0.40696,
2019-11-21,0.02544,
2019-11-22,0.02085,
2019-11-23,.,No value available
2019-11-24,.,No value available
2019-11-25,0.04722,
2019-11-26,0.07867,
2019-11-27,-1.93191,
2019-11-28,-1.92198,
2019-11-29,-1.86496,
2019-11-30,.,No value available
2019-12-01,.,No value available
2019-12-02,-3.06063,
2019-12-03,-5.06046,
2019-12-04,-21.22954,
2019-12-05,-30.00000,
2019-12-06,-30.00000,
2019-12-07,.,No value available
2019-12-08,.,No value available
2019-12-09,-26.26808,
2019-12-10,-22.80475,
2019-12-11,-7.92956,
2019-12-12,-2.30392,
2019-12-13,0.93973,
2019-12-14,.,No value available
2019-12-15,.,No value available
2019-12-16,0.00964,
2019-12-17,-2.78257,
2019-12-18,-3.15865,
2019-12-19,-0.67200,
2019-12-20,-0.71269,
2019-12-21,.,No value available
2019-12-22,.,No value available
2019-12-23,-1.05626,
2019-12-24,.,No value available
2019-12-25,.,No value available
2019-12-26,.,No value available
2019-12-27,-1.18387,
2019-12-28,.,No value available
2019-12-29,.,No value available
2019-12-30,-0.89154,
2019-12-31,.,No value available
2020-01-01,.,No value available
2020-01-02,-2.36462,
2020-01-03,-4.30519,
2020-01-04,.,No value available
2020-01-05,.,No value available
2020-01-06,-1.11893,
2020-01-07,-1.78314,
2020-01-08,-1.83603,
2020-01-09,-1.75424,
2020-01-10,-2.02614,
2020-01-11,.,No value available
2020-01-12,.,No value available
2020-01-13,-0.42187,
2020-01-14,-1.86076,
2020-01-15,-1.25215,
2020-01-16,-0.36066,
2020-01-17,-1.82486,
2020-01-18,.,No value available
2020-01-19,.,No value available
2020-01-20,-1.82486,
2020-01-21,-1.77673,
2020-01-22,-7.31753,
2020-01-23,-2.35249,
2020-01-24,-2.53112,
2020-01-25,.,No value available
2020-01-26,.,No value available
2020-01-27,-1.52627,
2020-01-28,-0.26324,
2020-01-29,0.13813,
2020-01-30,0.17465,
2020-01-31,1.31637,
2020-02-01,.,No value available
2020-02-02,.,No value available
2020-02-03,1.89984,
2020-02-04,2.19685,
2020-02-05,2.50341,
2020-02-06,-1.19293,
2020-02-07,-2.12933,
2020-02-08,.,No value available
2020-02-09,.,No value available
2020-02-10,-2.49119,
2020-02-11,-2.53323,
2020-02-12,-2.53323,
2020-02-13,-2.04775,
2020-02-14,-1.93351,
2020-02-15,.,No value available
2020-02-16,.,No value available
2020-02-17,0.40791,
2020-02-18,0.81582,
2020-02-19,0.81582,
2020-02-20,-2.39755,
2020-02-21,-3.14820,
2020-02-22,.,No value available
2020-02-23,.,No value available
2020-02-24,-1.84065,
2020-02-25,-2.43236,
2020-02-26,-2.13697,
2020-02-27,-2.14158,
2020-02-28,-2.41740,
2020-02-29,.,No value available
2020-03-01,.,No value available
2020-03-02,-1.80165,
2020-03-03,-1.72444,
2020-03-04,-1.80741,
2020-03-05,-1.87066,
2020-03-06,-1.94055,
2020-03-07,.,No value available
2020-03-08,.,No value available
2020-03-09,-1.39275,
2020-03-10,-1.40205,
2020-03-11,-0.64808,
2020-03-12,-1.43175,
2020-03-13,-1.42327,
2020-03-14,.,No value available
2020-03-15,.,No value available
2020-03-16,-0.13135,
2020-03-17,-1.14124,
2020-03-18,-6.91803,
2020-03-19,-1.32721,
2020-03-20,-1.55733,
2020-03-21,.,No value available
2020-03-22,.,No value available
2020-03-23,-0.07845,
2020-03-24,-0.11716,
2020-03-25,-0.01754,
2020-03-26,0.00720,
2020-03-27,-1.62572,
2020-03-28,.,No value available
2020-03-29,.,No value available
2020-03-30,-1.58492,
2020-03-31,-1.57002,
2020-04-01,-1.86485,
2020-04-02,-1.53779,
2020-04-03,-1.28748,
2020-04-04,.,No value available
2020-04-05,.,No value available
2020-04-06,-12.39037,
2020-04-07,-25.92187,
2020-04-08,0.28688,
2020-04-09,0.57376,
2020-04-10,.,No value available
2020-04-11,.,No value available
2020-04-12,.,No value available
2020-04-13,.,No value available
2020-04-14,0.28802,
2020-04-15,0.57604,
2020-04-16,0.10532,
2020-04-17,-6.09323,
2020-04-18,.,No value available
2020-04-19,.,No value available
2020-04-20,-18.88969,
2020-04-21,-21.39627,
2020-04-22,-23.47422,
2020-04-23,1.05163,
2020-04-24,1.36781,
2020-04-25,.,No value available
2020-04-26,.,No value available
2020-04-27,-1.82058,
2020-04-28,-2.02560,
2020-04-29,-1.82976,
2020-04-30,-1.76064,
2020-05-01,.,No value available
2020-05-02,.,No value available
2020-05-03,.,No value available
2020-05-04,-1.95258,
2020-05-05,-1.56891,
2020-05-06,-1.54808,
2020-05-07,-1.83753,
2020-05-08,-1.74345,
2020-05-09,.,No value available
2020-05-10,.,No value available
2020-05-11,-1.95816,
2020-05-12,-1.90153,
2020-05-13,-2.02357,
2020-05-14,-1.93256,
2020-05-15,-1.92864,
2020-05-16,.,No value available
2020-05-17,.,No value available
2020-05-18,-1.89503,
2020-05-19,-1.93986,
2020-05-20,-2.26695,
2020-05-21,-2.14430,
2020-05-22,-2.16066,
2020-05-23,.,No value available
2020-05-24,.,No value available
2020-05-25,-2.17114,
2020-05-26,-2.15381,
2020-05-27,-5.02848,
2020-05-28,-7.76486,
2020-05-29,-11.43023,
2020-05-30,.,No value available
2020-05-31,.,No value available
2020-06-01,.,No value available
2020-06-02,-30.00000,
2020-06-03,-29.98691,
2020-06-04,-29.98940,
2020-06-05,-29.68858,
2020-06-06,.,No value available
2020-06-07,.,No value available
2020-06-08,-29.02852,
2020-06-09,-8.81229,
2020-06-10,-9.31252,
2020-06-11,-8.07097,
2020-06-12,-10.33778,
2020-06-13,.,No value available
2020-06-14,.,No value available
2020-06-15,-5.71604,
2020-06-16,-2.60178,
2020-06-17,-2.62286,
2020-06-18,-2.43201,
2020-06-19,-2.51359,
2020-06-20,.,No value available
2020-06-21,.,No value available
2020-06-22,-2.51216,
2020-06-23,-2.72916,
2020-06-24,-2.89853,
2020-06-25,-2.64471,
2020-06-26,-2.58898,
2020-06-27,.,No value available
2020-06-28,.,No value available
2020-06-29,-2.65148,
2020-06-30,-2.50030,
2020-07-01,-2.40544,
2020-07-02,-2.44695,
2020-07-03,-2.54943,
2020-07-04,.,No value available
2020-07-05,.,No value available
2020-07-06,-2.57351,
2020-07-07,-2.43321,
2020-07-08,-2.28701,
2020-07-09,-2.28208,
2020-07-10,-2.22744,
2020-07-11,.,No value available
2020-07-12,.,No value available
2020-07-13,-2.29560,
2020-07-14,-2.13168,
2020-07-15,-1.95070,
2020-07-16,-2.00670,
2020-07-17,-2.10809,
2020-07-18,.,No value available
2020-07-19,.,No value available
2020-07-20,-2.01970,
2020-07-21,-2.08663,
2020-07-22,-2.05442,
2020-07-23,-2.06778,
2020-07-24,-1.92398,
2020-07-25,.,No value available
2020-07-26,.,No value available
2020-07-27,-1.98207,
2020-07-28,-1.99045,
2020-07-29,-2.02293,
2020-07-30,-1.98049,
2020-07-31,-2.00879,
2020-08-01,.,No value available
2020-08-02,.,No value available
2020-08-03,-2.01951,
2020-08-04,-2.05507,
2020-08-05,-2.03466,
2020-08-06,-1.98659,
2020-08-07,-2.06040,
2020-08-08,.,No value available
2020-08-09,.,No value available
2020-08-10,-2.04698,
2020-08-11,-2.00535,
2020-08-12,-2.01355,
2020-08-13,-1.97271,
2020-08-14,-1.94458,
2020-08-15,.,No value available
2020-08-16,.,No value available
2020-08-17,-1.97273,
2020-08-18,-1.99722,
2020-08-19,-2.02094,
2020-08-20,-1.98639,
2020-08-21,-2.08108,
2020-08-22,.,No value available
2020-08-23,.,No value available
2020-08-24,-1.99773,
2020-08-25,-2.49210,
2020-08-26,1.54533,
2020-08-27,3.48327,
2020-08-28,4.81867,
2020-08-29,.,No value available
2020-08-30,.,No value available
2020-08-31,5.44439,
2020-09-01,6.41258,
2020-09-02,0.12807,
2020-09-03,0.03452,
2020-09-04,0.13945,
2020-09-05,.,No value available
2020-09-06,.,No value available
2020-09-07,0.01573,
2020-09-08,0.03845,
2020-09-09,0.00325,
2020-09-10,0.00501,
2020-09-11,-2.07624,
2020-09-12,.,No value available
2020-09-13,.,No value available
2020-09-14,-2.12817,
2020-09-15,-2.12040,
2020-09-16,-2.08668,
2020-09-17,-2.03568,
2020-09-18,-2.09178,
2020-09-19,.,No value available
2020-09-20,.,No value available
2020-09-21,-2.09076,
2020-09-22,-2.09650,
2020-09-23,-2.13264,
2020-09-24,-2.17124,
2020-09-25,-2.05129,
2020-09-26,.,No value available
2020-09-27,.,No value available
2020-09-28,-2.05129,
2020-09-29,-2.05202,
2020-09-30,-2.03786,
2020-10-01,-2.10162,
2020-10-02,-2.11314,
2020-10-03,.,No value available
2020-10-04,.,No value available
2020-10-05,-2.11314,
2020-10-06,-2.15067,
2020-10-07,-2.15067,
2020-10-08,-2.85325,
2020-10-09,-5.86968,
2020-10-10,.,No value available
2020-10-11,.,No value available
2020-10-12,-5.86968,
2020-10-13,-5.86968,
2020-10-14,-5.80308,
2020-10-15,-7.40695,
2020-10-16,-2.77318,
2020-10-17,.,No value available
2020-10-18,.,No value available
2020-10-19,-2.77318,
2020-10-20,-1.41247,
2020-10-21,-1.74753,
2020-10-22,-1.74753,
2020-10-23,-2.62162,
2020-10-24,.,No value available
2020-10-25,.,No value available
2020-10-26,-2.54410,
2020-10-27,-3.67915,
2020-10-28,0.98545,
2020-10-29,-5.66554,
2020-10-30,-5.66554,
2020-10-31,.,No value available
2020-11-01,.,No value available
2020-11-02,-2.55045,
2020-11-03,2.11291,
2020-11-04,0.13844,
2020-11-05,0.66857,
2020-11-06,7.95118,
2020-11-07,.,No value available
2020-11-08,.,No value available
2020-11-09,7.95118,
2020-11-10,2.63261,
2020-11-11,0.05504,
2020-11-12,0.11008,
2020-11-13,0.00688,
2020-11-14,.,No value available
2020-11-15,.,No value available
2020-11-16,0.01349,
2020-11-17,0.01349,
2020-11-18,0.01349,
2020-11-19,0.02698,
2020-11-20,0.02698,
2020-11-21,.,No value available
2020-11-22,.,No value available
2020-11-23,0.03858,
2020-11-24,0.03858,
2020-11-25,0.03858,
2020-11-26,0.03858,
2020-11-27,0.03858,
2020-11-28,.,No value available
2020-11-29,.,No value available
2020-11-30,0.03858,
2020-12-01,0.12881,
2020-12-02,0.25762,
2020-12-03,-0.02550,
2020-12-04,-0.05100,
2020-12-05,.,No value available
2020-12-06,.,No value available
2020-12-07,-0.02720,
2020-12-08,-0.04522,
2020-12-09,-0.04522,
2020-12-10,-0.00283,
2020-12-11,-0.00018,
2020-12-12,.,No value available
2020-12-13,.,No value available
2020-12-14,0.13468,
2020-12-15,0.13468,
2020-12-16,0.26936,
2020-12-17,0.05594,
2020-12-18,0.00350,
2020-12-19,.,No value available
2020-12-20,.,No value available
2020-12-21,0.00447,
2020-12-22,0.00601,
2020-12-23,-1.47186,
2020-12-24,.,No value available
2020-12-25,.,No value available
2020-12-26,.,No value available
2020-12-27,.,No value available
2020-12-28,-1.40103,
2020-12-29,-1.41302,
2020-12-30,-1.44649,
2020-12-31,.,No value available
2021-01-01,.,No value available
2021-01-02,.,No value available
2021-01-03,.,No value available
2021-01-04,-1.48656,
2021-01-05,-1.69839,
2021-01-06,-1.46321,
2021-01-07,-1.56193,
2021-01-08,-1.69583,
2021-01-09,.,No value available
2021-01-10,.,No value available
2021-01-11,-17.06640,
2021-01-12,3.54103,
2021-01-13,2.95499,
2021-01-14,-2.82363,
2021-01-15,-1.85117,
2021-01-16,.,No value available
2021-01-17,.,No value available
2021-01-18,-1.71261,
2021-01-19,-1.72660,
2021-01-20,-2.70415,
2021-01-21,-2.70415,
2021-01-22,-2.63775,
2021-01-23,.,No value available
2021-01-24,.,No value available
2021-01-25,-2.10724,
2021-01-26,-2.17844,
2021-01-27,-1.89215,
2021-01-28,-2.03075,
2021-01-29,-2.08509,
2021-01-30,.,No value available
2021-01-31,.,No value available
2021-02-01,-17.22887,
2021-02-02,-4.93222,
2021-02-03,-5.51072,
2021-02-04,-5.51072,
2021-02-05,-6.73912,
2021-02-06,.,No value available
2021-02-07,.,No value available
2021-02-08,-2.46466,
2021-02-09,-7.01868,
2021-02-10,-3.01389,
2021-02-11,-2.25037,
2021-02-12,-2.25037,
2021-02-13,.,No value available
2021-02-14,.,No value available
2021-02-15,-2.37085,
2021-02-16,-2.37085,
2021-02-17,-2.40028,
2021-02-18,-2.40028,
2021-02-19,-2.40670,
2021-02-20,.,No value available
2021-02-21,.,No value available
2021-02-22,-2.12128,
2021-02-23,-2.11439,
2021-02-24,-2.11439,
2021-02-25,-2.17685,
2021-02-26,-2.09703,
2021-02-27,.,No value available
2021-02-28,.,No value available
2021-03-01,-2.24658,
2021-03-02,-2.41312,
2021-03-03,-2.71951,
2021-03-04,-2.92357,
2021-03-05,-2.92357,
2021-03-06,.,No value available
2021-03-07,.,No value available
2021-03-08,-2.92357,
2021-03-09,-2.46669,
2021-03-10,-7.18774,
2021-03-11,-2.18023,
2021-03-12,-2.81668,
2021-03-13,.,No value available
2021-03-14,.,No value available
2021-03-15,-2.81668,
2021-03-16,-4.66984,
2021-03-17,-9.30619,
2021-03-18,-26.00283,
2021-03-19,-30.00000,
2021-03-20,.,No value available
2021-03-21,.,No value available
2021-03-22,-8.74681,
2021-03-23,-9.31439,
2021-03-24,-2.88953,
2021-03-25,-2.88953,
2021-03-26,-2.88953,
2021-03-27,.,No value available
2021-03-28,.,No value available
2021-03-29,-2.92317,
2021-03-30,-2.90588,
2021-03-31,-2.90588,
2021-04-01,-3.04064,
2021-04-02,.,No value available
2021-04-03,.,No value available
2021-04-04,.,No value available
2021-04-05,.,No value available
2021-04-06,-3.04064,
2021-04-07,-3.01281,
2021-04-08,-3.01281,
2021-04-09,-3.07032,
2021-04-10,.,No value available
2021-04-11,.,No value available
2021-04-12,-2.87686,
2021-04-13,-2.92265,
2021-04-14,-2.92265,
2021-04-15,-2.82570,
2021-04-16,-2.82570,
2021-04-17,.,No value available
2021-04-18,.,No value available
2021-04-19,-2.82570,
2021-04-20,-2.75650,
2021-04-21,-2.77324,
2021-04-22,-2.74234,
2021-04-23,-2.74234,
2021-04-24,.,No value available
2021-04-25,.,No value available
2021-04-26,-2.76562,
2021-04-27,-2.76562,
2021-04-28,-2.62827,
2021-04-29,-2.62827,
2021-04-30,-2.74526,
2021-05-01,.,No value available
2021-05-02,.,No value available
2021-05-03,-2.78978,
2021-05-04,-2.77087,
2021-05-05,-2.79647,
2021-05-06,-2.79647,
2021-05-07,-2.79647,
2021-05-08,.,No value available
2021-05-09,.,No value available
2021-05-10,-2.77743,
2021-05-11,-3.13565,
2021-05-12,-2.80605,
2021-05-13,-2.67415,
2021-05-14,-2.66143,
2021-05-15,.,No value available
2021-05-16,.,No value available
2021-05-17,-2.66143,
2021-05-18,-2.85878,
2021-05-19,-2.85463,
2021-05-20,-2.63288,
2021-05-21,-2.74409,
2021-05-22,.,No value available
2021-05-23,.,No value available
2021-05-24,.,No value available
2021-05-25,-2.80207,
2021-05-26,-2.80384,
2021-05-27,-2.79425,
2021-05-28,-2.84384,
2021-05-29,.,No value available
2021-05-30,.,No value available
2021-05-31,-2.93815,
2021-06-01,-3.47267,
2021-06-02,-3.47267,
2021-06-03,-3.47267,
2021-06-04,-3.02002,
2021-06-05,.,No value available
2021-06-06,.,No value available
2021-06-07,-4.86948,
2021-06-08,-9.15675,
2021-06-09,-18.32132,
2021-06-10,-18.06399,
2021-06-11,-3.12128,
2021-06-12,.,No value available
2021-06-13,.,No value available
2021-06-14,-3.02251,
2021-06-15,-3.07401,
2021-06-16,-3.10380,
2021-06-17,-2.92672,
2021-06-18,-2.83730,
2021-06-19,.,No value available
2021-06-20,.,No value available
2021-06-21,-2.69390,
2021-06-22,-2.68049,
2021-06-23,-2.66667,
2021-06-24,-2.67418,
2021-06-25,-2.60176,
2021-06-26,.,No value available
2021-06-27,.,No value available
2021-06-28,-2.62283,
2021-06-29,-8.15987,
2021-06-30,-8.09472,
2021-07-01,-7.02965,
2021-07-02,-6.07504,
2021-07-03,.,No value available
2021-07-04,.,No value available
2021-07-05,-8.00001,
2021-07-06,-9.27301,
2021-07-07,-24.49677,
2021-07-08,-19.96837,
2021-07-09,-22.29681,
2021-07-10,.,No value available
2021-07-11,.,No value available
2021-07-12,-23.92780,
2021-07-13,-22.00948,
2021-07-14,-28.17921,
2021-07-15,-4.49955,
2021-07-16,-5.53323,
2021-07-17,.,No value available
2021-07-18,.,No value available
2021-07-19,-9.94933,
2021-07-20,-20.33796,
2021-07-21,-15.39835,
2021-07-22,-16.84788,
2021-07-23,-12.67946,
2021-07-24,.,No value available
2021-07-25,.,No value available
2021-07-26,-24.98609,
2021-07-27,-29.71786,
2021-07-28,-29.98628,
2021-07-29,-28.33506,
2021-07-30,-28.22787,
2021-07-31,.,No value available
2021-08-01,.,No value available
2021-08-02,-22.14114,
2021-08-03,-19.61424,
2021-08-04,-20.45785,
2021-08-05,-20.85711,
2021-08-06,-21.87559,
2021-08-07,.,No value available
2021-08-08,.,No value available
2021-08-09,-3.88762,
2021-08-10,-3.51114,
2021-08-11,-4.37630,
2021-08-12,-4.65439,
2021-08-13,-6.58879,
2021-08-14,.,No value available
2021-08-15,.,No value available
2021-08-16,-6.85605,
2021-08-17,-8.01919,
2021-08-18,-11.36645,
2021-08-19,4.55103,
2021-08-20,4.78885,
2021-08-21,.,No value available
2021-08-22,.,No value available
2021-08-23,9.13962,
2021-08-24,-8.02474,
2021-08-25,-5.55227,
2021-08-26,-12.12845,
2021-08-27,-18.46793,
2021-08-28,.,No value available
2021-08-29,.,No value available
2021-08-30,-21.08348,
2021-08-31,-22.06784,
2021-09-01,-24.97581,
2021-09-02,-4.83448,
2021-09-03,-9.86751,
2021-09-04,.,No value available
2021-09-05,.,No value available
2021-09-06,-3.12395,
2021-09-07,-5.44724,
2021-09-08,-14.74125,
2021-09-09,-12.74702,
2021-09-10,-22.01854,
2021-09-11,.,No value available
2021-09-12,.,No value available
2021-09-13,-18.83790,
2021-09-14,-15.93847,
2021-09-15,-29.99991,
2021-09-16,-30.00000,
2021-09-17,-26.28082,
2021-09-18,.,No value available
2021-09-19,.,No value available
2021-09-20,-30.00000,
2021-09-21,-19.37300,
2021-09-22,-19.00010,
2021-09-23,-27.48874,
2021-09-24,-2.08497,
2021-09-25,.,No value available
2021-09-26,.,No value available
2021-09-27,-2.19725,
2021-09-28,-2.12449,
2021-09-29,-2.16073,
2021-09-30,-2.17213,
2021-10-01,-2.25224,
2021-10-02,.,No value available
2021-10-03,.,No value available
2021-10-04,-2.32478,
2021-10-05,-2.19567,
2021-10-06,-2.22577,
2021-10-07,-2.15364,
2021-10-08,-2.17424,
2021-10-09,.,No value available
2021-10-10,.,No value available
2021-10-11,-2.31095,
2021-10-12,-2.24192,
2021-10-13,-2.06468,
2021-10-14,-1.92667,
2021-10-15,-1.91092,
2021-10-16,.,No value available
2021-10-17,.,No value available
2021-10-18,-1.52065,
2021-10-19,-1.50617,
2021-10-20,-1.63743,
2021-10-21,-1.55346,
2021-10-22,-1.43494,
2021-10-23,.,No value available
2021-10-24,.,No value available
2021-10-25,-1.37391,
2021-10-26,-1.25337,
2021-10-27,-1.06305,
2021-10-28,-1.16562,
2021-10-29,-1.23134,
2021-10-30,.,No value available
2021-10-31,.,No value available
2021-11-01,-1.15147,
2021-11-02,-1.36483,
2021-11-03,-1.26143,
2021-11-04,-1.33696,
2021-11-05,-1.49725,
2021-11-06,.,No value available
2021-11-07,.,No value available
2021-11-08,-1.32890,
2021-11-09,-1.12663,
2021-11-10,-1.09855,
2021-11-11,-0.78579,
2021-11-12,-0.62910,
2021-11-13,.,No value available
2021-11-14,.,No value available
2021-11-15,-0.76034,
2021-11-16,-0.64902,
2021-11-17,-0.64025,
2021-11-18,-0.48449,
2021-11-19,-0.35962,
2021-11-20,.,No value available
2021-11-21,.,No value available
2021-11-22,-0.24544,
2021-11-23,-0.34806,
2021-11-24,-0.44356,
2021-11-25,-0.68776,
2021-11-26,-0.79543,
2021-11-27,.,No value available
2021-11-28,.,No value available
2021-11-29,-0.82944,
2021-11-30,-1.10152,
2021-12-01,-0.83201,
2021-12-02,-0.70348,
2021-12-03,-0.87794,
2021-12-04,.,No value available
2021-12-05,.,No value available
2021-12-06,-0.81630,
2021-12-07,-0.99523,
2021-12-08,-0.99560,
2021-12-09,-0.94733,
2021-12-10,-0.84512,
2021-12-11,.,No value available
2021-12-12,.,No value available
2021-12-13,-0.83818,
2021-12-14,-0.78019,
2021-12-15,-0.84374,
2021-12-16,-1.04224,
2021-12-17,-1.07787,
2021-12-18,.,No value available
2021-12-19,.,No value available
2021-12-20,-1.11865,
2021-12-21,-1.07473,
2021-12-22,-1.05928,
2021-12-23,-1.11247,
2021-12-24,.,No value available
2021-12-25,.,No value available
2021-12-26,.,No value available
2021-12-27,-1.18946,
2021-12-28,-1.05587,
2021-12-29,-1.03252,
2021-12-30,-1.01065,
2021-12-31,.,No value available
2022-01-01,.,No value available
2022-01-02,.,No value available
2022-01-03,-1.21328,
2022-01-04,-0.83107,
2022-01-05,-1.05359,
2022-01-06,-1.56507,
2022-01-07,-2.38564,
2022-01-08,.,No value available
2022-01-09,.,No value available
2022-01-10,-2.37864,
2022-01-11,-0.08801,
2022-01-12,-0.00198,
2022-01-13,-2.30316,
2022-01-14,-2.22987,
2022-01-15,.,No value available
2022-01-16,.,No value available
2022-01-17,-2.24778,
2022-01-18,-2.15608,
2022-01-19,-2.17156,
2022-01-20,-2.20478,
2022-01-21,-1.75977,
2022-01-22,.,No value available
2022-01-23,.,No value available
2022-01-24,-1.85997,
2022-01-25,-2.23989,
2022-01-26,-1.78865,
2022-01-27,-1.72578,
2022-01-28,-1.55439,
2022-01-29,.,No value available
2022-01-30,.,No value available
2022-01-31,-1.20936,
2022-02-01,-1.32203,
2022-02-02,-1.23286,
2022-02-03,-1.35241,
2022-02-04,-1.35198,
2022-02-05,.,No value available
2022-02-06,.,No value available
2022-02-07,-1.36732,
2022-02-08,-1.55084,
2022-02-09,-1.65580,
2022-02-10,-1.54046,
2022-02-11,-1.57205,
2022-02-12,.,No value available
2022-02-13,.,No value available
2022-02-14,-1.83806,
2022-02-15,-1.77128,
2022-02-16,-1.89607,
2022-02-17,-1.74971,
2022-02-18,-1.83642,
2022-02-19,.,No value available
2022-02-20,.,No value available
2022-02-21,-1.70966,
2022-02-22,-1.75422,
2022-02-23,-1.53040,
2022-02-24,-1.46558,
2022-02-25,-1.41212,
2022-02-26,.,No value available
2022-02-27,.,No value available
2022-02-28,-1.35540,
2022-03-01,1.70137,
2022-03-02,-1.31829,
2022-03-03,-0.73715,
2022-03-04,-1.36900,
2022-03-05,.,No value available
2022-03-06,.,No value available
2022-03-07,0.32062,
2022-03-08,-1.57731,
2022-03-09,-0.06583,
2022-03-10,0.00001,
2022-03-11,0.00001,
2022-03-12,.,No value available
2022-03-13,.,No value available
2022-03-14,-1.40750,
2022-03-15,-1.23468,
2022-03-16,-1.38379,
2022-03-17,-1.34408,
2022-03-18,-1.47133,
2022-03-19,.,No value available
2022-03-20,.,No value available
2022-03-21,-1.56354,
2022-03-22,-1.71412,
2022-03-23,-1.91894,
2022-03-24,-2.02464,
2022-03-25,-2.05918,
2022-03-26,.,No value available
2022-03-27,.,No value available
2022-03-28,-2.10207,
2022-03-29,-2.39885,
2022-03-30,2.59356,
2022-03-31,-0.14152,
2022-04-01,-0.08972,
2022-04-02,.,No value available
2022-04-03,.,No value available
2022-04-04,-0.02566,
2022-04-05,-0.07363,
2022-04-06,-0.00195,
2022-04-07,-2.27321,
2022-04-08,-2.38931,
2022-04-09,.,No value available
2022-04-10,.,No value available
2022-04-11,-2.61965,
2022-04-12,-0.80182,
2022-04-13,0.02409,
2022-04-14,-0.00685,
2022-04-15,.,No value available
2022-04-16,.,No value available
2022-04-17,.,No value available
2022-04-18,.,No value available
2022-04-19,-0.00092,
2022-04-20,-2.20707,
2022-04-21,-2.52282,
2022-04-22,-2.82146,
2022-04-23,.,No value available
2022-04-24,.,No value available
2022-04-25,-2.77858,
2022-04-26,-2.10496,
2022-04-27,-0.21294,
2022-04-28,-0.01840,
2022-04-29,0.00440,
2022-04-30,.,No value available
2022-05-01,.,No value available
2022-05-02,0.00422,
2022-05-03,-1.98592,
2022-05-04,-1.80652,
2022-05-05,-1.58812,
2022-05-06,-1.76214,
2022-05-07,.,No value available
2022-05-08,.,No value available
2022-05-09,-1.04947,
2022-05-10,-0.03755,
2022-05-11,0.80424,
2022-05-12,0.62794,
2022-05-13,0.41032,
2022-05-14,.,No value available
2022-05-15,.,No value available
2022-05-16,0.67205,
2022-05-17,0.82145,
2022-05-18,1.42237,
2022-05-19,1.17379,
2022-05-20,1.29457,
2022-05-21,.,No value available
2022-05-22,.,No value available
2022-05-23,1.38077,
2022-05-24,1.33578,
2022-05-25,1.14377,
2022-05-26,0.86546,
2022-05-27,1.10552,
2022-05-28,.,No value available
2022-05-29,.,No value available
2022-05-30,1.41566,
2022-05-31,1.49144,
2022-06-01,1.62290,
2022-06-02,1.79670,
2022-06-03,2.01459,
2022-06-04,.,No value available
2022-06-05,.,No value available
2022-06-06,2.22831,
2022-06-07,2.02868,
2022-06-08,2.21787,
2022-06-09,2.10801,
2022-06-10,2.87254,
2022-06-11,.,No value available
2022-06-12,.,No value available
2022-06-13,3.83286,
2022-06-14,3.97284,
2022-06-15,3.80650,
2022-06-16,4.06389,
2022-06-17,3.66962,
2022-06-18,.,No value available
2022-06-19,.,No value available
2022-06-20,3.33486,
2022-06-21,3.53859,
2022-06-22,3.47365,
2022-06-23,2.63442,
2022-06-24,2.63649,
2022-06-25,.,No value available
2022-06-26,.,No value available
2022-06-27,2.57687,
2022-06-28,2.82261,
2022-06-29,2.62045,
2022-06-30,1.99188,
2022-07-01,1.93794,
2022-07-02,.,No value available
2022-07-03,.,No value available
2022-07-04,1.72863,
2022-07-05,1.19497,
2022-07-06,2.68719,
2022-07-07,0.91390,
2022-07-08,0.69270,
2022-07-09,.,No value available
2022-07-10,.,No value available
2022-07-11,0.51205,
2022-07-12,0.04338,
2022-07-13,5.13481,
2022-07-14,4.97561,
2022-07-15,4.78007,
2022-07-16,.,No value available
2022-07-17,.,No value available
2022-07-18,5.01359,
2022-07-19,5.00801,
2022-07-20,4.97442,
2022-07-21,5.08272,
2022-07-22,4.42974,
2022-07-23,.,No value available
2022-07-24,.,No value available
2022-07-25,4.64347,
2022-07-26,4.40958,
2022-07-27,4.37571,
2022-07-28,4.57668,
2022-07-29,4.42367,
2022-07-30,.,No value available
2022-07-31,.,No value available
2022-08-01,4.22126,
2022-08-02,4.13895,
2022-08-03,3.92005,
2022-08-04,3.96699,
2022-08-05,3.90402,
2022-08-06,.,No value available
2022-08-07,.,No value available
2022-08-08,4.10902,
2022-08-09,4.20950,
2022-08-10,4.17829,
2022-08-11,4.23813,
2022-08-12,4.57690,
2022-08-13,.,No value available
2022-08-14,.,No value available
2022-08-15,4.23505,
2022-08-16,4.21447,
2022-08-17,4.42352,
2022-08-18,4.32537,
2022-08-19,4.51725,
2022-08-20,.,No value available
2022-08-21,.,No value available
2022-08-22,4.61877,
2022-08-23,4.79889,
2022-08-24,5.07282,
2022-08-25,5.19101,
2022-08-26,5.31317,
2022-08-27,.,No value available
2022-08-28,.,No value available
2022-08-29,5.74828,
2022-08-30,5.81722,
2022-08-31,5.59843,
2022-09-01,5.34227,
2022-09-02,6.06641,
2022-09-03,.,No value available
2022-09-04,.,No value available
2022-09-05,5.99493,
2022-09-06,5.58258,
2022-09-07,5.86723,
2022-09-08,5.48942,
2022-09-09,5.60469,
2022-09-10,.,No value available
2022-09-11,.,No value available
2022-09-12,5.65195,
2022-09-13,5.24684,
2022-09-14,5.21559,
2022-09-15,5.26987,
2022-09-16,5.23194,
2022-09-17,.,No value available
2022-09-18,.,No value available
2022-09-19,5.50665,
2022-09-20,5.64583,
2022-09-21,0.23417,
2022-09-22,0.47839,
2022-09-23,3.74822,
2022-09-24,.,No value available
2022-09-25,.,No value available
2022-09-26,4.53487,
2022-09-27,5.18893,
2022-09-28,4.91860,
2022-09-29,6.28725,
2022-09-30,8.71462,
2022-10-01,.,No value available
2022-10-02,.,No value available
2022-10-03,5.99712,
2022-10-04,5.33584,
2022-10-05,4.34138,
2022-10-06,3.87987,
2022-10-07,4.27845,
2022-10-08,.,No value available
2022-10-09,.,No value available
2022-10-10,4.97886,
2022-10-11,4.02759,
2022-10-12,4.34157,
2022-10-13,4.46872,
2022-10-14,4.41219,
2022-10-15,.,No value available
2022-10-16,.,No value available
2022-10-17,4.45573,
2022-10-18,4.10398,
2022-10-19,3.84969,
2022-10-20,3.94562,
2022-10-21,3.72900,
2022-10-22,.,No value available
2022-10-23,.,No value available
2022-10-24,3.97305,
2022-10-25,4.00220,
2022-10-26,4.34210,
2022-10-27,4.31596,
2022-10-28,4.04816,
2022-10-29,.,No value available
2022-10-30,.,No value available
2022-10-31,4.24470,
2022-11-01,4.38686,
2022-11-02,3.87964,
2022-11-03,3.63720,
2022-11-04,3.27051,
2022-11-05,.,No value available
2022-11-06,.,No value available
2022-11-07,3.26374,
2022-11-08,4.35932,
2022-11-09,4.68965,
2022-11-10,4.81933,
2022-11-11,4.24581,
2022-11-12,.,No value available
2022-11-13,.,No value available
2022-11-14,5.14411,
2022-11-15,4.64616,
2022-11-16,4.27324,
2022-11-17,4.04585,
2022-11-18,3.68052,
2022-11-19,.,No value available
2022-11-20,.,No value available
2022-11-21,3.59387,
2022-11-22,3.43982,
2022-11-23,3.43931,
2022-11-24,3.30917,
2022-11-25,3.40266,
2022-11-26,.,No value available
2022-11-27,.,No value available
2022-11-28,3.39431,
2022-11-29,3.37660,
2022-11-30,3.38186,
2022-12-01,3.22378,
2022-12-02,3.59382,
2022-12-03,.,No value available
2022-12-04,.,No value available
2022-12-05,3.75806,
2022-12-06,3.69150,
2022-12-07,3.51148,
2022-12-08,3.44734,
2022-12-09,3.65734,
2022-12-10,.,No value available
2022-12-11,.,No value available
2022-12-12,3.95567,
2022-12-13,3.58298,
2022-12-14,3.30535,
2022-12-15,3.38069,
2022-12-16,3.62613,
2022-12-17,.,No value available
2022-12-18,.,No value available
2022-12-19,3.55913,
2022-12-20,3.73725,
2022-12-21,3.68177,
2022-12-22,3.62747,
2022-12-23,3.87455,
2022-12-24,.,No value available
2022-12-25,.,No value available
2022-12-26,.,No value available
2022-12-27,4.09083,
2022-12-28,3.91788,
2022-12-29,4.02764,
2022-12-30,4.34532,
2022-12-31,.,No value available
2023-01-01,.,No value available
2023-01-02,4.82111,
2023-01-03,4.19669,
2023-01-04,4.52224,
2023-01-05,3.99833,
2023-01-06,4.08835,
2023-01-07,.,No value available
2023-01-08,.,No value available
2023-01-09,4.09157,
2023-01-10,4.20741,
2023-01-11,4.37856,
2023-01-12,4.35170,
2023-01-13,4.44792,
2023-01-14,.,No value available
2023-01-15,.,No value available
2023-01-16,4.38472,
2023-01-17,4.29816,
2023-01-18,4.23198,
2023-01-19,4.33851,
2023-01-20,4.12100,
2023-01-21,.,No value available
2023-01-22,.,No value available
2023-01-23,3.93084,
2023-01-24,3.73943,
2023-01-25,3.82202,
2023-01-26,3.85499,
2023-01-27,3.89875,
2023-01-28,.,No value available
2023-01-29,.,No value available
2023-01-30,3.89787,
2023-01-31,4.15322,
2023-02-01,3.92846,
2023-02-02,4.12768,
2023-02-03,3.98857,
2023-02-04,.,No value available
2023-02-05,.,No value available
2023-02-06,3.84689,
2023-02-07,3.65034,
2023-02-08,3.59980,
2023-02-09,3.83892,
2023-02-10,3.88277,
2023-02-11,.,No value available
2023-02-12,.,No value available
2023-02-13,3.82784,
2023-02-14,3.77257,
2023-02-15,3.77082,
2023-02-16,3.68825,
2023-02-17,3.78425,
2023-02-18,.,No value available
2023-02-19,.,No value available
2023-02-20,3.63290,
2023-02-21,3.68339,
2023-02-22,3.59405,
2023-02-23,3.41920,
2023-02-24,3.71773,
2023-02-25,.,No value available
2023-02-26,.,No value available
2023-02-27,4.06596,
2023-02-28,4.44529,
2023-03-01,4.43507,
2023-03-02,4.34971,
2023-03-03,4.32618,
2023-03-04,.,No value available
2023-03-05,.,No value available
2023-03-06,4.58375,
2023-03-07,4.80131,
2023-03-08,5.00162,
2023-03-09,4.89045,
2023-03-10,4.54370,
2023-03-11,.,No value available
2023-03-12,.,No value available
2023-03-13,3.74356,
2023-03-14,3.70239,
2023-03-15,3.23348,
2023-03-16,2.61073,
2023-03-17,2.56208,
2023-03-18,.,No value available
2023-03-19,.,No value available
2023-03-20,15.28693,
2023-03-21,30.00000,
2023-03-22,27.95583,
2023-03-23,30.00000,
2023-03-24,27.03944,
2023-03-25,.,No value available
2023-03-26,.,No value available
2023-03-27,30.00000,
2023-03-28,30.00000,
2023-03-29,29.99781,
2023-03-30,30.00000,
2023-03-31,30.00000,
2023-04-01,.,No value available
2023-04-02,.,No value available
2023-04-03,30.00000,
2023-04-04,29.62680,
2023-04-05,29.65277,
2023-04-06,30.00000,
2023-04-07,.,No value available
2023-04-08,.,No value available
2023-04-09,.,No value available
2023-04-10,.,No value available
2023-04-11,29.98725,
2023-04-12,30.00000,
2023-04-13,29.98931,
2023-04-14,29.92187,
2023-04-15,.,No value available
2023-04-16,.,No value available
2023-04-17,-4.33664,
2023-04-18,-5.51271,
2023-04-19,-6.02046,
2023-04-20,-3.02526,
2023-04-21,-2.74750,
2023-04-22,.,No value available
2023-04-23,.,No value available
2023-04-24,-6.42275,
2023-04-25,-28.36022,
2023-04-26,-12.14694,
2023-04-27,-29.75837,
2023-04-28,-29.80738,
2023-04-29,.,No value available
2023-04-30,.,No value available
2023-05-01,.,No value available
2023-05-02,-18.00984,
2023-05-03,-11.06991,
2023-05-04,-26.51645,
2023-05-05,-27.69564,
2023-05-06,.,No value available
2023-05-07,.,No value available
2023-05-08,-27.57416,
2023-05-09,30.00000,
2023-05-10,29.99902,
2023-05-11,-5.66319,
2023-05-12,-25.67426,
2023-05-13,.,No value available
2023-05-14,.,No value available
2023-05-15,-28.00242,
2023-05-16,-27.91301,
2023-05-17,-27.71793,
2023-05-18,-27.51355,
2023-05-19,-27.41155,
2023-05-20,.,No value available
2023-05-21,.,No value available
2023-05-22,30.00000,
2023-05-23,29.97060,
2023-05-24,30.00000,
2023-05-25,30.00000,
2023-05-26,29.98037,
2023-05-27,.,No value available
2023-05-28,.,No value available
2023-05-29,30.00000,
2023-05-30,14.64909,
2023-05-31,-25.98970,
2023-06-01,-27.90370,
2023-06-02,-27.95638,
2023-06-03,.,No value available
2023-06-04,.,No value available
2023-06-05,9.06908,
2023-06-06,10.33367,
2023-06-07,11.79285,
2023-06-08,29.57002,
2023-06-09,29.70001,
2023-06-10,.,No value available
2023-06-11,.,No value available
2023-06-12,26.74692,
2023-06-13,25.24274,
2023-06-14,30.00000,
2023-06-15,29.98299,
2023-06-16,30.00000,
2023-06-17,.,No value available
2023-06-18,.,No value available
2023-06-19,10.59200,
2023-06-20,24.09029,
2023-06-21,29.98035,
2023-06-22,27.54795,
2023-06-23,29.89827,
2023-06-24,.,No value available
2023-06-25,.,No value available
2023-06-26,28.93018,
2023-06-27,20.90753,
2023-06-28,29.33431,
2023-06-29,29.89252,
2023-06-30,29.94300,
2023-07-01,.,No value available
2023-07-02,.,No value available
2023-07-03,29.99652,
2023-07-04,17.28180,
2023-07-05,29.96599,
2023-07-06,21.54797,
2023-07-07,26.42214,
2023-07-08,.,No value available
2023-07-09,.,No value available
2023-07-10,29.98980,
2023-07-11,29.98054,
2023-07-12,13.17448,
2023-07-13,27.35224,
2023-07-14,29.73313,
2023-07-15,.,No value available
2023-07-16,.,No value available
2023-07-17,3.63725,
2023-07-18,3.52638,
2023-07-19,3.50832,
2023-07-20,3.70881,
2023-07-21,3.59010,
2023-07-22,.,No value available
2023-07-23,.,No value available
2023-07-24,3.37217,
2023-07-25,3.48288,
2023-07-26,3.62354,
2023-07-27,3.77260,
2023-07-28,3.42013,
2023-07-29,.,No value available
2023-07-30,.,No value available
2023-07-31,3.67741,
2023-08-01,3.57836,
2023-08-02,3.57301,
2023-08-03,3.41393,
2023-08-04,3.32665,
2023-08-05,.,No value available
2023-08-06,.,No value available
2023-08-07,3.46287,
2023-08-08,3.43163,
2023-08-09,3.49757,
2023-08-10,3.35416,
2023-08-11,3.50600,
2023-08-12,.,No value available
2023-08-13,.,No value available
2023-08-14,3.49580,
2023-08-15,3.63587,
2023-08-16,3.68279,
2023-08-17,3.49044,
2023-08-18,3.35996,
2023-08-19,.,No value available
2023-08-20,.,No value available
2023-08-21,3.48060,
2023-08-22,3.54160,
2023-08-23,3.70881,
2023-08-24,3.51509,
2023-08-25,3.40463,
2023-08-26,.,No value available
2023-08-27,.,No value available
2023-08-28,3.48811,
2023-08-29,3.74485,
2023-08-30,3.70639,
2023-08-31,3.51370,
2023-09-01,3.47147,
2023-09-02,.,No value available
2023-09-03,.,No value available
2023-09-04,3.62240,
2023-09-05,3.64038,
2023-09-06,3.70262,
2023-09-07,3.63840,
2023-09-08,3.58602,
2023-09-09,.,No value available
2023-09-10,.,No value available
2023-09-11,3.47878,
2023-09-12,3.45382,
2023-09-13,4.01358,
2023-09-14,3.98392,
2023-09-15,4.15978,
2023-09-16,.,No value available
2023-09-17,.,No value available
2023-09-18,4.14675,
2023-09-19,4.08761,
2023-09-20,3.84711,
2023-09-21,3.94593,
2023-09-22,3.95044,
2023-09-23,.,No value available
2023-09-24,.,No value available
2023-09-25,4.09849,
2023-09-26,4.07325,
2023-09-27,3.93518,
2023-09-28,4.15616,
2023-09-29,4.07910,
2023-09-30,.,No value available
2023-10-01,.,No value available
2023-10-02,3.94125,
2023-10-03,3.59278,
2023-10-04,3.51629,
2023-10-05,3.46806,
2023-10-06,3.73971,
2023-10-07,.,No value available
2023-10-08,.,No value available
2023-10-09,3.61032,
2023-10-10,3.66306,
2023-10-11,3.52213,
2023-10-12,3.57803,
2023-10-13,3.59203,
2023-10-14,.,No value available
2023-10-15,.,No value available
2023-10-16,3.62537,
2023-10-17,3.59640,
2023-10-18,3.64021,
2023-10-19,3.61653,
2023-10-20,3.76857,
2023-10-21,.,No value available
2023-10-22,.,No value available
2023-10-23,3.81730,
2023-10-24,3.84888,
2023-10-25,3.92499,
2023-10-26,3.75875,
2023-10-27,3.89399,
2023-10-28,.,No value available
2023-10-29,.,No value available
2023-10-30,3.96723,
2023-10-31,3.90732,
2023-11-01,4.01000,
2023-11-02,3.79464,
2023-11-03,3.85466,
2023-11-04,.,No value available
2023-11-05,.,No value available
2023-11-06,3.83715,
2023-11-07,3.67355,
2023-11-08,3.67715,
2023-11-09,3.62055,
2023-11-10,3.58184,
2023-11-11,.,No value available
2023-11-12,.,No value available
2023-11-13,3.50412,
2023-11-14,3.50885,
2023-11-15,3.39334,
2023-11-16,-29.76880,
2023-11-17,-29.96229,
2023-11-18,.,No value available
2023-11-19,.,No value available
2023-11-20,-29.99545,
2023-11-21,-30.00000,
2023-11-22,-23.70872,
2023-11-23,-26.22674,
2023-11-24,-29.81193,
2023-11-25,.,No value available
2023-11-26,.,No value available
2023-11-27,-29.98234,
2023-11-28,-24.02713,
2023-11-29,-28.07840,
2023-11-30,-29.96687,
2023-12-01,-5.18018,
2023-12-02,.,No value available
2023-12-03,.,No value available
2023-12-04,-3.16611,
2023-12-05,-2.77130,
2023-12-06,-2.43134,
2023-12-07,-2.60016,
2023-12-08,-3.77422,
2023-12-09,.,No value available
2023-12-10,.,No value available
2023-12-11,-3.56881,
2023-12-12,-4.24365,
2023-12-13,-3.01316,
2023-12-14,-2.49510,
2023-12-15,-2.48369,
2023-12-16,.,No value available
2023-12-17,.,No value available
2023-12-18,-2.09383,
2023-12-19,-2.44484,
2023-12-20,-2.22088,
2023-12-21,-2.33790,
2023-12-22,-2.26759,
2023-12-23,.,No value available
2023-12-24,.,No value available
2023-12-25,.,No value available
2023-12-26,.,No value available
2023-12-27,-2.35466,
2023-12-28,-2.17017,
2023-12-29,-2.26495,
2023-12-30,.,No value available
2023-12-31,.,No value available
2024-01-01,.,No value available
2024-01-02,-2.18317,
2024-01-03,-2.12393,
2024-01-04,-2.25104,
2024-01-05,-2.15730,
2024-01-06,.,No value available
2024-01-07,.,No value available
2024-01-08,-2.24789,
2024-01-09,-2.20690,
2024-01-10,-2.32847,
2024-01-11,-2.42197,
2024-01-12,-2.01044,
2024-01-13,.,No value available
2024-01-14,.,No value available
2024-01-15,-1.97943,
2024-01-16,-1.78538,
2024-01-17,-1.54805,
2024-01-18,-1.10919,
2024-01-19,-1.20587,
2024-01-20,.,No value available
2024-01-21,.,No value available
2024-01-22,-1.33434,
2024-01-23,-1.42742,
2024-01-24,-1.62982,
2024-01-25,-1.38388,
2024-01-26,-1.54739,
2024-01-27,.,No value available
2024-01-28,.,No value available
2024-01-29,-1.38657,
2024-01-30,-1.38628,
2024-01-31,-1.68891,
2024-02-01,-1.65120,
2024-02-02,-1.46164,
2024-02-03,.,No value available
2024-02-04,.,No value available
2024-02-05,-1.69291,
2024-02-06,-1.52713,
2024-02-07,-1.77042,
2024-02-08,-1.45764,
2024-02-09,-1.35238,
2024-02-10,.,No value available
2024-02-11,.,No value available
2024-02-12,-0.82322,
2024-02-13,-0.74886,
2024-02-14,-1.18442,
2024-02-15,-1.00099,
2024-02-16,-1.29003,
2024-02-17,.,No value available
2024-02-18,.,No value available
2024-02-19,-1.55643,
2024-02-20,-1.61697,
2024-02-21,-1.45392,
2024-02-22,-1.75100,
2024-02-23,-2.46431,
2024-02-24,.,No value available
2024-02-25,.,No value available
2024-02-26,-2.02169,
2024-02-27,-2.41755,
2024-02-28,-2.08746,
2024-02-29,-3.30599,
2024-03-01,-1.92677,
2024-03-02,.,No value available
2024-03-03,.,No value available
2024-03-04,-1.20454,
2024-03-05,-1.84714,
2024-03-06,-2.58135,
2024-03-07,-1.07955,
2024-03-08,-1.30103,
2024-03-09,.,No value available
2024-03-10,.,No value available
2024-03-11,-1.45221,
2024-03-12,-1.65812,
2024-03-13,-1.33516,
2024-03-14,-1.61325,
2024-03-15,-1.51514,
2024-03-16,.,No value available
2024-03-17,.,No value available
2024-03-18,-1.70458,
2024-03-19,-1.63776,
2024-03-20,-3.17856,
2024-03-21,-1.90721,
2024-03-22,-2.44707,
2024-03-23,.,No value available
2024-03-24,.,No value available
2024-03-25,-2.08599,
2024-03-26,-2.07373,
2024-03-27,-2.47270,
2024-03-28,-3.48813,
2024-03-29,.,No value available
2024-03-30,.,No value available
2024-03-31,.,No value available
2024-04-01,.,No value available
2024-04-02,-2.05645,
2024-04-03,-1.99603,
2024-04-04,-1.97051,
2024-04-05,-2.95980,
2024-04-06,.,No value available
2024-04-07,.,No value available
2024-04-08,-4.82601,
2024-04-09,-4.63215,
2024-04-10,-3.25099,
2024-04-11,-6.93691,
2024-04-12,-4.10141,
2024-04-13,.,No value available
2024-04-14,.,No value available
2024-04-15,-2.24139,
2024-04-16,-2.23704,
2024-04-17,-3.57596,
2024-04-18,-4.48943,
2024-04-19,-4.63525,
2024-04-20,.,No value available
2024-04-21,.,No value available
2024-04-22,-5.72753,
2024-04-23,-5.11668,
2024-04-24,-6.46477,
2024-04-25,-7.10659,
2024-04-26,-13.67802,
2024-04-27,.,No value available
2024-04-28,.,No value available
2024-04-29,-27.78830,
2024-04-30,-21.90996,
2024-05-01,.,No value available
2024-05-02,-22.99576,
2024-05-03,-28.16468,
2024-05-04,.,No value available
2024-05-05,.,No value available
2024-05-06,-27.12631,
2024-05-07,-9.99694,
2024-05-08,-10.40036,
2024-05-09,-5.02973,
2024-05-10,-5.54912,
2024-05-11,.,No value available
2024-05-12,.,No value available
2024-05-13,-6.16269,
2024-05-14,-3.41613,
2024-05-15,-4.70569,
2024-05-16,-4.39905,
2024-05-17,-9.24987,
2024-05-18,.,No value available
2024-05-19,.,No value available
2024-05-20,-12.20012,
2024-05-21,-10.14866,
2024-05-22,-21.24907,
2024-05-23,-29.60250,
2024-05-24,-21.78956,
2024-05-25,.,No value available
2024-05-26,.,No value available
2024-05-27,-29.22881,
2024-05-28,-28.26615,
2024-05-29,-28.74097,
2024-05-30,-28.78550,
2024-05-31,-28.95985,
2024-06-01,.,No value available
2024-06-02,.,No value available
2024-06-03,-16.60328,
2024-06-04,-23.46647,
2024-06-05,-25.54875,
2024-06-06,-29.91247,
2024-06-07,-10.58508,
2024-06-08,.,No value available
2024-06-09,.,No value available
2024-06-10,-17.90918,
2024-06-11,-29.26647,
2024-06-12,-22.63594,
2024-06-13,-29.80515,
2024-06-14,-29.99634,
2024-06-15,.,No value available
2024-06-16,.,No value available
2024-06-17,-29.96926,
2024-06-18,-29.84819,
2024-06-19,-29.95455,
2024-06-20,-9.92436,
2024-06-21,-20.51110,
2024-06-22,.,No value available
2024-06-23,.,No value available
2024-06-24,-17.74770,
2024-06-25,-17.74059,
2024-06-26,-30.00000,
2024-06-27,-28.47143,
2024-06-28,-20.70437,
2024-06-29,.,No value available
2024-06-30,.,No value available
2024-07-01,-29.45686,
2024-07-02,-29.04144,
2024-07-03,-21.36191,
2024-07-04,-27.61439,
2024-07-05,-29.58760,
2024-07-06,.,No value available
2024-07-07,.,No value available
2024-07-08,-29.66145,
2024-07-09,-29.54432,
2024-07-10,-24.63281,
2024-07-11,-28.41375,
2024-07-12,-29.83301,
2024-07-13,.,No value available
2024-07-14,.,No value available
2024-07-15,-29.96232,
2024-07-16,-28.31427,
2024-07-17,3.52911,
2024-07-18,4.07288,
2024-07-19,3.47121,
2024-07-20,.,No value available
2024-07-21,.,No value available
2024-07-22,3.68695,
2024-07-23,-4.18002,
2024-07-24,-2.01682,
2024-07-25,-1.51393,
2024-07-26,-1.46868,
2024-07-27,.,No value available
2024-07-28,.,No value available
2024-07-29,-1.22960,
2024-07-30,-1.72016,
2024-07-31,-1.35345,
2024-08-01,0.03211,
2024-08-02,0.00362,
2024-08-03,.,No value available
2024-08-04,.,No value available
2024-08-05,0.04138,
2024-08-06,0.00056,
2024-08-07,0.00184,
2024-08-08,0.00543,
2024-08-09,0.01540,
2024-08-10,.,No value available
2024-08-11,.,No value available
2024-08-12,-15.31560,
2024-08-13,0.01492,
2024-08-14,-0.00714,
2024-08-15,-0.00349,
2024-08-16,-0.01234,
2024-08-17,.,No value available
2024-08-18,.,No value available
2024-08-19,-0.00711,
2024-08-20,-0.00752,
2024-08-21,-0.00081,
2024-08-22,0.00122,
2024-08-23,0.00104,
2024-08-24,.,No value available
2024-08-25,.,No value available
2024-08-26,-0.00918,
2024-08-27,-0.01270,
2024-08-28,0.00476,
2024-08-29,0.01190,
2024-08-30,0.03672,
2024-08-31,.,No value available
2024-09-01,.,No value available
2024-09-02,-0.00513,
2024-09-03,0.00651,
2024-09-04,0.01552,
2024-09-05,-0.02561,
2024-09-06,-0.05875,
2024-09-07,.,No value available
2024-09-08,.,No value available
2024-09-09,-0.06163,
2024-09-10,-0.01968,
2024-09-11,0.01313,
2024-09-12,-0.01466,
2024-09-13,-0.05935,
2024-09-14,.,No value available
2024-09-15,.,No value available
2024-09-16,-0.03391,
2024-09-17,-0.01216,
2024-09-18,0.01213,
2024-09-19,-0.01025,
2024-09-20,-0.01224,
2024-09-21,.,No value available
2024-09-22,.,No value available
2024-09-23,0.02245,
2024-09-24,-0.03648,
2024-09-25,-0.00271,
2024-09-26,0.00098,
2024-09-27,0.01428,
2024-09-28,.,No value available
2024-09-29,.,No value available
2024-09-30,0.00445,
2024-10-01,0.00209,
2024-10-02,-0.01111,
2024-10-03,-0.01624,
2024-10-04,0.04465,
2024-10-05,.,No value available
2024-10-06,.,No value available
2024-10-07,-0.02261,
2024-10-08,-0.00064,
2024-10-09,0.03171,
2024-10-10,0.04004,
2024-10-11,-0.04010,
2024-10-12,.,No value available
2024-10-13,.,No value available
2024-10-14,-0.00862,
2024-10-15,0.01120,
2024-10-16,0.00524,
2024-10-17,-0.00485,
2024-10-18,-0.01484,
2024-10-19,.,No value available
2024-10-20,.,No value available
2024-10-21,-0.00747,
2024-10-22,-0.00332,
2024-10-23,-0.00053,
2024-10-24,-0.07319,
2024-10-25,0.00833,
2024-10-26,.,No value available
2024-10-27,.,No value available
2024-10-28,-0.03905,
2024-10-29,-0.01951,
2024-10-30,-0.00660,
2024-10-31,-0.00990,
2024-11-01,-0.01277,
2024-11-02,.,No value available
2024-11-03,.,No value available
2024-11-04,0.00387,
2024-11-05,-0.04986,
2024-11-06,-0.00876,
2024-11-07,0.00092,
2024-11-08,-0.02054,
2024-11-09,.,No value available
2024-11-10,.,No value available
2024-11-11,-0.04131,
2024-11-12,-0.01486,
2024-11-13,-0.01429,
2024-11-14,0.03969,
2024-11-15,-0.05414,
2024-11-16,.,No value available
2024-11-17,.,No value available
2024-11-18,-0.03468,
2024-11-19,0.03071,
2024-11-20,-0.00378,
2024-11-21,-0.04640,
2024-11-22,-0.00313,
2024-11-23,.,No value available
2024-11-24,.,No value available
2024-11-25,-0.08077,
2024-11-26,0.00421,
2024-11-27,0.03062,
2024-11-28,-0.01052,
2024-11-29,0.03045,
2024-11-30,.,No value available
2024-12-01,.,No value available
2024-12-02,0.01888,
2024-12-03,-0.03336,
2024-12-04,-0.01238,
2024-12-05,0.00652,
2024-12-06,-0.02709,
2024-12-07,.,No value available
2024-12-08,.,No value available
2024-12-09,-0.00484,
2024-12-10,-0.04000,
2024-12-11,-0.01272,
2024-12-12,-0.01312,
2024-12-13,0.00114,
2024-12-14,.,No value available
2024-12-15,.,No value available
2024-12-16,0.01430,
2024-12-17,-0.02828,
2024-12-18,0.00082,
2024-12-19,-0.01957,
2024-12-20,-0.00265,
2024-12-21,.,No value available
2024-12-22,.,No value available
2024-12-23,0.03632,
2024-12-24,.,No value available
2024-12-25,.,No value available
2024-12-26,.,No value available
2024-12-27,0.00597,
2024-12-28,.,No value available
2024-12-29,.,No value available
2024-12-30,0.05323,
2024-12-31,.,No value available
2025-01-01,.,No value available
2025-01-02,0.00446,
2025-01-03,0.00587,
2025-01-04,.,No value available
2025-01-05,.,No value available
2025-01-06,0.00694,
2025-01-07,-0.00011,
2025-01-08,0.00425,
2025-01-09,0.00521,
2025-01-10,-0.01418,
2025-01-11,.,No value available
2025-01-12,.,No value available
2025-01-13,-0.00109,
2025-01-14,-0.01586,
2025-01-15,-0.00044,
2025-01-16,-0.00732,
2025-01-17,0.02890,
2025-01-18,.,No value available
2025-01-19,.,No value available
2025-01-20,0.03023,
2025-01-21,0.00548,
2025-01-22,-0.02027,
2025-01-23,-0.02828,
2025-01-24,0.01977,
2025-01-25,.,No value available
2025-01-26,.,No value available
2025-01-27,0.00139,
2025-01-28,0.00813,
2025-01-29,-0.02690,
2025-01-30,-0.03238,
2025-01-31,0.00372,
2025-02-01,.,No value available
2025-02-02,.,No value available
2025-02-03,-0.03273,
2025-02-04,0.00543,
2025-02-05,-0.01444,
2025-02-06,0.04475,
2025-02-07,0.02007,
2025-02-08,.,No value available
2025-02-09,.,No value available
2025-02-10,0.00029,
2025-02-11,-0.01576,
2025-02-12,0.03331,
2025-02-13,0.01421,
2025-02-14,-0.01496,
2025-02-15,.,No value available
2025-02-16,.,No value available
2025-02-17,-0.00335,
2025-02-18,0.02331,
2025-02-19,-0.00135,
2025-02-20,0.00560,
2025-02-21,0.01253,
2025-02-22,.,No value available
2025-02-23,.,No value available
2025-02-24,0.00075,
2025-02-25,0.00215,
2025-02-26,0.00277,
2025-02-27,-0.02211,
2025-02-28,0.01726,
2025-03-01,.,No value available
2025-03-02,.,No value available
2025-03-03,0.00352,
2025-03-04,0.00436,
2025-03-05,0.06499,
2025-03-06,0.00420,
2025-03-07,0.00443,
2025-03-08,.,No value available
2025-03-09,.,No value available
2025-03-10,0.02688,
2025-03-11,-0.05406,
2025-03-12,-0.02174,
2025-03-13,0.04488,
2025-03-14,0.01387,
2025-03-15,.,No value available
2025-03-16,.,No value available
2025-03-17,0.29313,
2025-03-18,0.13844,
2025-03-19,-0.00041,
2025-03-20,0.02081,
2025-03-21,-0.08148,
2025-03-22,.,No value available
2025-03-23,.,No value available
2025-03-24,-6.72087,
2025-03-25,-6.87879,
2025-03-26,-7.19302,
2025-03-27,-7.42132,
2025-03-28,-2.97638,
2025-03-29,.,No value available
2025-03-30,.,No value available
2025-03-31,-2.35147,
2025-04-01,-2.31733,
2025-04-02,-2.38107,
2025-04-03,-2.10979,
2025-04-04,-1.10467,
2025-04-05,.,No value available
2025-04-06,.,No value available
2025-04-07,-2.45358,
2025-04-08,-3.04389,
2025-04-09,-3.59419,
2025-04-10,-1.37676,
2025-04-11,-1.26055,
2025-04-12,.,No value available
2025-04-13,.,No value available
2025-04-14,-1.47915,
2025-04-15,-0.51438,
2025-04-16,-0.92315,
2025-04-17,-0.73519,
2025-04-18,.,No value available
2025-04-19,.,No value available
2025-04-20,.,No value available
2025-04-21,.,No value available
2025-04-22,-0.44436,
2025-04-23,-0.19364,
2025-04-24,-0.11873,
2025-04-25,0.00017,
2025-04-26,.,No value available
2025-04-27,.,No value available
2025-04-28,0.00579,
2025-04-29,0.02183,
2025-04-30,0.03826,
2025-05-01,.,No value available
2025-05-02,0.00505,
2025-05-03,.,No value available
2025-05-04,.,No value available
2025-05-05,-0.01045,
2025-05-06,0.02983,
2025-05-07,-0.01715,
2025-05-08,-0.03392,
2025-05-09,0.00071,
2025-05-10,.,No value available
2025-05-11,.,No value available
2025-05-12,-0.00644,
2025-05-13,-0.00256,
2025-05-14,0.00400,
2025-05-15,-0.08190,
2025-05-16,0.01679,
2025-05-17,.,No value available
2025-05-18,.,No value available
2025-05-19,0.01585,
2025-05-20,-0.03405,
2025-05-21,0.03554,
2025-05-22,-0.08634,
2025-05-23,-0.02146,
2025-05-24,.,No value available
2025-05-25,.,No value available
2025-05-26,0.02203,
2025-05-27,0.02572,
2025-05-28,-0.00640,
2025-05-29,0.01131,
2025-05-30,-0.03552,
2025-05-31,.,No value available
2025-06-01,.,No value available
2025-06-02,0.52272,
2025-06-03,0.54569,
2025-06-04,0.47725,
2025-06-05,0.40156,
2025-06-06,0.41144,
2025-06-07,.,No value available
2025-06-08,.,No value available
2025-06-09,0.10176,
2025-06-10,0.00330,
2025-06-11,0.14036,
2025-06-12,0.00476,
2025-06-13,0.58803,
2025-06-14,.,No value available
2025-06-15,.,No value available
2025-06-16,0.40056,
2025-06-17,0.54774,
2025-06-18,0.58415,
2025-06-19,0.62998,
2025-06-20,0.67388,
2025-06-21,.,No value available
2025-06-22,.,No value available
2025-06-23,1.01328,
2025-06-24,0.40025,
2025-06-25,0.87555,
2025-06-26,0.99064,
2025-06-27,0.50508,
2025-06-28,.,No value available
2025-06-29,.,No value available
2025-06-30,0.68064,
2025-07-01,0.56929,
2025-07-02,0.46959,
2025-07-03,0.34825,
2025-07-04,0.18213,
2025-07-05,.,No value available
2025-07-06,.,No value available
2025-07-07,0.21536,
2025-07-08,0.77716,
2025-07-09,0.06643,
2025-07-10,0.06729,
2025-07-11,0.00164,
2025-07-12,.,No value available
2025-07-13,.,No value available
2025-07-14,-0.11727,
2025-07-15,-0.03266,
2025-07-16,-0.04910,
2025-07-17,-0.08567,
2025-07-18,-6.21892,
2025-07-19,.,No value available
2025-07-20,.,No value available
2025-07-21,-6.20476,
2025-07-22,-6.74576,
2025-07-23,-6.85835,
2025-07-24,-8.93442,
2025-07-25,-9.99965,
2025-07-26,.,No value available
2025-07-27,.,No value available
2025-07-28,-10.74744,
2025-07-29,-11.42767,
2025-07-30,-12.03020,
2025-07-31,-13.72868,
2025-08-01,-14.24108,
2025-08-02,.,No value available
2025-08-03,.,No value available
2025-08-04,-14.89168,
2025-08-05,-15.26243,
2025-08-06,-15.28835,
2025-08-07,-15.34309,
2025-08-08,-15.37045,
2025-08-09,.,No value available
2025-08-10,.,No value available
2025-08-11,-15.80134,
2025-08-12,-16.23627,
2025-08-13,-16.65135,
2025-08-14,-17.15812,
2025-08-15,-17.52822,
2025-08-16,.,No value available
2025-08-17,.,No value available
2025-08-18,-18.78046,
2025-08-19,-18.83208,
2025-08-20,-19.36933,
2025-08-21,-19.72488,
2025-08-22,-20.57528,
2025-08-23,.,No value available
2025-08-24,.,No value available
2025-08-25,-20.63203,
2025-08-26,-20.77096,
2025-08-27,-21.13873,
2025-08-28,-22.00369,
2025-08-29,-22.02536,
2025-08-30,.,No value available
2025-08-31,.,No value available
2025-09-01,-22.16110,
2025-09-02,-22.22803,
2025-09-03,-22.66829,
2025-09-04,-22.95857,
2025-09-05,-24.36264,
2025-09-06,.,No value available
2025-09-07,.,No value available
2025-09-08,-24.72388,
2025-09-09,-24.72570,
2025-09-10,-25.30610,
2025-09-11,-25.18820,
2025-09-12,-26.52754,
2025-09-13,.,No value available
2025-09-14,.,No value available
2025-09-15,-26.54907,
2025-09-16,-26.59794,
2025-09-17,-26.67151,
2025-09-18,-27.18185,
2025-09-19,-27.16724,
2025-09-20,.,No value available
2025-09-21,.,No value available
2025-09-22,-27.41259,
2025-09-23,-27.38929,
2025-09-24,-27.81898,
2025-09-25,-27.78723,
2025-09-26,-27.65612,
2025-09-27,.,No value available
2025-09-28,.,No value available
2025-09-29,-28.58849,
2025-09-30,-28.73240,
2025-10-01,-28.69164,
2025-10-02,-28.74696,
2025-10-03,-28.82316,
2025-10-04,.,No value available
2025-10-05,.,No value available
2025-10-06,-28.77001,
2025-10-07,-28.75355,
2025-10-08,-28.81899,
2025-10-09,-28.79585,
2025-10-10,-28.59757,
2025-10-11,.,No value available
2025-10-12,.,No value available
2025-10-13,-28.85525,
2025-10-14,-28.88526,
2025-10-15,-29.05044,
2025-10-16,-29.11485,
2025-10-17,-29.13782,
2025-10-18,.,No value available
2025-10-19,.,No value available
2025-10-20,-29.20304,
2025-10-21,-29.57045,
2025-10-22,-29.43690,
2025-10-23,-29.46479,
2025-10-24,-29.29231,
2025-10-25,.,No value available
2025-10-26,.,No value available
2025-10-27,-29.15061,
2025-10-28,-29.18099,
2025-10-29,-29.12119,
2025-10-30,-28.87819,
2025-10-31,-28.87981,
2025-11-01,.,No value available
2025-11-02,.,No value available
2025-11-03,-28.88267,
2025-11-04,-28.89543,
2025-11-05,-28.89243,
2025-11-06,-28.87993,
2025-11-07,-28.85608,
2025-11-08,.,No value available
2025-11-09,.,No value available
2025-11-10,-28.86780,
2025-11-11,-28.86910,
2025-11-12,-28.81189,
2025-11-13,-28.84313,
2025-11-14,-28.91837,
2025-11-15,.,No value available
2025-11-16,.,No value available
2025-11-17,-29.03347,
2025-11-18,-29.03465,
2025-11-19,-29.00153,
2025-11-20,-28.99501,
2025-11-21,-29.02116,
2025-11-22,.,No value available
2025-11-23,.,No value available
2025-11-24,-28.73109,
2025-11-25,-29.57466,
2025-11-26,-29.57769,
2025-11-27,-29.16767,
2025-11-28,-28.86727,
2025-11-29,.,No value available
2025-11-30,.,No value available
2025-12-01,-28.82273,
2025-12-02,-28.85210,
2025-12-03,-28.85957,
2025-12-04,-29.09614,
2025-12-05,-29.10954,
2025-12-06,.,No value available
2025-12-07,.,No value available
2025-12-08,-29.01957,
2025-12-09,-28.45212,
2025-12-10,-28.37971,
2025-12-11,-27.97736,
2025-12-12,-27.99741,
2025-12-13,.,No value available
2025-12-14,.,No value available
2025-12-15,-28.00579,
2025-12-16,-27.96620,
2025-12-17,-27.99328,
2025-12-18,-27.96469,
2025-12-19,-28.09423,
2025-12-20,.,No value available
2025-12-21,.,No value available
2025-12-22,-28.11335,
2025-12-23,-28.69942,
2025-12-24,.,No value available
2025-12-25,.,No value available
2025-12-26,.,No value available
2025-12-27,.,No value available
2025-12-28,.,No value available
2025-12-29,-28.70032,
2025-12-30,-28.70251,
2025-12-31,.,No value available
2026-01-01,.,No value available
2026-01-02,-28.71688,
2026-01-03,.,No value available
2026-01-04,.,No value available
2026-01-05,-28.78768,
2026-01-06,-28.79840,
2026-01-07,-28.78184,
2026-01-08,-28.81428,
2026-01-09,-28.90027,
2026-01-10,.,No value available
2026-01-11,.,No value available
2026-01-12,-28.94304,
2026-01-13,-29.10450,
2026-01-14,-29.10574,
2026-01-15,-29.12573,
2026-01-16,-28.78214,
2026-01-17,.,No value available
2026-01-18,.,No value available
2026-01-19,-28.75124,
2026-01-20,-29.00136,
2026-01-21,-29.00903,
2026-01-22,-28.75925,
2026-01-23,-28.93272,
2026-01-24,.,No value available
2026-01-25,.,No value available
2026-01-26,-28.93351,
2026-01-27,-28.93479,
2026-01-28,-28.94851,
2026-01-29,-29.62543,
2026-01-30,-29.61300,
2026-01-31,.,No value available
2026-02-01,.,No value available
2026-02-02,-29.54688,
2026-02-03,-29.32867,
2026-02-04,-29.32883,
2026-02-05,-29.33109,
2026-02-06,-29.34665,
2026-02-07,.,No value available
2026-02-08,.,No value available
2026-02-09,-29.27759,
2026-02-10,-29.62201,
2026-02-11,-29.66053,
2026-02-12,-29.63805,
2026-02-13,-29.63866,
2026-02-14,.,No value available
2026-02-15,.,No value available
2026-02-16,-29.64715,
2026-02-17,-29.65057,
2026-02-18,-29.63635,
2026-02-19,-29.54707,
2026-02-20,-29.44177,
2026-02-21,.,No value available
2026-02-22,.,No value available
2026-02-23,-29.49987,
2026-02-24,-29.50137,
2026-02-25,-29.47495,
2026-02-26,-29.47564,
2026-02-27,-29.48822,
2026-02-28,.,No value available
2026-03-01,.,No value available
2026-03-02,-29.57062,
2026-03-03,-26.25507,
2026-03-04,-26.29639,
2026-03-05,-26.55843,
2026-03-06,-24.74379,
2026-03-07,.,No value available
2026-03-08,.,No value available
2026-03-09,-22.54671,
2026-03-10,-22.98459,
2026-03-11,-22.15284,
2026-03-12,-21.47849,
2026-03-13,-21.42779,
2026-03-14,.,No value available
2026-03-15,.,No value available
2026-03-16,-21.38597,
2026-03-17,-21.39897,
2026-03-18,-21.65052,
2026-03-19,13.92601,
2026-03-20,-0.01106,
2026-03-21,.,No value available
2026-03-22,.,No value available
2026-03-23,0.00847,
2026-03-24,0.00801,
2026-03-25,5.15210,
2026-03-26,10.26983,
2026-03-27,13.16918,
2026-03-28,.,No value available
2026-03-29,.,No value available
2026-03-30,13.00632,
2026-03-31,3.98374,
2026-04-01,14.32721,
2026-04-02,15.25691,
2026-04-03,.,No value available
2026-04-04,.,No value available
2026-04-05,.,No value available
2026-04-06,.,No value available
2026-04-07,2.56099,
2026-04-08,14.85255,
2026-04-09,15.38337,
2026-04-10,0.00640,
2026-04-11,.,No value available
2026-04-12,.,No value available
2026-04-13,7.59103,
2026-04-14,7.67246,
2026-04-15,7.57452,
2026-04-16,12.87145,
2026-04-17,17.51758,
2026-04-18,.,No value available
2026-04-19,.,No value available
2026-04-20,17.95097,
2026-04-21,18.77329,
2026-04-22,19.27381,
2026-04-23,19.33983,
2026-04-24,0.21226,
2026-04-25,.,No value available
2026-04-26,.,No value available
2026-04-27,13.18647,
2026-04-28,13.81097,
2026-04-29,14.10791,
2026-04-30,5.20650,
2026-05-01,.,No value available
2026-05-02,.,No value available
2026-05-03,.,No value available
2026-05-04,2.96663,
2026-05-05,12.25362,
2026-05-06,13.17371,
2026-05-07,14.30396,
2026-05-08,14.54726,
2026-05-09,.,No value available
2026-05-10,.,No value available
2026-05-11,14.63762,
2026-05-12,14.70709,
2026-05-13,4.30837,
2026-05-14,12.19671,
2026-05-15,13.26507,
2026-05-16,.,No value available
2026-05-17,.,No value available
2026-05-18,15.37050,
2026-05-19,17.70144,
2026-05-20,19.85043,
2026-05-21,20.18096,
2026-05-22,21.22155,
2026-05-23,.,No value available
2026-05-24,.,No value available
2026-05-25,21.42937,
2026-05-26,22.58102,
2026-05-27,23.32912,
2026-05-28,24.15643,
2026-05-29,24.73485,
2026-05-30,.,No value available
2026-05-31,.,No value available
2026-06-01,25.09107,
2026-06-02,25.31657,
2026-06-03,25.65919,
2026-06-04,26.10034,
2026-06-05,26.46886,
2026-06-06,.,No value available
2026-06-07,.,No value available
2026-06-08,26.60853,
2026-06-09,27.15123,
2026-06-10,27.23860,
2026-06-11,27.41369,
2026-06-12,27.22880,
2026-06-13,.,No value available
2026-06-14,.,No value available
2026-06-15,27.31839,
