"",BBSIS.D.I.ZST.B0.EUR.S1311.B.A604._Z.R.A.A._Z._Z.A,BBSIS.D.I.ZST.B0.EUR.S1311.B.A604._Z.R.A.A._Z._Z.A_FLAGS
"",Term structure of interest rates on listed Federalsecurities (method by Svensson) / Parameter Beta0 /daily data,
Comment,Monatsreihe siehe WZ9801. Bis Juli 1997 liegen lediglich Ultimowerte vor.,
Decimals,5,
Time format code,P1D,
category,ZRZS,
unit,,
unit multiplier,One,
last update,2026-06-15 12:11:40,
1997-08-01,.,No value available
1997-08-02,.,No value available
1997-08-03,.,No value available
1997-08-04,.,No value available
1997-08-05,.,No value available
1997-08-06,.,No value available
1997-08-07,7.35100,
1997-08-08,7.48100,
1997-08-09,.,No value available
1997-08-10,.,No value available
1997-08-11,7.41380,
1997-08-12,7.33101,
1997-08-13,7.35156,
1997-08-14,7.00844,
1997-08-15,6.87916,
1997-08-16,.,No value available
1997-08-17,.,No value available
1997-08-18,7.29734,
1997-08-19,7.21204,
1997-08-20,7.07619,
1997-08-21,6.81192,
1997-08-22,6.87055,
1997-08-23,.,No value available
1997-08-24,.,No value available
1997-08-25,7.10359,
1997-08-26,7.09901,
1997-08-27,6.92540,
1997-08-28,6.60562,
1997-08-29,7.23291,
1997-08-30,.,No value available
1997-08-31,.,No value available
1997-09-01,7.30846,
1997-09-02,7.25671,
1997-09-03,7.20477,
1997-09-04,7.17985,
1997-09-05,7.08903,
1997-09-06,.,No value available
1997-09-07,.,No value available
1997-09-08,7.20661,
1997-09-09,7.16825,
1997-09-10,7.18472,
1997-09-11,7.17216,
1997-09-12,7.17934,
1997-09-13,.,No value available
1997-09-14,.,No value available
1997-09-15,7.08373,
1997-09-16,6.70181,
1997-09-17,7.03030,
1997-09-18,7.06652,
1997-09-19,7.03158,
1997-09-20,.,No value available
1997-09-21,.,No value available
1997-09-22,6.90445,
1997-09-23,7.04905,
1997-09-24,6.83491,
1997-09-25,6.94219,
1997-09-26,6.90689,
1997-09-27,.,No value available
1997-09-28,.,No value available
1997-09-29,4.47263,
1997-09-30,6.91168,
1997-10-01,6.91955,
1997-10-02,6.85356,
1997-10-03,.,No value available
1997-10-04,.,No value available
1997-10-05,.,No value available
1997-10-06,6.89583,
1997-10-07,6.74480,
1997-10-08,6.76906,
1997-10-09,6.81300,
1997-10-10,6.64512,
1997-10-11,.,No value available
1997-10-12,.,No value available
1997-10-13,6.60909,
1997-10-14,6.75065,
1997-10-15,6.71932,
1997-10-16,6.85070,
1997-10-17,6.77540,
1997-10-18,.,No value available
1997-10-19,.,No value available
1997-10-20,6.82313,
1997-10-21,6.82008,
1997-10-22,6.83749,
1997-10-23,6.84430,
1997-10-24,6.91276,
1997-10-25,.,No value available
1997-10-26,.,No value available
1997-10-27,6.88479,
1997-10-28,7.47952,
1997-10-29,7.29277,
1997-10-30,6.92732,
1997-10-31,7.06106,
1997-11-01,.,No value available
1997-11-02,.,No value available
1997-11-03,7.00287,
1997-11-04,7.01220,
1997-11-05,7.49414,
1997-11-06,8.51889,
1997-11-07,8.43073,
1997-11-08,.,No value available
1997-11-09,.,No value available
1997-11-10,7.27740,
1997-11-11,7.01420,
1997-11-12,7.69352,
1997-11-13,8.41692,
1997-11-14,8.39278,
1997-11-15,.,No value available
1997-11-16,.,No value available
1997-11-17,7.58166,
1997-11-18,8.15256,
1997-11-19,8.00638,
1997-11-20,6.96869,
1997-11-21,9.12310,
1997-11-22,.,No value available
1997-11-23,.,No value available
1997-11-24,6.95592,
1997-11-25,9.10249,
1997-11-26,8.31779,
1997-11-27,6.86858,
1997-11-28,6.85808,
1997-11-29,.,No value available
1997-11-30,.,No value available
1997-12-01,7.21020,
1997-12-02,6.83486,
1997-12-03,7.49937,
1997-12-04,7.02261,
1997-12-05,6.80360,
1997-12-06,.,No value available
1997-12-07,.,No value available
1997-12-08,8.18476,
1997-12-09,7.35516,
1997-12-10,6.58993,
1997-12-11,6.58595,
1997-12-12,6.59890,
1997-12-13,.,No value available
1997-12-14,.,No value available
1997-12-15,7.36421,
1997-12-16,6.39733,
1997-12-17,7.05987,
1997-12-18,6.96351,
1997-12-19,6.65802,
1997-12-20,.,No value available
1997-12-21,.,No value available
1997-12-22,8.82251,
1997-12-23,6.48076,
1997-12-24,.,No value available
1997-12-25,.,No value available
1997-12-26,.,No value available
1997-12-27,.,No value available
1997-12-28,.,No value available
1997-12-29,6.67301,
1997-12-30,6.54269,
1997-12-31,.,No value available
1998-01-01,.,No value available
1998-01-02,6.59502,
1998-01-03,.,No value available
1998-01-04,.,No value available
1998-01-05,6.41833,
1998-01-06,6.53776,
1998-01-07,6.40203,
1998-01-08,6.30328,
1998-01-09,6.20564,
1998-01-10,.,No value available
1998-01-11,.,No value available
1998-01-12,6.10641,
1998-01-13,8.65075,
1998-01-14,6.26090,
1998-01-15,8.65451,
1998-01-16,6.81070,
1998-01-17,.,No value available
1998-01-18,.,No value available
1998-01-19,6.64497,
1998-01-20,6.20959,
1998-01-21,6.22993,
1998-01-22,6.85193,
1998-01-23,6.27153,
1998-01-24,.,No value available
1998-01-25,.,No value available
1998-01-26,6.40892,
1998-01-27,6.31997,
1998-01-28,6.30025,
1998-01-29,6.35075,
1998-01-30,7.58378,
1998-01-31,.,No value available
1998-02-01,.,No value available
1998-02-02,6.34847,
1998-02-03,7.10569,
1998-02-04,6.90384,
1998-02-05,6.35871,
1998-02-06,6.59764,
1998-02-07,.,No value available
1998-02-08,.,No value available
1998-02-09,7.02422,
1998-02-10,6.29385,
1998-02-11,6.53937,
1998-02-12,6.19422,
1998-02-13,6.16593,
1998-02-14,.,No value available
1998-02-15,.,No value available
1998-02-16,6.38806,
1998-02-17,6.21332,
1998-02-18,6.49310,
1998-02-19,6.16861,
1998-02-20,6.87868,
1998-02-21,.,No value available
1998-02-22,.,No value available
1998-02-23,6.15359,
1998-02-24,6.19882,
1998-02-25,6.22753,
1998-02-26,6.15828,
1998-02-27,6.13457,
1998-02-28,.,No value available
1998-03-01,.,No value available
1998-03-02,6.46699,
1998-03-03,6.53487,
1998-03-04,6.70494,
1998-03-05,6.63265,
1998-03-06,7.09920,
1998-03-07,.,No value available
1998-03-08,.,No value available
1998-03-09,6.33236,
1998-03-10,6.61550,
1998-03-11,6.30170,
1998-03-12,6.23560,
1998-03-13,6.73479,
1998-03-14,.,No value available
1998-03-15,.,No value available
1998-03-16,6.16646,
1998-03-17,6.13112,
1998-03-18,6.73725,
1998-03-19,6.15573,
1998-03-20,6.13255,
1998-03-21,.,No value available
1998-03-22,.,No value available
1998-03-23,6.05290,
1998-03-24,6.26164,
1998-03-25,6.03967,
1998-03-26,6.06146,
1998-03-27,6.00239,
1998-03-28,.,No value available
1998-03-29,.,No value available
1998-03-30,6.04665,
1998-03-31,6.30940,
1998-04-01,6.56618,
1998-04-02,6.68705,
1998-04-03,5.92678,
1998-04-04,.,No value available
1998-04-05,.,No value available
1998-04-06,5.79407,
1998-04-07,6.15091,
1998-04-08,6.07819,
1998-04-09,6.34211,
1998-04-10,.,No value available
1998-04-11,.,No value available
1998-04-12,.,No value available
1998-04-13,.,No value available
1998-04-14,6.37777,
1998-04-15,6.52623,
1998-04-16,6.45097,
1998-04-17,6.04238,
1998-04-18,.,No value available
1998-04-19,.,No value available
1998-04-20,6.45403,
1998-04-21,6.02518,
1998-04-22,6.37048,
1998-04-23,6.14582,
1998-04-24,6.57621,
1998-04-25,.,No value available
1998-04-26,.,No value available
1998-04-27,6.32390,
1998-04-28,7.20473,
1998-04-29,6.96013,
1998-04-30,6.68868,
1998-05-01,.,No value available
1998-05-02,.,No value available
1998-05-03,.,No value available
1998-05-04,6.18013,
1998-05-05,6.63847,
1998-05-06,6.57222,
1998-05-07,6.15741,
1998-05-08,6.05489,
1998-05-09,.,No value available
1998-05-10,.,No value available
1998-05-11,6.14602,
1998-05-12,6.06007,
1998-05-13,6.02567,
1998-05-14,6.29813,
1998-05-15,6.06057,
1998-05-16,.,No value available
1998-05-17,.,No value available
1998-05-18,7.12472,
1998-05-19,6.16309,
1998-05-20,6.27842,
1998-05-21,.,No value available
1998-05-22,6.46194,
1998-05-23,.,No value available
1998-05-24,.,No value available
1998-05-25,6.45051,
1998-05-26,6.32362,
1998-05-27,6.28740,
1998-05-28,6.40034,
1998-05-29,6.50554,
1998-05-30,.,No value available
1998-05-31,.,No value available
1998-06-01,.,No value available
1998-06-02,7.14363,
1998-06-03,6.13641,
1998-06-04,6.19495,
1998-06-05,6.21684,
1998-06-06,.,No value available
1998-06-07,.,No value available
1998-06-08,6.21858,
1998-06-09,6.18984,
1998-06-10,6.16793,
1998-06-11,.,No value available
1998-06-12,5.93984,
1998-06-13,.,No value available
1998-06-14,.,No value available
1998-06-15,5.93827,
1998-06-16,5.86730,
1998-06-17,5.92745,
1998-06-18,5.94487,
1998-06-19,5.96085,
1998-06-20,.,No value available
1998-06-21,.,No value available
1998-06-22,5.86447,
1998-06-23,5.90727,
1998-06-24,5.92202,
1998-06-25,5.91944,
1998-06-26,5.93673,
1998-06-27,.,No value available
1998-06-28,.,No value available
1998-06-29,5.90714,
1998-06-30,5.71431,
1998-07-01,5.92813,
1998-07-02,5.66191,
1998-07-03,5.86130,
1998-07-04,.,No value available
1998-07-05,.,No value available
1998-07-06,5.60487,
1998-07-07,5.61837,
1998-07-08,5.61046,
1998-07-09,5.84661,
1998-07-10,6.03534,
1998-07-11,.,No value available
1998-07-12,.,No value available
1998-07-13,6.02027,
1998-07-14,6.30169,
1998-07-15,6.33846,
1998-07-16,6.18176,
1998-07-17,6.16834,
1998-07-18,.,No value available
1998-07-19,.,No value available
1998-07-20,6.26435,
1998-07-21,6.09797,
1998-07-22,6.00618,
1998-07-23,6.36557,
1998-07-24,6.20959,
1998-07-25,.,No value available
1998-07-26,.,No value available
1998-07-27,6.15669,
1998-07-28,6.42455,
1998-07-29,6.02108,
1998-07-30,6.16155,
1998-07-31,6.17684,
1998-08-01,.,No value available
1998-08-02,.,No value available
1998-08-03,6.76140,
1998-08-04,6.16490,
1998-08-05,5.96524,
1998-08-06,5.91293,
1998-08-07,6.01285,
1998-08-08,.,No value available
1998-08-09,.,No value available
1998-08-10,5.95843,
1998-08-11,5.60434,
1998-08-12,6.24391,
1998-08-13,5.97254,
1998-08-14,5.71427,
1998-08-15,.,No value available
1998-08-16,.,No value available
1998-08-17,5.74758,
1998-08-18,5.81923,
1998-08-19,5.40189,
1998-08-20,6.24928,
1998-08-21,5.92383,
1998-08-22,.,No value available
1998-08-23,.,No value available
1998-08-24,5.91351,
1998-08-25,6.17859,
1998-08-26,2.07319,
1998-08-27,6.52964,
1998-08-28,6.13885,
1998-08-29,.,No value available
1998-08-30,.,No value available
1998-08-31,2.91073,
1998-09-01,6.34762,
1998-09-02,6.04993,
1998-09-03,5.93887,
1998-09-04,6.02307,
1998-09-05,.,No value available
1998-09-06,.,No value available
1998-09-07,5.94697,
1998-09-08,6.02986,
1998-09-09,5.43106,
1998-09-10,6.18436,
1998-09-11,5.91840,
1998-09-12,.,No value available
1998-09-13,.,No value available
1998-09-14,6.57508,
1998-09-15,6.36826,
1998-09-16,6.51952,
1998-09-17,5.93321,
1998-09-18,6.53551,
1998-09-19,.,No value available
1998-09-20,.,No value available
1998-09-21,6.29533,
1998-09-22,6.45043,
1998-09-23,6.48549,
1998-09-24,7.00680,
1998-09-25,6.72639,
1998-09-26,.,No value available
1998-09-27,.,No value available
1998-09-28,7.21877,
1998-09-29,6.72356,
1998-09-30,6.59839,
1998-10-01,6.83346,
1998-10-02,6.93484,
1998-10-03,.,No value available
1998-10-04,.,No value available
1998-10-05,7.31981,
1998-10-06,7.64783,
1998-10-07,6.97506,
1998-10-08,7.83236,
1998-10-09,6.55002,
1998-10-10,.,No value available
1998-10-11,.,No value available
1998-10-12,8.18737,
1998-10-13,6.65795,
1998-10-14,6.69497,
1998-10-15,6.88003,
1998-10-16,7.04833,
1998-10-17,.,No value available
1998-10-18,.,No value available
1998-10-19,7.05536,
1998-10-20,2.93202,
1998-10-21,7.21230,
1998-10-22,7.71525,
1998-10-23,7.69277,
1998-10-24,.,No value available
1998-10-25,.,No value available
1998-10-26,7.91522,
1998-10-27,8.10431,
1998-10-28,8.22769,
1998-10-29,8.06675,
1998-10-30,8.18544,
1998-10-31,.,No value available
1998-11-01,.,No value available
1998-11-02,8.20866,
1998-11-03,8.00189,
1998-11-04,7.19470,
1998-11-05,8.21366,
1998-11-06,7.33589,
1998-11-07,.,No value available
1998-11-08,.,No value available
1998-11-09,7.17326,
1998-11-10,7.57389,
1998-11-11,7.46210,
1998-11-12,8.17787,
1998-11-13,7.78827,
1998-11-14,.,No value available
1998-11-15,.,No value available
1998-11-16,7.60544,
1998-11-17,7.46085,
1998-11-18,7.66898,
1998-11-19,7.56953,
1998-11-20,7.33409,
1998-11-21,.,No value available
1998-11-22,.,No value available
1998-11-23,6.80014,
1998-11-24,7.09949,
1998-11-25,6.90110,
1998-11-26,6.67929,
1998-11-27,6.74662,
1998-11-28,.,No value available
1998-11-29,.,No value available
1998-11-30,6.33300,
1998-12-01,6.58399,
1998-12-02,6.79316,
1998-12-03,6.51618,
1998-12-04,6.20363,
1998-12-05,.,No value available
1998-12-06,.,No value available
1998-12-07,6.39097,
1998-12-08,6.34594,
1998-12-09,6.08111,
1998-12-10,6.05582,
1998-12-11,5.85186,
1998-12-12,.,No value available
1998-12-13,.,No value available
1998-12-14,5.94793,
1998-12-15,5.90630,
1998-12-16,5.87665,
1998-12-17,5.87867,
1998-12-18,5.91734,
1998-12-19,.,No value available
1998-12-20,.,No value available
1998-12-21,5.73029,
1998-12-22,6.02840,
1998-12-23,6.03308,
1998-12-24,.,No value available
1998-12-25,.,No value available
1998-12-26,.,No value available
1998-12-27,.,No value available
1998-12-28,6.04956,
1998-12-29,6.11535,
1998-12-30,7.78789,
1998-12-31,.,No value available
1999-01-01,.,No value available
1999-01-02,.,No value available
1999-01-03,.,No value available
1999-01-04,5.78285,
1999-01-05,5.76192,
1999-01-06,5.68974,
1999-01-07,5.70144,
1999-01-08,5.91991,
1999-01-09,.,No value available
1999-01-10,.,No value available
1999-01-11,5.92879,
1999-01-12,6.08645,
1999-01-13,6.11467,
1999-01-14,6.38016,
1999-01-15,6.35770,
1999-01-16,.,No value available
1999-01-17,.,No value available
1999-01-18,6.32710,
1999-01-19,6.23245,
1999-01-20,6.35407,
1999-01-21,6.11065,
1999-01-22,6.09847,
1999-01-23,.,No value available
1999-01-24,.,No value available
1999-01-25,6.07039,
1999-01-26,4.03980,
1999-01-27,6.09377,
1999-01-28,6.05209,
1999-01-29,6.09498,
1999-01-30,.,No value available
1999-01-31,.,No value available
1999-02-01,5.99169,
1999-02-02,6.02752,
1999-02-03,6.29179,
1999-02-04,6.28269,
1999-02-05,6.07658,
1999-02-06,.,No value available
1999-02-07,.,No value available
1999-02-08,6.24818,
1999-02-09,6.41579,
1999-02-10,6.52330,
1999-02-11,5.89036,
1999-02-12,6.51654,
1999-02-13,.,No value available
1999-02-14,.,No value available
1999-02-15,6.46270,
1999-02-16,6.28260,
1999-02-17,6.50903,
1999-02-18,6.37899,
1999-02-19,6.28429,
1999-02-20,.,No value available
1999-02-21,.,No value available
1999-02-22,6.40064,
1999-02-23,6.45530,
1999-02-24,6.42618,
1999-02-25,6.66692,
1999-02-26,5.94705,
1999-02-27,.,No value available
1999-02-28,.,No value available
1999-03-01,6.70251,
1999-03-02,6.76546,
1999-03-03,6.83960,
1999-03-04,6.87362,
1999-03-05,6.87663,
1999-03-06,.,No value available
1999-03-07,.,No value available
1999-03-08,2.02175,
1999-03-09,6.73389,
1999-03-10,6.75585,
1999-03-11,6.63961,
1999-03-12,6.50207,
1999-03-13,.,No value available
1999-03-14,.,No value available
1999-03-15,6.68738,
1999-03-16,6.89393,
1999-03-17,6.65024,
1999-03-18,6.60394,
1999-03-19,6.40375,
1999-03-20,.,No value available
1999-03-21,.,No value available
1999-03-22,6.52513,
1999-03-23,6.86410,
1999-03-24,6.46218,
1999-03-25,6.85063,
1999-03-26,6.55723,
1999-03-27,.,No value available
1999-03-28,.,No value available
1999-03-29,6.51751,
1999-03-30,6.21735,
1999-03-31,6.49658,
1999-04-01,7.38129,
1999-04-02,.,No value available
1999-04-03,.,No value available
1999-04-04,.,No value available
1999-04-05,.,No value available
1999-04-06,6.34056,
1999-04-07,6.29651,
1999-04-08,6.84352,
1999-04-09,6.16863,
1999-04-10,.,No value available
1999-04-11,.,No value available
1999-04-12,6.57218,
1999-04-13,6.37242,
1999-04-14,6.11299,
1999-04-15,1.81507,
1999-04-16,4.34829,
1999-04-17,.,No value available
1999-04-18,.,No value available
1999-04-19,6.49902,
1999-04-20,6.55591,
1999-04-21,6.22691,
1999-04-22,6.28364,
1999-04-23,6.26678,
1999-04-24,.,No value available
1999-04-25,.,No value available
1999-04-26,6.29946,
1999-04-27,6.31581,
1999-04-28,6.23649,
1999-04-29,6.10544,
1999-04-30,6.05396,
1999-05-01,.,No value available
1999-05-02,.,No value available
1999-05-03,6.22061,
1999-05-04,6.23839,
1999-05-05,6.32413,
1999-05-06,6.31441,
1999-05-07,6.23938,
1999-05-08,.,No value available
1999-05-09,.,No value available
1999-05-10,7.60771,
1999-05-11,6.25852,
1999-05-12,6.33304,
1999-05-13,.,No value available
1999-05-14,6.51706,
1999-05-15,.,No value available
1999-05-16,.,No value available
1999-05-17,6.06924,
1999-05-18,2.09006,
1999-05-19,6.63568,
1999-05-20,6.58475,
1999-05-21,6.50555,
1999-05-22,.,No value available
1999-05-23,.,No value available
1999-05-24,.,No value available
1999-05-25,6.37386,
1999-05-26,6.39612,
1999-05-27,6.60550,
1999-05-28,6.39758,
1999-05-29,.,No value available
1999-05-30,.,No value available
1999-05-31,6.42942,
1999-06-01,6.63350,
1999-06-02,6.53466,
1999-06-03,.,No value available
1999-06-04,6.63887,
1999-06-05,.,No value available
1999-06-06,.,No value available
1999-06-07,6.74792,
1999-06-08,6.51241,
1999-06-09,6.52983,
1999-06-10,6.63161,
1999-06-11,6.76611,
1999-06-12,.,No value available
1999-06-13,.,No value available
1999-06-14,6.72792,
1999-06-15,6.49545,
1999-06-16,6.70679,
1999-06-17,6.42905,
1999-06-18,6.82868,
1999-06-19,.,No value available
1999-06-20,.,No value available
1999-06-21,6.38838,
1999-06-22,6.76693,
1999-06-23,6.95930,
1999-06-24,6.52340,
1999-06-25,7.45850,
1999-06-26,.,No value available
1999-06-27,.,No value available
1999-06-28,7.38703,
1999-06-29,7.28912,
1999-06-30,7.00957,
1999-07-01,6.35179,
1999-07-02,8.49244,
1999-07-03,.,No value available
1999-07-04,.,No value available
1999-07-05,8.45997,
1999-07-06,7.34702,
1999-07-07,6.46347,
1999-07-08,8.58283,
1999-07-09,8.52444,
1999-07-10,.,No value available
1999-07-11,.,No value available
1999-07-12,7.13008,
1999-07-13,6.91140,
1999-07-14,8.43974,
1999-07-15,6.94260,
1999-07-16,7.04724,
1999-07-17,.,No value available
1999-07-18,.,No value available
1999-07-19,7.38179,
1999-07-20,7.00118,
1999-07-21,7.38300,
1999-07-22,6.40008,
1999-07-23,6.86510,
1999-07-24,.,No value available
1999-07-25,.,No value available
1999-07-26,6.47487,
1999-07-27,6.41787,
1999-07-28,2.45110,
1999-07-29,7.04684,
1999-07-30,7.20322,
1999-07-31,.,No value available
1999-08-01,.,No value available
1999-08-02,7.40248,
1999-08-03,7.43971,
1999-08-04,7.34386,
1999-08-05,7.33638,
1999-08-06,7.26558,
1999-08-07,.,No value available
1999-08-08,.,No value available
1999-08-09,7.17768,
1999-08-10,7.15719,
1999-08-11,7.67864,
1999-08-12,7.77215,
1999-08-13,7.27830,
1999-08-14,.,No value available
1999-08-15,.,No value available
1999-08-16,7.15518,
1999-08-17,7.23851,
1999-08-18,4.57952,
1999-08-19,7.61858,
1999-08-20,7.64237,
1999-08-21,.,No value available
1999-08-22,.,No value available
1999-08-23,7.47600,
1999-08-24,7.48303,
1999-08-25,7.35311,
1999-08-26,4.60258,
1999-08-27,7.43246,
1999-08-28,.,No value available
1999-08-29,.,No value available
1999-08-30,7.24934,
1999-08-31,7.32377,
1999-09-01,7.59352,
1999-09-02,7.77360,
1999-09-03,8.15110,
1999-09-04,.,No value available
1999-09-05,.,No value available
1999-09-06,8.68865,
1999-09-07,8.34968,
1999-09-08,8.12662,
1999-09-09,7.70987,
1999-09-10,7.56443,
1999-09-11,.,No value available
1999-09-12,.,No value available
1999-09-13,7.47567,
1999-09-14,7.70935,
1999-09-15,7.90776,
1999-09-16,7.95013,
1999-09-17,8.06228,
1999-09-18,.,No value available
1999-09-19,.,No value available
1999-09-20,8.20203,
1999-09-21,8.12253,
1999-09-22,7.96155,
1999-09-23,8.01522,
1999-09-24,7.38984,
1999-09-25,.,No value available
1999-09-26,.,No value available
1999-09-27,8.27280,
1999-09-28,7.65738,
1999-09-29,8.07438,
1999-09-30,7.55210,
1999-10-01,7.05253,
1999-10-02,.,No value available
1999-10-03,.,No value available
1999-10-04,7.19709,
1999-10-05,7.00359,
1999-10-06,7.00439,
1999-10-07,7.28836,
1999-10-08,7.27550,
1999-10-09,.,No value available
1999-10-10,.,No value available
1999-10-11,7.45532,
1999-10-12,7.65469,
1999-10-13,7.39884,
1999-10-14,7.58913,
1999-10-15,7.65047,
1999-10-16,.,No value available
1999-10-17,.,No value available
1999-10-18,7.41609,
1999-10-19,7.53226,
1999-10-20,7.95655,
1999-10-21,8.10045,
1999-10-22,8.22851,
1999-10-23,.,No value available
1999-10-24,.,No value available
1999-10-25,7.81582,
1999-10-26,8.39698,
1999-10-27,8.76329,
1999-10-28,8.08833,
1999-10-29,8.43918,
1999-10-30,.,No value available
1999-10-31,.,No value available
1999-11-01,8.16179,
1999-11-02,7.67857,
1999-11-03,7.74153,
1999-11-04,8.31017,
1999-11-05,8.08473,
1999-11-06,.,No value available
1999-11-07,.,No value available
1999-11-08,8.55724,
1999-11-09,8.39818,
1999-11-10,8.59527,
1999-11-11,6.31554,
1999-11-12,8.16470,
1999-11-13,.,No value available
1999-11-14,.,No value available
1999-11-15,8.58220,
1999-11-16,8.54897,
1999-11-17,8.59470,
1999-11-18,8.66460,
1999-11-19,8.65042,
1999-11-20,.,No value available
1999-11-21,.,No value available
1999-11-22,8.70116,
1999-11-23,8.69722,
1999-11-24,8.79378,
1999-11-25,8.79959,
1999-11-26,8.83558,
1999-11-27,.,No value available
1999-11-28,.,No value available
1999-11-29,8.82661,
1999-11-30,8.81438,
1999-12-01,8.76568,
1999-12-02,8.75289,
1999-12-03,8.82276,
1999-12-04,.,No value available
1999-12-05,.,No value available
1999-12-06,8.74974,
1999-12-07,8.58303,
1999-12-08,8.64628,
1999-12-09,8.30837,
1999-12-10,8.64327,
1999-12-11,.,No value available
1999-12-12,.,No value available
1999-12-13,7.93620,
1999-12-14,7.62774,
1999-12-15,7.75674,
1999-12-16,7.34612,
1999-12-17,7.77024,
1999-12-18,.,No value available
1999-12-19,.,No value available
1999-12-20,8.11017,
1999-12-21,7.79951,
1999-12-22,7.39109,
1999-12-23,7.38995,
1999-12-24,.,No value available
1999-12-25,.,No value available
1999-12-26,.,No value available
1999-12-27,7.17365,
1999-12-28,7.36338,
1999-12-29,7.02680,
1999-12-30,7.42063,
1999-12-31,.,No value available
2000-01-01,.,No value available
2000-01-02,.,No value available
2000-01-03,8.01258,
2000-01-04,7.78627,
2000-01-05,7.40167,
2000-01-06,7.43522,
2000-01-07,7.29814,
2000-01-08,.,No value available
2000-01-09,.,No value available
2000-01-10,6.79601,
2000-01-11,6.95302,
2000-01-12,7.36963,
2000-01-13,7.64534,
2000-01-14,8.11190,
2000-01-15,.,No value available
2000-01-16,.,No value available
2000-01-17,8.13558,
2000-01-18,8.08677,
2000-01-19,7.90947,
2000-01-20,7.94619,
2000-01-21,8.93814,
2000-01-22,.,No value available
2000-01-23,.,No value available
2000-01-24,8.72462,
2000-01-25,8.46744,
2000-01-26,8.31516,
2000-01-27,8.24979,
2000-01-28,7.95359,
2000-01-29,.,No value available
2000-01-30,.,No value available
2000-01-31,8.09921,
2000-02-01,8.12541,
2000-02-02,7.42655,
2000-02-03,7.53625,
2000-02-04,7.55552,
2000-02-05,.,No value available
2000-02-06,.,No value available
2000-02-07,8.27083,
2000-02-08,8.50900,
2000-02-09,8.61024,
2000-02-10,8.46507,
2000-02-11,7.53259,
2000-02-12,.,No value available
2000-02-13,.,No value available
2000-02-14,8.93369,
2000-02-15,8.89955,
2000-02-16,8.93921,
2000-02-17,7.79845,
2000-02-18,6.13807,
2000-02-19,.,No value available
2000-02-20,.,No value available
2000-02-21,6.11264,
2000-02-22,7.10953,
2000-02-23,7.43399,
2000-02-24,7.41622,
2000-02-25,7.48451,
2000-02-26,.,No value available
2000-02-27,.,No value available
2000-02-28,7.69145,
2000-02-29,7.33761,
2000-03-01,7.47568,
2000-03-02,7.28349,
2000-03-03,7.07159,
2000-03-04,.,No value available
2000-03-05,.,No value available
2000-03-06,6.86001,
2000-03-07,6.85375,
2000-03-08,6.66091,
2000-03-09,6.26045,
2000-03-10,6.82962,
2000-03-11,.,No value available
2000-03-12,.,No value available
2000-03-13,6.45172,
2000-03-14,6.89745,
2000-03-15,7.02611,
2000-03-16,7.21329,
2000-03-17,7.34215,
2000-03-18,.,No value available
2000-03-19,.,No value available
2000-03-20,6.87532,
2000-03-21,6.97644,
2000-03-22,7.46933,
2000-03-23,7.28747,
2000-03-24,7.16065,
2000-03-25,.,No value available
2000-03-26,.,No value available
2000-03-27,7.57674,
2000-03-28,7.25128,
2000-03-29,7.12838,
2000-03-30,7.46041,
2000-03-31,7.08097,
2000-04-01,.,No value available
2000-04-02,.,No value available
2000-04-03,6.82184,
2000-04-04,7.02518,
2000-04-05,8.50286,
2000-04-06,7.68310,
2000-04-07,7.02340,
2000-04-08,.,No value available
2000-04-09,.,No value available
2000-04-10,6.89494,
2000-04-11,6.74891,
2000-04-12,6.79655,
2000-04-13,6.64943,
2000-04-14,6.63475,
2000-04-15,.,No value available
2000-04-16,.,No value available
2000-04-17,6.98646,
2000-04-18,7.20777,
2000-04-19,6.76834,
2000-04-20,6.83891,
2000-04-21,.,No value available
2000-04-22,.,No value available
2000-04-23,.,No value available
2000-04-24,.,No value available
2000-04-25,6.64387,
2000-04-26,6.68527,
2000-04-27,6.48291,
2000-04-28,5.96635,
2000-04-29,.,No value available
2000-04-30,.,No value available
2000-05-01,.,No value available
2000-05-02,5.90333,
2000-05-03,5.93959,
2000-05-04,6.09039,
2000-05-05,6.09827,
2000-05-06,.,No value available
2000-05-07,.,No value available
2000-05-08,5.97721,
2000-05-09,5.90878,
2000-05-10,5.94925,
2000-05-11,6.05459,
2000-05-12,5.97699,
2000-05-13,.,No value available
2000-05-14,.,No value available
2000-05-15,5.89567,
2000-05-16,5.82169,
2000-05-17,5.75332,
2000-05-18,5.78570,
2000-05-19,5.73668,
2000-05-20,.,No value available
2000-05-21,.,No value available
2000-05-22,5.61278,
2000-05-23,5.67138,
2000-05-24,5.70863,
2000-05-25,5.70251,
2000-05-26,5.68136,
2000-05-27,.,No value available
2000-05-28,.,No value available
2000-05-29,5.74356,
2000-05-30,5.76311,
2000-05-31,5.65341,
2000-06-01,5.55513,
2000-06-02,5.54599,
2000-06-03,.,No value available
2000-06-04,.,No value available
2000-06-05,5.65515,
2000-06-06,5.69016,
2000-06-07,5.82088,
2000-06-08,5.74923,
2000-06-09,5.62771,
2000-06-10,.,No value available
2000-06-11,.,No value available
2000-06-12,5.64527,
2000-06-13,5.69478,
2000-06-14,5.97748,
2000-06-15,5.89699,
2000-06-16,5.76251,
2000-06-17,.,No value available
2000-06-18,.,No value available
2000-06-19,5.86927,
2000-06-20,5.69802,
2000-06-21,5.78413,
2000-06-22,5.72285,
2000-06-23,5.77777,
2000-06-24,.,No value available
2000-06-25,.,No value available
2000-06-26,5.77717,
2000-06-27,5.69180,
2000-06-28,5.74643,
2000-06-29,5.68955,
2000-06-30,5.78027,
2000-07-01,.,No value available
2000-07-02,.,No value available
2000-07-03,5.79510,
2000-07-04,5.76723,
2000-07-05,5.80297,
2000-07-06,6.07406,
2000-07-07,5.83054,
2000-07-08,.,No value available
2000-07-09,.,No value available
2000-07-10,5.89256,
2000-07-11,5.85519,
2000-07-12,5.79980,
2000-07-13,5.80936,
2000-07-14,5.82358,
2000-07-15,.,No value available
2000-07-16,.,No value available
2000-07-17,5.79174,
2000-07-18,5.80884,
2000-07-19,5.81049,
2000-07-20,5.80240,
2000-07-21,5.76547,
2000-07-22,.,No value available
2000-07-23,.,No value available
2000-07-24,5.73656,
2000-07-25,5.73299,
2000-07-26,5.76354,
2000-07-27,5.72387,
2000-07-28,5.70707,
2000-07-29,.,No value available
2000-07-30,.,No value available
2000-07-31,5.66119,
2000-08-01,5.60979,
2000-08-02,5.61845,
2000-08-03,5.69468,
2000-08-04,5.65399,
2000-08-05,.,No value available
2000-08-06,.,No value available
2000-08-07,5.64550,
2000-08-08,5.67418,
2000-08-09,5.71114,
2000-08-10,5.56649,
2000-08-11,5.45794,
2000-08-12,.,No value available
2000-08-13,.,No value available
2000-08-14,5.38962,
2000-08-15,5.58869,
2000-08-16,5.74456,
2000-08-17,5.44939,
2000-08-18,5.58460,
2000-08-19,.,No value available
2000-08-20,.,No value available
2000-08-21,5.53458,
2000-08-22,5.61873,
2000-08-23,5.56908,
2000-08-24,5.46371,
2000-08-25,5.70738,
2000-08-26,.,No value available
2000-08-27,.,No value available
2000-08-28,5.69268,
2000-08-29,5.57466,
2000-08-30,5.69206,
2000-08-31,5.90013,
2000-09-01,6.13494,
2000-09-02,.,No value available
2000-09-03,.,No value available
2000-09-04,6.15970,
2000-09-05,6.16611,
2000-09-06,6.17077,
2000-09-07,6.27566,
2000-09-08,5.99078,
2000-09-09,.,No value available
2000-09-10,.,No value available
2000-09-11,6.05595,
2000-09-12,6.18609,
2000-09-13,6.50969,
2000-09-14,6.58179,
2000-09-15,6.85440,
2000-09-16,.,No value available
2000-09-17,.,No value available
2000-09-18,7.15707,
2000-09-19,7.30611,
2000-09-20,7.05938,
2000-09-21,7.07062,
2000-09-22,6.77868,
2000-09-23,.,No value available
2000-09-24,.,No value available
2000-09-25,6.91640,
2000-09-26,6.74586,
2000-09-27,7.07978,
2000-09-28,7.07371,
2000-09-29,7.09389,
2000-09-30,.,No value available
2000-10-01,.,No value available
2000-10-02,7.41322,
2000-10-03,.,No value available
2000-10-04,8.62744,
2000-10-05,7.34113,
2000-10-06,7.22831,
2000-10-07,.,No value available
2000-10-08,.,No value available
2000-10-09,6.93452,
2000-10-10,6.81486,
2000-10-11,7.08932,
2000-10-12,7.20644,
2000-10-13,6.34676,
2000-10-14,.,No value available
2000-10-15,.,No value available
2000-10-16,6.44043,
2000-10-17,7.14719,
2000-10-18,7.04260,
2000-10-19,6.87290,
2000-10-20,6.78115,
2000-10-21,.,No value available
2000-10-22,.,No value available
2000-10-23,7.78161,
2000-10-24,8.48976,
2000-10-25,6.28050,
2000-10-26,7.24426,
2000-10-27,6.35849,
2000-10-28,.,No value available
2000-10-29,.,No value available
2000-10-30,7.04438,
2000-10-31,8.59242,
2000-11-01,6.84664,
2000-11-02,7.28050,
2000-11-03,6.56305,
2000-11-04,.,No value available
2000-11-05,.,No value available
2000-11-06,6.33906,
2000-11-07,6.51228,
2000-11-08,6.86452,
2000-11-09,7.80460,
2000-11-10,6.49780,
2000-11-11,.,No value available
2000-11-12,.,No value available
2000-11-13,6.82541,
2000-11-14,8.50730,
2000-11-15,8.62071,
2000-11-16,6.50814,
2000-11-17,8.58911,
2000-11-18,.,No value available
2000-11-19,.,No value available
2000-11-20,6.73367,
2000-11-21,7.58423,
2000-11-22,6.49856,
2000-11-23,6.57269,
2000-11-24,6.85795,
2000-11-25,.,No value available
2000-11-26,.,No value available
2000-11-27,6.13104,
2000-11-28,6.15534,
2000-11-29,6.19190,
2000-11-30,6.36666,
2000-12-01,6.41994,
2000-12-02,.,No value available
2000-12-03,.,No value available
2000-12-04,7.23274,
2000-12-05,7.03623,
2000-12-06,7.12683,
2000-12-07,7.58921,
2000-12-08,7.20374,
2000-12-09,.,No value available
2000-12-10,.,No value available
2000-12-11,6.91686,
2000-12-12,7.46872,
2000-12-13,7.16710,
2000-12-14,6.63591,
2000-12-15,6.20518,
2000-12-16,.,No value available
2000-12-17,.,No value available
2000-12-18,7.19656,
2000-12-19,6.58158,
2000-12-20,7.19710,
2000-12-21,6.88035,
2000-12-22,6.88300,
2000-12-23,.,No value available
2000-12-24,.,No value available
2000-12-25,.,No value available
2000-12-26,.,No value available
2000-12-27,6.87885,
2000-12-28,7.25002,
2000-12-29,6.76680,
2000-12-30,.,No value available
2000-12-31,.,No value available
2001-01-01,.,No value available
2001-01-02,6.52363,
2001-01-03,6.46412,
2001-01-04,6.58385,
2001-01-05,6.50509,
2001-01-06,.,No value available
2001-01-07,.,No value available
2001-01-08,6.43109,
2001-01-09,6.46702,
2001-01-10,6.46216,
2001-01-11,6.32139,
2001-01-12,6.79513,
2001-01-13,.,No value available
2001-01-14,.,No value available
2001-01-15,6.52476,
2001-01-16,6.58304,
2001-01-17,6.66807,
2001-01-18,6.28809,
2001-01-19,6.63416,
2001-01-20,.,No value available
2001-01-21,.,No value available
2001-01-22,6.62750,
2001-01-23,6.54564,
2001-01-24,6.53605,
2001-01-25,6.49187,
2001-01-26,6.27804,
2001-01-27,.,No value available
2001-01-28,.,No value available
2001-01-29,6.24347,
2001-01-30,6.47130,
2001-01-31,6.52840,
2001-02-01,6.42150,
2001-02-02,6.23269,
2001-02-03,.,No value available
2001-02-04,.,No value available
2001-02-05,6.34197,
2001-02-06,6.37451,
2001-02-07,6.25357,
2001-02-08,6.21960,
2001-02-09,6.25467,
2001-02-10,.,No value available
2001-02-11,.,No value available
2001-02-12,6.36790,
2001-02-13,6.47790,
2001-02-14,6.58744,
2001-02-15,6.40096,
2001-02-16,6.33823,
2001-02-17,.,No value available
2001-02-18,.,No value available
2001-02-19,6.52202,
2001-02-20,6.52005,
2001-02-21,6.42456,
2001-02-22,6.57724,
2001-02-23,7.12299,
2001-02-24,.,No value available
2001-02-25,.,No value available
2001-02-26,6.61971,
2001-02-27,6.74353,
2001-02-28,6.83004,
2001-03-01,6.77513,
2001-03-02,6.80579,
2001-03-03,.,No value available
2001-03-04,.,No value available
2001-03-05,6.62134,
2001-03-06,6.73873,
2001-03-07,6.86490,
2001-03-08,6.73637,
2001-03-09,6.72660,
2001-03-10,.,No value available
2001-03-11,.,No value available
2001-03-12,6.52346,
2001-03-13,6.61804,
2001-03-14,6.68571,
2001-03-15,6.81026,
2001-03-16,6.79582,
2001-03-17,.,No value available
2001-03-18,.,No value available
2001-03-19,6.71444,
2001-03-20,6.67945,
2001-03-21,6.53214,
2001-03-22,6.52870,
2001-03-23,6.38680,
2001-03-24,.,No value available
2001-03-25,.,No value available
2001-03-26,6.43287,
2001-03-27,6.41161,
2001-03-28,6.43422,
2001-03-29,6.50720,
2001-03-30,6.52389,
2001-03-31,.,No value available
2001-04-01,.,No value available
2001-04-02,6.55809,
2001-04-03,6.59647,
2001-04-04,6.52849,
2001-04-05,6.59591,
2001-04-06,6.53294,
2001-04-07,.,No value available
2001-04-08,.,No value available
2001-04-09,6.55139,
2001-04-10,6.53798,
2001-04-11,6.60629,
2001-04-12,6.51390,
2001-04-13,.,No value available
2001-04-14,.,No value available
2001-04-15,.,No value available
2001-04-16,.,No value available
2001-04-17,6.55088,
2001-04-18,6.59846,
2001-04-19,6.68196,
2001-04-20,6.80798,
2001-04-21,.,No value available
2001-04-22,.,No value available
2001-04-23,7.06457,
2001-04-24,6.35686,
2001-04-25,6.49093,
2001-04-26,7.86958,
2001-04-27,6.49994,
2001-04-28,.,No value available
2001-04-29,.,No value available
2001-04-30,6.54479,
2001-05-01,.,No value available
2001-05-02,6.55795,
2001-05-03,6.64447,
2001-05-04,6.47558,
2001-05-05,.,No value available
2001-05-06,.,No value available
2001-05-07,6.36416,
2001-05-08,6.93456,
2001-05-09,6.89230,
2001-05-10,6.48777,
2001-05-11,6.78209,
2001-05-12,.,No value available
2001-05-13,.,No value available
2001-05-14,7.16637,
2001-05-15,7.24580,
2001-05-16,6.71109,
2001-05-17,7.09458,
2001-05-18,6.61773,
2001-05-19,.,No value available
2001-05-20,.,No value available
2001-05-21,6.66297,
2001-05-22,6.64278,
2001-05-23,6.71856,
2001-05-24,6.91423,
2001-05-25,6.62873,
2001-05-26,.,No value available
2001-05-27,.,No value available
2001-05-28,6.71869,
2001-05-29,6.48067,
2001-05-30,6.59203,
2001-05-31,6.51591,
2001-06-01,6.70059,
2001-06-02,.,No value available
2001-06-03,.,No value available
2001-06-04,6.76490,
2001-06-05,6.66374,
2001-06-06,6.57984,
2001-06-07,6.65268,
2001-06-08,6.35350,
2001-06-09,.,No value available
2001-06-10,.,No value available
2001-06-11,6.61231,
2001-06-12,6.63399,
2001-06-13,6.41712,
2001-06-14,6.35849,
2001-06-15,6.55853,
2001-06-16,.,No value available
2001-06-17,.,No value available
2001-06-18,6.67537,
2001-06-19,6.86987,
2001-06-20,6.89708,
2001-06-21,6.88343,
2001-06-22,6.86037,
2001-06-23,.,No value available
2001-06-24,.,No value available
2001-06-25,6.77856,
2001-06-26,6.63905,
2001-06-27,6.35460,
2001-06-28,6.30651,
2001-06-29,6.43180,
2001-06-30,.,No value available
2001-07-01,.,No value available
2001-07-02,6.63344,
2001-07-03,6.65372,
2001-07-04,6.52465,
2001-07-05,6.47466,
2001-07-06,6.49591,
2001-07-07,.,No value available
2001-07-08,.,No value available
2001-07-09,6.38799,
2001-07-10,6.48036,
2001-07-11,6.66436,
2001-07-12,6.53079,
2001-07-13,6.33587,
2001-07-14,.,No value available
2001-07-15,.,No value available
2001-07-16,6.54477,
2001-07-17,6.32473,
2001-07-18,6.39004,
2001-07-19,6.23231,
2001-07-20,6.49912,
2001-07-21,.,No value available
2001-07-22,.,No value available
2001-07-23,6.21472,
2001-07-24,6.23362,
2001-07-25,6.26599,
2001-07-26,6.40991,
2001-07-27,6.23125,
2001-07-28,.,No value available
2001-07-29,.,No value available
2001-07-30,6.21371,
2001-07-31,6.20310,
2001-08-01,6.18550,
2001-08-02,6.41507,
2001-08-03,6.44817,
2001-08-04,.,No value available
2001-08-05,.,No value available
2001-08-06,6.36162,
2001-08-07,6.28301,
2001-08-08,6.63637,
2001-08-09,6.26875,
2001-08-10,6.30672,
2001-08-11,.,No value available
2001-08-12,.,No value available
2001-08-13,6.29635,
2001-08-14,6.34431,
2001-08-15,6.26898,
2001-08-16,6.31110,
2001-08-17,6.13058,
2001-08-18,.,No value available
2001-08-19,.,No value available
2001-08-20,6.29537,
2001-08-21,6.21498,
2001-08-22,6.27532,
2001-08-23,6.21907,
2001-08-24,6.31743,
2001-08-25,.,No value available
2001-08-26,.,No value available
2001-08-27,6.31415,
2001-08-28,6.27537,
2001-08-29,6.28963,
2001-08-30,6.22118,
2001-08-31,6.40404,
2001-09-01,.,No value available
2001-09-02,.,No value available
2001-09-03,6.40267,
2001-09-04,6.36857,
2001-09-05,6.44382,
2001-09-06,6.44286,
2001-09-07,6.46197,
2001-09-08,.,No value available
2001-09-09,.,No value available
2001-09-10,6.45974,
2001-09-11,6.55207,
2001-09-12,6.58802,
2001-09-13,6.69627,
2001-09-14,6.73197,
2001-09-15,.,No value available
2001-09-16,.,No value available
2001-09-17,6.79978,
2001-09-18,6.69479,
2001-09-19,6.91927,
2001-09-20,6.81281,
2001-09-21,6.77641,
2001-09-22,.,No value available
2001-09-23,.,No value available
2001-09-24,6.94504,
2001-09-25,6.86794,
2001-09-26,6.65754,
2001-09-27,6.51260,
2001-09-28,6.60700,
2001-09-29,.,No value available
2001-09-30,.,No value available
2001-10-01,6.62933,
2001-10-02,6.63056,
2001-10-03,6.61386,
2001-10-04,6.62702,
2001-10-05,6.62075,
2001-10-06,.,No value available
2001-10-07,.,No value available
2001-10-08,6.64972,
2001-10-09,6.66806,
2001-10-10,6.53206,
2001-10-11,6.51002,
2001-10-12,6.51124,
2001-10-13,.,No value available
2001-10-14,.,No value available
2001-10-15,6.28530,
2001-10-16,6.35112,
2001-10-17,6.47327,
2001-10-18,6.42027,
2001-10-19,6.39174,
2001-10-20,.,No value available
2001-10-21,.,No value available
2001-10-22,6.42649,
2001-10-23,6.34217,
2001-10-24,6.34685,
2001-10-25,6.27117,
2001-10-26,6.17155,
2001-10-27,.,No value available
2001-10-28,.,No value available
2001-10-29,6.26650,
2001-10-30,6.19088,
2001-10-31,6.25435,
2001-11-01,5.69043,
2001-11-02,5.67000,
2001-11-03,.,No value available
2001-11-04,.,No value available
2001-11-05,5.60477,
2001-11-06,5.75199,
2001-11-07,5.73346,
2001-11-08,5.72568,
2001-11-09,5.54980,
2001-11-10,.,No value available
2001-11-11,.,No value available
2001-11-12,5.55036,
2001-11-13,5.59942,
2001-11-14,5.65441,
2001-11-15,5.70314,
2001-11-16,5.86712,
2001-11-17,.,No value available
2001-11-18,.,No value available
2001-11-19,5.73511,
2001-11-20,5.76828,
2001-11-21,5.89071,
2001-11-22,5.96711,
2001-11-23,5.76930,
2001-11-24,.,No value available
2001-11-25,.,No value available
2001-11-26,5.86786,
2001-11-27,5.78867,
2001-11-28,6.00706,
2001-11-29,6.02637,
2001-11-30,5.86505,
2001-12-01,.,No value available
2001-12-02,.,No value available
2001-12-03,5.83033,
2001-12-04,5.63171,
2001-12-05,5.81845,
2001-12-06,5.84068,
2001-12-07,5.70561,
2001-12-08,.,No value available
2001-12-09,.,No value available
2001-12-10,5.79906,
2001-12-11,5.76966,
2001-12-12,5.70123,
2001-12-13,5.73028,
2001-12-14,5.54726,
2001-12-15,.,No value available
2001-12-16,.,No value available
2001-12-17,5.78032,
2001-12-18,5.72955,
2001-12-19,5.84032,
2001-12-20,5.86806,
2001-12-21,5.83292,
2001-12-22,.,No value available
2001-12-23,.,No value available
2001-12-24,.,No value available
2001-12-25,.,No value available
2001-12-26,.,No value available
2001-12-27,5.89523,
2001-12-28,5.87837,
2001-12-29,.,No value available
2001-12-30,.,No value available
2001-12-31,.,No value available
2002-01-01,.,No value available
2002-01-02,5.93528,
2002-01-03,5.82408,
2002-01-04,5.78798,
2002-01-05,.,No value available
2002-01-06,.,No value available
2002-01-07,5.79568,
2002-01-08,5.71005,
2002-01-09,5.75409,
2002-01-10,5.86885,
2002-01-11,5.82559,
2002-01-12,.,No value available
2002-01-13,.,No value available
2002-01-14,5.79775,
2002-01-15,5.69971,
2002-01-16,5.64583,
2002-01-17,5.82596,
2002-01-18,5.86926,
2002-01-19,.,No value available
2002-01-20,.,No value available
2002-01-21,5.85278,
2002-01-22,5.77558,
2002-01-23,5.70907,
2002-01-24,5.72319,
2002-01-25,5.72331,
2002-01-26,.,No value available
2002-01-27,.,No value available
2002-01-28,5.74604,
2002-01-29,5.68077,
2002-01-30,5.59730,
2002-01-31,5.70107,
2002-02-01,5.67618,
2002-02-02,.,No value available
2002-02-03,.,No value available
2002-02-04,5.52335,
2002-02-05,5.52574,
2002-02-06,5.61812,
2002-02-07,5.56707,
2002-02-08,5.86999,
2002-02-09,.,No value available
2002-02-10,.,No value available
2002-02-11,5.86839,
2002-02-12,5.89542,
2002-02-13,5.76973,
2002-02-14,5.75678,
2002-02-15,5.79309,
2002-02-16,.,No value available
2002-02-17,.,No value available
2002-02-18,5.85178,
2002-02-19,5.72225,
2002-02-20,6.09940,
2002-02-21,5.96131,
2002-02-22,5.96491,
2002-02-23,.,No value available
2002-02-24,.,No value available
2002-02-25,5.93663,
2002-02-26,6.09750,
2002-02-27,5.84911,
2002-02-28,5.91845,
2002-03-01,5.87773,
2002-03-02,.,No value available
2002-03-03,.,No value available
2002-03-04,5.90709,
2002-03-05,5.96037,
2002-03-06,5.92803,
2002-03-07,6.08635,
2002-03-08,5.87831,
2002-03-09,.,No value available
2002-03-10,.,No value available
2002-03-11,5.98329,
2002-03-12,6.01676,
2002-03-13,6.07054,
2002-03-14,6.07728,
2002-03-15,5.96828,
2002-03-16,.,No value available
2002-03-17,.,No value available
2002-03-18,6.09192,
2002-03-19,5.97950,
2002-03-20,5.97127,
2002-03-21,6.10058,
2002-03-22,6.13645,
2002-03-23,.,No value available
2002-03-24,.,No value available
2002-03-25,6.16093,
2002-03-26,6.16981,
2002-03-27,6.11457,
2002-03-28,6.16566,
2002-03-29,.,No value available
2002-03-30,.,No value available
2002-03-31,.,No value available
2002-04-01,.,No value available
2002-04-02,6.26040,
2002-04-03,6.26465,
2002-04-04,6.12907,
2002-04-05,6.07624,
2002-04-06,.,No value available
2002-04-07,.,No value available
2002-04-08,6.16476,
2002-04-09,6.26122,
2002-04-10,6.21315,
2002-04-11,6.27602,
2002-04-12,6.17710,
2002-04-13,.,No value available
2002-04-14,.,No value available
2002-04-15,6.18545,
2002-04-16,6.24998,
2002-04-17,6.26772,
2002-04-18,6.34440,
2002-04-19,6.33926,
2002-04-20,.,No value available
2002-04-21,.,No value available
2002-04-22,6.34023,
2002-04-23,6.35076,
2002-04-24,6.38594,
2002-04-25,6.17360,
2002-04-26,6.20510,
2002-04-27,.,No value available
2002-04-28,.,No value available
2002-04-29,6.13750,
2002-04-30,6.39024,
2002-05-01,.,No value available
2002-05-02,6.11727,
2002-05-03,6.13772,
2002-05-04,.,No value available
2002-05-05,.,No value available
2002-05-06,6.12543,
2002-05-07,6.24023,
2002-05-08,6.20364,
2002-05-09,6.10156,
2002-05-10,6.14112,
2002-05-11,.,No value available
2002-05-12,.,No value available
2002-05-13,6.08529,
2002-05-14,6.10233,
2002-05-15,6.08881,
2002-05-16,6.03803,
2002-05-17,6.01741,
2002-05-18,.,No value available
2002-05-19,.,No value available
2002-05-20,6.11978,
2002-05-21,6.04490,
2002-05-22,6.11264,
2002-05-23,6.03652,
2002-05-24,6.00445,
2002-05-25,.,No value available
2002-05-26,.,No value available
2002-05-27,6.07718,
2002-05-28,6.09252,
2002-05-29,6.04282,
2002-05-30,6.05078,
2002-05-31,5.97914,
2002-06-01,.,No value available
2002-06-02,.,No value available
2002-06-03,6.02897,
2002-06-04,6.03980,
2002-06-05,6.05637,
2002-06-06,6.05183,
2002-06-07,6.10702,
2002-06-08,.,No value available
2002-06-09,.,No value available
2002-06-10,6.12426,
2002-06-11,6.06127,
2002-06-12,6.04002,
2002-06-13,5.99111,
2002-06-14,5.94152,
2002-06-15,.,No value available
2002-06-16,.,No value available
2002-06-17,5.97574,
2002-06-18,5.90622,
2002-06-19,5.87847,
2002-06-20,5.81265,
2002-06-21,5.81430,
2002-06-22,.,No value available
2002-06-23,.,No value available
2002-06-24,5.73304,
2002-06-25,5.75090,
2002-06-26,5.60989,
2002-06-27,5.68956,
2002-06-28,5.78420,
2002-06-29,.,No value available
2002-06-30,.,No value available
2002-07-01,5.86047,
2002-07-02,5.87252,
2002-07-03,5.88039,
2002-07-04,5.85451,
2002-07-05,5.91021,
2002-07-06,.,No value available
2002-07-07,.,No value available
2002-07-08,5.92560,
2002-07-09,5.98259,
2002-07-10,5.85840,
2002-07-11,5.81539,
2002-07-12,5.81745,
2002-07-13,.,No value available
2002-07-14,.,No value available
2002-07-15,5.78196,
2002-07-16,5.70607,
2002-07-17,5.79572,
2002-07-18,5.84857,
2002-07-19,5.83396,
2002-07-20,.,No value available
2002-07-21,.,No value available
2002-07-22,5.81152,
2002-07-23,5.70755,
2002-07-24,5.67994,
2002-07-25,5.64772,
2002-07-26,5.68263,
2002-07-27,.,No value available
2002-07-28,.,No value available
2002-07-29,5.76845,
2002-07-30,5.86760,
2002-07-31,5.81939,
2002-08-01,5.76424,
2002-08-02,5.67981,
2002-08-03,.,No value available
2002-08-04,.,No value available
2002-08-05,5.71442,
2002-08-06,5.69622,
2002-08-07,5.72560,
2002-08-08,5.71892,
2002-08-09,5.67720,
2002-08-10,.,No value available
2002-08-11,.,No value available
2002-08-12,5.62407,
2002-08-13,5.60663,
2002-08-14,5.63426,
2002-08-15,5.60331,
2002-08-16,5.51667,
2002-08-17,.,No value available
2002-08-18,.,No value available
2002-08-19,5.62366,
2002-08-20,5.62496,
2002-08-21,5.68777,
2002-08-22,5.71566,
2002-08-23,5.71510,
2002-08-24,.,No value available
2002-08-25,.,No value available
2002-08-26,5.70591,
2002-08-27,5.71785,
2002-08-28,5.66368,
2002-08-29,5.61285,
2002-08-30,5.73764,
2002-08-31,.,No value available
2002-09-01,.,No value available
2002-09-02,5.65833,
2002-09-03,5.68319,
2002-09-04,5.50261,
2002-09-05,5.54174,
2002-09-06,5.55137,
2002-09-07,.,No value available
2002-09-08,.,No value available
2002-09-09,5.54180,
2002-09-10,5.55847,
2002-09-11,5.66196,
2002-09-12,5.67996,
2002-09-13,5.62772,
2002-09-14,.,No value available
2002-09-15,.,No value available
2002-09-16,5.65399,
2002-09-17,5.64151,
2002-09-18,5.47954,
2002-09-19,5.56929,
2002-09-20,5.58956,
2002-09-21,.,No value available
2002-09-22,.,No value available
2002-09-23,5.67882,
2002-09-24,5.62020,
2002-09-25,5.76003,
2002-09-26,5.62681,
2002-09-27,5.71438,
2002-09-28,.,No value available
2002-09-29,.,No value available
2002-09-30,5.74537,
2002-10-01,5.77818,
2002-10-02,5.83797,
2002-10-03,5.86557,
2002-10-04,5.79849,
2002-10-05,.,No value available
2002-10-06,.,No value available
2002-10-07,5.76834,
2002-10-08,5.79410,
2002-10-09,5.76649,
2002-10-10,5.77817,
2002-10-11,5.68402,
2002-10-12,.,No value available
2002-10-13,.,No value available
2002-10-14,5.91850,
2002-10-15,5.89905,
2002-10-16,5.89246,
2002-10-17,5.76760,
2002-10-18,5.87589,
2002-10-19,.,No value available
2002-10-20,.,No value available
2002-10-21,5.91160,
2002-10-22,5.87438,
2002-10-23,5.90737,
2002-10-24,5.94628,
2002-10-25,5.94928,
2002-10-26,.,No value available
2002-10-27,.,No value available
2002-10-28,5.83261,
2002-10-29,5.93353,
2002-10-30,5.92660,
2002-10-31,6.01934,
2002-11-01,5.86574,
2002-11-02,.,No value available
2002-11-03,.,No value available
2002-11-04,6.05930,
2002-11-05,5.87959,
2002-11-06,5.93825,
2002-11-07,6.04178,
2002-11-08,5.99253,
2002-11-09,.,No value available
2002-11-10,.,No value available
2002-11-11,5.86685,
2002-11-12,5.86995,
2002-11-13,5.86691,
2002-11-14,5.89857,
2002-11-15,5.96887,
2002-11-16,.,No value available
2002-11-17,.,No value available
2002-11-18,6.06697,
2002-11-19,6.02549,
2002-11-20,5.94305,
2002-11-21,6.03099,
2002-11-22,2.10423,
2002-11-23,.,No value available
2002-11-24,.,No value available
2002-11-25,5.95135,
2002-11-26,5.81818,
2002-11-27,5.80035,
2002-11-28,5.91647,
2002-11-29,5.80786,
2002-11-30,.,No value available
2002-12-01,.,No value available
2002-12-02,5.96337,
2002-12-03,5.93696,
2002-12-04,5.92572,
2002-12-05,5.85294,
2002-12-06,5.70340,
2002-12-07,.,No value available
2002-12-08,.,No value available
2002-12-09,5.83011,
2002-12-10,5.87070,
2002-12-11,5.90474,
2002-12-12,5.73911,
2002-12-13,5.66591,
2002-12-14,.,No value available
2002-12-15,.,No value available
2002-12-16,5.67602,
2002-12-17,5.80576,
2002-12-18,5.75849,
2002-12-19,5.72896,
2002-12-20,5.79225,
2002-12-21,.,No value available
2002-12-22,.,No value available
2002-12-23,5.75148,
2002-12-24,.,No value available
2002-12-25,.,No value available
2002-12-26,.,No value available
2002-12-27,5.68876,
2002-12-28,.,No value available
2002-12-29,.,No value available
2002-12-30,5.70259,
2002-12-31,.,No value available
2003-01-01,.,No value available
2003-01-02,5.70853,
2003-01-03,5.80974,
2003-01-04,.,No value available
2003-01-05,.,No value available
2003-01-06,5.87489,
2003-01-07,5.83883,
2003-01-08,5.78561,
2003-01-09,5.72998,
2003-01-10,5.67471,
2003-01-11,.,No value available
2003-01-12,.,No value available
2003-01-13,5.77008,
2003-01-14,5.68710,
2003-01-15,5.63824,
2003-01-16,5.60570,
2003-01-17,5.70405,
2003-01-18,.,No value available
2003-01-19,.,No value available
2003-01-20,5.66214,
2003-01-21,5.62928,
2003-01-22,5.52599,
2003-01-23,5.60475,
2003-01-24,5.57957,
2003-01-25,.,No value available
2003-01-26,.,No value available
2003-01-27,5.45254,
2003-01-28,5.44539,
2003-01-29,5.44501,
2003-01-30,5.55262,
2003-01-31,5.54005,
2003-02-01,.,No value available
2003-02-02,.,No value available
2003-02-03,5.63031,
2003-02-04,5.55264,
2003-02-05,5.48454,
2003-02-06,5.56261,
2003-02-07,5.54078,
2003-02-08,.,No value available
2003-02-09,.,No value available
2003-02-10,5.55716,
2003-02-11,5.62568,
2003-02-12,5.68435,
2003-02-13,5.71721,
2003-02-14,5.66679,
2003-02-15,.,No value available
2003-02-16,.,No value available
2003-02-17,5.70553,
2003-02-18,5.64621,
2003-02-19,5.59573,
2003-02-20,5.58368,
2003-02-21,5.70162,
2003-02-22,.,No value available
2003-02-23,.,No value available
2003-02-24,5.66689,
2003-02-25,5.75138,
2003-02-26,5.68869,
2003-02-27,5.75514,
2003-02-28,5.72329,
2003-03-01,.,No value available
2003-03-02,.,No value available
2003-03-03,5.79678,
2003-03-04,5.74780,
2003-03-05,5.73394,
2003-03-06,5.74517,
2003-03-07,5.71337,
2003-03-08,.,No value available
2003-03-09,.,No value available
2003-03-10,5.59500,
2003-03-11,5.58334,
2003-03-12,5.67620,
2003-03-13,5.64513,
2003-03-14,5.72842,
2003-03-15,.,No value available
2003-03-16,.,No value available
2003-03-17,5.64318,
2003-03-18,5.77688,
2003-03-19,5.72903,
2003-03-20,5.71767,
2003-03-21,5.77849,
2003-03-22,.,No value available
2003-03-23,.,No value available
2003-03-24,5.81404,
2003-03-25,5.74298,
2003-03-26,5.91632,
2003-03-27,5.80389,
2003-03-28,5.81333,
2003-03-29,.,No value available
2003-03-30,.,No value available
2003-03-31,5.92542,
2003-04-01,5.81485,
2003-04-02,5.91369,
2003-04-03,6.03680,
2003-04-04,5.78333,
2003-04-05,.,No value available
2003-04-06,.,No value available
2003-04-07,5.79440,
2003-04-08,5.90735,
2003-04-09,5.74698,
2003-04-10,5.72802,
2003-04-11,5.76757,
2003-04-12,.,No value available
2003-04-13,.,No value available
2003-04-14,5.75181,
2003-04-15,5.77465,
2003-04-16,5.75378,
2003-04-17,5.69130,
2003-04-18,.,No value available
2003-04-19,.,No value available
2003-04-20,.,No value available
2003-04-21,.,No value available
2003-04-22,5.69933,
2003-04-23,5.77366,
2003-04-24,5.79327,
2003-04-25,5.89703,
2003-04-26,.,No value available
2003-04-27,.,No value available
2003-04-28,5.77443,
2003-04-29,5.80768,
2003-04-30,5.80753,
2003-05-01,.,No value available
2003-05-02,5.92351,
2003-05-03,.,No value available
2003-05-04,.,No value available
2003-05-05,5.95604,
2003-05-06,5.95664,
2003-05-07,5.88652,
2003-05-08,5.83147,
2003-05-09,5.75554,
2003-05-10,.,No value available
2003-05-11,.,No value available
2003-05-12,5.92836,
2003-05-13,5.80860,
2003-05-14,6.07289,
2003-05-15,5.71337,
2003-05-16,5.75039,
2003-05-17,.,No value available
2003-05-18,.,No value available
2003-05-19,5.75443,
2003-05-20,5.51044,
2003-05-21,5.48995,
2003-05-22,5.49529,
2003-05-23,5.50425,
2003-05-24,.,No value available
2003-05-25,.,No value available
2003-05-26,5.47654,
2003-05-27,5.47875,
2003-05-28,5.63509,
2003-05-29,5.66708,
2003-05-30,5.52429,
2003-05-31,.,No value available
2003-06-01,.,No value available
2003-06-02,5.64671,
2003-06-03,5.63054,
2003-06-04,5.54735,
2003-06-05,5.60222,
2003-06-06,5.63076,
2003-06-07,.,No value available
2003-06-08,.,No value available
2003-06-09,5.58876,
2003-06-10,5.67172,
2003-06-11,5.64450,
2003-06-12,5.69861,
2003-06-13,5.65900,
2003-06-14,.,No value available
2003-06-15,.,No value available
2003-06-16,5.45679,
2003-06-17,5.50364,
2003-06-18,5.64874,
2003-06-19,5.70450,
2003-06-20,5.60043,
2003-06-21,.,No value available
2003-06-22,.,No value available
2003-06-23,5.69743,
2003-06-24,5.68302,
2003-06-25,5.62935,
2003-06-26,5.63837,
2003-06-27,5.72979,
2003-06-28,.,No value available
2003-06-29,.,No value available
2003-06-30,5.77317,
2003-07-01,5.79158,
2003-07-02,5.82889,
2003-07-03,5.96306,
2003-07-04,5.79567,
2003-07-05,.,No value available
2003-07-06,.,No value available
2003-07-07,6.01672,
2003-07-08,5.88468,
2003-07-09,5.86838,
2003-07-10,5.89782,
2003-07-11,5.85689,
2003-07-12,.,No value available
2003-07-13,.,No value available
2003-07-14,5.98514,
2003-07-15,6.07530,
2003-07-16,5.92171,
2003-07-17,5.97597,
2003-07-18,6.03093,
2003-07-19,.,No value available
2003-07-20,.,No value available
2003-07-21,6.11724,
2003-07-22,5.87402,
2003-07-23,5.81708,
2003-07-24,5.79340,
2003-07-25,5.81191,
2003-07-26,.,No value available
2003-07-27,.,No value available
2003-07-28,5.87754,
2003-07-29,5.91005,
2003-07-30,6.25385,
2003-07-31,5.97298,
2003-08-01,5.96473,
2003-08-02,.,No value available
2003-08-03,.,No value available
2003-08-04,5.91412,
2003-08-05,5.89511,
2003-08-06,5.96890,
2003-08-07,5.91329,
2003-08-08,5.73079,
2003-08-09,.,No value available
2003-08-10,.,No value available
2003-08-11,5.94935,
2003-08-12,6.07450,
2003-08-13,5.94215,
2003-08-14,5.76965,
2003-08-15,5.89573,
2003-08-16,.,No value available
2003-08-17,.,No value available
2003-08-18,5.77452,
2003-08-19,5.73363,
2003-08-20,5.67482,
2003-08-21,5.74199,
2003-08-22,5.78072,
2003-08-23,.,No value available
2003-08-24,.,No value available
2003-08-25,5.75435,
2003-08-26,5.96767,
2003-08-27,5.74607,
2003-08-28,5.81933,
2003-08-29,5.77924,
2003-08-30,.,No value available
2003-08-31,.,No value available
2003-09-01,5.79667,
2003-09-02,5.85388,
2003-09-03,6.60471,
2003-09-04,5.92992,
2003-09-05,5.74676,
2003-09-06,.,No value available
2003-09-07,.,No value available
2003-09-08,5.78980,
2003-09-09,5.76243,
2003-09-10,5.85679,
2003-09-11,5.81863,
2003-09-12,6.07264,
2003-09-13,.,No value available
2003-09-14,.,No value available
2003-09-15,5.79413,
2003-09-16,5.75559,
2003-09-17,5.80938,
2003-09-18,5.89794,
2003-09-19,5.80301,
2003-09-20,.,No value available
2003-09-21,.,No value available
2003-09-22,5.75362,
2003-09-23,5.78179,
2003-09-24,5.76114,
2003-09-25,5.79316,
2003-09-26,5.84336,
2003-09-27,.,No value available
2003-09-28,.,No value available
2003-09-29,5.81529,
2003-09-30,5.77340,
2003-10-01,6.00191,
2003-10-02,5.97501,
2003-10-03,6.03023,
2003-10-04,.,No value available
2003-10-05,.,No value available
2003-10-06,6.10658,
2003-10-07,5.86808,
2003-10-08,5.88244,
2003-10-09,5.83846,
2003-10-10,5.77934,
2003-10-11,.,No value available
2003-10-12,.,No value available
2003-10-13,5.92717,
2003-10-14,5.80104,
2003-10-15,5.87964,
2003-10-16,5.93363,
2003-10-17,5.97329,
2003-10-18,.,No value available
2003-10-19,.,No value available
2003-10-20,5.81158,
2003-10-21,5.85253,
2003-10-22,5.85940,
2003-10-23,6.00374,
2003-10-24,5.85774,
2003-10-25,.,No value available
2003-10-26,.,No value available
2003-10-27,5.75522,
2003-10-28,6.28690,
2003-10-29,5.90947,
2003-10-30,5.91124,
2003-10-31,5.89291,
2003-11-01,.,No value available
2003-11-02,.,No value available
2003-11-03,5.85391,
2003-11-04,5.90820,
2003-11-05,5.84776,
2003-11-06,6.41999,
2003-11-07,5.81292,
2003-11-08,.,No value available
2003-11-09,.,No value available
2003-11-10,5.82868,
2003-11-11,5.86201,
2003-11-12,5.86446,
2003-11-13,6.25056,
2003-11-14,5.87291,
2003-11-15,.,No value available
2003-11-16,.,No value available
2003-11-17,5.92240,
2003-11-18,5.91679,
2003-11-19,5.82007,
2003-11-20,5.86842,
2003-11-21,5.83684,
2003-11-22,.,No value available
2003-11-23,.,No value available
2003-11-24,5.87202,
2003-11-25,5.89293,
2003-11-26,6.00355,
2003-11-27,5.89625,
2003-11-28,5.78679,
2003-11-29,.,No value available
2003-11-30,.,No value available
2003-12-01,7.08468,
2003-12-02,5.90170,
2003-12-03,5.91829,
2003-12-04,6.13597,
2003-12-05,5.92138,
2003-12-06,.,No value available
2003-12-07,.,No value available
2003-12-08,5.80695,
2003-12-09,5.83119,
2003-12-10,6.15788,
2003-12-11,5.86406,
2003-12-12,5.86362,
2003-12-13,.,No value available
2003-12-14,.,No value available
2003-12-15,5.96186,
2003-12-16,5.77956,
2003-12-17,5.68572,
2003-12-18,5.65512,
2003-12-19,5.63636,
2003-12-20,.,No value available
2003-12-21,.,No value available
2003-12-22,5.62656,
2003-12-23,5.65016,
2003-12-24,.,No value available
2003-12-25,.,No value available
2003-12-26,.,No value available
2003-12-27,.,No value available
2003-12-28,.,No value available
2003-12-29,5.67024,
2003-12-30,5.68234,
2003-12-31,.,No value available
2004-01-01,.,No value available
2004-01-02,5.79589,
2004-01-03,.,No value available
2004-01-04,.,No value available
2004-01-05,5.71985,
2004-01-06,5.82025,
2004-01-07,5.69748,
2004-01-08,5.73661,
2004-01-09,5.71807,
2004-01-10,.,No value available
2004-01-11,.,No value available
2004-01-12,5.70378,
2004-01-13,5.69362,
2004-01-14,5.71860,
2004-01-15,5.69063,
2004-01-16,5.75603,
2004-01-17,.,No value available
2004-01-18,.,No value available
2004-01-19,5.90829,
2004-01-20,5.76915,
2004-01-21,5.77200,
2004-01-22,5.92025,
2004-01-23,5.90281,
2004-01-24,.,No value available
2004-01-25,.,No value available
2004-01-26,5.73001,
2004-01-27,5.72779,
2004-01-28,5.72849,
2004-01-29,6.01682,
2004-01-30,5.77337,
2004-01-31,.,No value available
2004-02-01,.,No value available
2004-02-02,5.73210,
2004-02-03,5.72608,
2004-02-04,5.72634,
2004-02-05,5.71988,
2004-02-06,5.67379,
2004-02-07,.,No value available
2004-02-08,.,No value available
2004-02-09,5.77122,
2004-02-10,5.68565,
2004-02-11,5.89690,
2004-02-12,5.69768,
2004-02-13,5.68794,
2004-02-14,.,No value available
2004-02-15,.,No value available
2004-02-16,5.85012,
2004-02-17,5.83767,
2004-02-18,5.70361,
2004-02-19,5.78802,
2004-02-20,5.82288,
2004-02-21,.,No value available
2004-02-22,.,No value available
2004-02-23,5.79343,
2004-02-24,5.75871,
2004-02-25,5.91410,
2004-02-26,5.93674,
2004-02-27,5.72933,
2004-02-28,.,No value available
2004-02-29,.,No value available
2004-03-01,5.85373,
2004-03-02,5.74661,
2004-03-03,5.72850,
2004-03-04,5.73094,
2004-03-05,5.80404,
2004-03-06,.,No value available
2004-03-07,.,No value available
2004-03-08,5.77812,
2004-03-09,5.63202,
2004-03-10,5.60481,
2004-03-11,5.61528,
2004-03-12,5.58960,
2004-03-13,.,No value available
2004-03-14,.,No value available
2004-03-15,5.82286,
2004-03-16,5.87142,
2004-03-17,5.82635,
2004-03-18,5.82688,
2004-03-19,5.64812,
2004-03-20,.,No value available
2004-03-21,.,No value available
2004-03-22,5.86344,
2004-03-23,5.87164,
2004-03-24,5.70987,
2004-03-25,5.60894,
2004-03-26,5.65740,
2004-03-27,.,No value available
2004-03-28,.,No value available
2004-03-29,5.75106,
2004-03-30,5.69539,
2004-03-31,5.68311,
2004-04-01,5.81841,
2004-04-02,5.74088,
2004-04-03,.,No value available
2004-04-04,.,No value available
2004-04-05,5.66557,
2004-04-06,5.83933,
2004-04-07,5.84869,
2004-04-08,5.85287,
2004-04-09,.,No value available
2004-04-10,.,No value available
2004-04-11,.,No value available
2004-04-12,.,No value available
2004-04-13,5.76679,
2004-04-14,5.75419,
2004-04-15,5.77487,
2004-04-16,5.70791,
2004-04-17,.,No value available
2004-04-18,.,No value available
2004-04-19,5.85310,
2004-04-20,5.72927,
2004-04-21,5.89725,
2004-04-22,5.75856,
2004-04-23,5.71424,
2004-04-24,.,No value available
2004-04-25,.,No value available
2004-04-26,5.72813,
2004-04-27,5.72529,
2004-04-28,5.69896,
2004-04-29,5.74066,
2004-04-30,5.83044,
2004-05-01,.,No value available
2004-05-02,.,No value available
2004-05-03,5.90607,
2004-05-04,5.89067,
2004-05-05,5.71758,
2004-05-06,5.94840,
2004-05-07,5.79060,
2004-05-08,.,No value available
2004-05-09,.,No value available
2004-05-10,5.81109,
2004-05-11,5.79464,
2004-05-12,5.82911,
2004-05-13,5.82566,
2004-05-14,5.83249,
2004-05-15,.,No value available
2004-05-16,.,No value available
2004-05-17,5.76649,
2004-05-18,5.78519,
2004-05-19,5.84630,
2004-05-20,5.94971,
2004-05-21,6.11996,
2004-05-22,.,No value available
2004-05-23,.,No value available
2004-05-24,5.86086,
2004-05-25,5.98321,
2004-05-26,5.78979,
2004-05-27,5.79883,
2004-05-28,5.80367,
2004-05-29,.,No value available
2004-05-30,.,No value available
2004-05-31,5.81330,
2004-06-01,5.82197,
2004-06-02,5.84178,
2004-06-03,5.95293,
2004-06-04,5.88140,
2004-06-05,.,No value available
2004-06-06,.,No value available
2004-06-07,5.92141,
2004-06-08,5.85614,
2004-06-09,5.85377,
2004-06-10,5.84460,
2004-06-11,5.78196,
2004-06-12,.,No value available
2004-06-13,.,No value available
2004-06-14,5.74248,
2004-06-15,5.75746,
2004-06-16,5.77684,
2004-06-17,5.73312,
2004-06-18,5.71663,
2004-06-19,.,No value available
2004-06-20,.,No value available
2004-06-21,5.73514,
2004-06-22,5.79209,
2004-06-23,5.77595,
2004-06-24,5.85962,
2004-06-25,5.77302,
2004-06-26,.,No value available
2004-06-27,.,No value available
2004-06-28,5.95523,
2004-06-29,5.76770,
2004-06-30,5.74875,
2004-07-01,5.66350,
2004-07-02,5.72820,
2004-07-03,.,No value available
2004-07-04,.,No value available
2004-07-05,5.62397,
2004-07-06,5.63642,
2004-07-07,5.68519,
2004-07-08,5.66883,
2004-07-09,5.61476,
2004-07-10,.,No value available
2004-07-11,.,No value available
2004-07-12,5.63312,
2004-07-13,5.73212,
2004-07-14,5.68960,
2004-07-15,5.74552,
2004-07-16,5.68436,
2004-07-17,.,No value available
2004-07-18,.,No value available
2004-07-19,5.67129,
2004-07-20,5.67095,
2004-07-21,5.77408,
2004-07-22,5.76970,
2004-07-23,5.68112,
2004-07-24,.,No value available
2004-07-25,.,No value available
2004-07-26,6.07544,
2004-07-27,5.61955,
2004-07-28,5.91835,
2004-07-29,5.65876,
2004-07-30,5.83807,
2004-07-31,.,No value available
2004-08-01,.,No value available
2004-08-02,5.67335,
2004-08-03,5.67617,
2004-08-04,5.69580,
2004-08-05,5.59645,
2004-08-06,5.62026,
2004-08-07,.,No value available
2004-08-08,.,No value available
2004-08-09,5.61909,
2004-08-10,5.47680,
2004-08-11,5.49032,
2004-08-12,5.48282,
2004-08-13,5.46375,
2004-08-14,.,No value available
2004-08-15,.,No value available
2004-08-16,5.48173,
2004-08-17,5.79536,
2004-08-18,5.61346,
2004-08-19,5.49234,
2004-08-20,5.47402,
2004-08-21,.,No value available
2004-08-22,.,No value available
2004-08-23,5.49764,
2004-08-24,6.22046,
2004-08-25,5.52823,
2004-08-26,5.40974,
2004-08-27,5.58047,
2004-08-28,.,No value available
2004-08-29,.,No value available
2004-08-30,5.75974,
2004-08-31,5.77352,
2004-09-01,5.44229,
2004-09-02,5.48568,
2004-09-03,5.75125,
2004-09-04,.,No value available
2004-09-05,.,No value available
2004-09-06,5.57480,
2004-09-07,5.58008,
2004-09-08,5.61788,
2004-09-09,5.67016,
2004-09-10,5.53309,
2004-09-11,.,No value available
2004-09-12,.,No value available
2004-09-13,5.45196,
2004-09-14,5.85823,
2004-09-15,5.45960,
2004-09-16,5.53894,
2004-09-17,5.46113,
2004-09-18,.,No value available
2004-09-19,.,No value available
2004-09-20,5.51800,
2004-09-21,5.54722,
2004-09-22,5.42953,
2004-09-23,5.42122,
2004-09-24,5.45245,
2004-09-25,.,No value available
2004-09-26,.,No value available
2004-09-27,5.59288,
2004-09-28,5.30221,
2004-09-29,5.48103,
2004-09-30,5.49187,
2004-10-01,5.46264,
2004-10-02,.,No value available
2004-10-03,.,No value available
2004-10-04,5.47499,
2004-10-05,5.45858,
2004-10-06,5.43015,
2004-10-07,5.48991,
2004-10-08,5.48140,
2004-10-09,.,No value available
2004-10-10,.,No value available
2004-10-11,5.60820,
2004-10-12,5.41762,
2004-10-13,5.62744,
2004-10-14,5.37315,
2004-10-15,5.34047,
2004-10-16,.,No value available
2004-10-17,.,No value available
2004-10-18,5.39574,
2004-10-19,5.39710,
2004-10-20,5.40801,
2004-10-21,5.38958,
2004-10-22,5.38594,
2004-10-23,.,No value available
2004-10-24,.,No value available
2004-10-25,5.36832,
2004-10-26,5.35304,
2004-10-27,5.38178,
2004-10-28,5.38285,
2004-10-29,5.38325,
2004-10-30,.,No value available
2004-10-31,.,No value available
2004-11-01,5.38165,
2004-11-02,5.36952,
2004-11-03,5.40560,
2004-11-04,5.36113,
2004-11-05,5.33997,
2004-11-06,.,No value available
2004-11-07,.,No value available
2004-11-08,5.34588,
2004-11-09,5.32640,
2004-11-10,5.30056,
2004-11-11,5.31209,
2004-11-12,5.26392,
2004-11-13,.,No value available
2004-11-14,.,No value available
2004-11-15,5.21872,
2004-11-16,5.19058,
2004-11-17,5.20118,
2004-11-18,5.20351,
2004-11-19,5.20612,
2004-11-20,.,No value available
2004-11-21,.,No value available
2004-11-22,5.23200,
2004-11-23,5.21213,
2004-11-24,5.20196,
2004-11-25,5.18169,
2004-11-26,5.15064,
2004-11-27,.,No value available
2004-11-28,.,No value available
2004-11-29,5.13506,
2004-11-30,5.18560,
2004-12-01,5.15034,
2004-12-02,5.15974,
2004-12-03,5.20186,
2004-12-04,.,No value available
2004-12-05,.,No value available
2004-12-06,5.12151,
2004-12-07,5.12866,
2004-12-08,5.11978,
2004-12-09,5.07454,
2004-12-10,5.08457,
2004-12-11,.,No value available
2004-12-12,.,No value available
2004-12-13,5.00987,
2004-12-14,5.03389,
2004-12-15,4.90255,
2004-12-16,4.91623,
2004-12-17,5.07230,
2004-12-18,.,No value available
2004-12-19,.,No value available
2004-12-20,4.93917,
2004-12-21,4.89669,
2004-12-22,5.01149,
2004-12-23,4.99751,
2004-12-24,.,No value available
2004-12-25,.,No value available
2004-12-26,.,No value available
2004-12-27,5.00263,
2004-12-28,5.04551,
2004-12-29,5.38476,
2004-12-30,5.17183,
2004-12-31,.,No value available
2005-01-01,.,No value available
2005-01-02,.,No value available
2005-01-03,5.00032,
2005-01-04,5.03641,
2005-01-05,4.96623,
2005-01-06,4.77377,
2005-01-07,4.92648,
2005-01-08,.,No value available
2005-01-09,.,No value available
2005-01-10,4.96241,
2005-01-11,4.90153,
2005-01-12,4.98517,
2005-01-13,4.91554,
2005-01-14,4.84073,
2005-01-15,.,No value available
2005-01-16,.,No value available
2005-01-17,4.80081,
2005-01-18,4.85258,
2005-01-19,4.84519,
2005-01-20,4.76692,
2005-01-21,4.82694,
2005-01-22,.,No value available
2005-01-23,.,No value available
2005-01-24,4.77503,
2005-01-25,4.19285,
2005-01-26,4.75662,
2005-01-27,4.70129,
2005-01-28,4.66829,
2005-01-29,.,No value available
2005-01-30,.,No value available
2005-01-31,4.66161,
2005-02-01,4.62984,
2005-02-02,4.61600,
2005-02-03,4.52409,
2005-02-04,4.57817,
2005-02-05,.,No value available
2005-02-06,.,No value available
2005-02-07,4.45549,
2005-02-08,4.46727,
2005-02-09,4.33706,
2005-02-10,4.36362,
2005-02-11,4.42268,
2005-02-12,.,No value available
2005-02-13,.,No value available
2005-02-14,4.52191,
2005-02-15,4.50100,
2005-02-16,4.43820,
2005-02-17,4.48719,
2005-02-18,4.65316,
2005-02-19,.,No value available
2005-02-20,.,No value available
2005-02-21,4.70658,
2005-02-22,4.74544,
2005-02-23,4.67381,
2005-02-24,4.81170,
2005-02-25,4.77870,
2005-02-26,.,No value available
2005-02-27,.,No value available
2005-02-28,4.72956,
2005-03-01,4.78983,
2005-03-02,4.83895,
2005-03-03,4.91679,
2005-03-04,4.89364,
2005-03-05,.,No value available
2005-03-06,.,No value available
2005-03-07,4.78349,
2005-03-08,4.79494,
2005-03-09,4.88372,
2005-03-10,4.92229,
2005-03-11,4.92673,
2005-03-12,.,No value available
2005-03-13,.,No value available
2005-03-14,4.98153,
2005-03-15,4.91976,
2005-03-16,4.83312,
2005-03-17,4.82215,
2005-03-18,3.80916,
2005-03-19,.,No value available
2005-03-20,.,No value available
2005-03-21,4.83330,
2005-03-22,4.81165,
2005-03-23,4.74251,
2005-03-24,4.72405,
2005-03-25,.,No value available
2005-03-26,.,No value available
2005-03-27,.,No value available
2005-03-28,.,No value available
2005-03-29,4.41662,
2005-03-30,4.79154,
2005-03-31,4.25665,
2005-04-01,4.77839,
2005-04-02,.,No value available
2005-04-03,.,No value available
2005-04-04,4.74050,
2005-04-05,4.79689,
2005-04-06,4.84497,
2005-04-07,4.87686,
2005-04-08,4.86787,
2005-04-09,.,No value available
2005-04-10,.,No value available
2005-04-11,4.85552,
2005-04-12,4.84550,
2005-04-13,4.83568,
2005-04-14,4.77634,
2005-04-15,4.84189,
2005-04-16,.,No value available
2005-04-17,.,No value available
2005-04-18,4.79161,
2005-04-19,4.79095,
2005-04-20,4.77404,
2005-04-21,4.77343,
2005-04-22,4.81139,
2005-04-23,.,No value available
2005-04-24,.,No value available
2005-04-25,4.74871,
2005-04-26,4.71668,
2005-04-27,4.68656,
2005-04-28,4.67593,
2005-04-29,4.65655,
2005-04-30,.,No value available
2005-05-01,.,No value available
2005-05-02,4.69022,
2005-05-03,4.68566,
2005-05-04,4.72094,
2005-05-05,4.70967,
2005-05-06,4.75818,
2005-05-07,.,No value available
2005-05-08,.,No value available
2005-05-09,4.72181,
2005-05-10,4.65428,
2005-05-11,4.57568,
2005-05-12,4.62519,
2005-05-13,4.53421,
2005-05-14,.,No value available
2005-05-15,.,No value available
2005-05-16,4.60220,
2005-05-17,4.54775,
2005-05-18,4.50420,
2005-05-19,4.48084,
2005-05-20,4.52458,
2005-05-21,.,No value available
2005-05-22,.,No value available
2005-05-23,4.47452,
2005-05-24,4.41669,
2005-05-25,4.44393,
2005-05-26,4.60782,
2005-05-27,4.61068,
2005-05-28,.,No value available
2005-05-29,.,No value available
2005-05-30,4.59775,
2005-05-31,4.55610,
2005-06-01,4.55938,
2005-06-02,4.49017,
2005-06-03,4.43328,
2005-06-04,.,No value available
2005-06-05,.,No value available
2005-06-06,4.43637,
2005-06-07,4.32744,
2005-06-08,4.26367,
2005-06-09,4.24838,
2005-06-10,4.27988,
2005-06-11,.,No value available
2005-06-12,.,No value available
2005-06-13,4.30239,
2005-06-14,4.37438,
2005-06-15,4.43749,
2005-06-16,4.53655,
2005-06-17,4.52398,
2005-06-18,.,No value available
2005-06-19,.,No value available
2005-06-20,4.44005,
2005-06-21,4.37653,
2005-06-22,4.24681,
2005-06-23,4.28300,
2005-06-24,4.26595,
2005-06-25,.,No value available
2005-06-26,.,No value available
2005-06-27,4.24044,
2005-06-28,4.28606,
2005-06-29,4.37426,
2005-06-30,4.31020,
2005-07-01,4.30957,
2005-07-02,.,No value available
2005-07-03,.,No value available
2005-07-04,4.67132,
2005-07-05,4.38196,
2005-07-06,4.36750,
2005-07-07,4.23128,
2005-07-08,4.35406,
2005-07-09,.,No value available
2005-07-10,.,No value available
2005-07-11,4.34920,
2005-07-12,4.40962,
2005-07-13,4.46804,
2005-07-14,4.45703,
2005-07-15,4.47393,
2005-07-16,.,No value available
2005-07-17,.,No value available
2005-07-18,4.44211,
2005-07-19,4.47293,
2005-07-20,4.45993,
2005-07-21,4.42572,
2005-07-22,4.43691,
2005-07-23,.,No value available
2005-07-24,.,No value available
2005-07-25,4.38774,
2005-07-26,4.38968,
2005-07-27,4.34546,
2005-07-28,4.38304,
2005-07-29,4.35324,
2005-07-30,.,No value available
2005-07-31,.,No value available
2005-08-01,4.37883,
2005-08-02,4.37667,
2005-08-03,4.42783,
2005-08-04,4.57918,
2005-08-05,4.49042,
2005-08-06,.,No value available
2005-08-07,.,No value available
2005-08-08,4.42254,
2005-08-09,4.44318,
2005-08-10,4.40852,
2005-08-11,4.47064,
2005-08-12,4.40945,
2005-08-13,.,No value available
2005-08-14,.,No value available
2005-08-15,4.35805,
2005-08-16,4.38422,
2005-08-17,4.33964,
2005-08-18,4.31398,
2005-08-19,4.29963,
2005-08-20,.,No value available
2005-08-21,.,No value available
2005-08-22,4.30023,
2005-08-23,4.18537,
2005-08-24,4.30320,
2005-08-25,4.24555,
2005-08-26,4.26003,
2005-08-27,.,No value available
2005-08-28,.,No value available
2005-08-29,4.25134,
2005-08-30,4.34990,
2005-08-31,3.95482,
2005-09-01,4.20803,
2005-09-02,4.22748,
2005-09-03,.,No value available
2005-09-04,.,No value available
2005-09-05,4.18963,
2005-09-06,4.20113,
2005-09-07,4.16823,
2005-09-08,4.18308,
2005-09-09,4.11860,
2005-09-10,.,No value available
2005-09-11,.,No value available
2005-09-12,4.17489,
2005-09-13,4.37863,
2005-09-14,4.26627,
2005-09-15,4.24564,
2005-09-16,4.37227,
2005-09-17,.,No value available
2005-09-18,.,No value available
2005-09-19,4.28650,
2005-09-20,4.25446,
2005-09-21,4.15155,
2005-09-22,4.10144,
2005-09-23,4.15139,
2005-09-24,.,No value available
2005-09-25,.,No value available
2005-09-26,3.32223,
2005-09-27,4.32715,
2005-09-28,4.31753,
2005-09-29,4.13243,
2005-09-30,4.19255,
2005-10-01,.,No value available
2005-10-02,.,No value available
2005-10-03,4.26432,
2005-10-04,4.29484,
2005-10-05,4.24831,
2005-10-06,4.36001,
2005-10-07,4.31538,
2005-10-08,.,No value available
2005-10-09,.,No value available
2005-10-10,3.42097,
2005-10-11,4.13233,
2005-10-12,4.29979,
2005-10-13,4.30365,
2005-10-14,4.37874,
2005-10-15,.,No value available
2005-10-16,.,No value available
2005-10-17,4.37836,
2005-10-18,4.45793,
2005-10-19,4.62324,
2005-10-20,4.34094,
2005-10-21,4.32931,
2005-10-22,.,No value available
2005-10-23,.,No value available
2005-10-24,5.41422,
2005-10-25,4.33179,
2005-10-26,4.36528,
2005-10-27,4.39611,
2005-10-28,4.36600,
2005-10-29,.,No value available
2005-10-30,.,No value available
2005-10-31,4.35960,
2005-11-01,4.33110,
2005-11-02,4.51233,
2005-11-03,4.51787,
2005-11-04,4.51831,
2005-11-05,.,No value available
2005-11-06,.,No value available
2005-11-07,4.28762,
2005-11-08,4.24798,
2005-11-09,4.30648,
2005-11-10,4.22931,
2005-11-11,4.31670,
2005-11-12,.,No value available
2005-11-13,.,No value available
2005-11-14,4.30626,
2005-11-15,4.26598,
2005-11-16,4.49009,
2005-11-17,4.45281,
2005-11-18,4.48591,
2005-11-19,.,No value available
2005-11-20,.,No value available
2005-11-21,4.25949,
2005-11-22,4.30555,
2005-11-23,4.45556,
2005-11-24,4.25736,
2005-11-25,3.68083,
2005-11-26,.,No value available
2005-11-27,.,No value available
2005-11-28,4.33291,
2005-11-29,4.31248,
2005-11-30,4.40880,
2005-12-01,4.06803,
2005-12-02,4.29497,
2005-12-03,.,No value available
2005-12-04,.,No value available
2005-12-05,4.26756,
2005-12-06,4.31830,
2005-12-07,4.29336,
2005-12-08,4.34740,
2005-12-09,4.36103,
2005-12-10,.,No value available
2005-12-11,.,No value available
2005-12-12,4.23915,
2005-12-13,4.19817,
2005-12-14,4.10851,
2005-12-15,4.03377,
2005-12-16,4.01355,
2005-12-17,.,No value available
2005-12-18,.,No value available
2005-12-19,4.08721,
2005-12-20,4.01985,
2005-12-21,4.05036,
2005-12-22,3.95638,
2005-12-23,3.91170,
2005-12-24,.,No value available
2005-12-25,.,No value available
2005-12-26,.,No value available
2005-12-27,4.04864,
2005-12-28,4.05270,
2005-12-29,3.86078,
2005-12-30,4.18380,
2005-12-31,.,No value available
2006-01-01,.,No value available
2006-01-02,4.12515,
2006-01-03,4.00421,
2006-01-04,3.94691,
2006-01-05,4.01475,
2006-01-06,3.92619,
2006-01-07,.,No value available
2006-01-08,.,No value available
2006-01-09,3.88784,
2006-01-10,3.79509,
2006-01-11,3.81911,
2006-01-12,3.85941,
2006-01-13,3.81189,
2006-01-14,.,No value available
2006-01-15,.,No value available
2006-01-16,3.83510,
2006-01-17,3.83877,
2006-01-18,3.81793,
2006-01-19,3.86787,
2006-01-20,3.92251,
2006-01-21,.,No value available
2006-01-22,.,No value available
2006-01-23,3.92272,
2006-01-24,3.94088,
2006-01-25,3.97367,
2006-01-26,4.07260,
2006-01-27,4.10252,
2006-01-28,.,No value available
2006-01-29,.,No value available
2006-01-30,4.09351,
2006-01-31,4.10486,
2006-02-01,4.01449,
2006-02-02,4.04279,
2006-02-03,4.03236,
2006-02-04,.,No value available
2006-02-05,.,No value available
2006-02-06,4.07503,
2006-02-07,4.03953,
2006-02-08,4.07552,
2006-02-09,4.05628,
2006-02-10,4.01264,
2006-02-11,.,No value available
2006-02-12,.,No value available
2006-02-13,4.04742,
2006-02-14,4.04742,
2006-02-15,4.07634,
2006-02-16,4.10727,
2006-02-17,4.06775,
2006-02-18,.,No value available
2006-02-19,.,No value available
2006-02-20,4.05030,
2006-02-21,4.11612,
2006-02-22,4.05585,
2006-02-23,3.99233,
2006-02-24,4.03973,
2006-02-25,.,No value available
2006-02-26,.,No value available
2006-02-27,4.05889,
2006-02-28,4.03934,
2006-03-01,4.03934,
2006-03-02,4.02130,
2006-03-03,4.01536,
2006-03-04,.,No value available
2006-03-05,.,No value available
2006-03-06,4.01536,
2006-03-07,4.02424,
2006-03-08,4.07222,
2006-03-09,4.18554,
2006-03-10,4.22086,
2006-03-11,.,No value available
2006-03-12,.,No value available
2006-03-13,4.25393,
2006-03-14,4.23162,
2006-03-15,4.18108,
2006-03-16,4.22773,
2006-03-17,4.14669,
2006-03-18,.,No value available
2006-03-19,.,No value available
2006-03-20,4.18662,
2006-03-21,4.15784,
2006-03-22,4.11496,
2006-03-23,4.12717,
2006-03-24,4.15651,
2006-03-25,.,No value available
2006-03-26,.,No value available
2006-03-27,4.13855,
2006-03-28,4.18182,
2006-03-29,4.23553,
2006-03-30,4.25289,
2006-03-31,4.25289,
2006-04-01,.,No value available
2006-04-02,.,No value available
2006-04-03,4.24817,
2006-04-04,4.29613,
2006-04-05,4.35808,
2006-04-06,4.43289,
2006-04-07,4.52197,
2006-04-08,.,No value available
2006-04-09,.,No value available
2006-04-10,4.54963,
2006-04-11,4.47734,
2006-04-12,4.45689,
2006-04-13,4.50996,
2006-04-14,.,No value available
2006-04-15,.,No value available
2006-04-16,.,No value available
2006-04-17,.,No value available
2006-04-18,4.49631,
2006-04-19,4.46448,
2006-04-20,4.49917,
2006-04-21,4.48653,
2006-04-22,.,No value available
2006-04-23,.,No value available
2006-04-24,4.51954,
2006-04-25,4.55028,
2006-04-26,4.51628,
2006-04-27,4.52981,
2006-04-28,4.49478,
2006-04-29,.,No value available
2006-04-30,.,No value available
2006-05-01,.,No value available
2006-05-02,4.48364,
2006-05-03,4.48364,
2006-05-04,4.51414,
2006-05-05,4.56010,
2006-05-06,.,No value available
2006-05-07,.,No value available
2006-05-08,4.52052,
2006-05-09,4.55600,
2006-05-10,4.55316,
2006-05-11,4.57735,
2006-05-12,4.60110,
2006-05-13,.,No value available
2006-05-14,.,No value available
2006-05-15,4.64775,
2006-05-16,4.59062,
2006-05-17,4.59141,
2006-05-18,4.75231,
2006-05-19,4.65862,
2006-05-20,.,No value available
2006-05-21,.,No value available
2006-05-22,4.61196,
2006-05-23,4.58977,
2006-05-24,4.52189,
2006-05-25,4.53125,
2006-05-26,4.54392,
2006-05-27,.,No value available
2006-05-28,.,No value available
2006-05-29,4.54467,
2006-05-30,4.54791,
2006-05-31,4.58838,
2006-06-01,4.61595,
2006-06-02,4.62603,
2006-06-03,.,No value available
2006-06-04,.,No value available
2006-06-05,4.54506,
2006-06-06,4.58583,
2006-06-07,4.59639,
2006-06-08,4.56312,
2006-06-09,4.54327,
2006-06-10,.,No value available
2006-06-11,.,No value available
2006-06-12,4.54299,
2006-06-13,4.48694,
2006-06-14,4.50399,
2006-06-15,4.54378,
2006-06-16,4.62224,
2006-06-17,.,No value available
2006-06-18,.,No value available
2006-06-19,4.62567,
2006-06-20,4.54244,
2006-06-21,4.59036,
2006-06-22,4.61416,
2006-06-23,4.66190,
2006-06-24,.,No value available
2006-06-25,.,No value available
2006-06-26,4.67738,
2006-06-27,4.65036,
2006-06-28,4.62521,
2006-06-29,4.62138,
2006-06-30,4.62318,
2006-07-01,.,No value available
2006-07-02,.,No value available
2006-07-03,4.59425,
2006-07-04,4.59425,
2006-07-05,4.61466,
2006-07-06,4.64069,
2006-07-07,4.60385,
2006-07-08,.,No value available
2006-07-09,.,No value available
2006-07-10,4.58263,
2006-07-11,4.59167,
2006-07-12,4.61556,
2006-07-13,4.60682,
2006-07-14,4.59086,
2006-07-15,.,No value available
2006-07-16,.,No value available
2006-07-17,4.58518,
2006-07-18,4.58870,
2006-07-19,4.61495,
2006-07-20,4.56108,
2006-07-21,4.54741,
2006-07-22,.,No value available
2006-07-23,.,No value available
2006-07-24,4.53391,
2006-07-25,4.51287,
2006-07-26,4.58245,
2006-07-27,4.55677,
2006-07-28,4.54953,
2006-07-29,.,No value available
2006-07-30,.,No value available
2006-07-31,4.53256,
2006-08-01,4.52089,
2006-08-02,4.50182,
2006-08-03,4.51037,
2006-08-04,4.50528,
2006-08-05,.,No value available
2006-08-06,.,No value available
2006-08-07,4.45393,
2006-08-08,4.44382,
2006-08-09,4.48126,
2006-08-10,4.47411,
2006-08-11,4.49597,
2006-08-12,.,No value available
2006-08-13,.,No value available
2006-08-14,4.52791,
2006-08-15,4.52791,
2006-08-16,4.49891,
2006-08-17,4.44050,
2006-08-18,4.43948,
2006-08-19,.,No value available
2006-08-20,.,No value available
2006-08-21,4.38909,
2006-08-22,4.34983,
2006-08-23,4.34983,
2006-08-24,4.34802,
2006-08-25,4.32146,
2006-08-26,.,No value available
2006-08-27,.,No value available
2006-08-28,4.33532,
2006-08-29,4.34058,
2006-08-30,4.35198,
2006-08-31,4.33568,
2006-09-01,4.30459,
2006-09-02,.,No value available
2006-09-03,.,No value available
2006-09-04,4.28142,
2006-09-05,4.28841,
2006-09-06,4.32283,
2006-09-07,4.34728,
2006-09-08,4.30855,
2006-09-09,.,No value available
2006-09-10,.,No value available
2006-09-11,4.26912,
2006-09-12,4.30176,
2006-09-13,4.26993,
2006-09-14,4.26464,
2006-09-15,4.25309,
2006-09-16,.,No value available
2006-09-17,.,No value available
2006-09-18,4.26961,
2006-09-19,4.24523,
2006-09-20,4.21458,
2006-09-21,4.21427,
2006-09-22,4.15481,
2006-09-23,.,No value available
2006-09-24,.,No value available
2006-09-25,4.12756,
2006-09-26,4.09654,
2006-09-27,4.08189,
2006-09-28,4.07188,
2006-09-29,4.06960,
2006-09-30,.,No value available
2006-10-01,.,No value available
2006-10-02,4.13228,
2006-10-03,4.09750,
2006-10-04,4.14190,
2006-10-05,4.11260,
2006-10-06,4.11819,
2006-10-07,.,No value available
2006-10-08,.,No value available
2006-10-09,4.14338,
2006-10-10,4.15873,
2006-10-11,4.15453,
2006-10-12,4.16593,
2006-10-13,4.16369,
2006-10-14,.,No value available
2006-10-15,.,No value available
2006-10-16,4.16338,
2006-10-17,4.14288,
2006-10-18,4.13813,
2006-10-19,4.18443,
2006-10-20,4.18480,
2006-10-21,.,No value available
2006-10-22,.,No value available
2006-10-23,4.18741,
2006-10-24,4.17909,
2006-10-25,4.17512,
2006-10-26,4.15038,
2006-10-27,4.10324,
2006-10-28,.,No value available
2006-10-29,.,No value available
2006-10-30,4.07303,
2006-10-31,4.03448,
2006-11-01,4.00290,
2006-11-02,3.97334,
2006-11-03,3.99616,
2006-11-04,.,No value available
2006-11-05,.,No value available
2006-11-06,4.04838,
2006-11-07,4.03351,
2006-11-08,3.98035,
2006-11-09,4.02355,
2006-11-10,4.02665,
2006-11-11,.,No value available
2006-11-12,.,No value available
2006-11-13,4.00693,
2006-11-14,4.01036,
2006-11-15,3.99669,
2006-11-16,4.01060,
2006-11-17,4.02868,
2006-11-18,.,No value available
2006-11-19,.,No value available
2006-11-20,3.98938,
2006-11-21,3.96581,
2006-11-22,3.98002,
2006-11-23,4.03039,
2006-11-24,4.00212,
2006-11-25,.,No value available
2006-11-26,.,No value available
2006-11-27,4.05463,
2006-11-28,4.03980,
2006-11-29,4.03529,
2006-11-30,4.05108,
2006-12-01,4.03573,
2006-12-02,.,No value available
2006-12-03,.,No value available
2006-12-04,3.99075,
2006-12-05,3.99890,
2006-12-06,4.00786,
2006-12-07,4.00786,
2006-12-08,4.00559,
2006-12-09,.,No value available
2006-12-10,.,No value available
2006-12-11,4.02626,
2006-12-12,4.03435,
2006-12-13,3.98138,
2006-12-14,4.04987,
2006-12-15,4.02718,
2006-12-16,.,No value available
2006-12-17,.,No value available
2006-12-18,4.06992,
2006-12-19,4.11021,
2006-12-20,4.13148,
2006-12-21,4.13690,
2006-12-22,4.14371,
2006-12-23,.,No value available
2006-12-24,.,No value available
2006-12-25,.,No value available
2006-12-26,.,No value available
2006-12-27,4.17861,
2006-12-28,4.20555,
2006-12-29,4.20555,
2006-12-30,.,No value available
2006-12-31,.,No value available
2007-01-01,.,No value available
2007-01-02,4.18731,
2007-01-03,4.18405,
2007-01-04,4.18405,
2007-01-05,4.18456,
2007-01-06,.,No value available
2007-01-07,.,No value available
2007-01-08,4.24144,
2007-01-09,4.24144,
2007-01-10,4.28039,
2007-01-11,4.30853,
2007-01-12,4.34808,
2007-01-13,.,No value available
2007-01-14,.,No value available
2007-01-15,4.34844,
2007-01-16,4.33917,
2007-01-17,4.28950,
2007-01-18,4.36924,
2007-01-19,4.29139,
2007-01-20,.,No value available
2007-01-21,.,No value available
2007-01-22,4.27341,
2007-01-23,4.23714,
2007-01-24,4.28584,
2007-01-25,4.26586,
2007-01-26,4.31344,
2007-01-27,.,No value available
2007-01-28,.,No value available
2007-01-29,4.35037,
2007-01-30,4.38200,
2007-01-31,4.35914,
2007-02-01,4.33956,
2007-02-02,4.36617,
2007-02-03,.,No value available
2007-02-04,.,No value available
2007-02-05,4.35581,
2007-02-06,4.32552,
2007-02-07,4.33487,
2007-02-08,4.31885,
2007-02-09,4.31052,
2007-02-10,.,No value available
2007-02-11,.,No value available
2007-02-12,4.37185,
2007-02-13,4.38486,
2007-02-14,4.39789,
2007-02-15,4.34002,
2007-02-16,4.31461,
2007-02-17,.,No value available
2007-02-18,.,No value available
2007-02-19,4.33562,
2007-02-20,4.36322,
2007-02-21,4.29543,
2007-02-22,4.31970,
2007-02-23,4.31970,
2007-02-24,.,No value available
2007-02-25,.,No value available
2007-02-26,4.26106,
2007-02-27,4.24565,
2007-02-28,4.25274,
2007-03-01,4.26626,
2007-03-02,4.27551,
2007-03-03,.,No value available
2007-03-04,.,No value available
2007-03-05,4.27017,
2007-03-06,4.26868,
2007-03-07,4.29895,
2007-03-08,4.30651,
2007-03-09,4.30504,
2007-03-10,.,No value available
2007-03-11,.,No value available
2007-03-12,4.34161,
2007-03-13,4.30133,
2007-03-14,4.29958,
2007-03-15,4.31304,
2007-03-16,4.29214,
2007-03-17,.,No value available
2007-03-18,.,No value available
2007-03-19,4.31046,
2007-03-20,4.31046,
2007-03-21,4.30040,
2007-03-22,4.33372,
2007-03-23,4.42330,
2007-03-24,.,No value available
2007-03-25,.,No value available
2007-03-26,4.46808,
2007-03-27,4.48012,
2007-03-28,4.47542,
2007-03-29,4.52500,
2007-03-30,4.49114,
2007-03-31,.,No value available
2007-04-01,.,No value available
2007-04-02,4.48252,
2007-04-03,4.51857,
2007-04-04,4.53852,
2007-04-05,4.56270,
2007-04-06,.,No value available
2007-04-07,.,No value available
2007-04-08,.,No value available
2007-04-09,.,No value available
2007-04-10,4.57701,
2007-04-11,4.59400,
2007-04-12,4.61566,
2007-04-13,4.69109,
2007-04-14,.,No value available
2007-04-15,.,No value available
2007-04-16,4.69950,
2007-04-17,4.72986,
2007-04-18,4.62832,
2007-04-19,4.59463,
2007-04-20,4.63626,
2007-04-21,.,No value available
2007-04-22,.,No value available
2007-04-23,4.58873,
2007-04-24,4.55560,
2007-04-25,4.59681,
2007-04-26,4.59684,
2007-04-27,4.59813,
2007-04-28,.,No value available
2007-04-29,.,No value available
2007-04-30,4.59813,
2007-05-01,.,No value available
2007-05-02,4.58693,
2007-05-03,4.62046,
2007-05-04,4.62046,
2007-05-05,.,No value available
2007-05-06,.,No value available
2007-05-07,4.62306,
2007-05-08,4.63305,
2007-05-09,4.63305,
2007-05-10,4.63854,
2007-05-11,4.58108,
2007-05-12,.,No value available
2007-05-13,.,No value available
2007-05-14,4.67494,
2007-05-15,4.69350,
2007-05-16,4.68896,
2007-05-17,4.66234,
2007-05-18,4.68471,
2007-05-19,.,No value available
2007-05-20,.,No value available
2007-05-21,4.68471,
2007-05-22,4.71415,
2007-05-23,4.73981,
2007-05-24,4.71425,
2007-05-25,4.69345,
2007-05-26,.,No value available
2007-05-27,.,No value available
2007-05-28,.,No value available
2007-05-29,4.74810,
2007-05-30,4.74810,
2007-05-31,4.74923,
2007-06-01,4.76266,
2007-06-02,.,No value available
2007-06-03,.,No value available
2007-06-04,4.95772,
2007-06-05,4.80582,
2007-06-06,4.83830,
2007-06-07,4.86682,
2007-06-08,4.97450,
2007-06-09,.,No value available
2007-06-10,.,No value available
2007-06-11,4.91380,
2007-06-12,4.97013,
2007-06-13,5.12742,
2007-06-14,5.04374,
2007-06-15,5.13866,
2007-06-16,.,No value available
2007-06-17,.,No value available
2007-06-18,5.09357,
2007-06-19,5.12339,
2007-06-20,5.05155,
2007-06-21,5.05542,
2007-06-22,5.03086,
2007-06-23,.,No value available
2007-06-24,.,No value available
2007-06-25,4.99994,
2007-06-26,4.96626,
2007-06-27,4.91571,
2007-06-28,4.94439,
2007-06-29,4.90861,
2007-06-30,.,No value available
2007-07-01,.,No value available
2007-07-02,4.86253,
2007-07-03,4.87986,
2007-07-04,4.93805,
2007-07-05,4.99417,
2007-07-06,4.98337,
2007-07-07,.,No value available
2007-07-08,.,No value available
2007-07-09,4.99370,
2007-07-10,4.95419,
2007-07-11,4.89411,
2007-07-12,4.94720,
2007-07-13,4.95309,
2007-07-14,.,No value available
2007-07-15,.,No value available
2007-07-16,4.93427,
2007-07-17,4.87446,
2007-07-18,4.90402,
2007-07-19,4.95326,
2007-07-20,4.85635,
2007-07-21,.,No value available
2007-07-22,.,No value available
2007-07-23,4.75577,
2007-07-24,4.79672,
2007-07-25,4.75877,
2007-07-26,4.76485,
2007-07-27,4.68192,
2007-07-28,.,No value available
2007-07-29,.,No value available
2007-07-30,4.67717,
2007-07-31,4.70221,
2007-08-01,4.63798,
2007-08-02,4.68157,
2007-08-03,4.68017,
2007-08-04,.,No value available
2007-08-05,.,No value available
2007-08-06,4.66862,
2007-08-07,4.70880,
2007-08-08,4.78676,
2007-08-09,4.73966,
2007-08-10,4.77263,
2007-08-11,.,No value available
2007-08-12,.,No value available
2007-08-13,4.03392,
2007-08-14,4.03226,
2007-08-15,3.88379,
2007-08-16,3.77130,
2007-08-17,3.59662,
2007-08-18,.,No value available
2007-08-19,.,No value available
2007-08-20,3.71035,
2007-08-21,3.45928,
2007-08-22,3.60366,
2007-08-23,3.84767,
2007-08-24,3.64912,
2007-08-25,.,No value available
2007-08-26,.,No value available
2007-08-27,3.85415,
2007-08-28,3.71866,
2007-08-29,3.65049,
2007-08-30,3.69922,
2007-08-31,3.80035,
2007-09-01,.,No value available
2007-09-02,.,No value available
2007-09-03,3.76147,
2007-09-04,3.72389,
2007-09-05,3.76720,
2007-09-06,3.74255,
2007-09-07,3.67264,
2007-09-08,.,No value available
2007-09-09,.,No value available
2007-09-10,3.54447,
2007-09-11,3.49295,
2007-09-12,3.55459,
2007-09-13,3.66318,
2007-09-14,3.73309,
2007-09-15,.,No value available
2007-09-16,.,No value available
2007-09-17,3.75712,
2007-09-18,3.77735,
2007-09-19,3.88833,
2007-09-20,3.90972,
2007-09-21,3.92518,
2007-09-22,.,No value available
2007-09-23,.,No value available
2007-09-24,3.91153,
2007-09-25,3.83736,
2007-09-26,3.84452,
2007-09-27,3.97454,
2007-09-28,3.88844,
2007-09-29,.,No value available
2007-09-30,.,No value available
2007-10-01,3.78181,
2007-10-02,3.86364,
2007-10-03,3.70598,
2007-10-04,3.81363,
2007-10-05,3.71089,
2007-10-06,.,No value available
2007-10-07,.,No value available
2007-10-08,3.89854,
2007-10-09,4.94569,
2007-10-10,4.93073,
2007-10-11,4.96497,
2007-10-12,4.92983,
2007-10-13,.,No value available
2007-10-14,.,No value available
2007-10-15,4.99178,
2007-10-16,5.04097,
2007-10-17,5.04264,
2007-10-18,5.01872,
2007-10-19,4.93478,
2007-10-20,.,No value available
2007-10-21,.,No value available
2007-10-22,4.87580,
2007-10-23,4.96024,
2007-10-24,4.91967,
2007-10-25,4.91151,
2007-10-26,4.89664,
2007-10-27,.,No value available
2007-10-28,.,No value available
2007-10-29,4.93075,
2007-10-30,4.92485,
2007-10-31,4.94696,
2007-11-01,5.01319,
2007-11-02,4.90063,
2007-11-03,.,No value available
2007-11-04,.,No value available
2007-11-05,4.85058,
2007-11-06,4.88308,
2007-11-07,4.87613,
2007-11-08,4.88638,
2007-11-09,4.91963,
2007-11-10,.,No value available
2007-11-11,.,No value available
2007-11-12,4.93047,
2007-11-13,4.88929,
2007-11-14,4.93882,
2007-11-15,4.93247,
2007-11-16,4.92796,
2007-11-17,.,No value available
2007-11-18,.,No value available
2007-11-19,4.95922,
2007-11-20,4.94342,
2007-11-21,4.98915,
2007-11-22,5.03853,
2007-11-23,5.08617,
2007-11-24,.,No value available
2007-11-25,.,No value available
2007-11-26,5.13258,
2007-11-27,5.06371,
2007-11-28,5.14801,
2007-11-29,5.18665,
2007-11-30,5.14930,
2007-12-01,.,No value available
2007-12-02,.,No value available
2007-12-03,5.15755,
2007-12-04,5.08691,
2007-12-05,5.05610,
2007-12-06,5.06574,
2007-12-07,5.08079,
2007-12-08,.,No value available
2007-12-09,.,No value available
2007-12-10,5.07375,
2007-12-11,5.11347,
2007-12-12,5.12875,
2007-12-13,5.10792,
2007-12-14,5.04344,
2007-12-15,.,No value available
2007-12-16,.,No value available
2007-12-17,5.03325,
2007-12-18,5.02628,
2007-12-19,4.95657,
2007-12-20,4.97482,
2007-12-21,4.98746,
2007-12-22,.,No value available
2007-12-23,.,No value available
2007-12-24,.,No value available
2007-12-25,.,No value available
2007-12-26,.,No value available
2007-12-27,5.05313,
2007-12-28,3.20883,
2007-12-29,.,No value available
2007-12-30,.,No value available
2007-12-31,.,No value available
2008-01-01,.,No value available
2008-01-02,3.29469,
2008-01-03,2.54315,
2008-01-04,4.04235,
2008-01-05,.,No value available
2008-01-06,.,No value available
2008-01-07,4.13353,
2008-01-08,4.08042,
2008-01-09,3.17281,
2008-01-10,2.48697,
2008-01-11,2.53840,
2008-01-12,.,No value available
2008-01-13,.,No value available
2008-01-14,2.46561,
2008-01-15,5.11383,
2008-01-16,5.07132,
2008-01-17,5.08996,
2008-01-18,5.12425,
2008-01-19,.,No value available
2008-01-20,.,No value available
2008-01-21,5.13135,
2008-01-22,5.12981,
2008-01-23,5.18500,
2008-01-24,5.25785,
2008-01-25,5.24814,
2008-01-26,.,No value available
2008-01-27,.,No value available
2008-01-28,5.18646,
2008-01-29,5.20424,
2008-01-30,5.24700,
2008-01-31,5.20903,
2008-02-01,5.12156,
2008-02-02,.,No value available
2008-02-03,.,No value available
2008-02-04,5.09902,
2008-02-05,5.06776,
2008-02-06,5.03677,
2008-02-07,5.04117,
2008-02-08,5.15095,
2008-02-09,.,No value available
2008-02-10,.,No value available
2008-02-11,5.08666,
2008-02-12,5.10372,
2008-02-13,5.16264,
2008-02-14,5.19425,
2008-02-15,5.19390,
2008-02-16,.,No value available
2008-02-17,.,No value available
2008-02-18,5.19843,
2008-02-19,5.19462,
2008-02-20,5.19632,
2008-02-21,5.17956,
2008-02-22,5.19871,
2008-02-23,.,No value available
2008-02-24,.,No value available
2008-02-25,5.25442,
2008-02-26,5.30764,
2008-02-27,5.28298,
2008-02-28,5.31339,
2008-02-29,5.20646,
2008-03-01,.,No value available
2008-03-02,.,No value available
2008-03-03,5.12255,
2008-03-04,5.22937,
2008-03-05,5.29182,
2008-03-06,5.37174,
2008-03-07,5.34658,
2008-03-08,.,No value available
2008-03-09,.,No value available
2008-03-10,5.42921,
2008-03-11,5.36980,
2008-03-12,5.37685,
2008-03-13,5.34219,
2008-03-14,5.43164,
2008-03-15,.,No value available
2008-03-16,.,No value available
2008-03-17,5.39587,
2008-03-18,5.52340,
2008-03-19,5.39915,
2008-03-20,5.34726,
2008-03-21,.,No value available
2008-03-22,.,No value available
2008-03-23,.,No value available
2008-03-24,.,No value available
2008-03-25,5.29954,
2008-03-26,5.35336,
2008-03-27,5.50954,
2008-03-28,5.50281,
2008-03-29,.,No value available
2008-03-30,.,No value available
2008-03-31,5.49162,
2008-04-01,5.41028,
2008-04-02,5.38515,
2008-04-03,5.41245,
2008-04-04,5.35469,
2008-04-05,.,No value available
2008-04-06,.,No value available
2008-04-07,5.32495,
2008-04-08,5.31426,
2008-04-09,5.30182,
2008-04-10,5.23648,
2008-04-11,5.26366,
2008-04-12,.,No value available
2008-04-13,.,No value available
2008-04-14,3.23265,
2008-04-15,2.55057,
2008-04-16,2.82669,
2008-04-17,3.10903,
2008-04-18,3.19358,
2008-04-19,.,No value available
2008-04-20,.,No value available
2008-04-21,3.33114,
2008-04-22,3.47230,
2008-04-23,3.39479,
2008-04-24,3.16442,
2008-04-25,3.40729,
2008-04-26,.,No value available
2008-04-27,.,No value available
2008-04-28,3.14769,
2008-04-29,2.78381,
2008-04-30,3.22920,
2008-05-01,.,No value available
2008-05-02,3.04112,
2008-05-03,.,No value available
2008-05-04,.,No value available
2008-05-05,3.15856,
2008-05-06,3.19496,
2008-05-07,3.14934,
2008-05-08,3.02572,
2008-05-09,2.84891,
2008-05-10,.,No value available
2008-05-11,.,No value available
2008-05-12,2.99515,
2008-05-13,2.98514,
2008-05-14,3.20397,
2008-05-15,3.38520,
2008-05-16,3.38918,
2008-05-17,.,No value available
2008-05-18,.,No value available
2008-05-19,3.34237,
2008-05-20,5.38432,
2008-05-21,5.40455,
2008-05-22,5.44185,
2008-05-23,5.35545,
2008-05-24,.,No value available
2008-05-25,.,No value available
2008-05-26,5.29972,
2008-05-27,5.32613,
2008-05-28,5.34807,
2008-05-29,5.48861,
2008-05-30,5.45475,
2008-05-31,.,No value available
2008-06-01,.,No value available
2008-06-02,5.40049,
2008-06-03,5.47856,
2008-06-04,5.43194,
2008-06-05,5.42712,
2008-06-06,5.26682,
2008-06-07,.,No value available
2008-06-08,.,No value available
2008-06-09,5.23319,
2008-06-10,5.23045,
2008-06-11,5.28624,
2008-06-12,5.33971,
2008-06-13,5.32340,
2008-06-14,.,No value available
2008-06-15,.,No value available
2008-06-16,5.16127,
2008-06-17,5.11989,
2008-06-18,5.10716,
2008-06-19,5.05057,
2008-06-20,5.00281,
2008-06-21,.,No value available
2008-06-22,.,No value available
2008-06-23,4.96019,
2008-06-24,5.06276,
2008-06-25,5.11987,
2008-06-26,5.13846,
2008-06-27,5.22841,
2008-06-28,.,No value available
2008-06-29,.,No value available
2008-06-30,5.31618,
2008-07-01,5.24447,
2008-07-02,5.21738,
2008-07-03,5.20326,
2008-07-04,5.28570,
2008-07-05,.,No value available
2008-07-06,.,No value available
2008-07-07,5.22734,
2008-07-08,5.27562,
2008-07-09,5.30609,
2008-07-10,5.24936,
2008-07-11,5.27478,
2008-07-12,.,No value available
2008-07-13,.,No value available
2008-07-14,5.26347,
2008-07-15,2.71517,
2008-07-16,2.73955,
2008-07-17,2.75147,
2008-07-18,2.78474,
2008-07-19,.,No value available
2008-07-20,.,No value available
2008-07-21,5.31312,
2008-07-22,5.29009,
2008-07-23,5.19584,
2008-07-24,5.17645,
2008-07-25,5.10837,
2008-07-26,.,No value available
2008-07-27,.,No value available
2008-07-28,5.15632,
2008-07-29,5.15878,
2008-07-30,5.11488,
2008-07-31,2.73606,
2008-08-01,2.67401,
2008-08-02,.,No value available
2008-08-03,.,No value available
2008-08-04,2.65592,
2008-08-05,2.66673,
2008-08-06,2.65287,
2008-08-07,2.67691,
2008-08-08,2.69212,
2008-08-09,.,No value available
2008-08-10,.,No value available
2008-08-11,2.69079,
2008-08-12,2.66479,
2008-08-13,2.64687,
2008-08-14,2.85848,
2008-08-15,2.82350,
2008-08-16,.,No value available
2008-08-17,.,No value available
2008-08-18,2.59180,
2008-08-19,2.59178,
2008-08-20,2.63162,
2008-08-21,2.63037,
2008-08-22,2.62737,
2008-08-23,.,No value available
2008-08-24,.,No value available
2008-08-25,2.61661,
2008-08-26,2.58691,
2008-08-27,2.60467,
2008-08-28,2.59453,
2008-08-29,2.53332,
2008-08-30,.,No value available
2008-08-31,.,No value available
2008-09-01,2.54558,
2008-09-02,2.60337,
2008-09-03,2.56021,
2008-09-04,2.59854,
2008-09-05,2.55015,
2008-09-06,.,No value available
2008-09-07,.,No value available
2008-09-08,2.59258,
2008-09-09,2.59967,
2008-09-10,2.57607,
2008-09-11,2.61030,
2008-09-12,2.67028,
2008-09-13,.,No value available
2008-09-14,.,No value available
2008-09-15,2.94831,
2008-09-16,2.61027,
2008-09-17,2.60363,
2008-09-18,2.69135,
2008-09-19,2.75868,
2008-09-20,.,No value available
2008-09-21,.,No value available
2008-09-22,5.68826,
2008-09-23,5.67761,
2008-09-24,5.58041,
2008-09-25,5.46876,
2008-09-26,5.44782,
2008-09-27,.,No value available
2008-09-28,.,No value available
2008-09-29,5.44956,
2008-09-30,5.24227,
2008-10-01,5.05242,
2008-10-02,5.14229,
2008-10-03,4.87399,
2008-10-04,.,No value available
2008-10-05,.,No value available
2008-10-06,4.83572,
2008-10-07,4.67029,
2008-10-08,4.37349,
2008-10-09,4.80011,
2008-10-10,4.66154,
2008-10-11,.,No value available
2008-10-12,.,No value available
2008-10-13,5.09435,
2008-10-14,5.05558,
2008-10-15,5.19673,
2008-10-16,5.35015,
2008-10-17,5.27300,
2008-10-18,.,No value available
2008-10-19,.,No value available
2008-10-20,5.19362,
2008-10-21,2.52124,
2008-10-22,2.66071,
2008-10-23,2.36097,
2008-10-24,2.22029,
2008-10-25,.,No value available
2008-10-26,.,No value available
2008-10-27,2.26113,
2008-10-28,2.34521,
2008-10-29,2.31345,
2008-10-30,2.37205,
2008-10-31,2.27909,
2008-11-01,.,No value available
2008-11-02,.,No value available
2008-11-03,2.40025,
2008-11-04,2.33835,
2008-11-05,2.30220,
2008-11-06,2.36346,
2008-11-07,2.34957,
2008-11-08,.,No value available
2008-11-09,.,No value available
2008-11-10,2.27449,
2008-11-11,2.32982,
2008-11-12,2.30314,
2008-11-13,2.32584,
2008-11-14,2.36892,
2008-11-15,.,No value available
2008-11-16,.,No value available
2008-11-17,2.33136,
2008-11-18,2.29028,
2008-11-19,2.21693,
2008-11-20,2.12568,
2008-11-21,2.04686,
2008-11-22,.,No value available
2008-11-23,.,No value available
2008-11-24,2.00439,
2008-11-25,1.99407,
2008-11-26,1.82508,
2008-11-27,1.76774,
2008-11-28,1.71272,
2008-11-29,.,No value available
2008-11-30,.,No value available
2008-12-01,1.70024,
2008-12-02,1.59649,
2008-12-03,1.39458,
2008-12-04,1.17712,
2008-12-05,1.42990,
2008-12-06,.,No value available
2008-12-07,.,No value available
2008-12-08,1.52561,
2008-12-09,1.60546,
2008-12-10,1.62646,
2008-12-11,1.73327,
2008-12-12,1.69010,
2008-12-13,.,No value available
2008-12-14,.,No value available
2008-12-15,1.81348,
2008-12-16,1.73314,
2008-12-17,1.60307,
2008-12-18,1.63631,
2008-12-19,1.51031,
2008-12-20,.,No value available
2008-12-21,.,No value available
2008-12-22,1.56509,
2008-12-23,1.53831,
2008-12-24,.,No value available
2008-12-25,.,No value available
2008-12-26,.,No value available
2008-12-27,.,No value available
2008-12-28,.,No value available
2008-12-29,1.50523,
2008-12-30,1.52150,
2008-12-31,.,No value available
2009-01-01,.,No value available
2009-01-02,1.52786,
2009-01-03,.,No value available
2009-01-04,.,No value available
2009-01-05,1.55309,
2009-01-06,1.63692,
2009-01-07,1.75686,
2009-01-08,1.88694,
2009-01-09,1.76982,
2009-01-10,.,No value available
2009-01-11,.,No value available
2009-01-12,1.77270,
2009-01-13,1.77559,
2009-01-14,1.85932,
2009-01-15,1.78519,
2009-01-16,1.77246,
2009-01-17,.,No value available
2009-01-18,.,No value available
2009-01-19,1.87061,
2009-01-20,1.84170,
2009-01-21,1.84762,
2009-01-22,1.89649,
2009-01-23,1.96491,
2009-01-24,.,No value available
2009-01-25,.,No value available
2009-01-26,2.15434,
2009-01-27,2.09475,
2009-01-28,1.98275,
2009-01-29,1.90229,
2009-01-30,1.84126,
2009-01-31,.,No value available
2009-02-01,.,No value available
2009-02-02,1.90121,
2009-02-03,1.83871,
2009-02-04,1.90114,
2009-02-05,1.94409,
2009-02-06,1.88844,
2009-02-07,.,No value available
2009-02-08,.,No value available
2009-02-09,1.93639,
2009-02-10,1.90094,
2009-02-11,1.83594,
2009-02-12,1.73544,
2009-02-13,1.74751,
2009-02-14,.,No value available
2009-02-15,.,No value available
2009-02-16,1.66393,
2009-02-17,1.61852,
2009-02-18,1.57176,
2009-02-19,1.77797,
2009-02-20,1.75209,
2009-02-21,.,No value available
2009-02-22,.,No value available
2009-02-23,1.79357,
2009-02-24,1.71814,
2009-02-25,1.73017,
2009-02-26,1.71013,
2009-02-27,1.74925,
2009-02-28,.,No value available
2009-03-01,.,No value available
2009-03-02,1.70092,
2009-03-03,1.73656,
2009-03-04,1.80391,
2009-03-05,1.87936,
2009-03-06,1.72427,
2009-03-07,.,No value available
2009-03-08,.,No value available
2009-03-09,1.68483,
2009-03-10,1.70012,
2009-03-11,1.79480,
2009-03-12,1.79469,
2009-03-13,1.92960,
2009-03-14,.,No value available
2009-03-15,.,No value available
2009-03-16,1.99257,
2009-03-17,2.01169,
2009-03-18,2.09021,
2009-03-19,1.94879,
2009-03-20,1.93703,
2009-03-21,.,No value available
2009-03-22,.,No value available
2009-03-23,1.88487,
2009-03-24,2.00114,
2009-03-25,2.02864,
2009-03-26,2.06888,
2009-03-27,1.98552,
2009-03-28,.,No value available
2009-03-29,.,No value available
2009-03-30,1.90887,
2009-03-31,1.87608,
2009-04-01,1.86852,
2009-04-02,1.90872,
2009-04-03,1.98534,
2009-04-04,.,No value available
2009-04-05,.,No value available
2009-04-06,2.08186,
2009-04-07,2.08713,
2009-04-08,2.04964,
2009-04-09,2.11353,
2009-04-10,.,No value available
2009-04-11,.,No value available
2009-04-12,.,No value available
2009-04-13,.,No value available
2009-04-14,2.05799,
2009-04-15,2.03178,
2009-04-16,2.08690,
2009-04-17,2.04581,
2009-04-18,.,No value available
2009-04-19,.,No value available
2009-04-20,2.05786,
2009-04-21,2.00303,
2009-04-22,1.96174,
2009-04-23,2.01696,
2009-04-24,1.99100,
2009-04-25,.,No value available
2009-04-26,.,No value available
2009-04-27,1.94880,
2009-04-28,1.92072,
2009-04-29,1.95892,
2009-04-30,1.95120,
2009-05-01,.,No value available
2009-05-02,.,No value available
2009-05-03,.,No value available
2009-05-04,1.96400,
2009-05-05,2.00011,
2009-05-06,2.01567,
2009-05-07,2.14247,
2009-05-08,2.23201,
2009-05-09,.,No value available
2009-05-10,.,No value available
2009-05-11,2.21284,
2009-05-12,2.21993,
2009-05-13,2.22130,
2009-05-14,2.21988,
2009-05-15,2.19804,
2009-05-16,.,No value available
2009-05-17,.,No value available
2009-05-18,2.21384,
2009-05-19,2.25945,
2009-05-20,2.28160,
2009-05-21,2.32346,
2009-05-22,2.33188,
2009-05-23,.,No value available
2009-05-24,.,No value available
2009-05-25,2.41734,
2009-05-26,2.37655,
2009-05-27,2.43727,
2009-05-28,2.45172,
2009-05-29,2.40564,
2009-05-30,.,No value available
2009-05-31,.,No value available
2009-06-01,2.42286,
2009-06-02,2.48954,
2009-06-03,2.33464,
2009-06-04,2.32057,
2009-06-05,2.34138,
2009-06-06,.,No value available
2009-06-07,.,No value available
2009-06-08,2.34589,
2009-06-09,2.32898,
2009-06-10,2.31213,
2009-06-11,2.35889,
2009-06-12,2.31211,
2009-06-13,.,No value available
2009-06-14,.,No value available
2009-06-15,2.30091,
2009-06-16,2.29755,
2009-06-17,2.27027,
2009-06-18,2.29697,
2009-06-19,2.37420,
2009-06-20,.,No value available
2009-06-21,.,No value available
2009-06-22,2.31655,
2009-06-23,2.32441,
2009-06-24,2.30365,
2009-06-25,2.28967,
2009-06-26,2.27186,
2009-06-27,.,No value available
2009-06-28,.,No value available
2009-06-29,2.24197,
2009-06-30,2.22271,
2009-07-01,2.20790,
2009-07-02,2.21291,
2009-07-03,2.15576,
2009-07-04,.,No value available
2009-07-05,.,No value available
2009-07-06,2.10152,
2009-07-07,2.11644,
2009-07-08,2.10838,
2009-07-09,2.10506,
2009-07-10,2.11143,
2009-07-11,.,No value available
2009-07-12,.,No value available
2009-07-13,2.05669,
2009-07-14,2.07516,
2009-07-15,2.09371,
2009-07-16,2.12834,
2009-07-17,2.10688,
2009-07-18,.,No value available
2009-07-19,.,No value available
2009-07-20,2.22331,
2009-07-21,2.21230,
2009-07-22,2.18224,
2009-07-23,2.19575,
2009-07-24,2.23963,
2009-07-25,.,No value available
2009-07-26,.,No value available
2009-07-27,2.25341,
2009-07-28,2.21480,
2009-07-29,2.15216,
2009-07-30,2.18079,
2009-07-31,2.09034,
2009-08-01,.,No value available
2009-08-02,.,No value available
2009-08-03,2.04003,
2009-08-04,2.03999,
2009-08-05,2.04784,
2009-08-06,2.01100,
2009-08-07,2.04242,
2009-08-08,.,No value available
2009-08-09,.,No value available
2009-08-10,2.11192,
2009-08-11,2.10600,
2009-08-12,2.09261,
2009-08-13,2.13536,
2009-08-14,2.06590,
2009-08-15,.,No value available
2009-08-16,.,No value available
2009-08-17,2.00175,
2009-08-18,2.01843,
2009-08-19,1.97154,
2009-08-20,1.96107,
2009-08-21,1.97137,
2009-08-22,.,No value available
2009-08-23,.,No value available
2009-08-24,2.00773,
2009-08-25,2.01030,
2009-08-26,1.99461,
2009-08-27,1.97474,
2009-08-28,2.00592,
2009-08-29,.,No value available
2009-08-30,.,No value available
2009-08-31,1.98141,
2009-09-01,1.96841,
2009-09-02,1.97873,
2009-09-03,2.02296,
2009-09-04,2.04290,
2009-09-05,.,No value available
2009-09-06,.,No value available
2009-09-07,2.05342,
2009-09-08,2.07298,
2009-09-09,2.11297,
2009-09-10,2.17228,
2009-09-11,2.09143,
2009-09-12,.,No value available
2009-09-13,.,No value available
2009-09-14,2.05422,
2009-09-15,2.05153,
2009-09-16,2.05255,
2009-09-17,2.10191,
2009-09-18,2.11796,
2009-09-19,.,No value available
2009-09-20,.,No value available
2009-09-21,2.18289,
2009-09-22,2.20969,
2009-09-23,2.16377,
2009-09-24,2.09739,
2009-09-25,2.02211,
2009-09-26,.,No value available
2009-09-27,.,No value available
2009-09-28,1.98809,
2009-09-29,1.99065,
2009-09-30,1.92085,
2009-10-01,1.97230,
2009-10-02,1.91661,
2009-10-03,.,No value available
2009-10-04,.,No value available
2009-10-05,1.88442,
2009-10-06,1.88692,
2009-10-07,1.86356,
2009-10-08,1.85686,
2009-10-09,1.87960,
2009-10-10,.,No value available
2009-10-11,.,No value available
2009-10-12,1.93834,
2009-10-13,1.93110,
2009-10-14,1.99791,
2009-10-15,2.02874,
2009-10-16,2.06891,
2009-10-17,.,No value available
2009-10-18,.,No value available
2009-10-19,2.06356,
2009-10-20,2.03179,
2009-10-21,2.05553,
2009-10-22,2.06870,
2009-10-23,2.10498,
2009-10-24,.,No value available
2009-10-25,.,No value available
2009-10-26,2.13132,
2009-10-27,2.12482,
2009-10-28,2.04048,
2009-10-29,2.03404,
2009-10-30,2.01874,
2009-10-31,.,No value available
2009-11-01,.,No value available
2009-11-02,2.00506,
2009-11-03,1.97475,
2009-11-04,2.06036,
2009-11-05,2.10028,
2009-11-06,2.09757,
2009-11-07,.,No value available
2009-11-08,.,No value available
2009-11-09,2.11903,
2009-11-10,2.05751,
2009-11-11,2.07077,
2009-11-12,2.03462,
2009-11-13,2.04939,
2009-11-14,.,No value available
2009-11-15,.,No value available
2009-11-16,2.04142,
2009-11-17,2.02555,
2009-11-18,1.97472,
2009-11-19,1.97410,
2009-11-20,1.94605,
2009-11-21,.,No value available
2009-11-22,.,No value available
2009-11-23,1.96519,
2009-11-24,1.96931,
2009-11-25,1.97291,
2009-11-26,1.96812,
2009-11-27,1.92876,
2009-11-28,.,No value available
2009-11-29,.,No value available
2009-11-30,1.91331,
2009-12-01,1.90917,
2009-12-02,1.91323,
2009-12-03,1.95801,
2009-12-04,1.92902,
2009-12-05,.,No value available
2009-12-06,.,No value available
2009-12-07,1.96469,
2009-12-08,1.92225,
2009-12-09,1.91040,
2009-12-10,1.94739,
2009-12-11,2.00365,
2009-12-12,.,No value available
2009-12-13,.,No value available
2009-12-14,1.96704,
2009-12-15,1.95143,
2009-12-16,1.99306,
2009-12-17,1.92700,
2009-12-18,1.87270,
2009-12-19,.,No value available
2009-12-20,.,No value available
2009-12-21,1.89207,
2009-12-22,1.97185,
2009-12-23,2.00585,
2009-12-24,.,No value available
2009-12-25,.,No value available
2009-12-26,.,No value available
2009-12-27,.,No value available
2009-12-28,2.08002,
2009-12-29,2.07718,
2009-12-30,2.08518,
2009-12-31,.,No value available
2010-01-01,.,No value available
2010-01-02,.,No value available
2010-01-03,.,No value available
2010-01-04,2.11473,
2010-01-05,2.09586,
2010-01-06,2.09207,
2010-01-07,2.11837,
2010-01-08,2.10702,
2010-01-09,.,No value available
2010-01-10,.,No value available
2010-01-11,2.12806,
2010-01-12,2.06942,
2010-01-13,2.10371,
2010-01-14,2.08483,
2010-01-15,2.05542,
2010-01-16,.,No value available
2010-01-17,.,No value available
2010-01-18,2.02093,
2010-01-19,2.03412,
2010-01-20,2.05001,
2010-01-21,2.03136,
2010-01-22,1.99286,
2010-01-23,.,No value available
2010-01-24,.,No value available
2010-01-25,2.01281,
2010-01-26,1.97866,
2010-01-27,1.97393,
2010-01-28,1.95507,
2010-01-29,1.93429,
2010-01-30,.,No value available
2010-01-31,.,No value available
2010-02-01,1.92599,
2010-02-02,1.93682,
2010-02-03,1.95494,
2010-02-04,1.96162,
2010-02-05,1.86733,
2010-02-06,.,No value available
2010-02-07,.,No value available
2010-02-08,1.81164,
2010-02-09,1.85962,
2010-02-10,1.92983,
2010-02-11,1.92353,
2010-02-12,1.91988,
2010-02-13,.,No value available
2010-02-14,.,No value available
2010-02-15,1.93795,
2010-02-16,1.93377,
2010-02-17,1.96232,
2010-02-18,1.98052,
2010-02-19,1.98678,
2010-02-20,.,No value available
2010-02-21,.,No value available
2010-02-22,2.02522,
2010-02-23,1.96840,
2010-02-24,1.89024,
2010-02-25,1.86306,
2010-02-26,1.86659,
2010-02-27,.,No value available
2010-02-28,.,No value available
2010-03-01,1.87166,
2010-03-02,1.87673,
2010-03-03,1.89206,
2010-03-04,1.94099,
2010-03-05,1.90580,
2010-03-06,.,No value available
2010-03-07,.,No value available
2010-03-08,1.92797,
2010-03-09,1.93571,
2010-03-10,1.93205,
2010-03-11,2.44640,
2010-03-12,2.13196,
2010-03-13,.,No value available
2010-03-14,.,No value available
2010-03-15,2.21064,
2010-03-16,2.36001,
2010-03-17,1.89674,
2010-03-18,1.89922,
2010-03-19,1.90846,
2010-03-20,.,No value available
2010-03-21,.,No value available
2010-03-22,1.88016,
2010-03-23,1.84038,
2010-03-24,1.82010,
2010-03-25,1.86620,
2010-03-26,2.24919,
2010-03-27,.,No value available
2010-03-28,.,No value available
2010-03-29,2.15667,
2010-03-30,2.01827,
2010-03-31,2.56359,
2010-04-01,2.68586,
2010-04-02,.,No value available
2010-04-03,.,No value available
2010-04-04,.,No value available
2010-04-05,.,No value available
2010-04-06,2.80932,
2010-04-07,3.01233,
2010-04-08,2.64005,
2010-04-09,2.87593,
2010-04-10,.,No value available
2010-04-11,.,No value available
2010-04-12,3.17293,
2010-04-13,3.41134,
2010-04-14,3.25115,
2010-04-15,3.40656,
2010-04-16,3.44857,
2010-04-17,.,No value available
2010-04-18,.,No value available
2010-04-19,3.17471,
2010-04-20,2.54753,
2010-04-21,2.54287,
2010-04-22,2.21711,
2010-04-23,2.37817,
2010-04-24,.,No value available
2010-04-25,.,No value available
2010-04-26,1.86995,
2010-04-27,2.05677,
2010-04-28,2.27132,
2010-04-29,2.33267,
2010-04-30,2.31848,
2010-05-01,.,No value available
2010-05-02,.,No value available
2010-05-03,2.58589,
2010-05-04,2.60628,
2010-05-05,2.68643,
2010-05-06,2.59360,
2010-05-07,2.69361,
2010-05-08,.,No value available
2010-05-09,.,No value available
2010-05-10,2.30264,
2010-05-11,2.51556,
2010-05-12,2.53561,
2010-05-13,3.09279,
2010-05-14,3.42891,
2010-05-15,.,No value available
2010-05-16,.,No value available
2010-05-17,3.15288,
2010-05-18,3.21167,
2010-05-19,3.18451,
2010-05-20,3.39599,
2010-05-21,3.09494,
2010-05-22,.,No value available
2010-05-23,.,No value available
2010-05-24,3.15903,
2010-05-25,3.22472,
2010-05-26,3.04796,
2010-05-27,3.22428,
2010-05-28,3.12896,
2010-05-29,.,No value available
2010-05-30,.,No value available
2010-05-31,3.05469,
2010-06-01,3.25752,
2010-06-02,3.23200,
2010-06-03,3.24466,
2010-06-04,3.10461,
2010-06-05,.,No value available
2010-06-06,.,No value available
2010-06-07,2.90294,
2010-06-08,2.53484,
2010-06-09,2.57461,
2010-06-10,2.62557,
2010-06-11,2.78136,
2010-06-12,.,No value available
2010-06-13,.,No value available
2010-06-14,2.80375,
2010-06-15,3.26782,
2010-06-16,3.08749,
2010-06-17,3.03876,
2010-06-18,3.30801,
2010-06-19,.,No value available
2010-06-20,.,No value available
2010-06-21,3.39308,
2010-06-22,3.25677,
2010-06-23,3.29537,
2010-06-24,3.13201,
2010-06-25,3.14599,
2010-06-26,.,No value available
2010-06-27,.,No value available
2010-06-28,3.21262,
2010-06-29,3.02127,
2010-06-30,3.19139,
2010-07-01,2.91841,
2010-07-02,2.82566,
2010-07-03,.,No value available
2010-07-04,.,No value available
2010-07-05,2.87684,
2010-07-06,2.98511,
2010-07-07,3.09271,
2010-07-08,3.12592,
2010-07-09,3.02017,
2010-07-10,.,No value available
2010-07-11,.,No value available
2010-07-12,3.02697,
2010-07-13,3.12985,
2010-07-14,3.03002,
2010-07-15,3.07014,
2010-07-16,3.21795,
2010-07-17,.,No value available
2010-07-18,.,No value available
2010-07-19,4.08771,
2010-07-20,4.11896,
2010-07-21,4.10089,
2010-07-22,4.07773,
2010-07-23,4.10888,
2010-07-24,.,No value available
2010-07-25,.,No value available
2010-07-26,4.12368,
2010-07-27,2.99953,
2010-07-28,2.98457,
2010-07-29,2.83900,
2010-07-30,2.50051,
2010-07-31,.,No value available
2010-08-01,.,No value available
2010-08-02,2.67965,
2010-08-03,2.62493,
2010-08-04,2.62764,
2010-08-05,2.82355,
2010-08-06,2.81136,
2010-08-07,.,No value available
2010-08-08,.,No value available
2010-08-09,2.61895,
2010-08-10,2.58488,
2010-08-11,2.51206,
2010-08-12,2.39939,
2010-08-13,2.24177,
2010-08-14,.,No value available
2010-08-15,.,No value available
2010-08-16,1.60424,
2010-08-17,1.73520,
2010-08-18,2.10920,
2010-08-19,1.86844,
2010-08-20,1.46416,
2010-08-21,.,No value available
2010-08-22,.,No value available
2010-08-23,1.47955,
2010-08-24,1.42048,
2010-08-25,0.87740,
2010-08-26,1.69984,
2010-08-27,1.90224,
2010-08-28,.,No value available
2010-08-29,.,No value available
2010-08-30,2.04680,
2010-08-31,1.45924,
2010-09-01,1.82947,
2010-09-02,1.02907,
2010-09-03,1.55230,
2010-09-04,.,No value available
2010-09-05,.,No value available
2010-09-06,1.46752,
2010-09-07,1.66687,
2010-09-08,1.50351,
2010-09-09,1.53528,
2010-09-10,1.94226,
2010-09-11,.,No value available
2010-09-12,.,No value available
2010-09-13,1.72356,
2010-09-14,1.75425,
2010-09-15,1.37588,
2010-09-16,1.09027,
2010-09-17,1.13691,
2010-09-18,.,No value available
2010-09-19,.,No value available
2010-09-20,1.23508,
2010-09-21,1.49333,
2010-09-22,1.52516,
2010-09-23,1.06799,
2010-09-24,1.00121,
2010-09-25,.,No value available
2010-09-26,.,No value available
2010-09-27,0.93244,
2010-09-28,0.89193,
2010-09-29,0.85233,
2010-09-30,0.86831,
2010-10-01,0.87519,
2010-10-02,.,No value available
2010-10-03,.,No value available
2010-10-04,0.81935,
2010-10-05,0.82842,
2010-10-06,0.84208,
2010-10-07,0.86493,
2010-10-08,0.86951,
2010-10-09,.,No value available
2010-10-10,.,No value available
2010-10-11,0.88563,
2010-10-12,0.82597,
2010-10-13,0.90023,
2010-10-14,0.90919,
2010-10-15,0.95555,
2010-10-16,.,No value available
2010-10-17,.,No value available
2010-10-18,1.02699,
2010-10-19,1.01491,
2010-10-20,1.20294,
2010-10-21,0.98567,
2010-10-22,0.98097,
2010-10-23,.,No value available
2010-10-24,.,No value available
2010-10-25,0.96249,
2010-10-26,1.16581,
2010-10-27,1.24282,
2010-10-28,1.08255,
2010-10-29,1.01142,
2010-10-30,.,No value available
2010-10-31,.,No value available
2010-11-01,0.93332,
2010-11-02,0.90838,
2010-11-03,0.85333,
2010-11-04,0.96977,
2010-11-05,0.89502,
2010-11-06,.,No value available
2010-11-07,.,No value available
2010-11-08,0.92061,
2010-11-09,0.89250,
2010-11-10,0.99837,
2010-11-11,1.28981,
2010-11-12,1.37967,
2010-11-13,.,No value available
2010-11-14,.,No value available
2010-11-15,1.11390,
2010-11-16,1.14064,
2010-11-17,1.19964,
2010-11-18,1.17706,
2010-11-19,1.19478,
2010-11-20,.,No value available
2010-11-21,.,No value available
2010-11-22,1.31388,
2010-11-23,1.13416,
2010-11-24,1.06268,
2010-11-25,1.36728,
2010-11-26,1.17112,
2010-11-27,.,No value available
2010-11-28,.,No value available
2010-11-29,1.62854,
2010-11-30,1.82668,
2010-12-01,1.68821,
2010-12-02,1.77549,
2010-12-03,1.92734,
2010-12-04,.,No value available
2010-12-05,.,No value available
2010-12-06,2.39151,
2010-12-07,2.39298,
2010-12-08,1.86786,
2010-12-09,1.92597,
2010-12-10,2.02321,
2010-12-11,.,No value available
2010-12-12,.,No value available
2010-12-13,1.95296,
2010-12-14,1.67953,
2010-12-15,1.64080,
2010-12-16,1.64322,
2010-12-17,1.73728,
2010-12-18,.,No value available
2010-12-19,.,No value available
2010-12-20,1.45711,
2010-12-21,1.41681,
2010-12-22,1.42755,
2010-12-23,1.38649,
2010-12-24,.,No value available
2010-12-25,.,No value available
2010-12-26,.,No value available
2010-12-27,1.56440,
2010-12-28,1.69183,
2010-12-29,1.93146,
2010-12-30,1.51015,
2010-12-31,.,No value available
2011-01-01,.,No value available
2011-01-02,.,No value available
2011-01-03,1.40355,
2011-01-04,1.86743,
2011-01-05,1.31921,
2011-01-06,1.45999,
2011-01-07,1.40360,
2011-01-08,.,No value available
2011-01-09,.,No value available
2011-01-10,1.39561,
2011-01-11,1.37439,
2011-01-12,1.45192,
2011-01-13,1.50362,
2011-01-14,1.45412,
2011-01-15,.,No value available
2011-01-16,.,No value available
2011-01-17,1.46821,
2011-01-18,1.54768,
2011-01-19,1.54013,
2011-01-20,1.53119,
2011-01-21,1.56000,
2011-01-22,.,No value available
2011-01-23,.,No value available
2011-01-24,1.56725,
2011-01-25,1.52847,
2011-01-26,1.60086,
2011-01-27,1.59810,
2011-01-28,1.58802,
2011-01-29,.,No value available
2011-01-30,.,No value available
2011-01-31,1.56458,
2011-02-01,1.62068,
2011-02-02,1.65704,
2011-02-03,1.64457,
2011-02-04,1.64743,
2011-02-05,.,No value available
2011-02-06,.,No value available
2011-02-07,1.68003,
2011-02-08,1.67776,
2011-02-09,1.70951,
2011-02-10,1.71532,
2011-02-11,1.71825,
2011-02-12,.,No value available
2011-02-13,.,No value available
2011-02-14,1.73396,
2011-02-15,1.75507,
2011-02-16,1.68081,
2011-02-17,1.67801,
2011-02-18,1.63264,
2011-02-19,.,No value available
2011-02-20,.,No value available
2011-02-21,1.64377,
2011-02-22,1.58451,
2011-02-23,1.57334,
2011-02-24,1.55000,
2011-02-25,1.58124,
2011-02-26,.,No value available
2011-02-27,.,No value available
2011-02-28,1.55670,
2011-03-01,1.60318,
2011-03-02,1.59307,
2011-03-03,1.64972,
2011-03-04,2.49399,
2011-03-05,.,No value available
2011-03-06,.,No value available
2011-03-07,1.69854,
2011-03-08,1.70318,
2011-03-09,1.69743,
2011-03-10,1.65730,
2011-03-11,1.59610,
2011-03-12,.,No value available
2011-03-13,.,No value available
2011-03-14,1.66192,
2011-03-15,1.50883,
2011-03-16,1.53201,
2011-03-17,1.56540,
2011-03-18,1.60751,
2011-03-19,.,No value available
2011-03-20,.,No value available
2011-03-21,1.67584,
2011-03-22,1.72791,
2011-03-23,1.69894,
2011-03-24,1.71465,
2011-03-25,1.75024,
2011-03-26,.,No value available
2011-03-27,.,No value available
2011-03-28,1.78498,
2011-03-29,1.77380,
2011-03-30,1.79748,
2011-03-31,1.78395,
2011-04-01,1.82438,
2011-04-02,.,No value available
2011-04-03,.,No value available
2011-04-04,1.84118,
2011-04-05,1.82863,
2011-04-06,1.85567,
2011-04-07,1.91646,
2011-04-08,1.92569,
2011-04-09,.,No value available
2011-04-10,.,No value available
2011-04-11,1.96889,
2011-04-12,1.94236,
2011-04-13,1.93194,
2011-04-14,1.87897,
2011-04-15,1.87962,
2011-04-16,.,No value available
2011-04-17,.,No value available
2011-04-18,1.81116,
2011-04-19,1.76854,
2011-04-20,1.79708,
2011-04-21,1.80841,
2011-04-22,.,No value available
2011-04-23,.,No value available
2011-04-24,.,No value available
2011-04-25,.,No value available
2011-04-26,1.76287,
2011-04-27,1.76585,
2011-04-28,1.77301,
2011-04-29,1.73021,
2011-04-30,.,No value available
2011-05-01,.,No value available
2011-05-02,1.72440,
2011-05-03,1.71861,
2011-05-04,1.74374,
2011-05-05,1.77501,
2011-05-06,1.65526,
2011-05-07,.,No value available
2011-05-08,.,No value available
2011-05-09,1.62733,
2011-05-10,1.61713,
2011-05-11,1.64561,
2011-05-12,1.60025,
2011-05-13,1.62577,
2011-05-14,.,No value available
2011-05-15,.,No value available
2011-05-16,1.58508,
2011-05-17,1.65893,
2011-05-18,1.61166,
2011-05-19,1.63731,
2011-05-20,1.62026,
2011-05-21,.,No value available
2011-05-22,.,No value available
2011-05-23,1.52772,
2011-05-24,1.55947,
2011-05-25,1.54944,
2011-05-26,1.56907,
2011-05-27,1.50407,
2011-05-28,.,No value available
2011-05-29,.,No value available
2011-05-30,1.50299,
2011-05-31,1.54567,
2011-06-01,1.56356,
2011-06-02,1.51025,
2011-06-03,1.54076,
2011-06-04,.,No value available
2011-06-05,.,No value available
2011-06-06,1.54357,
2011-06-07,1.57210,
2011-06-08,1.60368,
2011-06-09,1.56827,
2011-06-10,1.55597,
2011-06-11,.,No value available
2011-06-12,.,No value available
2011-06-13,1.51983,
2011-06-14,1.53762,
2011-06-15,1.59537,
2011-06-16,1.70046,
2011-06-17,1.56677,
2011-06-18,.,No value available
2011-06-19,.,No value available
2011-06-20,1.56343,
2011-06-21,1.61591,
2011-06-22,1.66279,
2011-06-23,1.63824,
2011-06-24,1.80476,
2011-06-25,.,No value available
2011-06-26,.,No value available
2011-06-27,1.58890,
2011-06-28,1.62298,
2011-06-29,1.68549,
2011-06-30,1.74035,
2011-07-01,1.74095,
2011-07-02,.,No value available
2011-07-03,.,No value available
2011-07-04,1.68329,
2011-07-05,1.66600,
2011-07-06,1.59025,
2011-07-07,1.58457,
2011-07-08,1.57332,
2011-07-09,.,No value available
2011-07-10,.,No value available
2011-07-11,1.39265,
2011-07-12,1.25614,
2011-07-13,1.40017,
2011-07-14,1.42715,
2011-07-15,1.65736,
2011-07-16,.,No value available
2011-07-17,.,No value available
2011-07-18,1.31771,
2011-07-19,1.38943,
2011-07-20,1.47072,
2011-07-21,1.49712,
2011-07-22,1.62269,
2011-07-23,.,No value available
2011-07-24,.,No value available
2011-07-25,1.52870,
2011-07-26,1.47733,
2011-07-27,1.40879,
2011-07-28,1.33086,
2011-07-29,1.35577,
2011-07-30,.,No value available
2011-07-31,.,No value available
2011-08-01,1.31872,
2011-08-02,1.20862,
2011-08-03,1.16179,
2011-08-04,1.15620,
2011-08-05,1.08067,
2011-08-06,.,No value available
2011-08-07,.,No value available
2011-08-08,1.13251,
2011-08-09,1.07272,
2011-08-10,1.09999,
2011-08-11,1.04312,
2011-08-12,1.10492,
2011-08-13,.,No value available
2011-08-14,.,No value available
2011-08-15,1.15661,
2011-08-16,1.17789,
2011-08-17,1.16013,
2011-08-18,1.03810,
2011-08-19,0.95806,
2011-08-20,.,No value available
2011-08-21,.,No value available
2011-08-22,0.92792,
2011-08-23,0.97582,
2011-08-24,0.96136,
2011-08-25,1.05519,
2011-08-26,1.03063,
2011-08-27,.,No value available
2011-08-28,.,No value available
2011-08-29,0.99894,
2011-08-30,1.02326,
2011-08-31,1.04038,
2011-09-01,1.05509,
2011-09-02,0.99543,
2011-09-03,.,No value available
2011-09-04,.,No value available
2011-09-05,0.86290,
2011-09-06,0.91619,
2011-09-07,0.86707,
2011-09-08,0.83476,
2011-09-09,0.78161,
2011-09-10,.,No value available
2011-09-11,.,No value available
2011-09-12,0.65305,
2011-09-13,0.63178,
2011-09-14,0.63528,
2011-09-15,0.79293,
2011-09-16,0.79061,
2011-09-17,.,No value available
2011-09-18,.,No value available
2011-09-19,0.62804,
2011-09-20,0.61305,
2011-09-21,0.64476,
2011-09-22,0.46776,
2011-09-23,0.45169,
2011-09-24,.,No value available
2011-09-25,.,No value available
2011-09-26,0.50248,
2011-09-27,0.62731,
2011-09-28,0.70658,
2011-09-29,0.70603,
2011-09-30,0.67372,
2011-10-01,.,No value available
2011-10-02,.,No value available
2011-10-03,0.58849,
2011-10-04,0.50257,
2011-10-05,0.51920,
2011-10-06,0.66549,
2011-10-07,0.71480,
2011-10-08,.,No value available
2011-10-09,.,No value available
2011-10-10,0.79553,
2011-10-11,0.78078,
2011-10-12,0.89360,
2011-10-13,0.88691,
2011-10-14,0.89825,
2011-10-15,.,No value available
2011-10-16,.,No value available
2011-10-17,0.94736,
2011-10-18,0.78841,
2011-10-19,0.85482,
2011-10-20,0.82673,
2011-10-21,0.76668,
2011-10-22,.,No value available
2011-10-23,.,No value available
2011-10-24,0.76894,
2011-10-25,0.83784,
2011-10-26,0.81269,
2011-10-27,0.82888,
2011-10-28,0.96398,
2011-10-29,.,No value available
2011-10-30,.,No value available
2011-10-31,0.87099,
2011-11-01,0.64244,
2011-11-02,0.67672,
2011-11-03,0.68245,
2011-11-04,0.70942,
2011-11-05,.,No value available
2011-11-06,.,No value available
2011-11-07,0.59023,
2011-11-08,0.61347,
2011-11-09,0.50704,
2011-11-10,0.49024,
2011-11-11,0.53050,
2011-11-12,.,No value available
2011-11-13,.,No value available
2011-11-14,0.53046,
2011-11-15,0.45573,
2011-11-16,0.47985,
2011-11-17,0.45978,
2011-11-18,0.55618,
2011-11-19,.,No value available
2011-11-20,.,No value available
2011-11-21,0.52157,
2011-11-22,0.59319,
2011-11-23,0.64969,
2011-11-24,0.81284,
2011-11-25,0.82119,
2011-11-26,.,No value available
2011-11-27,.,No value available
2011-11-28,0.89167,
2011-11-29,0.92261,
2011-11-30,0.92977,
2011-12-01,0.92158,
2011-12-02,0.76232,
2011-12-03,.,No value available
2011-12-04,.,No value available
2011-12-05,0.75633,
2011-12-06,0.75630,
2011-12-07,0.68143,
2011-12-08,0.65002,
2011-12-09,0.61009,
2011-12-10,.,No value available
2011-12-11,.,No value available
2011-12-12,0.57276,
2011-12-13,0.53362,
2011-12-14,0.45869,
2011-12-15,0.38095,
2011-12-16,0.43738,
2011-12-17,.,No value available
2011-12-18,.,No value available
2011-12-19,0.40376,
2011-12-20,0.43518,
2011-12-21,0.54413,
2011-12-22,0.47734,
2011-12-23,0.44758,
2011-12-24,.,No value available
2011-12-25,.,No value available
2011-12-26,.,No value available
2011-12-27,0.44965,
2011-12-28,0.43483,
2011-12-29,0.40321,
2011-12-30,0.37110,
2011-12-31,.,No value available
2012-01-01,.,No value available
2012-01-02,0.39893,
2012-01-03,0.49491,
2012-01-04,0.51248,
2012-01-05,0.46487,
2012-01-06,0.45973,
2012-01-07,.,No value available
2012-01-08,.,No value available
2012-01-09,0.47671,
2012-01-10,0.46261,
2012-01-11,0.46385,
2012-01-12,0.45183,
2012-01-13,0.36919,
2012-01-14,.,No value available
2012-01-15,.,No value available
2012-01-16,0.34557,
2012-01-17,0.39824,
2012-01-18,0.43389,
2012-01-19,0.44010,
2012-01-20,0.49542,
2012-01-21,.,No value available
2012-01-22,.,No value available
2012-01-23,0.55374,
2012-01-24,0.62229,
2012-01-25,0.60058,
2012-01-26,0.57497,
2012-01-27,0.54916,
2012-01-28,.,No value available
2012-01-29,.,No value available
2012-01-30,0.50283,
2012-01-31,0.51011,
2012-02-01,0.47148,
2012-02-02,0.43737,
2012-02-03,0.47344,
2012-02-04,.,No value available
2012-02-05,.,No value available
2012-02-06,0.50556,
2012-02-07,0.48405,
2012-02-08,0.58599,
2012-02-09,0.59955,
2012-02-10,0.62343,
2012-02-11,.,No value available
2012-02-12,.,No value available
2012-02-13,0.60302,
2012-02-14,0.57173,
2012-02-15,0.53765,
2012-02-16,0.43422,
2012-02-17,0.50074,
2012-02-18,.,No value available
2012-02-19,.,No value available
2012-02-20,0.53051,
2012-02-21,0.55616,
2012-02-22,0.53174,
2012-02-23,0.49404,
2012-02-24,0.47172,
2012-02-25,.,No value available
2012-02-26,.,No value available
2012-02-27,0.45717,
2012-02-28,0.42660,
2012-02-29,0.45113,
2012-03-01,0.44463,
2012-03-02,0.45309,
2012-03-03,.,No value available
2012-03-04,.,No value available
2012-03-05,0.42507,
2012-03-06,0.43517,
2012-03-07,0.45083,
2012-03-08,0.44858,
2012-03-09,0.45620,
2012-03-10,.,No value available
2012-03-11,.,No value available
2012-03-12,0.43661,
2012-03-13,0.44760,
2012-03-14,0.57465,
2012-03-15,0.65361,
2012-03-16,0.64462,
2012-03-17,.,No value available
2012-03-18,.,No value available
2012-03-19,0.67380,
2012-03-20,0.65487,
2012-03-21,0.67149,
2012-03-22,0.53623,
2012-03-23,0.50583,
2012-03-24,.,No value available
2012-03-25,.,No value available
2012-03-26,0.49845,
2012-03-27,0.56541,
2012-03-28,0.52825,
2012-03-29,0.50819,
2012-03-30,0.47757,
2012-03-31,.,No value available
2012-04-01,.,No value available
2012-04-02,0.47324,
2012-04-03,0.46506,
2012-04-04,0.47299,
2012-04-05,0.43668,
2012-04-06,.,No value available
2012-04-07,.,No value available
2012-04-08,.,No value available
2012-04-09,.,No value available
2012-04-10,0.40197,
2012-04-11,0.39688,
2012-04-12,0.40769,
2012-04-13,0.38956,
2012-04-14,.,No value available
2012-04-15,.,No value available
2012-04-16,0.37067,
2012-04-17,0.41558,
2012-04-18,0.38816,
2012-04-19,0.40064,
2012-04-20,0.39008,
2012-04-21,.,No value available
2012-04-22,.,No value available
2012-04-23,0.37160,
2012-04-24,0.41485,
2012-04-25,0.42527,
2012-04-26,0.42078,
2012-04-27,0.38307,
2012-04-28,.,No value available
2012-04-29,.,No value available
2012-04-30,0.37557,
2012-05-01,.,No value available
2012-05-02,0.34007,
2012-05-03,0.33394,
2012-05-04,0.33044,
2012-05-05,.,No value available
2012-05-06,.,No value available
2012-05-07,0.29323,
2012-05-08,0.27134,
2012-05-09,0.25512,
2012-05-10,0.21191,
2012-05-11,0.20852,
2012-05-12,.,No value available
2012-05-13,.,No value available
2012-05-14,0.07656,
2012-05-15,0.13242,
2012-05-16,0.12459,
2012-05-17,0.11796,
2012-05-18,0.07235,
2012-05-19,.,No value available
2012-05-20,.,No value available
2012-05-21,0.10279,
2012-05-22,0.12513,
2012-05-23,0.06097,
2012-05-24,0.00010,
2012-05-25,0.00039,
2012-05-26,.,No value available
2012-05-27,.,No value available
2012-05-28,0.00020,
2012-05-29,0.00039,
2012-05-30,0.00010,
2012-05-31,0.00010,
2012-06-01,0.00011,
2012-06-02,.,No value available
2012-06-03,.,No value available
2012-06-04,0.00010,
2012-06-05,0.00014,
2012-06-06,0.00010,
2012-06-07,0.00010,
2012-06-08,0.00010,
2012-06-09,.,No value available
2012-06-10,.,No value available
2012-06-11,0.00010,
2012-06-12,0.00016,
2012-06-13,0.16485,
2012-06-14,0.23704,
2012-06-15,0.19022,
2012-06-16,.,No value available
2012-06-17,.,No value available
2012-06-18,0.25713,
2012-06-19,0.14455,
2012-06-20,0.43737,
2012-06-21,0.54264,
2012-06-22,0.79809,
2012-06-23,.,No value available
2012-06-24,.,No value available
2012-06-25,0.64236,
2012-06-26,0.47792,
2012-06-27,0.43777,
2012-06-28,0.22324,
2012-06-29,0.35847,
2012-06-30,.,No value available
2012-07-01,.,No value available
2012-07-02,0.33935,
2012-07-03,0.36921,
2012-07-04,0.32885,
2012-07-05,0.29928,
2012-07-06,0.25340,
2012-07-07,.,No value available
2012-07-08,.,No value available
2012-07-09,0.16181,
2012-07-10,0.31635,
2012-07-11,0.39331,
2012-07-12,0.51086,
2012-07-13,0.57214,
2012-07-14,.,No value available
2012-07-15,.,No value available
2012-07-16,0.73464,
2012-07-17,0.69648,
2012-07-18,0.73463,
2012-07-19,0.86990,
2012-07-20,0.82134,
2012-07-21,.,No value available
2012-07-22,.,No value available
2012-07-23,0.45865,
2012-07-24,0.75957,
2012-07-25,1.06395,
2012-07-26,0.68210,
2012-07-27,0.94545,
2012-07-28,.,No value available
2012-07-29,.,No value available
2012-07-30,1.41288,
2012-07-31,1.16608,
2012-08-01,1.23604,
2012-08-02,1.24103,
2012-08-03,1.19052,
2012-08-04,.,No value available
2012-08-05,.,No value available
2012-08-06,1.36944,
2012-08-07,1.51896,
2012-08-08,1.50607,
2012-08-09,1.47081,
2012-08-10,1.32631,
2012-08-11,.,No value available
2012-08-12,.,No value available
2012-08-13,1.39134,
2012-08-14,1.34598,
2012-08-15,1.55614,
2012-08-16,1.63423,
2012-08-17,1.67330,
2012-08-18,.,No value available
2012-08-19,.,No value available
2012-08-20,1.69036,
2012-08-21,1.62772,
2012-08-22,1.56330,
2012-08-23,1.28158,
2012-08-24,1.14162,
2012-08-25,.,No value available
2012-08-26,.,No value available
2012-08-27,1.01056,
2012-08-28,1.12496,
2012-08-29,1.05842,
2012-08-30,0.95936,
2012-08-31,1.08027,
2012-09-01,.,No value available
2012-09-02,.,No value available
2012-09-03,1.05436,
2012-09-04,1.20569,
2012-09-05,1.19260,
2012-09-06,1.10879,
2012-09-07,1.13755,
2012-09-08,.,No value available
2012-09-09,.,No value available
2012-09-10,1.02065,
2012-09-11,1.06148,
2012-09-12,1.42649,
2012-09-13,1.18629,
2012-09-14,0.98866,
2012-09-15,.,No value available
2012-09-16,.,No value available
2012-09-17,1.39474,
2012-09-18,0.46512,
2012-09-19,1.86294,
2012-09-20,1.37107,
2012-09-21,1.25607,
2012-09-22,.,No value available
2012-09-23,.,No value available
2012-09-24,1.14777,
2012-09-25,0.98652,
2012-09-26,0.90838,
2012-09-27,0.67969,
2012-09-28,0.61036,
2012-09-29,.,No value available
2012-09-30,.,No value available
2012-10-01,0.79433,
2012-10-02,1.12665,
2012-10-03,1.04441,
2012-10-04,1.15251,
2012-10-05,1.10034,
2012-10-06,.,No value available
2012-10-07,.,No value available
2012-10-08,1.09016,
2012-10-09,1.09016,
2012-10-10,1.09016,
2012-10-11,1.10339,
2012-10-12,1.22466,
2012-10-13,.,No value available
2012-10-14,.,No value available
2012-10-15,1.25084,
2012-10-16,1.32813,
2012-10-17,1.54288,
2012-10-18,1.55150,
2012-10-19,1.40221,
2012-10-20,.,No value available
2012-10-21,.,No value available
2012-10-22,1.40221,
2012-10-23,1.40221,
2012-10-24,1.31663,
2012-10-25,1.41814,
2012-10-26,1.32680,
2012-10-27,.,No value available
2012-10-28,.,No value available
2012-10-29,1.30605,
2012-10-30,1.30574,
2012-10-31,1.29259,
2012-11-01,1.27119,
2012-11-02,1.15134,
2012-11-03,.,No value available
2012-11-04,.,No value available
2012-11-05,1.22587,
2012-11-06,1.17396,
2012-11-07,1.12983,
2012-11-08,0.96445,
2012-11-09,0.76826,
2012-11-10,.,No value available
2012-11-11,.,No value available
2012-11-12,0.83816,
2012-11-13,0.79424,
2012-11-14,0.85657,
2012-11-15,0.81339,
2012-11-16,0.83601,
2012-11-17,.,No value available
2012-11-18,.,No value available
2012-11-19,0.83866,
2012-11-20,1.01015,
2012-11-21,1.01196,
2012-11-22,1.15260,
2012-11-23,1.17130,
2012-11-24,.,No value available
2012-11-25,.,No value available
2012-11-26,1.17130,
2012-11-27,1.06191,
2012-11-28,0.58470,
2012-11-29,1.04280,
2012-11-30,0.82600,
2012-12-01,.,No value available
2012-12-02,.,No value available
2012-12-03,0.84193,
2012-12-04,0.80326,
2012-12-05,0.75341,
2012-12-06,0.58320,
2012-12-07,0.65146,
2012-12-08,.,No value available
2012-12-09,.,No value available
2012-12-10,0.49238,
2012-12-11,0.64217,
2012-12-12,0.75385,
2012-12-13,1.01394,
2012-12-14,0.95881,
2012-12-15,.,No value available
2012-12-16,.,No value available
2012-12-17,1.13112,
2012-12-18,1.06410,
2012-12-19,1.14540,
2012-12-20,0.87756,
2012-12-21,0.92571,
2012-12-22,.,No value available
2012-12-23,.,No value available
2012-12-24,.,No value available
2012-12-25,.,No value available
2012-12-26,.,No value available
2012-12-27,0.70024,
2012-12-28,0.72540,
2012-12-29,.,No value available
2012-12-30,.,No value available
2012-12-31,.,No value available
2013-01-01,.,No value available
2013-01-02,1.10569,
2013-01-03,1.15708,
2013-01-04,1.35728,
2013-01-05,.,No value available
2013-01-06,.,No value available
2013-01-07,1.36121,
2013-01-08,1.39138,
2013-01-09,1.31823,
2013-01-10,1.28732,
2013-01-11,1.32506,
2013-01-12,.,No value available
2013-01-13,.,No value available
2013-01-14,1.16090,
2013-01-15,1.09852,
2013-01-16,0.44251,
2013-01-17,0.41244,
2013-01-18,0.39316,
2013-01-19,.,No value available
2013-01-20,.,No value available
2013-01-21,0.37404,
2013-01-22,0.38256,
2013-01-23,0.35564,
2013-01-24,0.32827,
2013-01-25,0.40817,
2013-01-26,.,No value available
2013-01-27,.,No value available
2013-01-28,0.42718,
2013-01-29,0.41857,
2013-01-30,0.44903,
2013-01-31,0.36344,
2013-02-01,0.42058,
2013-02-02,.,No value available
2013-02-03,.,No value available
2013-02-04,0.43319,
2013-02-05,0.36327,
2013-02-06,0.36772,
2013-02-07,0.39822,
2013-02-08,0.37665,
2013-02-09,.,No value available
2013-02-10,.,No value available
2013-02-11,0.38337,
2013-02-12,0.39011,
2013-02-13,0.96239,
2013-02-14,0.89813,
2013-02-15,0.89968,
2013-02-16,.,No value available
2013-02-17,.,No value available
2013-02-18,0.92359,
2013-02-19,0.84642,
2013-02-20,0.96101,
2013-02-21,0.45014,
2013-02-22,0.42579,
2013-02-23,.,No value available
2013-02-24,.,No value available
2013-02-25,0.77368,
2013-02-26,0.43927,
2013-02-27,0.30859,
2013-02-28,0.30802,
2013-03-01,0.30215,
2013-03-02,.,No value available
2013-03-03,.,No value available
2013-03-04,0.26804,
2013-03-05,0.31093,
2013-03-06,0.32959,
2013-03-07,0.32502,
2013-03-08,0.33831,
2013-03-09,.,No value available
2013-03-10,.,No value available
2013-03-11,0.34363,
2013-03-12,0.36592,
2013-03-13,0.39303,
2013-03-14,0.37005,
2013-03-15,0.36769,
2013-03-16,.,No value available
2013-03-17,.,No value available
2013-03-18,0.29646,
2013-03-19,0.25919,
2013-03-20,0.22920,
2013-03-21,0.26132,
2013-03-22,0.19229,
2013-03-23,.,No value available
2013-03-24,.,No value available
2013-03-25,0.27218,
2013-03-26,0.25043,
2013-03-27,0.20597,
2013-03-28,0.18726,
2013-03-29,.,No value available
2013-03-30,.,No value available
2013-03-31,.,No value available
2013-04-01,.,No value available
2013-04-02,0.22571,
2013-04-03,0.25338,
2013-04-04,0.25465,
2013-04-05,0.17897,
2013-04-06,.,No value available
2013-04-07,.,No value available
2013-04-08,0.14182,
2013-04-09,0.14812,
2013-04-10,0.16873,
2013-04-11,0.21782,
2013-04-12,0.17504,
2013-04-13,.,No value available
2013-04-14,.,No value available
2013-04-15,0.20705,
2013-04-16,0.17671,
2013-04-17,0.21218,
2013-04-18,0.19414,
2013-04-19,0.18515,
2013-04-20,.,No value available
2013-04-21,.,No value available
2013-04-22,0.19839,
2013-04-23,0.13123,
2013-04-24,0.16978,
2013-04-25,0.14518,
2013-04-26,0.12748,
2013-04-27,.,No value available
2013-04-28,.,No value available
2013-04-29,0.10734,
2013-04-30,0.09775,
2013-05-01,.,No value available
2013-05-02,0.08977,
2013-05-03,0.11172,
2013-05-04,.,No value available
2013-05-05,.,No value available
2013-05-06,0.16960,
2013-05-07,0.18962,
2013-05-08,0.20031,
2013-05-09,0.17250,
2013-05-10,0.24688,
2013-05-11,.,No value available
2013-05-12,.,No value available
2013-05-13,0.27216,
2013-05-14,0.27960,
2013-05-15,0.27959,
2013-05-16,0.30232,
2013-05-17,0.23466,
2013-05-18,.,No value available
2013-05-19,.,No value available
2013-05-20,0.29142,
2013-05-21,0.30906,
2013-05-22,0.30905,
2013-05-23,0.31296,
2013-05-24,0.35049,
2013-05-25,.,No value available
2013-05-26,.,No value available
2013-05-27,0.31478,
2013-05-28,0.38636,
2013-05-29,0.37555,
2013-05-30,0.34591,
2013-05-31,0.33921,
2013-06-01,.,No value available
2013-06-02,.,No value available
2013-06-03,0.39725,
2013-06-04,0.40559,
2013-06-05,0.39770,
2013-06-06,0.35664,
2013-06-07,0.33918,
2013-06-08,.,No value available
2013-06-09,.,No value available
2013-06-10,0.34901,
2013-06-11,0.43052,
2013-06-12,0.41909,
2013-06-13,0.37732,
2013-06-14,0.36695,
2013-06-15,.,No value available
2013-06-16,.,No value available
2013-06-17,0.38817,
2013-06-18,0.40997,
2013-06-19,0.40997,
2013-06-20,0.44892,
2013-06-21,0.48131,
2013-06-22,.,No value available
2013-06-23,.,No value available
2013-06-24,0.62053,
2013-06-25,0.88840,
2013-06-26,0.87739,
2013-06-27,0.88310,
2013-06-28,0.78311,
2013-06-29,.,No value available
2013-06-30,.,No value available
2013-07-01,0.82942,
2013-07-02,0.51939,
2013-07-03,0.46181,
2013-07-04,0.42457,
2013-07-05,0.46046,
2013-07-06,.,No value available
2013-07-07,.,No value available
2013-07-08,0.50840,
2013-07-09,0.48970,
2013-07-10,0.43095,
2013-07-11,0.41673,
2013-07-12,0.39712,
2013-07-13,.,No value available
2013-07-14,.,No value available
2013-07-15,0.37806,
2013-07-16,0.38575,
2013-07-17,0.39618,
2013-07-18,0.35321,
2013-07-19,0.36851,
2013-07-20,.,No value available
2013-07-21,.,No value available
2013-07-22,0.37799,
2013-07-23,0.38250,
2013-07-24,0.40294,
2013-07-25,0.45017,
2013-07-26,0.49990,
2013-07-27,.,No value available
2013-07-28,.,No value available
2013-07-29,0.50928,
2013-07-30,0.48355,
2013-07-31,0.48448,
2013-08-01,0.41564,
2013-08-02,0.49053,
2013-08-03,.,No value available
2013-08-04,.,No value available
2013-08-05,0.44965,
2013-08-06,0.49988,
2013-08-07,0.47048,
2013-08-08,0.47884,
2013-08-09,0.48443,
2013-08-10,.,No value available
2013-08-11,.,No value available
2013-08-12,0.49986,
2013-08-13,0.55651,
2013-08-14,0.59093,
2013-08-15,0.60924,
2013-08-16,0.64856,
2013-08-17,.,No value available
2013-08-18,.,No value available
2013-08-19,0.66422,
2013-08-20,0.64808,
2013-08-21,0.89336,
2013-08-22,1.09686,
2013-08-23,0.86533,
2013-08-24,.,No value available
2013-08-25,.,No value available
2013-08-26,1.11913,
2013-08-27,0.80077,
2013-08-28,0.66509,
2013-08-29,0.86997,
2013-08-30,0.95476,
2013-08-31,.,No value available
2013-09-01,.,No value available
2013-09-02,0.87067,
2013-09-03,0.76988,
2013-09-04,0.71222,
2013-09-05,0.73618,
2013-09-06,0.74471,
2013-09-07,.,No value available
2013-09-08,.,No value available
2013-09-09,0.72621,
2013-09-10,0.76233,
2013-09-11,0.79423,
2013-09-12,0.76238,
2013-09-13,0.75584,
2013-09-14,.,No value available
2013-09-15,.,No value available
2013-09-16,0.68854,
2013-09-17,0.71234,
2013-09-18,0.73631,
2013-09-19,0.70493,
2013-09-20,0.76349,
2013-09-21,.,No value available
2013-09-22,.,No value available
2013-09-23,0.75494,
2013-09-24,0.69554,
2013-09-25,0.66005,
2013-09-26,0.63855,
2013-09-27,0.61037,
2013-09-28,.,No value available
2013-09-29,.,No value available
2013-09-30,0.57760,
2013-10-01,0.61813,
2013-10-02,0.61087,
2013-10-03,0.67932,
2013-10-04,0.68525,
2013-10-05,.,No value available
2013-10-06,.,No value available
2013-10-07,0.68675,
2013-10-08,0.69022,
2013-10-09,0.66654,
2013-10-10,0.72208,
2013-10-11,0.73760,
2013-10-12,.,No value available
2013-10-13,.,No value available
2013-10-14,0.73661,
2013-10-15,0.76582,
2013-10-16,0.78052,
2013-10-17,0.75527,
2013-10-18,0.71867,
2013-10-19,.,No value available
2013-10-20,.,No value available
2013-10-21,0.72768,
2013-10-22,0.70972,
2013-10-23,0.65339,
2013-10-24,0.65881,
2013-10-25,0.63824,
2013-10-26,.,No value available
2013-10-27,.,No value available
2013-10-28,0.63386,
2013-10-29,0.63093,
2013-10-30,0.61440,
2013-10-31,0.59021,
2013-11-01,0.60375,
2013-11-02,.,No value available
2013-11-03,.,No value available
2013-11-04,0.60376,
2013-11-05,0.61686,
2013-11-06,0.64369,
2013-11-07,0.67173,
2013-11-08,0.63394,
2013-11-09,.,No value available
2013-11-10,.,No value available
2013-11-11,0.67323,
2013-11-12,0.72644,
2013-11-13,0.74352,
2013-11-14,0.68069,
2013-11-15,0.65850,
2013-11-16,.,No value available
2013-11-17,.,No value available
2013-11-18,0.65851,
2013-11-19,0.65851,
2013-11-20,0.68568,
2013-11-21,0.70260,
2013-11-22,0.69962,
2013-11-23,.,No value available
2013-11-24,.,No value available
2013-11-25,0.64285,
2013-11-26,0.64285,
2013-11-27,0.63064,
2013-11-28,0.65222,
2013-11-29,0.62237,
2013-11-30,.,No value available
2013-12-01,.,No value available
2013-12-02,0.62238,
2013-12-03,0.64684,
2013-12-04,0.64685,
2013-12-05,0.68833,
2013-12-06,0.71675,
2013-12-07,.,No value available
2013-12-08,.,No value available
2013-12-09,0.71675,
2013-12-10,0.70179,
2013-12-11,0.70179,
2013-12-12,0.70179,
2013-12-13,0.75272,
2013-12-14,.,No value available
2013-12-15,.,No value available
2013-12-16,0.75272,
2013-12-17,0.75272,
2013-12-18,0.80772,
2013-12-19,0.87152,
2013-12-20,0.74762,
2013-12-21,.,No value available
2013-12-22,.,No value available
2013-12-23,0.80539,
2013-12-24,.,No value available
2013-12-25,.,No value available
2013-12-26,.,No value available
2013-12-27,0.87561,
2013-12-28,.,No value available
2013-12-29,.,No value available
2013-12-30,0.76955,
2013-12-31,.,No value available
2014-01-01,.,No value available
2014-01-02,0.75890,
2014-01-03,0.76412,
2014-01-04,.,No value available
2014-01-05,.,No value available
2014-01-06,0.74377,
2014-01-07,0.76959,
2014-01-08,0.77261,
2014-01-09,0.76155,
2014-01-10,0.75346,
2014-01-11,.,No value available
2014-01-12,.,No value available
2014-01-13,0.74813,
2014-01-14,1.02562,
2014-01-15,0.75891,
2014-01-16,0.96127,
2014-01-17,1.05266,
2014-01-18,.,No value available
2014-01-19,.,No value available
2014-01-20,1.11257,
2014-01-21,1.11257,
2014-01-22,1.11257,
2014-01-23,1.11257,
2014-01-24,0.75274,
2014-01-25,.,No value available
2014-01-26,.,No value available
2014-01-27,0.75274,
2014-01-28,0.94607,
2014-01-29,1.07447,
2014-01-30,0.98766,
2014-01-31,0.82787,
2014-02-01,.,No value available
2014-02-02,.,No value available
2014-02-03,0.82787,
2014-02-04,0.69082,
2014-02-05,0.46525,
2014-02-06,0.50063,
2014-02-07,0.50866,
2014-02-08,.,No value available
2014-02-09,.,No value available
2014-02-10,0.50866,
2014-02-11,0.52579,
2014-02-12,0.57402,
2014-02-13,0.76894,
2014-02-14,0.76894,
2014-02-15,.,No value available
2014-02-16,.,No value available
2014-02-17,0.64598,
2014-02-18,0.76091,
2014-02-19,0.53441,
2014-02-20,0.54016,
2014-02-21,0.55313,
2014-02-22,.,No value available
2014-02-23,.,No value available
2014-02-24,0.55939,
2014-02-25,0.56770,
2014-02-26,1.30261,
2014-02-27,1.05897,
2014-02-28,1.08421,
2014-03-01,.,No value available
2014-03-02,.,No value available
2014-03-03,1.07514,
2014-03-04,1.08767,
2014-03-05,1.18687,
2014-03-06,1.19070,
2014-03-07,1.07019,
2014-03-08,.,No value available
2014-03-09,.,No value available
2014-03-10,0.96585,
2014-03-11,1.04202,
2014-03-12,1.00960,
2014-03-13,0.90988,
2014-03-14,0.83026,
2014-03-15,.,No value available
2014-03-16,.,No value available
2014-03-17,0.78656,
2014-03-18,0.86285,
2014-03-19,0.88737,
2014-03-20,1.15660,
2014-03-21,0.98158,
2014-03-22,.,No value available
2014-03-23,.,No value available
2014-03-24,1.13744,
2014-03-25,0.92202,
2014-03-26,0.89697,
2014-03-27,0.77077,
2014-03-28,0.90721,
2014-03-29,.,No value available
2014-03-30,.,No value available
2014-03-31,0.91548,
2014-04-01,1.03859,
2014-04-02,1.12875,
2014-04-03,1.18503,
2014-04-04,1.07298,
2014-04-05,.,No value available
2014-04-06,.,No value available
2014-04-07,0.90602,
2014-04-08,0.88309,
2014-04-09,1.10349,
2014-04-10,0.87676,
2014-04-11,0.89123,
2014-04-12,.,No value available
2014-04-13,.,No value available
2014-04-14,0.83085,
2014-04-15,0.88001,
2014-04-16,0.86916,
2014-04-17,0.79262,
2014-04-18,.,No value available
2014-04-19,.,No value available
2014-04-20,.,No value available
2014-04-21,.,No value available
2014-04-22,0.78802,
2014-04-23,0.84567,
2014-04-24,0.74666,
2014-04-25,0.93981,
2014-04-26,.,No value available
2014-04-27,.,No value available
2014-04-28,0.82199,
2014-04-29,0.98180,
2014-04-30,0.87395,
2014-05-01,.,No value available
2014-05-02,0.89177,
2014-05-03,.,No value available
2014-05-04,.,No value available
2014-05-05,0.93089,
2014-05-06,0.86027,
2014-05-07,0.88263,
2014-05-08,0.92740,
2014-05-09,0.92785,
2014-05-10,.,No value available
2014-05-11,.,No value available
2014-05-12,0.78801,
2014-05-13,0.72555,
2014-05-14,0.65279,
2014-05-15,0.38760,
2014-05-16,0.36517,
2014-05-17,.,No value available
2014-05-18,.,No value available
2014-05-19,0.42995,
2014-05-20,0.39522,
2014-05-21,0.61981,
2014-05-22,0.58961,
2014-05-23,0.64273,
2014-05-24,.,No value available
2014-05-25,.,No value available
2014-05-26,0.62571,
2014-05-27,0.59449,
2014-05-28,0.47303,
2014-05-29,0.22724,
2014-05-30,0.27305,
2014-05-31,.,No value available
2014-06-01,.,No value available
2014-06-02,0.25848,
2014-06-03,0.29310,
2014-06-04,0.41304,
2014-06-05,0.36598,
2014-06-06,0.32933,
2014-06-07,.,No value available
2014-06-08,.,No value available
2014-06-09,0.30983,
2014-06-10,0.31370,
2014-06-11,0.36318,
2014-06-12,0.36331,
2014-06-13,0.33882,
2014-06-14,.,No value available
2014-06-15,.,No value available
2014-06-16,0.31104,
2014-06-17,0.32142,
2014-06-18,0.33313,
2014-06-19,0.27784,
2014-06-20,0.29242,
2014-06-21,.,No value available
2014-06-22,.,No value available
2014-06-23,0.29801,
2014-06-24,0.28939,
2014-06-25,0.26923,
2014-06-26,0.21702,
2014-06-27,0.19934,
2014-06-28,.,No value available
2014-06-29,.,No value available
2014-06-30,0.18427,
2014-07-01,0.20519,
2014-07-02,0.20348,
2014-07-03,0.24905,
2014-07-04,0.23715,
2014-07-05,.,No value available
2014-07-06,.,No value available
2014-07-07,0.23290,
2014-07-08,0.21852,
2014-07-09,0.18786,
2014-07-10,0.15162,
2014-07-11,0.14579,
2014-07-12,.,No value available
2014-07-13,.,No value available
2014-07-14,0.15851,
2014-07-15,0.13340,
2014-07-16,0.12517,
2014-07-17,0.11588,
2014-07-18,0.11120,
2014-07-19,.,No value available
2014-07-20,.,No value available
2014-07-21,0.11885,
2014-07-22,0.10863,
2014-07-23,0.11821,
2014-07-24,0.11258,
2014-07-25,0.11361,
2014-07-26,.,No value available
2014-07-27,.,No value available
2014-07-28,0.10427,
2014-07-29,0.10023,
2014-07-30,0.10379,
2014-07-31,0.10079,
2014-08-01,0.10133,
2014-08-02,.,No value available
2014-08-03,.,No value available
2014-08-04,0.10538,
2014-08-05,0.10582,
2014-08-06,0.10017,
2014-08-07,0.10534,
2014-08-08,0.00012,
2014-08-09,.,No value available
2014-08-10,.,No value available
2014-08-11,0.00015,
2014-08-12,0.00027,
2014-08-13,0.00054,
2014-08-14,0.00010,
2014-08-15,0.00020,
2014-08-16,.,No value available
2014-08-17,.,No value available
2014-08-18,0.00011,
2014-08-19,0.00010,
2014-08-20,0.00010,
2014-08-21,0.00021,
2014-08-22,0.00042,
2014-08-23,.,No value available
2014-08-24,.,No value available
2014-08-25,0.00105,
2014-08-26,0.00210,
2014-08-27,0.00017,
2014-08-28,0.00032,
2014-08-29,0.00016,
2014-08-30,.,No value available
2014-08-31,.,No value available
2014-09-01,0.00019,
2014-09-02,0.00010,
2014-09-03,0.00029,
2014-09-04,0.00058,
2014-09-05,0.00073,
2014-09-06,.,No value available
2014-09-07,.,No value available
2014-09-08,0.00142,
2014-09-09,0.00010,
2014-09-10,0.00426,
2014-09-11,0.00827,
2014-09-12,0.00406,
2014-09-13,.,No value available
2014-09-14,.,No value available
2014-09-15,0.00381,
2014-09-16,0.00011,
2014-09-17,0.02451,
2014-09-18,0.00010,
2014-09-19,0.03817,
2014-09-20,.,No value available
2014-09-21,.,No value available
2014-09-22,0.01237,
2014-09-23,0.02963,
2014-09-24,0.04767,
2014-09-25,0.00011,
2014-09-26,0.00010,
2014-09-27,.,No value available
2014-09-28,.,No value available
2014-09-29,0.00054,
2014-09-30,0.00228,
2014-10-01,0.00462,
2014-10-02,0.00049,
2014-10-03,.,No value available
2014-10-04,.,No value available
2014-10-05,.,No value available
2014-10-06,0.00046,
2014-10-07,0.00050,
2014-10-08,0.00010,
2014-10-09,0.00018,
2014-10-10,0.00011,
2014-10-11,.,No value available
2014-10-12,.,No value available
2014-10-13,0.00010,
2014-10-14,0.00010,
2014-10-15,2.52900,
2014-10-16,2.32619,
2014-10-17,2.53720,
2014-10-18,.,No value available
2014-10-19,.,No value available
2014-10-20,2.58012,
2014-10-21,2.56345,
2014-10-22,2.58813,
2014-10-23,2.61982,
2014-10-24,2.63827,
2014-10-25,.,No value available
2014-10-26,.,No value available
2014-10-27,2.61378,
2014-10-28,2.56062,
2014-10-29,2.59263,
2014-10-30,2.56678,
2014-10-31,2.54192,
2014-11-01,.,No value available
2014-11-02,.,No value available
2014-11-03,2.54725,
2014-11-04,2.55889,
2014-11-05,2.58880,
2014-11-06,2.60945,
2014-11-07,2.63938,
2014-11-08,.,No value available
2014-11-09,.,No value available
2014-11-10,2.57262,
2014-11-11,2.60500,
2014-11-12,2.54611,
2014-11-13,2.55035,
2014-11-14,2.52326,
2014-11-15,.,No value available
2014-11-16,.,No value available
2014-11-17,2.50636,
2014-11-18,2.52593,
2014-11-19,2.53655,
2014-11-20,2.53318,
2014-11-21,2.50681,
2014-11-22,.,No value available
2014-11-23,.,No value available
2014-11-24,2.53957,
2014-11-25,2.52539,
2014-11-26,2.47842,
2014-11-27,2.41344,
2014-11-28,2.38539,
2014-11-29,.,No value available
2014-11-30,.,No value available
2014-12-01,2.38354,
2014-12-02,2.42547,
2014-12-03,2.42134,
2014-12-04,2.46618,
2014-12-05,2.42676,
2014-12-06,.,No value available
2014-12-07,.,No value available
2014-12-08,2.40289,
2014-12-09,2.34175,
2014-12-10,2.26167,
2014-12-11,2.25776,
2014-12-12,2.19616,
2014-12-13,.,No value available
2014-12-14,.,No value available
2014-12-15,2.18364,
2014-12-16,2.13285,
2014-12-17,2.11606,
2014-12-18,2.15655,
2014-12-19,2.21268,
2014-12-20,.,No value available
2014-12-21,.,No value available
2014-12-22,2.22337,
2014-12-23,2.19688,
2014-12-24,.,No value available
2014-12-25,.,No value available
2014-12-26,.,No value available
2014-12-27,.,No value available
2014-12-28,.,No value available
2014-12-29,2.15323,
2014-12-30,2.14449,
2014-12-31,.,No value available
2015-01-01,.,No value available
2015-01-02,2.11896,
2015-01-03,.,No value available
2015-01-04,.,No value available
2015-01-05,2.06220,
2015-01-06,1.91905,
2015-01-07,1.78824,
2015-01-08,1.84517,
2015-01-09,1.92429,
2015-01-10,.,No value available
2015-01-11,.,No value available
2015-01-12,1.83999,
2015-01-13,1.74979,
2015-01-14,1.81374,
2015-01-15,1.80982,
2015-01-16,1.73323,
2015-01-17,.,No value available
2015-01-18,.,No value available
2015-01-19,1.76444,
2015-01-20,1.77327,
2015-01-21,1.78025,
2015-01-22,1.90397,
2015-01-23,1.63810,
2015-01-24,.,No value available
2015-01-25,.,No value available
2015-01-26,1.64815,
2015-01-27,1.66908,
2015-01-28,1.66908,
2015-01-29,1.55467,
2015-01-30,1.53799,
2015-01-31,.,No value available
2015-02-01,.,No value available
2015-02-02,1.39893,
2015-02-03,1.43553,
2015-02-04,1.47024,
2015-02-05,1.41431,
2015-02-06,1.38308,
2015-02-07,.,No value available
2015-02-08,.,No value available
2015-02-09,1.37702,
2015-02-10,1.41397,
2015-02-11,1.41397,
2015-02-12,1.41397,
2015-02-13,1.36757,
2015-02-14,.,No value available
2015-02-15,.,No value available
2015-02-16,1.40782,
2015-02-17,1.40782,
2015-02-18,1.51057,
2015-02-19,1.56144,
2015-02-20,1.60559,
2015-02-21,.,No value available
2015-02-22,.,No value available
2015-02-23,1.69814,
2015-02-24,1.67677,
2015-02-25,0.00548,
2015-02-26,0.00010,
2015-02-27,0.00012,
2015-02-28,.,No value available
2015-03-01,.,No value available
2015-03-02,0.00012,
2015-03-03,0.00011,
2015-03-04,0.00029,
2015-03-05,0.00023,
2015-03-06,0.00010,
2015-03-07,.,No value available
2015-03-08,.,No value available
2015-03-09,0.00020,
2015-03-10,0.00010,
2015-03-11,0.00012,
2015-03-12,0.00013,
2015-03-13,1.10204,
2015-03-14,.,No value available
2015-03-15,.,No value available
2015-03-16,1.08960,
2015-03-17,1.04806,
2015-03-18,1.07920,
2015-03-19,1.00522,
2015-03-20,1.02460,
2015-03-21,.,No value available
2015-03-22,.,No value available
2015-03-23,1.01023,
2015-03-24,0.98991,
2015-03-25,0.98991,
2015-03-26,0.98014,
2015-03-27,1.05565,
2015-03-28,.,No value available
2015-03-29,.,No value available
2015-03-30,0.99352,
2015-03-31,0.97437,
2015-04-01,0.98871,
2015-04-02,0.98871,
2015-04-03,.,No value available
2015-04-04,.,No value available
2015-04-05,.,No value available
2015-04-06,.,No value available
2015-04-07,1.04487,
2015-04-08,1.05411,
2015-04-09,1.08503,
2015-04-10,1.08503,
2015-04-11,.,No value available
2015-04-12,.,No value available
2015-04-13,1.04474,
2015-04-14,1.00086,
2015-04-15,0.95823,
2015-04-16,0.71109,
2015-04-17,0.53269,
2015-04-18,.,No value available
2015-04-19,.,No value available
2015-04-20,0.53269,
2015-04-21,0.53269,
2015-04-22,0.41150,
2015-04-23,0.02572,
2015-04-24,0.00855,
2015-04-25,.,No value available
2015-04-26,.,No value available
2015-04-27,0.01220,
2015-04-28,1.08421,
2015-04-29,1.20105,
2015-04-30,1.32324,
2015-05-01,.,No value available
2015-05-02,.,No value available
2015-05-03,.,No value available
2015-05-04,1.44810,
2015-05-05,1.39788,
2015-05-06,1.53159,
2015-05-07,1.24285,
2015-05-08,1.32866,
2015-05-09,.,No value available
2015-05-10,.,No value available
2015-05-11,1.12446,
2015-05-12,1.47100,
2015-05-13,1.16908,
2015-05-14,1.29878,
2015-05-15,1.02952,
2015-05-16,.,No value available
2015-05-17,.,No value available
2015-05-18,1.02952,
2015-05-19,0.65945,
2015-05-20,0.98663,
2015-05-21,0.99014,
2015-05-22,1.04447,
2015-05-23,.,No value available
2015-05-24,.,No value available
2015-05-25,.,No value available
2015-05-26,0.79771,
2015-05-27,0.73412,
2015-05-28,0.61651,
2015-05-29,0.46930,
2015-05-30,.,No value available
2015-05-31,.,No value available
2015-06-01,0.29890,
2015-06-02,0.87274,
2015-06-03,0.95569,
2015-06-04,1.30254,
2015-06-05,1.23698,
2015-06-06,.,No value available
2015-06-07,.,No value available
2015-06-08,1.06632,
2015-06-09,1.16129,
2015-06-10,1.28995,
2015-06-11,1.26098,
2015-06-12,1.11752,
2015-06-13,.,No value available
2015-06-14,.,No value available
2015-06-15,1.04993,
2015-06-16,0.92886,
2015-06-17,0.98793,
2015-06-18,0.72500,
2015-06-19,0.95302,
2015-06-20,.,No value available
2015-06-21,.,No value available
2015-06-22,0.87135,
2015-06-23,0.97324,
2015-06-24,0.80698,
2015-06-25,0.89913,
2015-06-26,0.78282,
2015-06-27,.,No value available
2015-06-28,.,No value available
2015-06-29,0.71349,
2015-06-30,0.61250,
2015-07-01,0.77285,
2015-07-02,0.76019,
2015-07-03,0.75961,
2015-07-04,.,No value available
2015-07-05,.,No value available
2015-07-06,0.56980,
2015-07-07,0.52582,
2015-07-08,0.65932,
2015-07-09,0.87193,
2015-07-10,1.10163,
2015-07-11,.,No value available
2015-07-12,.,No value available
2015-07-13,1.04536,
2015-07-14,0.99685,
2015-07-15,0.94071,
2015-07-16,0.78327,
2015-07-17,0.83385,
2015-07-18,.,No value available
2015-07-19,.,No value available
2015-07-20,0.85106,
2015-07-21,0.92164,
2015-07-22,0.77402,
2015-07-23,0.92002,
2015-07-24,0.81929,
2015-07-25,.,No value available
2015-07-26,.,No value available
2015-07-27,0.77246,
2015-07-28,0.92745,
2015-07-29,0.88829,
2015-07-30,1.00461,
2015-07-31,0.74211,
2015-08-01,.,No value available
2015-08-02,.,No value available
2015-08-03,0.80079,
2015-08-04,0.77315,
2015-08-05,0.81367,
2015-08-06,0.94461,
2015-08-07,0.69783,
2015-08-08,.,No value available
2015-08-09,.,No value available
2015-08-10,0.70231,
2015-08-11,0.69503,
2015-08-12,0.66545,
2015-08-13,0.22657,
2015-08-14,0.22657,
2015-08-15,.,No value available
2015-08-16,.,No value available
2015-08-17,0.23803,
2015-08-18,1.02241,
2015-08-19,0.28956,
2015-08-20,0.12955,
2015-08-21,0.00810,
2015-08-22,.,No value available
2015-08-23,.,No value available
2015-08-24,0.00051,
2015-08-25,0.00742,
2015-08-26,0.00014,
2015-08-27,0.00010,
2015-08-28,0.00010,
2015-08-29,.,No value available
2015-08-30,.,No value available
2015-08-31,0.00010,
2015-09-01,0.43157,
2015-09-02,0.66566,
2015-09-03,0.66611,
2015-09-04,0.49903,
2015-09-05,.,No value available
2015-09-06,.,No value available
2015-09-07,0.40483,
2015-09-08,0.02530,
2015-09-09,0.00158,
2015-09-10,0.00276,
2015-09-11,0.00266,
2015-09-12,.,No value available
2015-09-13,.,No value available
2015-09-14,0.00487,
2015-09-15,0.00663,
2015-09-16,0.00041,
2015-09-17,0.00032,
2015-09-18,0.00065,
2015-09-19,.,No value available
2015-09-20,.,No value available
2015-09-21,0.00065,
2015-09-22,0.00039,
2015-09-23,0.00010,
2015-09-24,0.00010,
2015-09-25,0.00020,
2015-09-26,.,No value available
2015-09-27,.,No value available
2015-09-28,0.00010,
2015-09-29,0.00010,
2015-09-30,0.00021,
2015-10-01,0.00029,
2015-10-02,0.00058,
2015-10-03,.,No value available
2015-10-04,.,No value available
2015-10-05,0.00116,
2015-10-06,0.00010,
2015-10-07,0.00010,
2015-10-08,0.00020,
2015-10-09,0.00030,
2015-10-10,.,No value available
2015-10-11,.,No value available
2015-10-12,0.00030,
2015-10-13,0.00010,
2015-10-14,0.00020,
2015-10-15,0.00010,
2015-10-16,0.00010,
2015-10-17,.,No value available
2015-10-18,.,No value available
2015-10-19,0.00020,
2015-10-20,0.00010,
2015-10-21,0.00010,
2015-10-22,0.00010,
2015-10-23,0.00020,
2015-10-24,.,No value available
2015-10-25,.,No value available
2015-10-26,0.00040,
2015-10-27,0.00033,
2015-10-28,0.00050,
2015-10-29,0.00010,
2015-10-30,0.00039,
2015-10-31,.,No value available
2015-11-01,.,No value available
2015-11-02,0.00117,
2015-11-03,0.00377,
2015-11-04,0.00460,
2015-11-05,0.00885,
2015-11-06,0.00010,
2015-11-07,.,No value available
2015-11-08,.,No value available
2015-11-09,0.00015,
2015-11-10,0.00010,
2015-11-11,0.00019,
2015-11-12,0.00026,
2015-11-13,0.00049,
2015-11-14,.,No value available
2015-11-15,.,No value available
2015-11-16,0.00049,
2015-11-17,0.00116,
2015-11-18,0.00351,
2015-11-19,0.00022,
2015-11-20,0.00012,
2015-11-21,.,No value available
2015-11-22,.,No value available
2015-11-23,0.00024,
2015-11-24,0.00035,
2015-11-25,0.00033,
2015-11-26,0.00029,
2015-11-27,0.00029,
2015-11-28,.,No value available
2015-11-29,.,No value available
2015-11-30,0.00044,
2015-12-01,0.00019,
2015-12-02,0.00063,
2015-12-03,0.00013,
2015-12-04,0.00059,
2015-12-05,.,No value available
2015-12-06,.,No value available
2015-12-07,0.00036,
2015-12-08,0.00010,
2015-12-09,0.00010,
2015-12-10,0.00017,
2015-12-11,0.00010,
2015-12-12,.,No value available
2015-12-13,.,No value available
2015-12-14,0.00010,
2015-12-15,0.00021,
2015-12-16,0.00027,
2015-12-17,0.00048,
2015-12-18,0.00056,
2015-12-19,.,No value available
2015-12-20,.,No value available
2015-12-21,0.00171,
2015-12-22,0.00042,
2015-12-23,0.00311,
2015-12-24,.,No value available
2015-12-25,.,No value available
2015-12-26,.,No value available
2015-12-27,.,No value available
2015-12-28,0.00507,
2015-12-29,0.00332,
2015-12-30,0.00698,
2015-12-31,.,No value available
2016-01-01,.,No value available
2016-01-02,.,No value available
2016-01-03,.,No value available
2016-01-04,0.00282,
2016-01-05,0.00021,
2016-01-06,0.00130,
2016-01-07,0.00036,
2016-01-08,0.00072,
2016-01-09,.,No value available
2016-01-10,.,No value available
2016-01-11,0.00144,
2016-01-12,0.00099,
2016-01-13,0.00329,
2016-01-14,0.00431,
2016-01-15,0.00360,
2016-01-16,.,No value available
2016-01-17,.,No value available
2016-01-18,0.00392,
2016-01-19,0.00449,
2016-01-20,0.00212,
2016-01-21,0.00010,
2016-01-22,0.00020,
2016-01-23,.,No value available
2016-01-24,.,No value available
2016-01-25,0.00035,
2016-01-26,0.00041,
2016-01-27,0.00041,
2016-01-28,0.00010,
2016-01-29,0.00010,
2016-01-30,.,No value available
2016-01-31,.,No value available
2016-02-01,0.00269,
2016-02-02,0.00155,
2016-02-03,0.00165,
2016-02-04,0.00165,
2016-02-05,0.00165,
2016-02-06,.,No value available
2016-02-07,.,No value available
2016-02-08,0.00520,
2016-02-09,0.00080,
2016-02-10,0.03185,
2016-02-11,0.02969,
2016-02-12,0.01741,
2016-02-13,.,No value available
2016-02-14,.,No value available
2016-02-15,0.00109,
2016-02-16,0.00218,
2016-02-17,0.00218,
2016-02-18,0.00218,
2016-02-19,0.00436,
2016-02-20,.,No value available
2016-02-21,.,No value available
2016-02-22,0.00010,
2016-02-23,0.00020,
2016-02-24,0.00010,
2016-02-25,0.00020,
2016-02-26,0.00010,
2016-02-27,.,No value available
2016-02-28,.,No value available
2016-02-29,0.00010,
2016-03-01,0.00040,
2016-03-02,0.00010,
2016-03-03,0.00020,
2016-03-04,0.00038,
2016-03-05,.,No value available
2016-03-06,.,No value available
2016-03-07,0.00076,
2016-03-08,0.00012,
2016-03-09,0.00010,
2016-03-10,0.00010,
2016-03-11,0.00061,
2016-03-12,.,No value available
2016-03-13,.,No value available
2016-03-14,0.00010,
2016-03-15,0.00021,
2016-03-16,0.00010,
2016-03-17,0.00011,
2016-03-18,0.00022,
2016-03-19,.,No value available
2016-03-20,.,No value available
2016-03-21,0.00013,
2016-03-22,0.00010,
2016-03-23,0.00015,
2016-03-24,0.00069,
2016-03-25,.,No value available
2016-03-26,.,No value available
2016-03-27,.,No value available
2016-03-28,.,No value available
2016-03-29,0.00026,
2016-03-30,0.00011,
2016-03-31,0.00022,
2016-04-01,0.00010,
2016-04-02,.,No value available
2016-04-03,.,No value available
2016-04-04,1.33857,
2016-04-05,1.28942,
2016-04-06,1.31347,
2016-04-07,1.29700,
2016-04-08,1.29137,
2016-04-09,.,No value available
2016-04-10,.,No value available
2016-04-11,1.30229,
2016-04-12,1.44010,
2016-04-13,1.48139,
2016-04-14,1.42771,
2016-04-15,1.40632,
2016-04-16,.,No value available
2016-04-17,.,No value available
2016-04-18,1.37753,
2016-04-19,1.47401,
2016-04-20,1.44283,
2016-04-21,1.51161,
2016-04-22,1.51898,
2016-04-23,.,No value available
2016-04-24,.,No value available
2016-04-25,1.59944,
2016-04-26,1.62780,
2016-04-27,1.64718,
2016-04-28,1.62460,
2016-04-29,1.60800,
2016-04-30,.,No value available
2016-05-01,.,No value available
2016-05-02,1.57475,
2016-05-03,1.57300,
2016-05-04,1.50298,
2016-05-05,1.55428,
2016-05-06,1.45118,
2016-05-07,.,No value available
2016-05-08,.,No value available
2016-05-09,1.45118,
2016-05-10,1.42066,
2016-05-11,1.41944,
2016-05-12,1.47670,
2016-05-13,1.45375,
2016-05-14,.,No value available
2016-05-15,.,No value available
2016-05-16,.,No value available
2016-05-17,1.46839,
2016-05-18,1.45283,
2016-05-19,1.50227,
2016-05-20,1.47386,
2016-05-21,.,No value available
2016-05-22,.,No value available
2016-05-23,1.47701,
2016-05-24,1.51253,
2016-05-25,1.51253,
2016-05-26,1.47053,
2016-05-27,1.43406,
2016-05-28,.,No value available
2016-05-29,.,No value available
2016-05-30,1.48722,
2016-05-31,1.48722,
2016-06-01,1.44176,
2016-06-02,1.45036,
2016-06-03,1.38396,
2016-06-04,.,No value available
2016-06-05,.,No value available
2016-06-06,1.29091,
2016-06-07,1.29091,
2016-06-08,1.23174,
2016-06-09,1.17545,
2016-06-10,1.09852,
2016-06-11,.,No value available
2016-06-12,.,No value available
2016-06-13,1.04590,
2016-06-14,1.01335,
2016-06-15,1.04328,
2016-06-16,0.95384,
2016-06-17,0.98801,
2016-06-18,.,No value available
2016-06-19,.,No value available
2016-06-20,1.11095,
2016-06-21,1.14618,
2016-06-22,1.14220,
2016-06-23,1.14037,
2016-06-24,0.90528,
2016-06-25,.,No value available
2016-06-26,.,No value available
2016-06-27,0.77642,
2016-06-28,0.83740,
2016-06-29,0.84639,
2016-06-30,0.83366,
2016-07-01,0.78346,
2016-07-02,.,No value available
2016-07-03,.,No value available
2016-07-04,0.85631,
2016-07-05,0.79635,
2016-07-06,0.71034,
2016-07-07,0.80808,
2016-07-08,0.81331,
2016-07-09,.,No value available
2016-07-10,.,No value available
2016-07-11,0.77280,
2016-07-12,0.87785,
2016-07-13,0.89095,
2016-07-14,0.87392,
2016-07-15,0.93563,
2016-07-16,.,No value available
2016-07-17,.,No value available
2016-07-18,0.97410,
2016-07-19,0.95734,
2016-07-20,0.97331,
2016-07-21,1.01224,
2016-07-22,0.98436,
2016-07-23,.,No value available
2016-07-24,.,No value available
2016-07-25,0.93954,
2016-07-26,0.85742,
2016-07-27,0.87817,
2016-07-28,0.77291,
2016-07-29,0.79072,
2016-07-30,.,No value available
2016-07-31,.,No value available
2016-08-01,0.74763,
2016-08-02,0.81537,
2016-08-03,0.84698,
2016-08-04,0.84830,
2016-08-05,0.83225,
2016-08-06,.,No value available
2016-08-07,.,No value available
2016-08-08,0.87697,
2016-08-09,0.87073,
2016-08-10,0.82942,
2016-08-11,0.82851,
2016-08-12,0.84844,
2016-08-13,.,No value available
2016-08-14,.,No value available
2016-08-15,0.84395,
2016-08-16,0.85484,
2016-08-17,0.91485,
2016-08-18,0.86687,
2016-08-19,0.82818,
2016-08-20,.,No value available
2016-08-21,.,No value available
2016-08-22,0.87999,
2016-08-23,0.84703,
2016-08-24,0.84032,
2016-08-25,0.86429,
2016-08-26,0.91369,
2016-08-27,.,No value available
2016-08-28,.,No value available
2016-08-29,0.94331,
2016-08-30,0.91142,
2016-08-31,0.86296,
2016-09-01,0.94249,
2016-09-02,0.97210,
2016-09-03,.,No value available
2016-09-04,.,No value available
2016-09-05,1.03275,
2016-09-06,0.98486,
2016-09-07,0.88077,
2016-09-08,0.89898,
2016-09-09,1.08132,
2016-09-10,.,No value available
2016-09-11,.,No value available
2016-09-12,1.11475,
2016-09-13,1.07909,
2016-09-14,1.16000,
2016-09-15,1.14988,
2016-09-16,1.13928,
2016-09-17,.,No value available
2016-09-18,.,No value available
2016-09-19,1.20005,
2016-09-20,1.08650,
2016-09-21,1.04370,
2016-09-22,0.98932,
2016-09-23,0.94492,
2016-09-24,.,No value available
2016-09-25,.,No value available
2016-09-26,0.91917,
2016-09-27,0.87780,
2016-09-28,0.89713,
2016-09-29,0.91549,
2016-09-30,0.85359,
2016-10-01,.,No value available
2016-10-02,.,No value available
2016-10-03,.,No value available
2016-10-04,0.95104,
2016-10-05,1.04473,
2016-10-06,1.07626,
2016-10-07,1.20142,
2016-10-08,.,No value available
2016-10-09,.,No value available
2016-10-10,1.21404,
2016-10-11,1.21613,
2016-10-12,1.20559,
2016-10-13,1.20291,
2016-10-14,1.17265,
2016-10-15,.,No value available
2016-10-16,.,No value available
2016-10-17,1.24141,
2016-10-18,1.19461,
2016-10-19,1.15883,
2016-10-20,1.15872,
2016-10-21,1.07563,
2016-10-22,.,No value available
2016-10-23,.,No value available
2016-10-24,1.12710,
2016-10-25,1.18808,
2016-10-26,1.18561,
2016-10-27,1.36163,
2016-10-28,1.37078,
2016-10-29,.,No value available
2016-10-30,.,No value available
2016-10-31,1.33061,
2016-11-01,1.35829,
2016-11-02,1.25544,
2016-11-03,1.29477,
2016-11-04,1.26170,
2016-11-05,.,No value available
2016-11-06,.,No value available
2016-11-07,1.25112,
2016-11-08,1.24615,
2016-11-09,1.31663,
2016-11-10,1.39304,
2016-11-11,1.45337,
2016-11-12,.,No value available
2016-11-13,.,No value available
2016-11-14,1.54278,
2016-11-15,1.42462,
2016-11-16,1.45563,
2016-11-17,1.36015,
2016-11-18,1.40534,
2016-11-19,.,No value available
2016-11-20,.,No value available
2016-11-21,1.42752,
2016-11-22,1.35505,
2016-11-23,0.81286,
2016-11-24,0.81647,
2016-11-25,0.84036,
2016-11-26,.,No value available
2016-11-27,.,No value available
2016-11-28,0.71840,
2016-11-29,0.56346,
2016-11-30,0.55600,
2016-12-01,0.55823,
2016-12-02,1.53667,
2016-12-03,.,No value available
2016-12-04,.,No value available
2016-12-05,1.50627,
2016-12-06,1.49691,
2016-12-07,1.52884,
2016-12-08,1.57708,
2016-12-09,1.78313,
2016-12-10,.,No value available
2016-12-11,.,No value available
2016-12-12,1.84741,
2016-12-13,1.74635,
2016-12-14,1.70443,
2016-12-15,1.74203,
2016-12-16,1.63554,
2016-12-17,.,No value available
2016-12-18,.,No value available
2016-12-19,1.63569,
2016-12-20,1.55264,
2016-12-21,1.50374,
2016-12-22,1.48069,
2016-12-23,1.48394,
2016-12-24,.,No value available
2016-12-25,.,No value available
2016-12-26,.,No value available
2016-12-27,1.43856,
2016-12-28,1.42462,
2016-12-29,1.41708,
2016-12-30,1.46745,
2016-12-31,.,No value available
2017-01-01,.,No value available
2017-01-02,1.46822,
2017-01-03,1.57050,
2017-01-04,1.57565,
2017-01-05,1.59950,
2017-01-06,1.53681,
2017-01-07,.,No value available
2017-01-08,.,No value available
2017-01-09,1.62075,
2017-01-10,1.63928,
2017-01-11,1.63179,
2017-01-12,1.58308,
2017-01-13,1.66712,
2017-01-14,.,No value available
2017-01-15,.,No value available
2017-01-16,1.69424,
2017-01-17,1.63110,
2017-01-18,1.69386,
2017-01-19,1.74866,
2017-01-20,1.82661,
2017-01-21,.,No value available
2017-01-22,.,No value available
2017-01-23,1.83453,
2017-01-24,1.77527,
2017-01-25,1.83287,
2017-01-26,1.87430,
2017-01-27,1.78225,
2017-01-28,.,No value available
2017-01-29,.,No value available
2017-01-30,1.80429,
2017-01-31,1.78318,
2017-02-01,1.77476,
2017-02-02,1.79506,
2017-02-03,1.80695,
2017-02-04,.,No value available
2017-02-05,.,No value available
2017-02-06,1.82203,
2017-02-07,1.77246,
2017-02-08,1.36323,
2017-02-09,1.26060,
2017-02-10,1.21673,
2017-02-11,.,No value available
2017-02-12,.,No value available
2017-02-13,1.29212,
2017-02-14,1.31545,
2017-02-15,1.39171,
2017-02-16,1.32935,
2017-02-17,1.20656,
2017-02-18,.,No value available
2017-02-19,.,No value available
2017-02-20,1.78330,
2017-02-21,1.84375,
2017-02-22,1.75711,
2017-02-23,1.70970,
2017-02-24,1.63415,
2017-02-25,.,No value available
2017-02-26,.,No value available
2017-02-27,1.57976,
2017-02-28,1.63301,
2017-03-01,1.70172,
2017-03-02,1.76703,
2017-03-03,1.77606,
2017-03-04,.,No value available
2017-03-05,.,No value available
2017-03-06,1.75296,
2017-03-07,1.81284,
2017-03-08,1.82724,
2017-03-09,1.84334,
2017-03-10,1.91641,
2017-03-11,.,No value available
2017-03-12,.,No value available
2017-03-13,1.80986,
2017-03-14,1.81614,
2017-03-15,1.77046,
2017-03-16,1.78753,
2017-03-17,1.78216,
2017-03-18,.,No value available
2017-03-19,.,No value available
2017-03-20,1.76910,
2017-03-21,1.83293,
2017-03-22,1.70606,
2017-03-23,1.71643,
2017-03-24,1.74601,
2017-03-25,.,No value available
2017-03-26,.,No value available
2017-03-27,1.69304,
2017-03-28,1.72118,
2017-03-29,1.72758,
2017-03-30,1.71262,
2017-03-31,1.71984,
2017-04-01,.,No value available
2017-04-02,.,No value available
2017-04-03,1.69560,
2017-04-04,1.41016,
2017-04-05,1.67217,
2017-04-06,1.65655,
2017-04-07,1.63144,
2017-04-08,.,No value available
2017-04-09,.,No value available
2017-04-10,1.58974,
2017-04-11,1.58102,
2017-04-12,1.54509,
2017-04-13,1.46888,
2017-04-14,.,No value available
2017-04-15,.,No value available
2017-04-16,.,No value available
2017-04-17,.,No value available
2017-04-18,1.46930,
2017-04-19,1.46676,
2017-04-20,1.51280,
2017-04-21,1.50078,
2017-04-22,.,No value available
2017-04-23,.,No value available
2017-04-24,1.61902,
2017-04-25,1.69572,
2017-04-26,1.69503,
2017-04-27,1.70616,
2017-04-28,1.74353,
2017-04-29,.,No value available
2017-04-30,.,No value available
2017-05-01,.,No value available
2017-05-02,1.72675,
2017-05-03,1.72129,
2017-05-04,1.74033,
2017-05-05,1.75571,
2017-05-06,.,No value available
2017-05-07,.,No value available
2017-05-08,1.77948,
2017-05-09,1.83103,
2017-05-10,1.81764,
2017-05-11,1.82658,
2017-05-12,1.79852,
2017-05-13,.,No value available
2017-05-14,.,No value available
2017-05-15,1.82873,
2017-05-16,1.89482,
2017-05-17,1.86992,
2017-05-18,1.78336,
2017-05-19,1.82242,
2017-05-20,.,No value available
2017-05-21,.,No value available
2017-05-22,1.87583,
2017-05-23,1.89010,
2017-05-24,1.85971,
2017-05-25,1.83308,
2017-05-26,1.81723,
2017-05-27,.,No value available
2017-05-28,.,No value available
2017-05-29,1.80840,
2017-05-30,1.78891,
2017-05-31,1.80291,
2017-06-01,1.81311,
2017-06-02,1.78194,
2017-06-03,.,No value available
2017-06-04,.,No value available
2017-06-05,.,No value available
2017-06-06,1.78005,
2017-06-07,1.78802,
2017-06-08,1.79708,
2017-06-09,1.74864,
2017-06-10,.,No value available
2017-06-11,.,No value available
2017-06-12,1.77607,
2017-06-13,1.77703,
2017-06-14,1.72621,
2017-06-15,1.67055,
2017-06-16,1.74211,
2017-06-17,.,No value available
2017-06-18,.,No value available
2017-06-19,1.74386,
2017-06-20,1.69629,
2017-06-21,1.66200,
2017-06-22,1.61781,
2017-06-23,1.64091,
2017-06-24,.,No value available
2017-06-25,.,No value available
2017-06-26,1.65001,
2017-06-27,1.65001,
2017-06-28,1.75808,
2017-06-29,1.79290,
2017-06-30,1.78529,
2017-07-01,.,No value available
2017-07-02,.,No value available
2017-07-03,1.83047,
2017-07-04,1.89721,
2017-07-05,1.94778,
2017-07-06,1.40976,
2017-07-07,1.51754,
2017-07-08,.,No value available
2017-07-09,.,No value available
2017-07-10,1.51002,
2017-07-11,1.64169,
2017-07-12,1.70501,
2017-07-13,1.68824,
2017-07-14,1.70753,
2017-07-15,.,No value available
2017-07-16,.,No value available
2017-07-17,1.73961,
2017-07-18,1.72652,
2017-07-19,1.75679,
2017-07-20,1.75679,
2017-07-21,1.70462,
2017-07-22,.,No value available
2017-07-23,.,No value available
2017-07-24,1.63955,
2017-07-25,1.64819,
2017-07-26,1.75975,
2017-07-27,1.73691,
2017-07-28,1.76719,
2017-07-29,.,No value available
2017-07-30,.,No value available
2017-07-31,1.76955,
2017-08-01,1.70304,
2017-08-02,1.69464,
2017-08-03,1.68465,
2017-08-04,1.61644,
2017-08-05,.,No value available
2017-08-06,.,No value available
2017-08-07,1.61552,
2017-08-08,1.83810,
2017-08-09,1.80582,
2017-08-10,1.80582,
2017-08-11,1.72931,
2017-08-12,.,No value available
2017-08-13,.,No value available
2017-08-14,1.79092,
2017-08-15,1.79092,
2017-08-16,1.81800,
2017-08-17,1.79456,
2017-08-18,1.75672,
2017-08-19,.,No value available
2017-08-20,.,No value available
2017-08-21,1.75672,
2017-08-22,1.75672,
2017-08-23,1.78290,
2017-08-24,1.72926,
2017-08-25,1.78639,
2017-08-26,.,No value available
2017-08-27,.,No value available
2017-08-28,1.77285,
2017-08-29,1.70368,
2017-08-30,1.72409,
2017-08-31,1.73866,
2017-09-01,1.73866,
2017-09-02,.,No value available
2017-09-03,.,No value available
2017-09-04,1.79963,
2017-09-05,1.82205,
2017-09-06,1.73765,
2017-09-07,1.74507,
2017-09-08,1.73957,
2017-09-09,.,No value available
2017-09-10,.,No value available
2017-09-11,1.78272,
2017-09-12,1.78461,
2017-09-13,1.84353,
2017-09-14,1.84323,
2017-09-15,1.87666,
2017-09-16,.,No value available
2017-09-17,.,No value available
2017-09-18,1.89082,
2017-09-19,1.90081,
2017-09-20,1.86733,
2017-09-21,1.88770,
2017-09-22,1.87385,
2017-09-23,.,No value available
2017-09-24,.,No value available
2017-09-25,1.81771,
2017-09-26,1.85447,
2017-09-27,1.92854,
2017-09-28,1.94131,
2017-09-29,1.88347,
2017-09-30,.,No value available
2017-10-01,.,No value available
2017-10-02,1.89171,
2017-10-03,.,No value available
2017-10-04,1.88114,
2017-10-05,1.85448,
2017-10-06,1.88735,
2017-10-07,.,No value available
2017-10-08,.,No value available
2017-10-09,1.86227,
2017-10-10,1.84129,
2017-10-11,1.64249,
2017-10-12,1.62927,
2017-10-13,1.56368,
2017-10-14,.,No value available
2017-10-15,.,No value available
2017-10-16,1.58460,
2017-10-17,1.55319,
2017-10-18,1.56671,
2017-10-19,1.59672,
2017-10-20,1.67721,
2017-10-21,.,No value available
2017-10-22,.,No value available
2017-10-23,1.65042,
2017-10-24,1.68629,
2017-10-25,1.70066,
2017-10-26,1.69429,
2017-10-27,1.62815,
2017-10-28,.,No value available
2017-10-29,.,No value available
2017-10-30,1.60514,
2017-10-31,.,No value available
2017-11-01,1.58260,
2017-11-02,1.63323,
2017-11-03,1.60627,
2017-11-04,.,No value available
2017-11-05,.,No value available
2017-11-06,1.58513,
2017-11-07,1.60127,
2017-11-08,1.58599,
2017-11-09,1.59036,
2017-11-10,1.66780,
2017-11-11,.,No value available
2017-11-12,.,No value available
2017-11-13,1.66586,
2017-11-14,1.66740,
2017-11-15,1.58430,
2017-11-16,1.59797,
2017-11-17,1.59884,
2017-11-18,.,No value available
2017-11-19,.,No value available
2017-11-20,1.56553,
2017-11-21,1.49821,
2017-11-22,1.53276,
2017-11-23,1.50125,
2017-11-24,1.51885,
2017-11-25,.,No value available
2017-11-26,.,No value available
2017-11-27,1.50697,
2017-11-28,1.46288,
2017-11-29,1.46787,
2017-11-30,1.50869,
2017-12-01,1.42791,
2017-12-02,.,No value available
2017-12-03,.,No value available
2017-12-04,1.41252,
2017-12-05,1.67611,
2017-12-06,1.68016,
2017-12-07,1.68592,
2017-12-08,1.72766,
2017-12-09,.,No value available
2017-12-10,.,No value available
2017-12-11,1.70009,
2017-12-12,1.68867,
2017-12-13,1.74920,
2017-12-14,1.72577,
2017-12-15,1.67474,
2017-12-16,.,No value available
2017-12-17,.,No value available
2017-12-18,1.64209,
2017-12-19,1.71523,
2017-12-20,1.75406,
2017-12-21,1.80662,
2017-12-22,1.78603,
2017-12-23,.,No value available
2017-12-24,.,No value available
2017-12-25,.,No value available
2017-12-26,.,No value available
2017-12-27,1.78479,
2017-12-28,1.79988,
2017-12-29,1.82490,
2017-12-30,.,No value available
2017-12-31,.,No value available
2018-01-01,.,No value available
2018-01-02,1.87619,
2018-01-03,1.85749,
2018-01-04,1.84353,
2018-01-05,1.78665,
2018-01-06,.,No value available
2018-01-07,.,No value available
2018-01-08,1.82693,
2018-01-09,1.82590,
2018-01-10,1.85772,
2018-01-11,1.84538,
2018-01-12,1.81377,
2018-01-13,.,No value available
2018-01-14,.,No value available
2018-01-15,1.83805,
2018-01-16,1.51046,
2018-01-17,1.76955,
2018-01-18,1.81887,
2018-01-19,1.81382,
2018-01-20,.,No value available
2018-01-21,.,No value available
2018-01-22,1.84528,
2018-01-23,1.79389,
2018-01-24,1.82231,
2018-01-25,1.82379,
2018-01-26,1.71063,
2018-01-27,.,No value available
2018-01-28,.,No value available
2018-01-29,1.72964,
2018-01-30,1.78089,
2018-01-31,1.74025,
2018-02-01,1.75228,
2018-02-02,1.80047,
2018-02-03,.,No value available
2018-02-04,.,No value available
2018-02-05,1.81683,
2018-02-06,1.77598,
2018-02-07,1.76709,
2018-02-08,1.79751,
2018-02-09,1.78811,
2018-02-10,.,No value available
2018-02-11,.,No value available
2018-02-12,0.94488,
2018-02-13,0.72732,
2018-02-14,0.44945,
2018-02-15,0.63631,
2018-02-16,0.61854,
2018-02-17,.,No value available
2018-02-18,.,No value available
2018-02-19,0.45487,
2018-02-20,0.43874,
2018-02-21,0.27034,
2018-02-22,0.61237,
2018-02-23,0.28898,
2018-02-24,.,No value available
2018-02-25,.,No value available
2018-02-26,0.40444,
2018-02-27,0.41782,
2018-02-28,0.41782,
2018-03-01,0.27427,
2018-03-02,0.29483,
2018-03-03,.,No value available
2018-03-04,.,No value available
2018-03-05,0.19637,
2018-03-06,1.77278,
2018-03-07,1.76773,
2018-03-08,1.75032,
2018-03-09,1.73106,
2018-03-10,.,No value available
2018-03-11,.,No value available
2018-03-12,1.75074,
2018-03-13,1.72587,
2018-03-14,1.69551,
2018-03-15,0.92465,
2018-03-16,0.68184,
2018-03-17,.,No value available
2018-03-18,.,No value available
2018-03-19,0.68184,
2018-03-20,1.65393,
2018-03-21,1.64702,
2018-03-22,1.61919,
2018-03-23,1.58484,
2018-03-24,.,No value available
2018-03-25,.,No value available
2018-03-26,1.61865,
2018-03-27,1.60361,
2018-03-28,1.57298,
2018-03-29,1.60913,
2018-03-30,.,No value available
2018-03-31,.,No value available
2018-04-01,.,No value available
2018-04-02,.,No value available
2018-04-03,1.62056,
2018-04-04,1.59220,
2018-04-05,1.64221,
2018-04-06,1.63212,
2018-04-07,.,No value available
2018-04-08,.,No value available
2018-04-09,1.62958,
2018-04-10,1.58014,
2018-04-11,1.61409,
2018-04-12,1.61551,
2018-04-13,1.66547,
2018-04-14,.,No value available
2018-04-15,.,No value available
2018-04-16,1.67579,
2018-04-17,1.66403,
2018-04-18,1.62668,
2018-04-19,1.64860,
2018-04-20,1.70113,
2018-04-21,.,No value available
2018-04-22,.,No value available
2018-04-23,1.74804,
2018-04-24,1.76462,
2018-04-25,1.73720,
2018-04-26,1.71888,
2018-04-27,1.67419,
2018-04-28,.,No value available
2018-04-29,.,No value available
2018-04-30,1.67419,
2018-05-01,.,No value available
2018-05-02,1.71738,
2018-05-03,1.71169,
2018-05-04,1.67727,
2018-05-05,.,No value available
2018-05-06,.,No value available
2018-05-07,1.67727,
2018-05-08,1.66357,
2018-05-09,1.70891,
2018-05-10,1.69205,
2018-05-11,1.70666,
2018-05-12,.,No value available
2018-05-13,.,No value available
2018-05-14,1.72500,
2018-05-15,1.73962,
2018-05-16,1.76767,
2018-05-17,1.78919,
2018-05-18,1.81447,
2018-05-19,.,No value available
2018-05-20,.,No value available
2018-05-21,.,No value available
2018-05-22,1.73056,
2018-05-23,1.72355,
2018-05-24,1.70571,
2018-05-25,1.63843,
2018-05-26,.,No value available
2018-05-27,.,No value available
2018-05-28,1.59480,
2018-05-29,1.47798,
2018-05-30,1.52429,
2018-05-31,1.55157,
2018-06-01,1.52191,
2018-06-02,.,No value available
2018-06-03,.,No value available
2018-06-04,1.51784,
2018-06-05,1.51619,
2018-06-06,1.54882,
2018-06-07,1.61171,
2018-06-08,1.54550,
2018-06-09,.,No value available
2018-06-10,.,No value available
2018-06-11,1.58242,
2018-06-12,1.63775,
2018-06-13,1.59861,
2018-06-14,1.62651,
2018-06-15,1.63672,
2018-06-16,.,No value available
2018-06-17,.,No value available
2018-06-18,1.67391,
2018-06-19,1.67591,
2018-06-20,1.63970,
2018-06-21,1.64816,
2018-06-22,1.65024,
2018-06-23,.,No value available
2018-06-24,.,No value available
2018-06-25,1.62393,
2018-06-26,1.62290,
2018-06-27,1.60797,
2018-06-28,1.56263,
2018-06-29,1.52490,
2018-06-30,.,No value available
2018-07-01,.,No value available
2018-07-02,1.49063,
2018-07-03,1.49687,
2018-07-04,1.47527,
2018-07-05,1.49281,
2018-07-06,1.48284,
2018-07-07,.,No value available
2018-07-08,.,No value available
2018-07-09,1.50524,
2018-07-10,1.51320,
2018-07-11,1.48554,
2018-07-12,1.50893,
2018-07-13,1.48978,
2018-07-14,.,No value available
2018-07-15,.,No value available
2018-07-16,1.51378,
2018-07-17,1.51395,
2018-07-18,1.51304,
2018-07-19,1.51224,
2018-07-20,1.51031,
2018-07-21,.,No value available
2018-07-22,.,No value available
2018-07-23,1.51564,
2018-07-24,1.46110,
2018-07-25,1.42483,
2018-07-26,1.43721,
2018-07-27,1.45853,
2018-07-28,.,No value available
2018-07-29,.,No value available
2018-07-30,1.48654,
2018-07-31,1.50259,
2018-08-01,1.53436,
2018-08-02,1.46525,
2018-08-03,1.41336,
2018-08-04,.,No value available
2018-08-05,.,No value available
2018-08-06,1.38280,
2018-08-07,1.37535,
2018-08-08,1.40503,
2018-08-09,1.38929,
2018-08-10,1.41733,
2018-08-11,.,No value available
2018-08-12,.,No value available
2018-08-13,1.42959,
2018-08-14,1.44872,
2018-08-15,1.46119,
2018-08-16,1.44193,
2018-08-17,1.42227,
2018-08-18,.,No value available
2018-08-19,.,No value available
2018-08-20,1.43425,
2018-08-21,1.45066,
2018-08-22,1.44567,
2018-08-23,1.45894,
2018-08-24,1.46683,
2018-08-25,.,No value available
2018-08-26,.,No value available
2018-08-27,1.49173,
2018-08-28,1.50008,
2018-08-29,1.52739,
2018-08-30,1.53295,
2018-08-31,1.49774,
2018-09-01,.,No value available
2018-09-02,.,No value available
2018-09-03,1.47924,
2018-09-04,1.49368,
2018-09-05,1.51501,
2018-09-06,1.51156,
2018-09-07,1.50742,
2018-09-08,.,No value available
2018-09-09,.,No value available
2018-09-10,1.56770,
2018-09-11,1.57844,
2018-09-12,1.57844,
2018-09-13,1.56275,
2018-09-14,1.56961,
2018-09-15,.,No value available
2018-09-16,.,No value available
2018-09-17,1.57506,
2018-09-18,1.57506,
2018-09-19,1.58594,
2018-09-20,1.60530,
2018-09-21,1.59882,
2018-09-22,.,No value available
2018-09-23,.,No value available
2018-09-24,1.59502,
2018-09-25,1.59471,
2018-09-26,1.58798,
2018-09-27,1.54432,
2018-09-28,1.50469,
2018-09-29,.,No value available
2018-09-30,.,No value available
2018-10-01,1.55358,
2018-10-02,1.51577,
2018-10-03,.,No value available
2018-10-04,1.55970,
2018-10-05,1.57224,
2018-10-06,.,No value available
2018-10-07,.,No value available
2018-10-08,1.56816,
2018-10-09,1.63813,
2018-10-10,1.60611,
2018-10-11,1.55443,
2018-10-12,1.57336,
2018-10-13,.,No value available
2018-10-14,.,No value available
2018-10-15,1.54754,
2018-10-16,1.57301,
2018-10-17,1.55803,
2018-10-18,1.55803,
2018-10-19,1.50100,
2018-10-20,.,No value available
2018-10-21,.,No value available
2018-10-22,1.52440,
2018-10-23,1.49329,
2018-10-24,1.47249,
2018-10-25,1.47249,
2018-10-26,1.47852,
2018-10-27,.,No value available
2018-10-28,.,No value available
2018-10-29,1.46717,
2018-10-30,1.51697,
2018-10-31,1.51697,
2018-11-01,1.50809,
2018-11-02,1.52185,
2018-11-03,.,No value available
2018-11-04,.,No value available
2018-11-05,1.53131,
2018-11-06,1.51858,
2018-11-07,1.50988,
2018-11-08,1.54180,
2018-11-09,1.51583,
2018-11-10,.,No value available
2018-11-11,.,No value available
2018-11-12,1.49562,
2018-11-13,1.49562,
2018-11-14,1.52491,
2018-11-15,1.52361,
2018-11-16,1.53433,
2018-11-17,.,No value available
2018-11-18,.,No value available
2018-11-19,1.54761,
2018-11-20,1.52125,
2018-11-21,1.54038,
2018-11-22,1.52413,
2018-11-23,1.52413,
2018-11-24,.,No value available
2018-11-25,.,No value available
2018-11-26,1.52413,
2018-11-27,1.52413,
2018-11-28,1.50738,
2018-11-29,1.50738,
2018-11-30,1.49294,
2018-12-01,.,No value available
2018-12-02,.,No value available
2018-12-03,1.49946,
2018-12-04,1.44655,
2018-12-05,1.38337,
2018-12-06,0.00010,
2018-12-07,1.33669,
2018-12-08,.,No value available
2018-12-09,.,No value available
2018-12-10,1.30314,
2018-12-11,1.26904,
2018-12-12,1.25636,
2018-12-13,1.24874,
2018-12-14,1.33428,
2018-12-15,.,No value available
2018-12-16,.,No value available
2018-12-17,1.35985,
2018-12-18,1.33327,
2018-12-19,1.31981,
2018-12-20,1.30894,
2018-12-21,1.29935,
2018-12-22,.,No value available
2018-12-23,.,No value available
2018-12-24,.,No value available
2018-12-25,.,No value available
2018-12-26,.,No value available
2018-12-27,1.30967,
2018-12-28,1.32893,
2018-12-29,.,No value available
2018-12-30,.,No value available
2018-12-31,.,No value available
2019-01-01,.,No value available
2019-01-02,1.18192,
2019-01-03,1.13006,
2019-01-04,1.12861,
2019-01-05,.,No value available
2019-01-06,.,No value available
2019-01-07,1.15417,
2019-01-08,1.19850,
2019-01-09,1.20371,
2019-01-10,1.16056,
2019-01-11,1.29292,
2019-01-12,.,No value available
2019-01-13,.,No value available
2019-01-14,1.28212,
2019-01-15,1.30652,
2019-01-16,1.33756,
2019-01-17,1.36794,
2019-01-18,1.36701,
2019-01-19,.,No value available
2019-01-20,.,No value available
2019-01-21,1.33855,
2019-01-22,1.34020,
2019-01-23,1.17118,
2019-01-24,1.10904,
2019-01-25,1.25842,
2019-01-26,.,No value available
2019-01-27,.,No value available
2019-01-28,1.24655,
2019-01-29,1.27920,
2019-01-30,1.27576,
2019-01-31,1.24550,
2019-02-01,1.25893,
2019-02-02,.,No value available
2019-02-03,.,No value available
2019-02-04,1.25834,
2019-02-05,1.27073,
2019-02-06,1.17196,
2019-02-07,1.01719,
2019-02-08,0.95474,
2019-02-09,.,No value available
2019-02-10,.,No value available
2019-02-11,1.11376,
2019-02-12,1.12258,
2019-02-13,1.12258,
2019-02-14,0.82007,
2019-02-15,0.82007,
2019-02-16,.,No value available
2019-02-17,.,No value available
2019-02-18,0.99789,
2019-02-19,0.85165,
2019-02-20,0.85165,
2019-02-21,0.74526,
2019-02-22,0.74526,
2019-02-23,.,No value available
2019-02-24,.,No value available
2019-02-25,0.70817,
2019-02-26,1.25989,
2019-02-27,1.25501,
2019-02-28,1.26996,
2019-03-01,1.35394,
2019-03-02,.,No value available
2019-03-03,.,No value available
2019-03-04,1.37847,
2019-03-05,1.38174,
2019-03-06,1.34732,
2019-03-07,1.37999,
2019-03-08,0.00010,
2019-03-09,.,No value available
2019-03-10,.,No value available
2019-03-11,0.00010,
2019-03-12,0.00010,
2019-03-13,0.00020,
2019-03-14,0.00020,
2019-03-15,0.00040,
2019-03-16,.,No value available
2019-03-17,.,No value available
2019-03-18,0.00040,
2019-03-19,0.00040,
2019-03-20,0.00080,
2019-03-21,0.00160,
2019-03-22,0.00164,
2019-03-23,.,No value available
2019-03-24,.,No value available
2019-03-25,0.00164,
2019-03-26,0.00054,
2019-03-27,0.00010,
2019-03-28,0.00038,
2019-03-29,1.01340,
2019-03-30,.,No value available
2019-03-31,.,No value available
2019-04-01,1.07932,
2019-04-02,1.07932,
2019-04-03,0.81445,
2019-04-04,0.81445,
2019-04-05,0.91754,
2019-04-06,.,No value available
2019-04-07,.,No value available
2019-04-08,0.91754,
2019-04-09,0.91754,
2019-04-10,0.86100,
2019-04-11,1.02117,
2019-04-12,0.92040,
2019-04-13,.,No value available
2019-04-14,.,No value available
2019-04-15,1.02163,
2019-04-16,1.31019,
2019-04-17,1.31471,
2019-04-18,1.22832,
2019-04-19,.,No value available
2019-04-20,.,No value available
2019-04-21,.,No value available
2019-04-22,.,No value available
2019-04-23,1.00067,
2019-04-24,0.94654,
2019-04-25,0.86105,
2019-04-26,1.18634,
2019-04-27,.,No value available
2019-04-28,.,No value available
2019-04-29,1.20775,
2019-04-30,1.24250,
2019-05-01,.,No value available
2019-05-02,1.21624,
2019-05-03,1.23295,
2019-05-04,.,No value available
2019-05-05,.,No value available
2019-05-06,1.21124,
2019-05-07,1.19265,
2019-05-08,1.17848,
2019-05-09,1.14013,
2019-05-10,1.17919,
2019-05-11,.,No value available
2019-05-12,.,No value available
2019-05-13,1.16398,
2019-05-14,1.10777,
2019-05-15,1.09262,
2019-05-16,1.01319,
2019-05-17,1.01854,
2019-05-18,.,No value available
2019-05-19,.,No value available
2019-05-20,1.05243,
2019-05-21,1.05243,
2019-05-22,1.08622,
2019-05-23,1.07052,
2019-05-24,1.07052,
2019-05-25,.,No value available
2019-05-26,.,No value available
2019-05-27,1.03573,
2019-05-28,1.00435,
2019-05-29,1.00435,
2019-05-30,1.00435,
2019-05-31,0.94897,
2019-06-01,.,No value available
2019-06-02,.,No value available
2019-06-03,0.97004,
2019-06-04,0.88367,
2019-06-05,0.88367,
2019-06-06,0.87586,
2019-06-07,0.83281,
2019-06-08,.,No value available
2019-06-09,.,No value available
2019-06-10,.,No value available
2019-06-11,0.84944,
2019-06-12,0.84944,
2019-06-13,0.83867,
2019-06-14,0.77433,
2019-06-15,.,No value available
2019-06-16,.,No value available
2019-06-17,0.81933,
2019-06-18,0.77500,
2019-06-19,0.76075,
2019-06-20,0.71202,
2019-06-21,0.71202,
2019-06-22,.,No value available
2019-06-23,.,No value available
2019-06-24,0.74186,
2019-06-25,0.74186,
2019-06-26,0.75373,
2019-06-27,0.78391,
2019-06-28,0.72057,
2019-06-29,.,No value available
2019-06-30,.,No value available
2019-07-01,0.75520,
2019-07-02,0.76641,
2019-07-03,0.72811,
2019-07-04,0.71407,
2019-07-05,0.71363,
2019-07-06,.,No value available
2019-07-07,.,No value available
2019-07-08,0.72911,
2019-07-09,0.75989,
2019-07-10,0.83242,
2019-07-11,0.80214,
2019-07-12,0.92612,
2019-07-13,.,No value available
2019-07-14,.,No value available
2019-07-15,0.87558,
2019-07-16,0.80535,
2019-07-17,0.79858,
2019-07-18,0.77227,
2019-07-19,0.83355,
2019-07-20,.,No value available
2019-07-21,.,No value available
2019-07-22,0.80584,
2019-07-23,0.81762,
2019-07-24,0.75918,
2019-07-25,0.69296,
2019-07-26,0.74418,
2019-07-27,.,No value available
2019-07-28,.,No value available
2019-07-29,0.72592,
2019-07-30,0.73466,
2019-07-31,0.70385,
2019-08-01,0.63856,
2019-08-02,0.50199,
2019-08-03,.,No value available
2019-08-04,.,No value available
2019-08-05,0.40405,
2019-08-06,0.41390,
2019-08-07,0.27785,
2019-08-08,0.35815,
2019-08-09,0.39125,
2019-08-10,.,No value available
2019-08-11,.,No value available
2019-08-12,0.35230,
2019-08-13,0.28863,
2019-08-14,0.25827,
2019-08-15,0.23020,
2019-08-16,0.17969,
2019-08-17,.,No value available
2019-08-18,.,No value available
2019-08-19,0.31271,
2019-08-20,0.28917,
2019-08-21,0.30564,
2019-08-22,0.00159,
2019-08-23,0.00531,
2019-08-24,.,No value available
2019-08-25,.,No value available
2019-08-26,0.00055,
2019-08-27,0.00014,
2019-08-28,0.00037,
2019-08-29,0.00035,
2019-08-30,0.00082,
2019-08-31,.,No value available
2019-09-01,.,No value available
2019-09-02,0.00190,
2019-09-03,0.00939,
2019-09-04,0.00621,
2019-09-05,0.05009,
2019-09-06,0.14645,
2019-09-07,.,No value available
2019-09-08,.,No value available
2019-09-09,0.08373,
2019-09-10,0.15174,
2019-09-11,0.51244,
2019-09-12,0.39114,
2019-09-13,0.50449,
2019-09-14,.,No value available
2019-09-15,.,No value available
2019-09-16,0.47650,
2019-09-17,0.49742,
2019-09-18,0.46444,
2019-09-19,0.47433,
2019-09-20,0.42015,
2019-09-21,.,No value available
2019-09-22,.,No value available
2019-09-23,0.32122,
2019-09-24,0.33201,
2019-09-25,0.25895,
2019-09-26,0.24800,
2019-09-27,0.31856,
2019-09-28,.,No value available
2019-09-29,.,No value available
2019-09-30,0.38837,
2019-10-01,0.43188,
2019-10-02,0.40243,
2019-10-03,.,No value available
2019-10-04,0.31449,
2019-10-05,.,No value available
2019-10-06,.,No value available
2019-10-07,0.31270,
2019-10-08,0.34913,
2019-10-09,0.35725,
2019-10-10,0.38161,
2019-10-11,0.41370,
2019-10-12,.,No value available
2019-10-13,.,No value available
2019-10-14,0.44398,
2019-10-15,0.45837,
2019-10-16,0.49161,
2019-10-17,0.54519,
2019-10-18,0.53594,
2019-10-19,.,No value available
2019-10-20,.,No value available
2019-10-21,0.57537,
2019-10-22,0.56860,
2019-10-23,0.28068,
2019-10-24,0.51151,
2019-10-25,0.53023,
2019-10-26,.,No value available
2019-10-27,.,No value available
2019-10-28,0.59501,
2019-10-29,0.56906,
2019-10-30,0.57768,
2019-10-31,0.25297,
2019-11-01,0.53508,
2019-11-02,.,No value available
2019-11-03,.,No value available
2019-11-04,0.54998,
2019-11-05,0.60700,
2019-11-06,0.60390,
2019-11-07,0.59002,
2019-11-08,0.65063,
2019-11-09,.,No value available
2019-11-10,.,No value available
2019-11-11,0.62706,
2019-11-12,0.68262,
2019-11-13,0.57672,
2019-11-14,0.54972,
2019-11-15,0.51369,
2019-11-16,.,No value available
2019-11-17,.,No value available
2019-11-18,0.53932,
2019-11-19,0.54722,
2019-11-20,0.51166,
2019-11-21,0.58281,
2019-11-22,0.53494,
2019-11-23,.,No value available
2019-11-24,.,No value available
2019-11-25,0.54697,
2019-11-26,0.54256,
2019-11-27,0.54250,
2019-11-28,0.51904,
2019-11-29,0.51864,
2019-11-30,.,No value available
2019-12-01,.,No value available
2019-12-02,0.57341,
2019-12-03,0.57026,
2019-12-04,0.53312,
2019-12-05,0.53991,
2019-12-06,0.53991,
2019-12-07,.,No value available
2019-12-08,.,No value available
2019-12-09,0.54484,
2019-12-10,0.56288,
2019-12-11,0.54227,
2019-12-12,0.56599,
2019-12-13,0.63131,
2019-12-14,.,No value available
2019-12-15,.,No value available
2019-12-16,0.56948,
2019-12-17,0.22609,
2019-12-18,0.20682,
2019-12-19,0.61086,
2019-12-20,0.60251,
2019-12-21,.,No value available
2019-12-22,.,No value available
2019-12-23,0.56594,
2019-12-24,.,No value available
2019-12-25,.,No value available
2019-12-26,.,No value available
2019-12-27,0.59239,
2019-12-28,.,No value available
2019-12-29,.,No value available
2019-12-30,0.66472,
2019-12-31,.,No value available
2020-01-01,.,No value available
2020-01-02,0.70701,
2020-01-03,0.55525,
2020-01-04,.,No value available
2020-01-05,.,No value available
2020-01-06,0.63192,
2020-01-07,0.66179,
2020-01-08,0.65899,
2020-01-09,0.69782,
2020-01-10,0.68784,
2020-01-11,.,No value available
2020-01-12,.,No value available
2020-01-13,0.75525,
2020-01-14,0.71620,
2020-01-15,0.72458,
2020-01-16,0.69714,
2020-01-17,0.69857,
2020-01-18,.,No value available
2020-01-19,.,No value available
2020-01-20,0.69857,
2020-01-21,0.68992,
2020-01-22,0.59627,
2020-01-23,0.58929,
2020-01-24,0.57402,
2020-01-25,.,No value available
2020-01-26,.,No value available
2020-01-27,0.64494,
2020-01-28,0.50596,
2020-01-29,0.55988,
2020-01-30,0.54119,
2020-01-31,0.37248,
2020-02-01,.,No value available
2020-02-02,.,No value available
2020-02-03,0.07679,
2020-02-04,0.03386,
2020-02-05,0.01682,
2020-02-06,0.58517,
2020-02-07,0.54015,
2020-02-08,.,No value available
2020-02-09,.,No value available
2020-02-10,0.50569,
2020-02-11,0.51103,
2020-02-12,0.51103,
2020-02-13,0.50869,
2020-02-14,0.56652,
2020-02-15,.,No value available
2020-02-16,.,No value available
2020-02-17,0.50446,
2020-02-18,0.47218,
2020-02-19,0.47218,
2020-02-20,0.52142,
2020-02-21,0.37325,
2020-02-22,.,No value available
2020-02-23,.,No value available
2020-02-24,0.35882,
2020-02-25,0.00102,
2020-02-26,0.00011,
2020-02-27,0.00010,
2020-02-28,0.00020,
2020-02-29,.,No value available
2020-03-01,.,No value available
2020-03-02,0.00018,
2020-03-03,0.00010,
2020-03-04,0.00010,
2020-03-05,0.00010,
2020-03-06,0.00020,
2020-03-07,.,No value available
2020-03-08,.,No value available
2020-03-09,0.00044,
2020-03-10,0.00162,
2020-03-11,0.00014,
2020-03-12,0.00017,
2020-03-13,0.00010,
2020-03-14,.,No value available
2020-03-15,.,No value available
2020-03-16,0.08294,
2020-03-17,0.00010,
2020-03-18,0.12920,
2020-03-19,0.88863,
2020-03-20,2.04473,
2020-03-21,.,No value available
2020-03-22,.,No value available
2020-03-23,0.09809,
2020-03-24,0.22539,
2020-03-25,0.27038,
2020-03-26,0.43909,
2020-03-27,0.39748,
2020-03-28,.,No value available
2020-03-29,.,No value available
2020-03-30,0.35841,
2020-03-31,0.34116,
2020-04-01,0.35445,
2020-04-02,0.37254,
2020-04-03,0.23437,
2020-04-04,.,No value available
2020-04-05,.,No value available
2020-04-06,0.29796,
2020-04-07,0.34164,
2020-04-08,0.31061,
2020-04-09,0.31348,
2020-04-10,.,No value available
2020-04-11,.,No value available
2020-04-12,.,No value available
2020-04-13,.,No value available
2020-04-14,0.34896,
2020-04-15,0.24982,
2020-04-16,0.18269,
2020-04-17,0.00029,
2020-04-18,.,No value available
2020-04-19,.,No value available
2020-04-20,0.00027,
2020-04-21,0.00094,
2020-04-22,0.00201,
2020-04-23,0.00331,
2020-04-24,0.00053,
2020-04-25,.,No value available
2020-04-26,.,No value available
2020-04-27,0.00010,
2020-04-28,0.00010,
2020-04-29,0.00039,
2020-04-30,0.00061,
2020-05-01,.,No value available
2020-05-02,.,No value available
2020-05-03,.,No value available
2020-05-04,0.04265,
2020-05-05,0.18250,
2020-05-06,0.20130,
2020-05-07,0.25261,
2020-05-08,0.19819,
2020-05-09,.,No value available
2020-05-10,.,No value available
2020-05-11,0.25882,
2020-05-12,0.23969,
2020-05-13,0.19224,
2020-05-14,0.18520,
2020-05-15,0.17492,
2020-05-16,.,No value available
2020-05-17,.,No value available
2020-05-18,0.19013,
2020-05-19,0.25372,
2020-05-20,0.21276,
2020-05-21,0.23346,
2020-05-22,0.22418,
2020-05-23,.,No value available
2020-05-24,.,No value available
2020-05-25,0.24079,
2020-05-26,0.32786,
2020-05-27,0.27405,
2020-05-28,0.27600,
2020-05-29,0.29571,
2020-05-30,.,No value available
2020-05-31,.,No value available
2020-06-01,.,No value available
2020-06-02,0.38756,
2020-06-03,0.37105,
2020-06-04,0.40678,
2020-06-05,0.53687,
2020-06-06,.,No value available
2020-06-07,.,No value available
2020-06-08,0.57574,
2020-06-09,0.46876,
2020-06-10,0.46426,
2020-06-11,0.38474,
2020-06-12,0.34578,
2020-06-13,.,No value available
2020-06-14,.,No value available
2020-06-15,0.33225,
2020-06-16,0.36815,
2020-06-17,0.39460,
2020-06-18,0.34273,
2020-06-19,0.31662,
2020-06-20,.,No value available
2020-06-21,.,No value available
2020-06-22,0.30059,
2020-06-23,0.33943,
2020-06-24,0.38411,
2020-06-25,0.29057,
2020-06-26,0.26661,
2020-06-27,.,No value available
2020-06-28,.,No value available
2020-06-29,0.27763,
2020-06-30,0.27173,
2020-07-01,0.37459,
2020-07-02,0.36585,
2020-07-03,0.32541,
2020-07-04,.,No value available
2020-07-05,.,No value available
2020-07-06,0.35719,
2020-07-07,0.34821,
2020-07-08,0.32020,
2020-07-09,0.31061,
2020-07-10,0.19156,
2020-07-11,.,No value available
2020-07-12,.,No value available
2020-07-13,0.27997,
2020-07-14,0.30245,
2020-07-15,0.30046,
2020-07-16,0.31523,
2020-07-17,0.32693,
2020-07-18,.,No value available
2020-07-19,.,No value available
2020-07-20,0.34405,
2020-07-21,0.30164,
2020-07-22,0.27668,
2020-07-23,0.25258,
2020-07-24,0.26545,
2020-07-25,.,No value available
2020-07-26,.,No value available
2020-07-27,0.25315,
2020-07-28,0.21619,
2020-07-29,0.21628,
2020-07-30,0.19121,
2020-07-31,0.17584,
2020-08-01,.,No value available
2020-08-02,.,No value available
2020-08-03,0.21167,
2020-08-04,0.18451,
2020-08-05,0.17844,
2020-08-06,0.20762,
2020-08-07,0.18555,
2020-08-08,.,No value available
2020-08-09,.,No value available
2020-08-10,0.20312,
2020-08-11,0.24336,
2020-08-12,0.30405,
2020-08-13,0.31153,
2020-08-14,0.33133,
2020-08-15,.,No value available
2020-08-16,.,No value available
2020-08-17,0.34656,
2020-08-18,0.30710,
2020-08-19,0.29730,
2020-08-20,0.26856,
2020-08-21,0.23859,
2020-08-22,.,No value available
2020-08-23,.,No value available
2020-08-24,0.28924,
2020-08-25,0.41136,
2020-08-26,0.34389,
2020-08-27,0.28058,
2020-08-28,0.40315,
2020-08-29,.,No value available
2020-08-30,.,No value available
2020-08-31,0.40751,
2020-09-01,0.40110,
2020-09-02,0.31219,
2020-09-03,0.31156,
2020-09-04,0.26199,
2020-09-05,.,No value available
2020-09-06,.,No value available
2020-09-07,0.29537,
2020-09-08,0.28943,
2020-09-09,0.26087,
2020-09-10,0.27892,
2020-09-11,0.29201,
2020-09-12,.,No value available
2020-09-13,.,No value available
2020-09-14,0.27736,
2020-09-15,0.30408,
2020-09-16,0.29604,
2020-09-17,0.30072,
2020-09-18,0.27927,
2020-09-19,.,No value available
2020-09-20,.,No value available
2020-09-21,0.25746,
2020-09-22,0.23288,
2020-09-23,0.27120,
2020-09-24,0.25010,
2020-09-25,0.25669,
2020-09-26,.,No value available
2020-09-27,.,No value available
2020-09-28,0.25669,
2020-09-29,0.20617,
2020-09-30,0.19289,
2020-10-01,0.22038,
2020-10-02,0.20770,
2020-10-03,.,No value available
2020-10-04,.,No value available
2020-10-05,0.20770,
2020-10-06,0.20682,
2020-10-07,0.20682,
2020-10-08,0.20561,
2020-10-09,0.15302,
2020-10-10,.,No value available
2020-10-11,.,No value available
2020-10-12,0.15302,
2020-10-13,0.15302,
2020-10-14,0.12037,
2020-10-15,0.07001,
2020-10-16,0.00018,
2020-10-17,.,No value available
2020-10-18,.,No value available
2020-10-19,0.00018,
2020-10-20,0.10968,
2020-10-21,0.15903,
2020-10-22,0.15903,
2020-10-23,0.09141,
2020-10-24,.,No value available
2020-10-25,.,No value available
2020-10-26,0.10335,
2020-10-27,0.09839,
2020-10-28,0.00038,
2020-10-29,0.00830,
2020-10-30,0.00830,
2020-10-31,.,No value available
2020-11-01,.,No value available
2020-11-02,0.03545,
2020-11-03,0.00046,
2020-11-04,0.00010,
2020-11-05,0.00010,
2020-11-06,0.00152,
2020-11-07,.,No value available
2020-11-08,.,No value available
2020-11-09,0.00152,
2020-11-10,0.21023,
2020-11-11,0.24216,
2020-11-12,0.20701,
2020-11-13,0.17095,
2020-11-14,.,No value available
2020-11-15,.,No value available
2020-11-16,0.14173,
2020-11-17,0.14173,
2020-11-18,0.14173,
2020-11-19,0.09245,
2020-11-20,0.09245,
2020-11-21,.,No value available
2020-11-22,.,No value available
2020-11-23,0.10221,
2020-11-24,0.10221,
2020-11-25,0.10221,
2020-11-26,0.10221,
2020-11-27,0.10221,
2020-11-28,.,No value available
2020-11-29,.,No value available
2020-11-30,0.10221,
2020-12-01,0.10032,
2020-12-02,0.15455,
2020-12-03,0.15524,
2020-12-04,0.13580,
2020-12-05,.,No value available
2020-12-06,.,No value available
2020-12-07,0.11582,
2020-12-08,0.11830,
2020-12-09,0.11830,
2020-12-10,0.07633,
2020-12-11,0.04536,
2020-12-12,.,No value available
2020-12-13,.,No value available
2020-12-14,0.01631,
2020-12-15,0.01631,
2020-12-16,0.03262,
2020-12-17,0.08739,
2020-12-18,0.12156,
2020-12-19,.,No value available
2020-12-20,.,No value available
2020-12-21,0.04165,
2020-12-22,0.06390,
2020-12-23,0.10760,
2020-12-24,.,No value available
2020-12-25,.,No value available
2020-12-26,.,No value available
2020-12-27,.,No value available
2020-12-28,0.17153,
2020-12-29,0.12801,
2020-12-30,0.15429,
2020-12-31,.,No value available
2021-01-01,.,No value available
2021-01-02,.,No value available
2021-01-03,.,No value available
2021-01-04,0.12597,
2021-01-05,0.10738,
2021-01-06,0.16979,
2021-01-07,0.16238,
2021-01-08,0.15836,
2021-01-09,.,No value available
2021-01-10,.,No value available
2021-01-11,0.10837,
2021-01-12,0.00057,
2021-01-13,0.00076,
2021-01-14,0.15589,
2021-01-15,0.19311,
2021-01-16,.,No value available
2021-01-17,.,No value available
2021-01-18,0.00099,
2021-01-19,0.21783,
2021-01-20,0.14110,
2021-01-21,0.14110,
2021-01-22,0.20478,
2021-01-23,.,No value available
2021-01-24,.,No value available
2021-01-25,0.18112,
2021-01-26,0.18358,
2021-01-27,0.23291,
2021-01-28,0.18940,
2021-01-29,0.27242,
2021-01-30,.,No value available
2021-01-31,.,No value available
2021-02-01,0.17400,
2021-02-02,0.00018,
2021-02-03,0.00025,
2021-02-04,0.00025,
2021-02-05,0.00029,
2021-02-06,.,No value available
2021-02-07,.,No value available
2021-02-08,0.00014,
2021-02-09,0.00010,
2021-02-10,0.00087,
2021-02-11,0.36563,
2021-02-12,0.36563,
2021-02-13,.,No value available
2021-02-14,.,No value available
2021-02-15,0.47881,
2021-02-16,0.47881,
2021-02-17,0.48829,
2021-02-18,0.48829,
2021-02-19,0.52061,
2021-02-20,.,No value available
2021-02-21,.,No value available
2021-02-22,0.58376,
2021-02-23,0.57271,
2021-02-24,0.57271,
2021-02-25,0.57901,
2021-02-26,0.49398,
2021-02-27,.,No value available
2021-02-28,.,No value available
2021-03-01,0.45729,
2021-03-02,0.47038,
2021-03-03,0.49780,
2021-03-04,0.52654,
2021-03-05,0.52654,
2021-03-06,.,No value available
2021-03-07,.,No value available
2021-03-08,0.52654,
2021-03-09,0.48426,
2021-03-10,0.27171,
2021-03-11,0.53409,
2021-03-12,0.53635,
2021-03-13,.,No value available
2021-03-14,.,No value available
2021-03-15,0.53635,
2021-03-16,0.52407,
2021-03-17,0.54197,
2021-03-18,0.61391,
2021-03-19,0.59029,
2021-03-20,.,No value available
2021-03-21,.,No value available
2021-03-22,0.60684,
2021-03-23,0.58044,
2021-03-24,0.58038,
2021-03-25,0.58038,
2021-03-26,0.58038,
2021-03-27,.,No value available
2021-03-28,.,No value available
2021-03-29,0.61167,
2021-03-30,0.66498,
2021-03-31,0.66498,
2021-04-01,0.60790,
2021-04-02,.,No value available
2021-04-03,.,No value available
2021-04-04,.,No value available
2021-04-05,.,No value available
2021-04-06,0.60790,
2021-04-07,0.57873,
2021-04-08,0.57873,
2021-04-09,0.61585,
2021-04-10,.,No value available
2021-04-11,.,No value available
2021-04-12,0.58957,
2021-04-13,0.62648,
2021-04-14,0.62648,
2021-04-15,0.64046,
2021-04-16,0.64046,
2021-04-17,.,No value available
2021-04-18,.,No value available
2021-04-19,0.64046,
2021-04-20,0.65689,
2021-04-21,0.64471,
2021-04-22,0.61362,
2021-04-23,0.61362,
2021-04-24,.,No value available
2021-04-25,.,No value available
2021-04-26,0.63142,
2021-04-27,0.63142,
2021-04-28,0.66291,
2021-04-29,0.66291,
2021-04-30,0.70588,
2021-05-01,.,No value available
2021-05-02,.,No value available
2021-05-03,0.73844,
2021-05-04,0.71153,
2021-05-05,0.69227,
2021-05-06,0.69227,
2021-05-07,0.69227,
2021-05-08,.,No value available
2021-05-09,.,No value available
2021-05-10,0.72335,
2021-05-11,0.74906,
2021-05-12,0.76120,
2021-05-13,0.80151,
2021-05-14,0.77006,
2021-05-15,.,No value available
2021-05-16,.,No value available
2021-05-17,0.77006,
2021-05-18,0.78037,
2021-05-19,0.81407,
2021-05-20,0.78901,
2021-05-21,0.74611,
2021-05-22,.,No value available
2021-05-23,.,No value available
2021-05-24,.,No value available
2021-05-25,0.74719,
2021-05-26,0.73110,
2021-05-27,0.70181,
2021-05-28,0.74529,
2021-05-29,.,No value available
2021-05-30,.,No value available
2021-05-31,0.73187,
2021-06-01,0.69167,
2021-06-02,0.69167,
2021-06-03,0.69167,
2021-06-04,0.70978,
2021-06-05,.,No value available
2021-06-06,.,No value available
2021-06-07,0.68922,
2021-06-08,0.65569,
2021-06-09,0.62416,
2021-06-10,0.62239,
2021-06-11,0.61975,
2021-06-12,.,No value available
2021-06-13,.,No value available
2021-06-14,0.62613,
2021-06-15,0.63042,
2021-06-16,0.64748,
2021-06-17,0.64064,
2021-06-18,0.57082,
2021-06-19,.,No value available
2021-06-20,.,No value available
2021-06-21,0.54608,
2021-06-22,0.62821,
2021-06-23,0.63122,
2021-06-24,0.62882,
2021-06-25,0.63455,
2021-06-26,.,No value available
2021-06-27,.,No value available
2021-06-28,0.66454,
2021-06-29,0.62005,
2021-06-30,0.61274,
2021-07-01,0.62342,
2021-07-02,0.59747,
2021-07-03,.,No value available
2021-07-04,.,No value available
2021-07-05,0.61015,
2021-07-06,0.59332,
2021-07-07,0.51154,
2021-07-08,0.45325,
2021-07-09,0.48637,
2021-07-10,.,No value available
2021-07-11,.,No value available
2021-07-12,0.49572,
2021-07-13,0.51762,
2021-07-14,0.51910,
2021-07-15,0.45731,
2021-07-16,0.44505,
2021-07-17,.,No value available
2021-07-18,.,No value available
2021-07-19,0.40249,
2021-07-20,0.34032,
2021-07-21,0.35774,
2021-07-22,0.36707,
2021-07-23,0.36650,
2021-07-24,.,No value available
2021-07-25,.,No value available
2021-07-26,0.33833,
2021-07-27,0.32539,
2021-07-28,0.33592,
2021-07-29,0.34283,
2021-07-30,0.34160,
2021-07-31,.,No value available
2021-08-01,.,No value available
2021-08-02,0.33449,
2021-08-03,0.30541,
2021-08-04,0.27792,
2021-08-05,0.22983,
2021-08-06,0.22708,
2021-08-07,.,No value available
2021-08-08,.,No value available
2021-08-09,0.00047,
2021-08-10,0.00034,
2021-08-11,0.00019,
2021-08-12,0.00012,
2021-08-13,0.00012,
2021-08-14,.,No value available
2021-08-15,.,No value available
2021-08-16,0.00010,
2021-08-17,0.00017,
2021-08-18,0.00011,
2021-08-19,0.20227,
2021-08-20,0.22033,
2021-08-21,.,No value available
2021-08-22,.,No value available
2021-08-23,0.26584,
2021-08-24,0.23738,
2021-08-25,0.27446,
2021-08-26,0.34392,
2021-08-27,0.34191,
2021-08-28,.,No value available
2021-08-29,.,No value available
2021-08-30,0.33418,
2021-08-31,0.33856,
2021-09-01,0.38819,
2021-09-02,0.00012,
2021-09-03,0.00013,
2021-09-04,.,No value available
2021-09-05,.,No value available
2021-09-06,0.44767,
2021-09-07,0.48382,
2021-09-08,0.44570,
2021-09-09,0.45049,
2021-09-10,0.43881,
2021-09-11,.,No value available
2021-09-12,.,No value available
2021-09-13,0.45857,
2021-09-14,0.47666,
2021-09-15,0.45489,
2021-09-16,0.49375,
2021-09-17,0.48919,
2021-09-18,.,No value available
2021-09-19,.,No value available
2021-09-20,0.47348,
2021-09-21,0.47239,
2021-09-22,0.46276,
2021-09-23,0.45756,
2021-09-24,0.53009,
2021-09-25,.,No value available
2021-09-26,.,No value available
2021-09-27,0.56463,
2021-09-28,0.54746,
2021-09-29,0.52903,
2021-09-30,0.52527,
2021-10-01,0.52673,
2021-10-02,.,No value available
2021-10-03,.,No value available
2021-10-04,0.55753,
2021-10-05,0.53589,
2021-10-06,0.58566,
2021-10-07,0.58755,
2021-10-08,0.60460,
2021-10-09,.,No value available
2021-10-10,.,No value available
2021-10-11,0.61405,
2021-10-12,0.63642,
2021-10-13,0.58299,
2021-10-14,0.51884,
2021-10-15,0.50270,
2021-10-16,.,No value available
2021-10-17,.,No value available
2021-10-18,0.44488,
2021-10-19,0.43540,
2021-10-20,0.46731,
2021-10-21,0.47104,
2021-10-22,0.42138,
2021-10-23,.,No value available
2021-10-24,.,No value available
2021-10-25,0.42751,
2021-10-26,0.39588,
2021-10-27,0.34817,
2021-10-28,0.24210,
2021-10-29,0.27248,
2021-10-30,.,No value available
2021-10-31,.,No value available
2021-11-01,0.25836,
2021-11-02,0.28001,
2021-11-03,0.26060,
2021-11-04,0.31040,
2021-11-05,0.28073,
2021-11-06,.,No value available
2021-11-07,.,No value available
2021-11-08,0.25259,
2021-11-09,0.24926,
2021-11-10,0.18414,
2021-11-11,0.21240,
2021-11-12,0.20684,
2021-11-13,.,No value available
2021-11-14,.,No value available
2021-11-15,0.19265,
2021-11-16,0.24699,
2021-11-17,0.26014,
2021-11-18,0.23154,
2021-11-19,0.14409,
2021-11-20,.,No value available
2021-11-21,.,No value available
2021-11-22,0.16415,
2021-11-23,0.20280,
2021-11-24,0.25894,
2021-11-25,0.25306,
2021-11-26,0.18835,
2021-11-27,.,No value available
2021-11-28,.,No value available
2021-11-29,0.19809,
2021-11-30,0.11358,
2021-12-01,0.07577,
2021-12-02,0.07612,
2021-12-03,0.05694,
2021-12-04,.,No value available
2021-12-05,.,No value available
2021-12-06,0.04559,
2021-12-07,0.03215,
2021-12-08,0.00416,
2021-12-09,0.09237,
2021-12-10,0.10823,
2021-12-11,.,No value available
2021-12-12,.,No value available
2021-12-13,0.09982,
2021-12-14,0.07149,
2021-12-15,0.08640,
2021-12-16,0.13437,
2021-12-17,0.13746,
2021-12-18,.,No value available
2021-12-19,.,No value available
2021-12-20,0.11721,
2021-12-21,0.19603,
2021-12-22,0.25302,
2021-12-23,0.25826,
2021-12-24,.,No value available
2021-12-25,.,No value available
2021-12-26,.,No value available
2021-12-27,0.28403,
2021-12-28,0.28025,
2021-12-29,0.30603,
2021-12-30,0.32994,
2021-12-31,.,No value available
2022-01-01,.,No value available
2022-01-02,.,No value available
2022-01-03,0.33657,
2022-01-04,0.42036,
2022-01-05,0.41185,
2022-01-06,0.84108,
2022-01-07,2.25871,
2022-01-08,.,No value available
2022-01-09,.,No value available
2022-01-10,2.28581,
2022-01-11,0.42625,
2022-01-12,0.45636,
2022-01-13,2.18634,
2022-01-14,2.06665,
2022-01-15,.,No value available
2022-01-16,.,No value available
2022-01-17,2.26253,
2022-01-18,2.27637,
2022-01-19,2.30328,
2022-01-20,2.20554,
2022-01-21,1.16369,
2022-01-22,.,No value available
2022-01-23,.,No value available
2022-01-24,1.03776,
2022-01-25,1.69375,
2022-01-26,0.82593,
2022-01-27,0.84064,
2022-01-28,0.61943,
2022-01-29,.,No value available
2022-01-30,.,No value available
2022-01-31,0.39638,
2022-02-01,0.40279,
2022-02-02,0.41573,
2022-02-03,0.40022,
2022-02-04,0.50985,
2022-02-05,.,No value available
2022-02-06,.,No value available
2022-02-07,0.51353,
2022-02-08,0.54343,
2022-02-09,0.62664,
2022-02-10,0.63892,
2022-02-11,0.66444,
2022-02-12,.,No value available
2022-02-13,.,No value available
2022-02-14,0.49082,
2022-02-15,0.58984,
2022-02-16,0.66488,
2022-02-17,0.65125,
2022-02-18,0.60294,
2022-02-19,.,No value available
2022-02-20,.,No value available
2022-02-21,0.60393,
2022-02-22,0.58207,
2022-02-23,0.59426,
2022-02-24,0.51017,
2022-02-25,0.57675,
2022-02-26,.,No value available
2022-02-27,.,No value available
2022-02-28,0.57495,
2022-03-01,0.41596,
2022-03-02,0.41635,
2022-03-03,0.43068,
2022-03-04,0.36515,
2022-03-05,.,No value available
2022-03-06,.,No value available
2022-03-07,0.21495,
2022-03-08,0.29634,
2022-03-09,0.47001,
2022-03-10,0.48202,
2022-03-11,0.51499,
2022-03-12,.,No value available
2022-03-13,.,No value available
2022-03-14,0.57909,
2022-03-15,0.62499,
2022-03-16,0.67121,
2022-03-17,0.60372,
2022-03-18,0.65116,
2022-03-19,.,No value available
2022-03-20,.,No value available
2022-03-21,0.69919,
2022-03-22,0.75071,
2022-03-23,0.73748,
2022-03-24,0.75104,
2022-03-25,0.72116,
2022-03-26,.,No value available
2022-03-27,.,No value available
2022-03-28,0.57350,
2022-03-29,0.70674,
2022-03-30,0.76125,
2022-03-31,0.74760,
2022-04-01,0.75730,
2022-04-02,.,No value available
2022-04-03,.,No value available
2022-04-04,0.66076,
2022-04-05,0.69145,
2022-04-06,0.80151,
2022-04-07,0.85612,
2022-04-08,0.86330,
2022-04-09,.,No value available
2022-04-10,.,No value available
2022-04-11,0.91416,
2022-04-12,1.00934,
2022-04-13,0.99928,
2022-04-14,0.98603,
2022-04-15,.,No value available
2022-04-16,.,No value available
2022-04-17,.,No value available
2022-04-18,.,No value available
2022-04-19,1.17636,
2022-04-20,1.15220,
2022-04-21,1.12615,
2022-04-22,1.11288,
2022-04-23,.,No value available
2022-04-24,.,No value available
2022-04-25,1.10515,
2022-04-26,1.04455,
2022-04-27,1.52713,
2022-04-28,1.46280,
2022-04-29,1.65130,
2022-04-30,.,No value available
2022-05-01,.,No value available
2022-05-02,1.40802,
2022-05-03,1.25784,
2022-05-04,1.20288,
2022-05-05,1.23213,
2022-05-06,1.28999,
2022-05-07,.,No value available
2022-05-08,.,No value available
2022-05-09,1.38449,
2022-05-10,0.48885,
2022-05-11,0.00286,
2022-05-12,0.00118,
2022-05-13,0.00035,
2022-05-14,.,No value available
2022-05-15,.,No value available
2022-05-16,0.00010,
2022-05-17,0.00021,
2022-05-18,0.00011,
2022-05-19,0.00529,
2022-05-20,0.00010,
2022-05-21,.,No value available
2022-05-22,.,No value available
2022-05-23,0.00012,
2022-05-24,0.00017,
2022-05-25,0.00011,
2022-05-26,0.00025,
2022-05-27,0.00010,
2022-05-28,.,No value available
2022-05-29,.,No value available
2022-05-30,0.00014,
2022-05-31,0.00012,
2022-06-01,0.00014,
2022-06-02,0.00010,
2022-06-03,0.00014,
2022-06-04,.,No value available
2022-06-05,.,No value available
2022-06-06,0.00020,
2022-06-07,0.00045,
2022-06-08,0.00025,
2022-06-09,0.00024,
2022-06-10,0.00042,
2022-06-11,.,No value available
2022-06-12,.,No value available
2022-06-13,0.00014,
2022-06-14,0.00022,
2022-06-15,0.00020,
2022-06-16,0.00010,
2022-06-17,0.00013,
2022-06-18,.,No value available
2022-06-19,.,No value available
2022-06-20,0.00010,
2022-06-21,0.00010,
2022-06-22,0.00011,
2022-06-23,0.00010,
2022-06-24,0.00011,
2022-06-25,.,No value available
2022-06-26,.,No value available
2022-06-27,0.00053,
2022-06-28,0.00033,
2022-06-29,0.00010,
2022-06-30,0.00015,
2022-07-01,0.00010,
2022-07-02,.,No value available
2022-07-03,.,No value available
2022-07-04,0.00010,
2022-07-05,0.00131,
2022-07-06,0.01382,
2022-07-07,0.00027,
2022-07-08,0.00121,
2022-07-09,.,No value available
2022-07-10,.,No value available
2022-07-11,0.00214,
2022-07-12,0.00066,
2022-07-13,0.00259,
2022-07-14,0.00010,
2022-07-15,0.00029,
2022-07-16,.,No value available
2022-07-17,.,No value available
2022-07-18,0.00011,
2022-07-19,0.00064,
2022-07-20,0.00017,
2022-07-21,0.00036,
2022-07-22,0.00059,
2022-07-23,.,No value available
2022-07-24,.,No value available
2022-07-25,0.00330,
2022-07-26,0.00010,
2022-07-27,0.00018,
2022-07-28,0.00033,
2022-07-29,0.00015,
2022-07-30,.,No value available
2022-07-31,.,No value available
2022-08-01,0.00010,
2022-08-02,0.00010,
2022-08-03,0.00157,
2022-08-04,0.00289,
2022-08-05,0.00030,
2022-08-06,.,No value available
2022-08-07,.,No value available
2022-08-08,0.00129,
2022-08-09,0.00015,
2022-08-10,0.00073,
2022-08-11,0.00036,
2022-08-12,0.00010,
2022-08-13,.,No value available
2022-08-14,.,No value available
2022-08-15,0.00011,
2022-08-16,0.00010,
2022-08-17,0.00014,
2022-08-18,0.00010,
2022-08-19,0.00021,
2022-08-20,.,No value available
2022-08-21,.,No value available
2022-08-22,0.00010,
2022-08-23,0.00011,
2022-08-24,0.00119,
2022-08-25,0.00103,
2022-08-26,0.00178,
2022-08-27,.,No value available
2022-08-28,.,No value available
2022-08-29,0.01126,
2022-08-30,0.01417,
2022-08-31,0.15064,
2022-09-01,0.35603,
2022-09-02,0.00027,
2022-09-03,.,No value available
2022-09-04,.,No value available
2022-09-05,0.00010,
2022-09-06,0.00010,
2022-09-07,0.00016,
2022-09-08,0.00018,
2022-09-09,0.00012,
2022-09-10,.,No value available
2022-09-11,.,No value available
2022-09-12,0.00010,
2022-09-13,0.00085,
2022-09-14,0.00010,
2022-09-15,0.00010,
2022-09-16,0.00054,
2022-09-17,.,No value available
2022-09-18,.,No value available
2022-09-19,0.00458,
2022-09-20,0.00027,
2022-09-21,1.95847,
2022-09-22,1.85219,
2022-09-23,1.65035,
2022-09-24,.,No value available
2022-09-25,.,No value available
2022-09-26,1.49177,
2022-09-27,1.61622,
2022-09-28,1.71358,
2022-09-29,1.62908,
2022-09-30,1.42768,
2022-10-01,.,No value available
2022-10-02,.,No value available
2022-10-03,1.38602,
2022-10-04,0.90374,
2022-10-05,1.05709,
2022-10-06,1.32179,
2022-10-07,1.32816,
2022-10-08,.,No value available
2022-10-09,.,No value available
2022-10-10,1.14105,
2022-10-11,1.34100,
2022-10-12,1.09048,
2022-10-13,1.04313,
2022-10-14,1.05564,
2022-10-15,.,No value available
2022-10-16,.,No value available
2022-10-17,1.03413,
2022-10-18,1.20407,
2022-10-19,1.24731,
2022-10-20,1.25484,
2022-10-21,1.63102,
2022-10-22,.,No value available
2022-10-23,.,No value available
2022-10-24,1.29522,
2022-10-25,1.20032,
2022-10-26,1.21724,
2022-10-27,1.22990,
2022-10-28,1.29868,
2022-10-29,.,No value available
2022-10-30,.,No value available
2022-10-31,1.24486,
2022-11-01,0.97190,
2022-11-02,1.12357,
2022-11-03,1.26608,
2022-11-04,1.34485,
2022-11-05,.,No value available
2022-11-06,.,No value available
2022-11-07,1.28032,
2022-11-08,1.36893,
2022-11-09,1.26749,
2022-11-10,1.26886,
2022-11-11,1.09399,
2022-11-12,.,No value available
2022-11-13,.,No value available
2022-11-14,1.07535,
2022-11-15,1.25293,
2022-11-16,1.13345,
2022-11-17,0.84385,
2022-11-18,1.09847,
2022-11-19,.,No value available
2022-11-20,.,No value available
2022-11-21,1.04771,
2022-11-22,0.94098,
2022-11-23,0.85025,
2022-11-24,0.84749,
2022-11-25,0.87472,
2022-11-26,.,No value available
2022-11-27,.,No value available
2022-11-28,0.89444,
2022-11-29,0.78832,
2022-11-30,0.85950,
2022-12-01,0.82067,
2022-12-02,0.22643,
2022-12-03,.,No value available
2022-12-04,.,No value available
2022-12-05,0.27146,
2022-12-06,0.28087,
2022-12-07,0.20164,
2022-12-08,0.18287,
2022-12-09,0.10911,
2022-12-10,.,No value available
2022-12-11,.,No value available
2022-12-12,0.02660,
2022-12-13,0.21907,
2022-12-14,0.41567,
2022-12-15,0.23770,
2022-12-16,0.81523,
2022-12-17,.,No value available
2022-12-18,.,No value available
2022-12-19,0.69718,
2022-12-20,0.62054,
2022-12-21,0.62038,
2022-12-22,0.59808,
2022-12-23,0.56791,
2022-12-24,.,No value available
2022-12-25,.,No value available
2022-12-26,.,No value available
2022-12-27,0.62116,
2022-12-28,0.80384,
2022-12-29,0.61154,
2022-12-30,0.90536,
2022-12-31,.,No value available
2023-01-01,.,No value available
2023-01-02,0.67291,
2023-01-03,1.02224,
2023-01-04,0.93532,
2023-01-05,0.86400,
2023-01-06,0.93187,
2023-01-07,.,No value available
2023-01-08,.,No value available
2023-01-09,0.76395,
2023-01-10,0.56126,
2023-01-11,0.65458,
2023-01-12,0.20611,
2023-01-13,0.11624,
2023-01-14,.,No value available
2023-01-15,.,No value available
2023-01-16,0.23894,
2023-01-17,0.43555,
2023-01-18,0.21058,
2023-01-19,0.00494,
2023-01-20,0.10795,
2023-01-21,.,No value available
2023-01-22,.,No value available
2023-01-23,0.14930,
2023-01-24,0.14177,
2023-01-25,0.05973,
2023-01-26,0.15320,
2023-01-27,0.25848,
2023-01-28,.,No value available
2023-01-29,.,No value available
2023-01-30,0.49047,
2023-01-31,0.34379,
2023-02-01,0.20064,
2023-02-02,0.20391,
2023-02-03,0.17571,
2023-02-04,.,No value available
2023-02-05,.,No value available
2023-02-06,0.45737,
2023-02-07,0.66163,
2023-02-08,0.62779,
2023-02-09,0.56260,
2023-02-10,0.68756,
2023-02-11,.,No value available
2023-02-12,.,No value available
2023-02-13,0.64096,
2023-02-14,0.64416,
2023-02-15,0.64000,
2023-02-16,0.45325,
2023-02-17,0.71590,
2023-02-18,.,No value available
2023-02-19,.,No value available
2023-02-20,0.54153,
2023-02-21,0.83023,
2023-02-22,0.88007,
2023-02-23,1.04942,
2023-02-24,0.79513,
2023-02-25,.,No value available
2023-02-26,.,No value available
2023-02-27,0.87357,
2023-02-28,0.76676,
2023-03-01,0.85954,
2023-03-02,1.11016,
2023-03-03,0.89920,
2023-03-04,.,No value available
2023-03-05,.,No value available
2023-03-06,0.84613,
2023-03-07,0.84851,
2023-03-08,0.72470,
2023-03-09,0.85352,
2023-03-10,0.53649,
2023-03-11,.,No value available
2023-03-12,.,No value available
2023-03-13,0.56712,
2023-03-14,1.17186,
2023-03-15,0.74349,
2023-03-16,0.27509,
2023-03-17,0.25650,
2023-03-18,.,No value available
2023-03-19,.,No value available
2023-03-20,0.12784,
2023-03-21,0.27033,
2023-03-22,0.31722,
2023-03-23,0.29502,
2023-03-24,0.89018,
2023-03-25,.,No value available
2023-03-26,.,No value available
2023-03-27,0.24845,
2023-03-28,0.38265,
2023-03-29,0.38168,
2023-03-30,0.40312,
2023-03-31,0.38285,
2023-04-01,.,No value available
2023-04-02,.,No value available
2023-04-03,0.41341,
2023-04-04,0.34564,
2023-04-05,0.36432,
2023-04-06,0.22747,
2023-04-07,.,No value available
2023-04-08,.,No value available
2023-04-09,.,No value available
2023-04-10,.,No value available
2023-04-11,0.32447,
2023-04-12,0.38883,
2023-04-13,0.46385,
2023-04-14,0.46960,
2023-04-15,.,No value available
2023-04-16,.,No value available
2023-04-17,2.55058,
2023-04-18,2.59394,
2023-04-19,2.59784,
2023-04-20,2.56855,
2023-04-21,2.54677,
2023-04-22,.,No value available
2023-04-23,.,No value available
2023-04-24,2.55949,
2023-04-25,2.56101,
2023-04-26,2.51001,
2023-04-27,2.59436,
2023-04-28,2.52137,
2023-04-29,.,No value available
2023-04-30,.,No value available
2023-05-01,.,No value available
2023-05-02,2.55343,
2023-05-03,2.43248,
2023-05-04,2.49233,
2023-05-05,0.42748,
2023-05-06,.,No value available
2023-05-07,.,No value available
2023-05-08,0.47686,
2023-05-09,0.49675,
2023-05-10,0.52625,
2023-05-11,2.59211,
2023-05-12,2.53491,
2023-05-13,.,No value available
2023-05-14,.,No value available
2023-05-15,0.67015,
2023-05-16,0.52432,
2023-05-17,0.51290,
2023-05-18,0.57035,
2023-05-19,0.62646,
2023-05-20,.,No value available
2023-05-21,.,No value available
2023-05-22,0.58063,
2023-05-23,0.64345,
2023-05-24,0.60983,
2023-05-25,0.63496,
2023-05-26,0.67775,
2023-05-27,.,No value available
2023-05-28,.,No value available
2023-05-29,0.61660,
2023-05-30,2.66148,
2023-05-31,0.44523,
2023-06-01,0.47861,
2023-06-02,0.47605,
2023-06-03,.,No value available
2023-06-04,.,No value available
2023-06-05,2.65185,
2023-06-06,2.62409,
2023-06-07,2.63539,
2023-06-08,2.72462,
2023-06-09,2.67359,
2023-06-10,.,No value available
2023-06-11,.,No value available
2023-06-12,2.63219,
2023-06-13,2.62897,
2023-06-14,0.57706,
2023-06-15,0.59713,
2023-06-16,0.54841,
2023-06-17,.,No value available
2023-06-18,.,No value available
2023-06-19,2.63597,
2023-06-20,2.63134,
2023-06-21,2.50855,
2023-06-22,2.49628,
2023-06-23,2.43754,
2023-06-24,.,No value available
2023-06-25,.,No value available
2023-06-26,2.41383,
2023-06-27,2.42227,
2023-06-28,2.42535,
2023-06-29,2.40842,
2023-06-30,2.46680,
2023-07-01,.,No value available
2023-07-02,.,No value available
2023-07-03,2.34858,
2023-07-04,2.44981,
2023-07-05,2.43938,
2023-07-06,2.55181,
2023-07-07,2.63484,
2023-07-08,.,No value available
2023-07-09,.,No value available
2023-07-10,2.69445,
2023-07-11,2.62488,
2023-07-12,2.67333,
2023-07-13,2.58677,
2023-07-14,2.55289,
2023-07-15,.,No value available
2023-07-16,.,No value available
2023-07-17,0.49489,
2023-07-18,0.43398,
2023-07-19,0.37202,
2023-07-20,0.44711,
2023-07-21,0.49362,
2023-07-22,.,No value available
2023-07-23,.,No value available
2023-07-24,0.44046,
2023-07-25,0.47433,
2023-07-26,0.47437,
2023-07-27,0.53249,
2023-07-28,0.57315,
2023-07-29,.,No value available
2023-07-30,.,No value available
2023-07-31,0.58289,
2023-08-01,0.56360,
2023-08-02,0.60190,
2023-08-03,0.65995,
2023-08-04,0.66497,
2023-08-05,.,No value available
2023-08-06,.,No value available
2023-08-07,0.65732,
2023-08-08,0.55542,
2023-08-09,0.53893,
2023-08-10,0.60357,
2023-08-11,0.64396,
2023-08-12,.,No value available
2023-08-13,.,No value available
2023-08-14,0.68591,
2023-08-15,0.74466,
2023-08-16,0.73010,
2023-08-17,0.76241,
2023-08-18,0.69625,
2023-08-19,.,No value available
2023-08-20,.,No value available
2023-08-21,0.74446,
2023-08-22,0.73551,
2023-08-23,0.63027,
2023-08-24,0.57457,
2023-08-25,0.63978,
2023-08-26,.,No value available
2023-08-27,.,No value available
2023-08-28,0.65356,
2023-08-29,0.63551,
2023-08-30,0.65092,
2023-08-31,0.60628,
2023-09-01,0.59223,
2023-09-02,.,No value available
2023-09-03,.,No value available
2023-09-04,0.68217,
2023-09-05,0.72119,
2023-09-06,0.74035,
2023-09-07,0.73997,
2023-09-08,0.71588,
2023-09-09,.,No value available
2023-09-10,.,No value available
2023-09-11,0.73840,
2023-09-12,0.73902,
2023-09-13,1.03438,
2023-09-14,0.88126,
2023-09-15,0.79258,
2023-09-16,.,No value available
2023-09-17,.,No value available
2023-09-18,0.86676,
2023-09-19,0.82497,
2023-09-20,0.97897,
2023-09-21,0.86409,
2023-09-22,0.91693,
2023-09-23,.,No value available
2023-09-24,.,No value available
2023-09-25,1.02211,
2023-09-26,1.00486,
2023-09-27,1.03921,
2023-09-28,1.37618,
2023-09-29,1.30353,
2023-09-30,.,No value available
2023-10-01,.,No value available
2023-10-02,1.11379,
2023-10-03,1.14654,
2023-10-04,1.17126,
2023-10-05,1.16266,
2023-10-06,1.11312,
2023-10-07,.,No value available
2023-10-08,.,No value available
2023-10-09,1.07163,
2023-10-10,1.02023,
2023-10-11,0.91470,
2023-10-12,0.90901,
2023-10-13,0.92328,
2023-10-14,.,No value available
2023-10-15,.,No value available
2023-10-16,0.97893,
2023-10-17,0.99590,
2023-10-18,1.06929,
2023-10-19,1.09741,
2023-10-20,1.09625,
2023-10-21,.,No value available
2023-10-22,.,No value available
2023-10-23,1.14829,
2023-10-24,0.97654,
2023-10-25,1.04956,
2023-10-26,1.10360,
2023-10-27,1.08753,
2023-10-28,.,No value available
2023-10-29,.,No value available
2023-10-30,1.09071,
2023-10-31,1.04268,
2023-11-01,1.11518,
2023-11-02,1.00398,
2023-11-03,0.98832,
2023-11-04,.,No value available
2023-11-05,.,No value available
2023-11-06,0.95891,
2023-11-07,0.93211,
2023-11-08,0.82890,
2023-11-09,0.86283,
2023-11-10,0.94381,
2023-11-11,.,No value available
2023-11-12,.,No value available
2023-11-13,0.89701,
2023-11-14,0.88296,
2023-11-15,0.80398,
2023-11-16,1.43608,
2023-11-17,1.61819,
2023-11-18,.,No value available
2023-11-19,.,No value available
2023-11-20,1.54104,
2023-11-21,1.57715,
2023-11-22,1.41002,
2023-11-23,1.54617,
2023-11-24,1.56464,
2023-11-25,.,No value available
2023-11-26,.,No value available
2023-11-27,1.52499,
2023-11-28,1.69377,
2023-11-29,1.88335,
2023-11-30,2.07644,
2023-12-01,1.46200,
2023-12-02,.,No value available
2023-12-03,.,No value available
2023-12-04,0.61284,
2023-12-05,0.53607,
2023-12-06,0.45248,
2023-12-07,0.35600,
2023-12-08,0.89354,
2023-12-09,.,No value available
2023-12-10,.,No value available
2023-12-11,0.65886,
2023-12-12,0.85716,
2023-12-13,0.49112,
2023-12-14,0.27553,
2023-12-15,0.22747,
2023-12-16,.,No value available
2023-12-17,.,No value available
2023-12-18,0.19806,
2023-12-19,0.21818,
2023-12-20,0.17813,
2023-12-21,0.15123,
2023-12-22,0.15612,
2023-12-23,.,No value available
2023-12-24,.,No value available
2023-12-25,.,No value available
2023-12-26,.,No value available
2023-12-27,0.14635,
2023-12-28,0.14789,
2023-12-29,0.25165,
2023-12-30,.,No value available
2023-12-31,.,No value available
2024-01-01,.,No value available
2024-01-02,0.32436,
2024-01-03,0.29515,
2024-01-04,0.30581,
2024-01-05,0.36118,
2024-01-06,.,No value available
2024-01-07,.,No value available
2024-01-08,0.37148,
2024-01-09,0.41034,
2024-01-10,0.37873,
2024-01-11,0.37988,
2024-01-12,0.36862,
2024-01-13,.,No value available
2024-01-14,.,No value available
2024-01-15,0.41095,
2024-01-16,0.41410,
2024-01-17,0.43915,
2024-01-18,0.46815,
2024-01-19,0.48140,
2024-01-20,.,No value available
2024-01-21,.,No value available
2024-01-22,0.44827,
2024-01-23,0.47568,
2024-01-24,0.50648,
2024-01-25,0.53711,
2024-01-26,0.47591,
2024-01-27,.,No value available
2024-01-28,.,No value available
2024-01-29,0.45646,
2024-01-30,0.46334,
2024-01-31,0.43454,
2024-02-01,0.44881,
2024-02-02,0.36431,
2024-02-03,.,No value available
2024-02-04,.,No value available
2024-02-05,0.47893,
2024-02-06,0.54302,
2024-02-07,0.52017,
2024-02-08,0.53300,
2024-02-09,0.56074,
2024-02-10,.,No value available
2024-02-11,.,No value available
2024-02-12,0.55642,
2024-02-13,0.56266,
2024-02-14,0.53824,
2024-02-15,0.47622,
2024-02-16,0.54540,
2024-02-17,.,No value available
2024-02-18,.,No value available
2024-02-19,0.54444,
2024-02-20,0.53680,
2024-02-21,0.55066,
2024-02-22,0.57759,
2024-02-23,0.60248,
2024-02-24,.,No value available
2024-02-25,.,No value available
2024-02-26,0.50589,
2024-02-27,0.66364,
2024-02-28,0.60764,
2024-02-29,1.26121,
2024-03-01,0.53726,
2024-03-02,.,No value available
2024-03-03,.,No value available
2024-03-04,0.52343,
2024-03-05,0.51440,
2024-03-06,0.89424,
2024-03-07,0.42849,
2024-03-08,0.42061,
2024-03-09,.,No value available
2024-03-10,.,No value available
2024-03-11,0.43405,
2024-03-12,0.44019,
2024-03-13,0.45735,
2024-03-14,0.53056,
2024-03-15,0.57523,
2024-03-16,.,No value available
2024-03-17,.,No value available
2024-03-18,0.59748,
2024-03-19,0.58875,
2024-03-20,1.28673,
2024-03-21,0.61167,
2024-03-22,0.73941,
2024-03-23,.,No value available
2024-03-24,.,No value available
2024-03-25,0.51007,
2024-03-26,0.50390,
2024-03-27,0.75912,
2024-03-28,1.26198,
2024-03-29,.,No value available
2024-03-30,.,No value available
2024-03-31,.,No value available
2024-04-01,.,No value available
2024-04-02,0.53340,
2024-04-03,0.56857,
2024-04-04,0.54789,
2024-04-05,0.92396,
2024-04-06,.,No value available
2024-04-07,.,No value available
2024-04-08,1.79019,
2024-04-09,1.69158,
2024-04-10,0.98003,
2024-04-11,1.80929,
2024-04-12,1.41996,
2024-04-13,.,No value available
2024-04-14,.,No value available
2024-04-15,0.54711,
2024-04-16,0.71686,
2024-04-17,1.44098,
2024-04-18,1.64920,
2024-04-19,1.64452,
2024-04-20,.,No value available
2024-04-21,.,No value available
2024-04-22,1.83056,
2024-04-23,1.70427,
2024-04-24,1.88319,
2024-04-25,2.00497,
2024-04-26,1.94980,
2024-04-27,.,No value available
2024-04-28,.,No value available
2024-04-29,2.03668,
2024-04-30,1.86340,
2024-05-01,.,No value available
2024-05-02,1.85420,
2024-05-03,1.91370,
2024-05-04,.,No value available
2024-05-05,.,No value available
2024-05-06,1.98911,
2024-05-07,1.85855,
2024-05-08,1.70105,
2024-05-09,1.40583,
2024-05-10,1.40044,
2024-05-11,.,No value available
2024-05-12,.,No value available
2024-05-13,1.41201,
2024-05-14,0.97329,
2024-05-15,1.26077,
2024-05-16,1.08166,
2024-05-17,1.64344,
2024-05-18,.,No value available
2024-05-19,.,No value available
2024-05-20,1.67916,
2024-05-21,1.63015,
2024-05-22,1.65637,
2024-05-23,1.50376,
2024-05-24,1.34880,
2024-05-25,.,No value available
2024-05-26,.,No value available
2024-05-27,1.27201,
2024-05-28,1.36992,
2024-05-29,1.58215,
2024-05-30,1.49450,
2024-05-31,1.38187,
2024-06-01,.,No value available
2024-06-02,.,No value available
2024-06-03,1.47422,
2024-06-04,1.55006,
2024-06-05,1.55100,
2024-06-06,1.55002,
2024-06-07,1.29061,
2024-06-08,.,No value available
2024-06-09,.,No value available
2024-06-10,1.23188,
2024-06-11,1.54725,
2024-06-12,1.54630,
2024-06-13,1.53961,
2024-06-14,1.83771,
2024-06-15,.,No value available
2024-06-16,.,No value available
2024-06-17,1.94945,
2024-06-18,1.63935,
2024-06-19,1.61371,
2024-06-20,1.67630,
2024-06-21,1.65922,
2024-06-22,.,No value available
2024-06-23,.,No value available
2024-06-24,1.65066,
2024-06-25,1.63742,
2024-06-26,1.65002,
2024-06-27,1.76062,
2024-06-28,1.85201,
2024-06-29,.,No value available
2024-06-30,.,No value available
2024-07-01,1.64090,
2024-07-02,1.80062,
2024-07-03,1.65353,
2024-07-04,1.76217,
2024-07-05,1.58935,
2024-07-06,.,No value available
2024-07-07,.,No value available
2024-07-08,1.59009,
2024-07-09,1.51479,
2024-07-10,1.59671,
2024-07-11,1.93230,
2024-07-12,2.20223,
2024-07-13,.,No value available
2024-07-14,.,No value available
2024-07-15,1.90528,
2024-07-16,1.99741,
2024-07-17,0.98961,
2024-07-18,0.84292,
2024-07-19,0.92161,
2024-07-20,.,No value available
2024-07-21,.,No value available
2024-07-22,1.15191,
2024-07-23,1.50556,
2024-07-24,0.62995,
2024-07-25,0.63690,
2024-07-26,0.65525,
2024-07-27,.,No value available
2024-07-28,.,No value available
2024-07-29,0.56196,
2024-07-30,0.58044,
2024-07-31,0.55519,
2024-08-01,0.12700,
2024-08-02,0.11114,
2024-08-03,.,No value available
2024-08-04,.,No value available
2024-08-05,0.00024,
2024-08-06,0.11294,
2024-08-07,0.45288,
2024-08-08,0.39619,
2024-08-09,0.38646,
2024-08-10,.,No value available
2024-08-11,.,No value available
2024-08-12,1.43846,
2024-08-13,0.32852,
2024-08-14,0.35941,
2024-08-15,0.35473,
2024-08-16,0.36656,
2024-08-17,.,No value available
2024-08-18,.,No value available
2024-08-19,0.48266,
2024-08-20,0.45623,
2024-08-21,0.48575,
2024-08-22,0.65774,
2024-08-23,0.59651,
2024-08-24,.,No value available
2024-08-25,.,No value available
2024-08-26,0.71236,
2024-08-27,0.67820,
2024-08-28,0.72008,
2024-08-29,0.59981,
2024-08-30,0.66740,
2024-08-31,.,No value available
2024-09-01,.,No value available
2024-09-02,0.67492,
2024-09-03,0.66245,
2024-09-04,0.59935,
2024-09-05,0.61775,
2024-09-06,0.62597,
2024-09-07,.,No value available
2024-09-08,.,No value available
2024-09-09,0.70397,
2024-09-10,0.72156,
2024-09-11,0.64472,
2024-09-12,0.59537,
2024-09-13,0.59848,
2024-09-14,.,No value available
2024-09-15,.,No value available
2024-09-16,0.63085,
2024-09-17,0.65188,
2024-09-18,0.74450,
2024-09-19,0.76720,
2024-09-20,0.78131,
2024-09-21,.,No value available
2024-09-22,.,No value available
2024-09-23,0.72368,
2024-09-24,0.65837,
2024-09-25,0.55634,
2024-09-26,0.54812,
2024-09-27,0.58265,
2024-09-28,.,No value available
2024-09-29,.,No value available
2024-09-30,0.63331,
2024-10-01,0.44702,
2024-10-02,0.53310,
2024-10-03,0.59044,
2024-10-04,0.67935,
2024-10-05,.,No value available
2024-10-06,.,No value available
2024-10-07,0.74567,
2024-10-08,0.73894,
2024-10-09,0.73810,
2024-10-10,0.74021,
2024-10-11,0.75457,
2024-10-12,.,No value available
2024-10-13,.,No value available
2024-10-14,0.80501,
2024-10-15,0.81707,
2024-10-16,0.75684,
2024-10-17,0.72187,
2024-10-18,0.76718,
2024-10-19,.,No value available
2024-10-20,.,No value available
2024-10-21,0.77691,
2024-10-22,0.75970,
2024-10-23,0.75793,
2024-10-24,0.75670,
2024-10-25,0.72019,
2024-10-26,.,No value available
2024-10-27,.,No value available
2024-10-28,0.78263,
2024-10-29,0.82541,
2024-10-30,0.85072,
2024-10-31,1.01483,
2024-11-01,1.10148,
2024-11-02,.,No value available
2024-11-03,.,No value available
2024-11-04,1.08607,
2024-11-05,1.06746,
2024-11-06,0.95550,
2024-11-07,1.02663,
2024-11-08,1.02891,
2024-11-09,.,No value available
2024-11-10,.,No value available
2024-11-11,1.07537,
2024-11-12,1.04206,
2024-11-13,1.13349,
2024-11-14,1.24490,
2024-11-15,1.19458,
2024-11-16,.,No value available
2024-11-17,.,No value available
2024-11-18,1.32981,
2024-11-19,1.13426,
2024-11-20,1.19076,
2024-11-21,1.14856,
2024-11-22,1.06120,
2024-11-23,.,No value available
2024-11-24,.,No value available
2024-11-25,1.12682,
2024-11-26,1.08656,
2024-11-27,0.97237,
2024-11-28,0.98126,
2024-11-29,0.90820,
2024-11-30,.,No value available
2024-12-01,.,No value available
2024-12-02,0.91083,
2024-12-03,0.90346,
2024-12-04,0.94343,
2024-12-05,1.00167,
2024-12-06,1.02574,
2024-12-07,.,No value available
2024-12-08,.,No value available
2024-12-09,0.97441,
2024-12-10,0.87445,
2024-12-11,0.89484,
2024-12-12,0.90335,
2024-12-13,0.92602,
2024-12-14,.,No value available
2024-12-15,.,No value available
2024-12-16,0.93683,
2024-12-17,0.95558,
2024-12-18,0.99257,
2024-12-19,1.07800,
2024-12-20,1.04100,
2024-12-21,.,No value available
2024-12-22,.,No value available
2024-12-23,1.05591,
2024-12-24,.,No value available
2024-12-25,.,No value available
2024-12-26,.,No value available
2024-12-27,1.14216,
2024-12-28,.,No value available
2024-12-29,.,No value available
2024-12-30,1.17198,
2024-12-31,.,No value available
2025-01-01,.,No value available
2025-01-02,1.13285,
2025-01-03,1.11613,
2025-01-04,.,No value available
2025-01-05,.,No value available
2025-01-06,1.16174,
2025-01-07,1.13937,
2025-01-08,1.16017,
2025-01-09,1.19489,
2025-01-10,1.22335,
2025-01-11,.,No value available
2025-01-12,.,No value available
2025-01-13,1.35254,
2025-01-14,1.43790,
2025-01-15,1.51710,
2025-01-16,1.38557,
2025-01-17,1.36284,
2025-01-18,.,No value available
2025-01-19,.,No value available
2025-01-20,1.33336,
2025-01-21,1.24747,
2025-01-22,1.17672,
2025-01-23,1.22789,
2025-01-24,1.20311,
2025-01-25,.,No value available
2025-01-26,.,No value available
2025-01-27,1.12664,
2025-01-28,1.11335,
2025-01-29,1.08998,
2025-01-30,1.12018,
2025-01-31,1.03397,
2025-02-01,.,No value available
2025-02-02,.,No value available
2025-02-03,1.08301,
2025-02-04,1.06891,
2025-02-05,1.00881,
2025-02-06,0.99014,
2025-02-07,1.01469,
2025-02-08,.,No value available
2025-02-09,.,No value available
2025-02-10,1.04153,
2025-02-11,1.11385,
2025-02-12,1.10701,
2025-02-13,1.15184,
2025-02-14,1.14108,
2025-02-15,.,No value available
2025-02-16,.,No value available
2025-02-17,1.13122,
2025-02-18,1.14674,
2025-02-19,1.11667,
2025-02-20,1.14173,
2025-02-21,1.13525,
2025-02-22,.,No value available
2025-02-23,.,No value available
2025-02-24,1.19056,
2025-02-25,1.17207,
2025-02-26,1.07406,
2025-02-27,1.04477,
2025-02-28,0.89999,
2025-03-01,.,No value available
2025-03-02,.,No value available
2025-03-03,0.71894,
2025-03-04,0.65310,
2025-03-05,0.68767,
2025-03-06,1.33783,
2025-03-07,1.32230,
2025-03-08,.,No value available
2025-03-09,.,No value available
2025-03-10,1.17465,
2025-03-11,1.25886,
2025-03-12,1.29238,
2025-03-13,1.28583,
2025-03-14,1.22713,
2025-03-15,.,No value available
2025-03-16,.,No value available
2025-03-17,1.21529,
2025-03-18,1.23293,
2025-03-19,1.17510,
2025-03-20,1.17890,
2025-03-21,1.07918,
2025-03-22,.,No value available
2025-03-23,.,No value available
2025-03-24,2.80537,
2025-03-25,2.85439,
2025-03-26,2.89309,
2025-03-27,2.92127,
2025-03-28,2.68343,
2025-03-29,.,No value available
2025-03-30,.,No value available
2025-03-31,2.37723,
2025-04-01,2.38840,
2025-04-02,2.43704,
2025-04-03,2.21205,
2025-04-04,1.13233,
2025-04-05,.,No value available
2025-04-06,.,No value available
2025-04-07,1.68998,
2025-04-08,2.67116,
2025-04-09,2.70096,
2025-04-10,1.37342,
2025-04-11,1.12178,
2025-04-12,.,No value available
2025-04-13,.,No value available
2025-04-14,1.38258,
2025-04-15,0.78962,
2025-04-16,0.95403,
2025-04-17,0.95949,
2025-04-18,.,No value available
2025-04-19,.,No value available
2025-04-20,.,No value available
2025-04-21,.,No value available
2025-04-22,0.68665,
2025-04-23,0.69520,
2025-04-24,0.70505,
2025-04-25,0.69835,
2025-04-26,.,No value available
2025-04-27,.,No value available
2025-04-28,0.76341,
2025-04-29,0.71518,
2025-04-30,0.70176,
2025-05-01,.,No value available
2025-05-02,0.67951,
2025-05-03,.,No value available
2025-05-04,.,No value available
2025-05-05,0.75138,
2025-05-06,0.74953,
2025-05-07,0.75724,
2025-05-08,0.71138,
2025-05-09,0.76909,
2025-05-10,.,No value available
2025-05-11,.,No value available
2025-05-12,0.82722,
2025-05-13,0.87812,
2025-05-14,0.91295,
2025-05-15,1.05147,
2025-05-16,1.00523,
2025-05-17,.,No value available
2025-05-18,.,No value available
2025-05-19,0.90787,
2025-05-20,0.86662,
2025-05-21,0.90904,
2025-05-22,0.89596,
2025-05-23,0.89191,
2025-05-24,.,No value available
2025-05-25,.,No value available
2025-05-26,0.82812,
2025-05-27,0.79207,
2025-05-28,0.78130,
2025-05-29,0.87405,
2025-05-30,0.85749,
2025-05-31,.,No value available
2025-06-01,.,No value available
2025-06-02,0.90114,
2025-06-03,0.79000,
2025-06-04,0.81563,
2025-06-05,0.90211,
2025-06-06,0.97167,
2025-06-07,.,No value available
2025-06-08,.,No value available
2025-06-09,0.91128,
2025-06-10,0.98246,
2025-06-11,0.90565,
2025-06-12,0.89169,
2025-06-13,1.00982,
2025-06-14,.,No value available
2025-06-15,.,No value available
2025-06-16,0.97330,
2025-06-17,0.99323,
2025-06-18,0.89993,
2025-06-19,0.97326,
2025-06-20,0.96640,
2025-06-21,.,No value available
2025-06-22,.,No value available
2025-06-23,1.04957,
2025-06-24,0.91949,
2025-06-25,0.98090,
2025-06-26,1.00171,
2025-06-27,0.93528,
2025-06-28,.,No value available
2025-06-29,.,No value available
2025-06-30,1.00025,
2025-07-01,0.94108,
2025-07-02,1.02293,
2025-07-03,0.95462,
2025-07-04,0.88210,
2025-07-05,.,No value available
2025-07-06,.,No value available
2025-07-07,0.88944,
2025-07-08,1.10900,
2025-07-09,1.05131,
2025-07-10,1.02772,
2025-07-11,1.05298,
2025-07-12,.,No value available
2025-07-13,.,No value available
2025-07-14,1.06586,
2025-07-15,1.01922,
2025-07-16,1.04269,
2025-07-17,0.97343,
2025-07-18,3.18080,
2025-07-19,.,No value available
2025-07-20,.,No value available
2025-07-21,3.17481,
2025-07-22,3.10466,
2025-07-23,3.12163,
2025-07-24,3.05940,
2025-07-25,3.00515,
2025-07-26,.,No value available
2025-07-27,.,No value available
2025-07-28,2.95646,
2025-07-29,3.02026,
2025-07-30,2.96832,
2025-07-31,2.88172,
2025-08-01,2.95396,
2025-08-02,.,No value available
2025-08-03,.,No value available
2025-08-04,3.04519,
2025-08-05,2.95174,
2025-08-06,2.98295,
2025-08-07,2.99962,
2025-08-08,2.94556,
2025-08-09,.,No value available
2025-08-10,.,No value available
2025-08-11,2.99652,
2025-08-12,3.05495,
2025-08-13,3.13402,
2025-08-14,3.10102,
2025-08-15,3.25053,
2025-08-16,.,No value available
2025-08-17,.,No value available
2025-08-18,3.22773,
2025-08-19,3.28376,
2025-08-20,3.20734,
2025-08-21,3.17497,
2025-08-22,3.17959,
2025-08-23,.,No value available
2025-08-24,.,No value available
2025-08-25,3.20452,
2025-08-26,3.24505,
2025-08-27,3.20805,
2025-08-28,3.25412,
2025-08-29,3.27053,
2025-08-30,.,No value available
2025-08-31,.,No value available
2025-09-01,3.35087,
2025-09-02,3.34276,
2025-09-03,3.41091,
2025-09-04,3.34794,
2025-09-05,3.26649,
2025-09-06,.,No value available
2025-09-07,.,No value available
2025-09-08,3.25059,
2025-09-09,3.25042,
2025-09-10,3.17821,
2025-09-11,3.11450,
2025-09-12,2.94575,
2025-09-13,.,No value available
2025-09-14,.,No value available
2025-09-15,3.01224,
2025-09-16,3.02603,
2025-09-17,3.09143,
2025-09-18,3.07486,
2025-09-19,3.14661,
2025-09-20,.,No value available
2025-09-21,.,No value available
2025-09-22,3.17368,
2025-09-23,3.19196,
2025-09-24,3.14353,
2025-09-25,3.13759,
2025-09-26,3.09698,
2025-09-27,.,No value available
2025-09-28,.,No value available
2025-09-29,3.08056,
2025-09-30,3.03137,
2025-10-01,3.06052,
2025-10-02,2.98716,
2025-10-03,3.00189,
2025-10-04,.,No value available
2025-10-05,.,No value available
2025-10-06,3.21509,
2025-10-07,3.22132,
2025-10-08,3.17246,
2025-10-09,3.16850,
2025-10-10,3.08727,
2025-10-11,.,No value available
2025-10-12,.,No value available
2025-10-13,2.98164,
2025-10-14,3.03692,
2025-10-15,2.98522,
2025-10-16,2.87836,
2025-10-17,3.07608,
2025-10-18,.,No value available
2025-10-19,.,No value available
2025-10-20,3.01251,
2025-10-21,2.93385,
2025-10-22,2.88273,
2025-10-23,2.96213,
2025-10-24,2.97817,
2025-10-25,.,No value available
2025-10-26,.,No value available
2025-10-27,2.95507,
2025-10-28,2.91002,
2025-10-29,2.91431,
2025-10-30,2.86920,
2025-10-31,2.88865,
2025-11-01,.,No value available
2025-11-02,.,No value available
2025-11-03,2.92759,
2025-11-04,2.96516,
2025-11-05,2.97487,
2025-11-06,2.98809,
2025-11-07,3.00234,
2025-11-08,.,No value available
2025-11-09,.,No value available
2025-11-10,3.02055,
2025-11-11,3.02040,
2025-11-12,3.00924,
2025-11-13,3.01346,
2025-11-14,3.23808,
2025-11-15,.,No value available
2025-11-16,.,No value available
2025-11-17,3.21539,
2025-11-18,3.21293,
2025-11-19,3.28755,
2025-11-20,3.31336,
2025-11-21,3.31688,
2025-11-22,.,No value available
2025-11-23,.,No value available
2025-11-24,3.24674,
2025-11-25,3.18875,
2025-11-26,3.18124,
2025-11-27,3.08211,
2025-11-28,2.98811,
2025-11-29,.,No value available
2025-11-30,.,No value available
2025-12-01,3.03212,
2025-12-02,3.09407,
2025-12-03,3.21318,
2025-12-04,3.33302,
2025-12-05,3.37817,
2025-12-06,.,No value available
2025-12-07,.,No value available
2025-12-08,3.29778,
2025-12-09,3.11651,
2025-12-10,3.14593,
2025-12-11,3.00173,
2025-12-12,3.01872,
2025-12-13,.,No value available
2025-12-14,.,No value available
2025-12-15,3.04078,
2025-12-16,3.04396,
2025-12-17,3.22756,
2025-12-18,3.21586,
2025-12-19,3.33618,
2025-12-20,.,No value available
2025-12-21,.,No value available
2025-12-22,3.35612,
2025-12-23,3.26747,
2025-12-24,.,No value available
2025-12-25,.,No value available
2025-12-26,.,No value available
2025-12-27,.,No value available
2025-12-28,.,No value available
2025-12-29,3.26699,
2025-12-30,3.27148,
2025-12-31,.,No value available
2026-01-01,.,No value available
2026-01-02,3.31581,
2026-01-03,.,No value available
2026-01-04,.,No value available
2026-01-05,3.43317,
2026-01-06,3.50544,
2026-01-07,3.40152,
2026-01-08,3.34839,
2026-01-09,3.27246,
2026-01-10,.,No value available
2026-01-11,.,No value available
2026-01-12,3.25157,
2026-01-13,3.33362,
2026-01-14,3.33120,
2026-01-15,3.28599,
2026-01-16,3.16386,
2026-01-17,.,No value available
2026-01-18,.,No value available
2026-01-19,3.32491,
2026-01-20,3.49216,
2026-01-21,3.55809,
2026-01-22,3.41970,
2026-01-23,3.35120,
2026-01-24,.,No value available
2026-01-25,.,No value available
2026-01-26,3.34363,
2026-01-27,3.36417,
2026-01-28,3.52528,
2026-01-29,3.51501,
2026-01-30,3.49554,
2026-01-31,.,No value available
2026-02-01,.,No value available
2026-02-02,3.45474,
2026-02-03,3.45470,
2026-02-04,3.44676,
2026-02-05,3.48419,
2026-02-06,3.49691,
2026-02-07,.,No value available
2026-02-08,.,No value available
2026-02-09,3.53525,
2026-02-10,3.52458,
2026-02-11,3.42725,
2026-02-12,3.41430,
2026-02-13,3.41775,
2026-02-14,.,No value available
2026-02-15,.,No value available
2026-02-16,3.38583,
2026-02-17,3.42691,
2026-02-18,3.39746,
2026-02-19,3.38641,
2026-02-20,3.31516,
2026-02-21,.,No value available
2026-02-22,.,No value available
2026-02-23,3.33779,
2026-02-24,3.33205,
2026-02-25,3.33726,
2026-02-26,3.33396,
2026-02-27,3.32990,
2026-02-28,.,No value available
2026-03-01,.,No value available
2026-03-02,3.26598,
2026-03-03,2.06865,
2026-03-04,2.17533,
2026-03-05,2.19555,
2026-03-06,1.43774,
2026-03-07,.,No value available
2026-03-08,.,No value available
2026-03-09,0.42401,
2026-03-10,0.63427,
2026-03-11,0.28309,
2026-03-12,0.00000,
2026-03-13,0.00005,
2026-03-14,.,No value available
2026-03-15,.,No value available
2026-03-16,0.00003,
2026-03-17,0.00007,
2026-03-18,0.00001,
2026-03-19,3.88649,
2026-03-20,3.87741,
2026-03-21,.,No value available
2026-03-22,.,No value available
2026-03-23,3.89189,
2026-03-24,3.86961,
2026-03-25,3.79368,
2026-03-26,3.80068,
2026-03-27,3.85378,
2026-03-28,.,No value available
2026-03-29,.,No value available
2026-03-30,3.87087,
2026-03-31,3.81170,
2026-04-01,3.75728,
2026-04-02,3.84029,
2026-04-03,.,No value available
2026-04-04,.,No value available
2026-04-05,.,No value available
2026-04-06,.,No value available
2026-04-07,3.82859,
2026-04-08,3.85031,
2026-04-09,3.86869,
2026-04-10,3.98016,
2026-04-11,.,No value available
2026-04-12,.,No value available
2026-04-13,3.97495,
2026-04-14,3.98203,
2026-04-15,3.98541,
2026-04-16,4.00948,
2026-04-17,4.01523,
2026-04-18,.,No value available
2026-04-19,.,No value available
2026-04-20,3.98613,
2026-04-21,3.95202,
2026-04-22,3.96132,
2026-04-23,3.94077,
2026-04-24,3.96450,
2026-04-25,.,No value available
2026-04-26,.,No value available
2026-04-27,3.95468,
2026-04-28,3.97709,
2026-04-29,3.95849,
2026-04-30,3.96610,
2026-05-01,.,No value available
2026-05-02,.,No value available
2026-05-03,.,No value available
2026-05-04,3.93226,
2026-05-05,3.95517,
2026-05-06,3.91887,
2026-05-07,3.93372,
2026-05-08,3.94137,
2026-05-09,.,No value available
2026-05-10,.,No value available
2026-05-11,3.94667,
2026-05-12,4.00433,
2026-05-13,4.01377,
2026-05-14,4.00827,
2026-05-15,4.02343,
2026-05-16,.,No value available
2026-05-17,.,No value available
2026-05-18,4.06891,
2026-05-19,4.08213,
2026-05-20,4.07117,
2026-05-21,4.00684,
2026-05-22,3.97465,
2026-05-23,.,No value available
2026-05-24,.,No value available
2026-05-25,3.91181,
2026-05-26,3.91811,
2026-05-27,3.91666,
2026-05-28,3.94028,
2026-05-29,3.92989,
2026-05-30,.,No value available
2026-05-31,.,No value available
2026-06-01,3.93857,
2026-06-02,3.91304,
2026-06-03,3.95708,
2026-06-04,3.97631,
2026-06-05,3.96920,
2026-06-06,.,No value available
2026-06-07,.,No value available
2026-06-08,3.98098,
2026-06-09,4.00247,
2026-06-10,4.00294,
2026-06-11,4.00138,
2026-06-12,3.94337,
2026-06-13,.,No value available
2026-06-14,.,No value available
2026-06-15,3.95427,
