"",BBSIS.D.I.ZST.B3.EUR.S1311.B.A604._Z.R.A.A._Z._Z.A,BBSIS.D.I.ZST.B3.EUR.S1311.B.A604._Z.R.A.A._Z._Z.A_FLAGS
"",Term structure of interest rates on listed Federalsecurities (method by Svensson) / Parameter Beta3 /daily data,
Comment,Monatsreihe siehe WZ9805. Bis Juli 1997 liegen lediglich Ultimowerte vor.,
Decimals,5,
Time format code,P1D,
category,ZRZS,
unit,,
unit multiplier,One,
last update,2026-06-15 12:11:40,
1997-08-01,.,No value available
1997-08-02,.,No value available
1997-08-03,.,No value available
1997-08-04,.,No value available
1997-08-05,.,No value available
1997-08-06,.,No value available
1997-08-07,-0.84800,
1997-08-08,-0.47600,
1997-08-09,.,No value available
1997-08-10,.,No value available
1997-08-11,-0.24174,
1997-08-12,-0.94145,
1997-08-13,-0.83025,
1997-08-14,2.80751,
1997-08-15,5.71126,
1997-08-16,.,No value available
1997-08-17,.,No value available
1997-08-18,-0.94923,
1997-08-19,-0.91986,
1997-08-20,-1.85500,
1997-08-21,2.50632,
1997-08-22,-0.65749,
1997-08-23,.,No value available
1997-08-24,.,No value available
1997-08-25,1.75110,
1997-08-26,3.67981,
1997-08-27,4.12823,
1997-08-28,7.34450,
1997-08-29,-0.28972,
1997-08-30,.,No value available
1997-08-31,.,No value available
1997-09-01,-0.37797,
1997-09-02,-1.41993,
1997-09-03,-0.40241,
1997-09-04,-0.28880,
1997-09-05,1.08121,
1997-09-06,.,No value available
1997-09-07,.,No value available
1997-09-08,-0.75651,
1997-09-09,-0.74056,
1997-09-10,-0.63092,
1997-09-11,-0.71896,
1997-09-12,-0.71238,
1997-09-13,.,No value available
1997-09-14,.,No value available
1997-09-15,1.10022,
1997-09-16,-0.05701,
1997-09-17,-0.67615,
1997-09-18,-0.06039,
1997-09-19,-0.08797,
1997-09-20,.,No value available
1997-09-21,.,No value available
1997-09-22,0.26587,
1997-09-23,0.25735,
1997-09-24,0.45941,
1997-09-25,0.20873,
1997-09-26,-0.06619,
1997-09-27,.,No value available
1997-09-28,.,No value available
1997-09-29,6.87610,
1997-09-30,0.22393,
1997-10-01,-1.35010,
1997-10-02,-3.78562,
1997-10-03,.,No value available
1997-10-04,.,No value available
1997-10-05,.,No value available
1997-10-06,-2.28084,
1997-10-07,-3.66280,
1997-10-08,-2.25627,
1997-10-09,-2.88701,
1997-10-10,-2.96449,
1997-10-11,.,No value available
1997-10-12,.,No value available
1997-10-13,-7.41430,
1997-10-14,-1.48288,
1997-10-15,-3.09870,
1997-10-16,-3.85567,
1997-10-17,-3.15955,
1997-10-18,.,No value available
1997-10-19,.,No value available
1997-10-20,-2.71220,
1997-10-21,-2.95779,
1997-10-22,-2.35701,
1997-10-23,-2.39807,
1997-10-24,-2.47893,
1997-10-25,.,No value available
1997-10-26,.,No value available
1997-10-27,-3.54372,
1997-10-28,-2.10262,
1997-10-29,-2.14681,
1997-10-30,-3.13005,
1997-10-31,-1.94440,
1997-11-01,.,No value available
1997-11-02,.,No value available
1997-11-03,-2.15626,
1997-11-04,-2.13979,
1997-11-05,-2.40388,
1997-11-06,-4.79070,
1997-11-07,-5.19161,
1997-11-08,.,No value available
1997-11-09,.,No value available
1997-11-10,-1.95107,
1997-11-11,-2.17083,
1997-11-12,-2.92893,
1997-11-13,-4.74501,
1997-11-14,-4.61145,
1997-11-15,.,No value available
1997-11-16,.,No value available
1997-11-17,-2.75235,
1997-11-18,-4.27699,
1997-11-19,-3.93631,
1997-11-20,-1.02538,
1997-11-21,-6.86243,
1997-11-22,.,No value available
1997-11-23,.,No value available
1997-11-24,-1.16166,
1997-11-25,-8.87094,
1997-11-26,-5.15667,
1997-11-27,-0.90581,
1997-11-28,-0.86960,
1997-11-29,.,No value available
1997-11-30,.,No value available
1997-12-01,-2.46226,
1997-12-02,-1.17254,
1997-12-03,-3.58094,
1997-12-04,-3.93609,
1997-12-05,-1.89928,
1997-12-06,.,No value available
1997-12-07,.,No value available
1997-12-08,-25.76927,
1997-12-09,-5.63907,
1997-12-10,-1.27414,
1997-12-11,-0.57112,
1997-12-12,-1.55480,
1997-12-13,.,No value available
1997-12-14,.,No value available
1997-12-15,-3.45293,
1997-12-16,-1.59499,
1997-12-17,-2.64317,
1997-12-18,-1.83521,
1997-12-19,-2.17518,
1997-12-20,.,No value available
1997-12-21,.,No value available
1997-12-22,-5.92013,
1997-12-23,1.43573,
1997-12-24,.,No value available
1997-12-25,.,No value available
1997-12-26,.,No value available
1997-12-27,.,No value available
1997-12-28,.,No value available
1997-12-29,-0.82893,
1997-12-30,-1.53018,
1997-12-31,.,No value available
1998-01-01,.,No value available
1998-01-02,-0.59994,
1998-01-03,.,No value available
1998-01-04,.,No value available
1998-01-05,-1.18878,
1998-01-06,-1.62258,
1998-01-07,-1.08121,
1998-01-08,-1.63606,
1998-01-09,0.29152,
1998-01-10,.,No value available
1998-01-11,.,No value available
1998-01-12,-0.36667,
1998-01-13,-30.00000,
1998-01-14,-0.02698,
1998-01-15,-7.22871,
1998-01-16,-1.61520,
1998-01-17,.,No value available
1998-01-18,.,No value available
1998-01-19,-1.17560,
1998-01-20,-0.67434,
1998-01-21,-1.32863,
1998-01-22,-1.65749,
1998-01-23,-3.45951,
1998-01-24,.,No value available
1998-01-25,.,No value available
1998-01-26,-0.56376,
1998-01-27,-0.60186,
1998-01-28,-0.56248,
1998-01-29,0.22134,
1998-01-30,-3.69818,
1998-01-31,.,No value available
1998-02-01,.,No value available
1998-02-02,-1.51386,
1998-02-03,-3.04340,
1998-02-04,-3.74518,
1998-02-05,-1.31963,
1998-02-06,-3.73452,
1998-02-07,.,No value available
1998-02-08,.,No value available
1998-02-09,-1.77314,
1998-02-10,0.05839,
1998-02-11,-0.97574,
1998-02-12,-1.38846,
1998-02-13,-1.35354,
1998-02-14,.,No value available
1998-02-15,.,No value available
1998-02-16,-1.67184,
1998-02-17,-1.90750,
1998-02-18,-0.92288,
1998-02-19,-0.81668,
1998-02-20,-2.55899,
1998-02-21,.,No value available
1998-02-22,.,No value available
1998-02-23,-0.36445,
1998-02-24,-0.57131,
1998-02-25,-0.72066,
1998-02-26,-0.72458,
1998-02-27,-0.67502,
1998-02-28,.,No value available
1998-03-01,.,No value available
1998-03-02,-1.03832,
1998-03-03,-1.91141,
1998-03-04,-1.69482,
1998-03-05,-1.20134,
1998-03-06,-4.31126,
1998-03-07,.,No value available
1998-03-08,.,No value available
1998-03-09,-1.09060,
1998-03-10,-2.35152,
1998-03-11,-1.21259,
1998-03-12,-1.06783,
1998-03-13,-2.68155,
1998-03-14,.,No value available
1998-03-15,.,No value available
1998-03-16,-0.89946,
1998-03-17,-0.62587,
1998-03-18,-4.18548,
1998-03-19,-0.89129,
1998-03-20,-1.44908,
1998-03-21,.,No value available
1998-03-22,.,No value available
1998-03-23,-3.00230,
1998-03-24,-2.03737,
1998-03-25,-3.04983,
1998-03-26,0.26148,
1998-03-27,-1.02784,
1998-03-28,.,No value available
1998-03-29,.,No value available
1998-03-30,-0.17550,
1998-03-31,-2.52882,
1998-04-01,-2.09622,
1998-04-02,-2.88224,
1998-04-03,-0.89371,
1998-04-04,.,No value available
1998-04-05,.,No value available
1998-04-06,0.21867,
1998-04-07,-1.64338,
1998-04-08,-1.60489,
1998-04-09,-2.29067,
1998-04-10,.,No value available
1998-04-11,.,No value available
1998-04-12,.,No value available
1998-04-13,.,No value available
1998-04-14,-2.70384,
1998-04-15,-3.29107,
1998-04-16,-3.15890,
1998-04-17,-1.74234,
1998-04-18,.,No value available
1998-04-19,.,No value available
1998-04-20,-2.29976,
1998-04-21,-1.69191,
1998-04-22,-1.81286,
1998-04-23,-1.60623,
1998-04-24,-2.60816,
1998-04-25,.,No value available
1998-04-26,.,No value available
1998-04-27,-1.66261,
1998-04-28,-3.57119,
1998-04-29,-3.35939,
1998-04-30,-2.26530,
1998-05-01,.,No value available
1998-05-02,.,No value available
1998-05-03,.,No value available
1998-05-04,-1.71627,
1998-05-05,-3.23442,
1998-05-06,-2.50947,
1998-05-07,-2.11737,
1998-05-08,-1.55569,
1998-05-09,.,No value available
1998-05-10,.,No value available
1998-05-11,-0.70171,
1998-05-12,0.32748,
1998-05-13,0.25657,
1998-05-14,0.89012,
1998-05-15,-0.60382,
1998-05-16,.,No value available
1998-05-17,.,No value available
1998-05-18,-3.07999,
1998-05-19,-0.94495,
1998-05-20,-2.04826,
1998-05-21,.,No value available
1998-05-22,-2.42089,
1998-05-23,.,No value available
1998-05-24,.,No value available
1998-05-25,-2.27897,
1998-05-26,-2.12094,
1998-05-27,-2.81136,
1998-05-28,-2.38251,
1998-05-29,-2.18514,
1998-05-30,.,No value available
1998-05-31,.,No value available
1998-06-01,.,No value available
1998-06-02,-4.55505,
1998-06-03,-2.21352,
1998-06-04,-2.49689,
1998-06-05,-2.89541,
1998-06-06,.,No value available
1998-06-07,.,No value available
1998-06-08,-2.79421,
1998-06-09,-2.71265,
1998-06-10,-2.70520,
1998-06-11,.,No value available
1998-06-12,-2.76014,
1998-06-13,.,No value available
1998-06-14,.,No value available
1998-06-15,-2.94872,
1998-06-16,-2.98716,
1998-06-17,-2.96414,
1998-06-18,-2.96371,
1998-06-19,-3.01163,
1998-06-20,.,No value available
1998-06-21,.,No value available
1998-06-22,-2.98030,
1998-06-23,-3.02036,
1998-06-24,-3.00227,
1998-06-25,-3.07070,
1998-06-26,-3.18789,
1998-06-27,.,No value available
1998-06-28,.,No value available
1998-06-29,-3.24166,
1998-06-30,-4.08774,
1998-07-01,-3.27507,
1998-07-02,-4.08118,
1998-07-03,-3.17717,
1998-07-04,.,No value available
1998-07-05,.,No value available
1998-07-06,-4.14779,
1998-07-07,-4.10935,
1998-07-08,-4.10580,
1998-07-09,-3.11214,
1998-07-10,-2.58875,
1998-07-11,.,No value available
1998-07-12,.,No value available
1998-07-13,-2.75970,
1998-07-14,-2.67165,
1998-07-15,-2.67913,
1998-07-16,-2.68024,
1998-07-17,-2.06171,
1998-07-18,.,No value available
1998-07-19,.,No value available
1998-07-20,-2.49992,
1998-07-21,-2.56970,
1998-07-22,-2.73356,
1998-07-23,-2.49376,
1998-07-24,-1.83164,
1998-07-25,.,No value available
1998-07-26,.,No value available
1998-07-27,-2.04133,
1998-07-28,-2.96614,
1998-07-29,-3.08971,
1998-07-30,-2.56742,
1998-07-31,-2.56999,
1998-08-01,.,No value available
1998-08-02,.,No value available
1998-08-03,-3.57937,
1998-08-04,-2.89542,
1998-08-05,-2.87838,
1998-08-06,-2.87616,
1998-08-07,-2.94120,
1998-08-08,.,No value available
1998-08-09,.,No value available
1998-08-10,-1.39375,
1998-08-11,0.26932,
1998-08-12,-2.41081,
1998-08-13,-3.74223,
1998-08-14,-0.26562,
1998-08-15,.,No value available
1998-08-16,.,No value available
1998-08-17,-3.70976,
1998-08-18,0.44848,
1998-08-19,-0.49858,
1998-08-20,-0.32980,
1998-08-21,-2.29128,
1998-08-22,.,No value available
1998-08-23,.,No value available
1998-08-24,1.24263,
1998-08-25,-0.92356,
1998-08-26,16.34045,
1998-08-27,0.36896,
1998-08-28,-0.80310,
1998-08-29,.,No value available
1998-08-30,.,No value available
1998-08-31,-0.56202,
1998-09-01,-0.94558,
1998-09-02,-3.86760,
1998-09-03,-1.67261,
1998-09-04,-1.82317,
1998-09-05,.,No value available
1998-09-06,.,No value available
1998-09-07,-1.78836,
1998-09-08,-1.40368,
1998-09-09,-0.98073,
1998-09-10,-1.52832,
1998-09-11,-14.18346,
1998-09-12,.,No value available
1998-09-13,.,No value available
1998-09-14,-1.02093,
1998-09-15,-1.06291,
1998-09-16,-4.58928,
1998-09-17,-10.27023,
1998-09-18,1.10954,
1998-09-19,.,No value available
1998-09-20,.,No value available
1998-09-21,-0.62822,
1998-09-22,-4.21004,
1998-09-23,-1.71406,
1998-09-24,1.02397,
1998-09-25,-4.29922,
1998-09-26,.,No value available
1998-09-27,.,No value available
1998-09-28,-0.95233,
1998-09-29,1.41440,
1998-09-30,0.83769,
1998-10-01,-1.07926,
1998-10-02,-1.37802,
1998-10-03,.,No value available
1998-10-04,.,No value available
1998-10-05,-1.29691,
1998-10-06,-1.25288,
1998-10-07,1.23791,
1998-10-08,-8.00332,
1998-10-09,-1.53303,
1998-10-10,.,No value available
1998-10-11,.,No value available
1998-10-12,-7.12933,
1998-10-13,-0.96005,
1998-10-14,-0.99652,
1998-10-15,-0.85653,
1998-10-16,-1.13468,
1998-10-17,.,No value available
1998-10-18,.,No value available
1998-10-19,-1.22745,
1998-10-20,-1.23607,
1998-10-21,-0.92996,
1998-10-22,-0.88912,
1998-10-23,-1.16381,
1998-10-24,.,No value available
1998-10-25,.,No value available
1998-10-26,-6.35762,
1998-10-27,-1.30072,
1998-10-28,-1.41718,
1998-10-29,-1.34464,
1998-10-30,-1.31829,
1998-10-31,.,No value available
1998-11-01,.,No value available
1998-11-02,-7.69403,
1998-11-03,-1.20491,
1998-11-04,1.62846,
1998-11-05,-1.10035,
1998-11-06,1.42165,
1998-11-07,.,No value available
1998-11-08,.,No value available
1998-11-09,1.12697,
1998-11-10,1.24781,
1998-11-11,1.21345,
1998-11-12,-0.89167,
1998-11-13,1.04442,
1998-11-14,.,No value available
1998-11-15,.,No value available
1998-11-16,1.07107,
1998-11-17,1.20575,
1998-11-18,-1.02797,
1998-11-19,-0.96966,
1998-11-20,-0.95167,
1998-11-21,.,No value available
1998-11-22,.,No value available
1998-11-23,1.18070,
1998-11-24,-1.37501,
1998-11-25,-1.31095,
1998-11-26,-1.30969,
1998-11-27,-4.35655,
1998-11-28,.,No value available
1998-11-29,.,No value available
1998-11-30,-1.32776,
1998-12-01,-1.19475,
1998-12-02,-1.10178,
1998-12-03,-1.39890,
1998-12-04,-1.27537,
1998-12-05,.,No value available
1998-12-06,.,No value available
1998-12-07,-1.12138,
1998-12-08,-0.96420,
1998-12-09,-1.35795,
1998-12-10,-1.09381,
1998-12-11,-1.04718,
1998-12-12,.,No value available
1998-12-13,.,No value available
1998-12-14,-0.65326,
1998-12-15,-0.89265,
1998-12-16,-0.94292,
1998-12-17,-1.30495,
1998-12-18,-1.25717,
1998-12-19,.,No value available
1998-12-20,.,No value available
1998-12-21,-5.61505,
1998-12-22,-0.95356,
1998-12-23,-1.82881,
1998-12-24,.,No value available
1998-12-25,.,No value available
1998-12-26,.,No value available
1998-12-27,.,No value available
1998-12-28,-0.93527,
1998-12-29,-1.18699,
1998-12-30,-4.74901,
1998-12-31,.,No value available
1999-01-01,.,No value available
1999-01-02,.,No value available
1999-01-03,.,No value available
1999-01-04,0.97260,
1999-01-05,-1.81140,
1999-01-06,-3.80715,
1999-01-07,-0.37953,
1999-01-08,-4.38877,
1999-01-09,.,No value available
1999-01-10,.,No value available
1999-01-11,-0.92272,
1999-01-12,-4.50532,
1999-01-13,-3.94090,
1999-01-14,-1.25142,
1999-01-15,-1.25395,
1999-01-16,.,No value available
1999-01-17,.,No value available
1999-01-18,-1.33772,
1999-01-19,-1.29159,
1999-01-20,-1.26663,
1999-01-21,-1.18604,
1999-01-22,-1.25351,
1999-01-23,.,No value available
1999-01-24,.,No value available
1999-01-25,-1.23246,
1999-01-26,-1.42228,
1999-01-27,-1.28807,
1999-01-28,-1.30561,
1999-01-29,-4.26975,
1999-01-30,.,No value available
1999-01-31,.,No value available
1999-02-01,1.16641,
1999-02-02,1.06546,
1999-02-03,-0.87696,
1999-02-04,-0.77760,
1999-02-05,1.19955,
1999-02-06,.,No value available
1999-02-07,.,No value available
1999-02-08,1.24572,
1999-02-09,-0.70446,
1999-02-10,-0.82241,
1999-02-11,-1.35986,
1999-02-12,-0.93512,
1999-02-13,.,No value available
1999-02-14,.,No value available
1999-02-15,-0.88675,
1999-02-16,-0.90424,
1999-02-17,-0.61965,
1999-02-18,-0.62759,
1999-02-19,-0.66953,
1999-02-20,.,No value available
1999-02-21,.,No value available
1999-02-22,-0.81188,
1999-02-23,-0.87402,
1999-02-24,-0.83854,
1999-02-25,-4.79161,
1999-02-26,0.80771,
1999-02-27,.,No value available
1999-02-28,.,No value available
1999-03-01,-0.66931,
1999-03-02,-0.47634,
1999-03-03,-0.59636,
1999-03-04,-4.72553,
1999-03-05,-4.32748,
1999-03-06,.,No value available
1999-03-07,.,No value available
1999-03-08,-1.07331,
1999-03-09,-1.20244,
1999-03-10,-1.27995,
1999-03-11,-1.33780,
1999-03-12,-1.46320,
1999-03-13,.,No value available
1999-03-14,.,No value available
1999-03-15,-1.27202,
1999-03-16,-1.10191,
1999-03-17,-1.03894,
1999-03-18,-1.06620,
1999-03-19,1.30468,
1999-03-20,.,No value available
1999-03-21,.,No value available
1999-03-22,-1.17440,
1999-03-23,-3.66347,
1999-03-24,-1.20718,
1999-03-25,-3.72706,
1999-03-26,-1.41193,
1999-03-27,.,No value available
1999-03-28,.,No value available
1999-03-29,-1.55436,
1999-03-30,8.78855,
1999-03-31,-1.38413,
1999-04-01,-4.40899,
1999-04-02,.,No value available
1999-04-03,.,No value available
1999-04-04,.,No value available
1999-04-05,.,No value available
1999-04-06,-1.57453,
1999-04-07,-1.54598,
1999-04-08,-3.75965,
1999-04-09,-1.10987,
1999-04-10,.,No value available
1999-04-11,.,No value available
1999-04-12,-2.87433,
1999-04-13,0.94612,
1999-04-14,1.57631,
1999-04-15,1.09883,
1999-04-16,-0.58508,
1999-04-17,.,No value available
1999-04-18,.,No value available
1999-04-19,-0.72849,
1999-04-20,-3.84876,
1999-04-21,-1.04806,
1999-04-22,-1.07952,
1999-04-23,-1.15330,
1999-04-24,.,No value available
1999-04-25,.,No value available
1999-04-26,-1.19702,
1999-04-27,-1.29024,
1999-04-28,-1.15418,
1999-04-29,-2.16816,
1999-04-30,-3.72810,
1999-05-01,.,No value available
1999-05-02,.,No value available
1999-05-03,-1.47352,
1999-05-04,-1.83946,
1999-05-05,-1.31711,
1999-05-06,-1.50357,
1999-05-07,-0.28144,
1999-05-08,.,No value available
1999-05-09,.,No value available
1999-05-10,-3.86693,
1999-05-11,0.54430,
1999-05-12,-1.67063,
1999-05-13,.,No value available
1999-05-14,-1.24958,
1999-05-15,.,No value available
1999-05-16,.,No value available
1999-05-17,-1.18175,
1999-05-18,1.11378,
1999-05-19,-0.54133,
1999-05-20,-0.36354,
1999-05-21,-0.82591,
1999-05-22,.,No value available
1999-05-23,.,No value available
1999-05-24,.,No value available
1999-05-25,-1.26416,
1999-05-26,-2.35066,
1999-05-27,-1.41498,
1999-05-28,-1.15134,
1999-05-29,.,No value available
1999-05-30,.,No value available
1999-05-31,-0.85991,
1999-06-01,-0.57546,
1999-06-02,-8.73274,
1999-06-03,.,No value available
1999-06-04,-0.41666,
1999-06-05,.,No value available
1999-06-06,.,No value available
1999-06-07,-2.97418,
1999-06-08,-0.71185,
1999-06-09,-0.46887,
1999-06-10,-0.69081,
1999-06-11,-0.09494,
1999-06-12,.,No value available
1999-06-13,.,No value available
1999-06-14,0.48501,
1999-06-15,-0.78636,
1999-06-16,0.02489,
1999-06-17,1.73292,
1999-06-18,2.41064,
1999-06-19,.,No value available
1999-06-20,.,No value available
1999-06-21,0.84856,
1999-06-22,0.82232,
1999-06-23,-2.64159,
1999-06-24,-0.56728,
1999-06-25,21.14849,
1999-06-26,.,No value available
1999-06-27,.,No value available
1999-06-28,-4.72899,
1999-06-29,-15.73098,
1999-06-30,-3.02717,
1999-07-01,0.18990,
1999-07-02,-30.00000,
1999-07-03,.,No value available
1999-07-04,.,No value available
1999-07-05,25.11895,
1999-07-06,-3.33453,
1999-07-07,29.64072,
1999-07-08,29.43565,
1999-07-09,28.92160,
1999-07-10,.,No value available
1999-07-11,.,No value available
1999-07-12,-3.92707,
1999-07-13,-3.87253,
1999-07-14,29.12651,
1999-07-15,-3.90506,
1999-07-16,-4.14222,
1999-07-17,.,No value available
1999-07-18,.,No value available
1999-07-19,-29.46627,
1999-07-20,-3.91368,
1999-07-21,-26.00061,
1999-07-22,-1.43296,
1999-07-23,-3.54114,
1999-07-24,.,No value available
1999-07-25,.,No value available
1999-07-26,-0.88916,
1999-07-27,-0.84244,
1999-07-28,2.91322,
1999-07-29,-3.51537,
1999-07-30,-22.06568,
1999-07-31,.,No value available
1999-08-01,.,No value available
1999-08-02,-26.17254,
1999-08-03,-30.00000,
1999-08-04,-30.00000,
1999-08-05,-4.60079,
1999-08-06,-4.42994,
1999-08-07,.,No value available
1999-08-08,.,No value available
1999-08-09,-3.82140,
1999-08-10,-3.75665,
1999-08-11,-30.00000,
1999-08-12,-29.58317,
1999-08-13,-4.02315,
1999-08-14,.,No value available
1999-08-15,.,No value available
1999-08-16,-3.73201,
1999-08-17,-4.13473,
1999-08-18,3.69369,
1999-08-19,-25.11452,
1999-08-20,26.60487,
1999-08-21,.,No value available
1999-08-22,.,No value available
1999-08-23,19.68212,
1999-08-24,-23.55089,
1999-08-25,29.55535,
1999-08-26,3.15109,
1999-08-27,-26.64212,
1999-08-28,.,No value available
1999-08-29,.,No value available
1999-08-30,-28.95673,
1999-08-31,-22.30484,
1999-09-01,-29.29267,
1999-09-02,-4.91671,
1999-09-03,-30.00000,
1999-09-04,.,No value available
1999-09-05,.,No value available
1999-09-06,4.47675,
1999-09-07,-30.00000,
1999-09-08,-29.40152,
1999-09-09,-4.34663,
1999-09-10,-29.97725,
1999-09-11,.,No value available
1999-09-12,.,No value available
1999-09-13,-16.56473,
1999-09-14,-4.27349,
1999-09-15,-4.71507,
1999-09-16,-29.99943,
1999-09-17,-30.00000,
1999-09-18,.,No value available
1999-09-19,.,No value available
1999-09-20,-30.00000,
1999-09-21,-29.98973,
1999-09-22,-30.00000,
1999-09-23,-4.98383,
1999-09-24,-26.58980,
1999-09-25,.,No value available
1999-09-26,.,No value available
1999-09-27,-5.61793,
1999-09-28,-30.00000,
1999-09-29,-5.05492,
1999-09-30,-3.68593,
1999-10-01,-2.91282,
1999-10-02,.,No value available
1999-10-03,.,No value available
1999-10-04,-3.26384,
1999-10-05,-2.94893,
1999-10-06,-2.94459,
1999-10-07,-3.41154,
1999-10-08,-3.38960,
1999-10-09,.,No value available
1999-10-10,.,No value available
1999-10-11,-3.80233,
1999-10-12,-4.22148,
1999-10-13,-3.74714,
1999-10-14,-3.91942,
1999-10-15,-4.09227,
1999-10-16,.,No value available
1999-10-17,.,No value available
1999-10-18,-3.39063,
1999-10-19,-30.00000,
1999-10-20,-4.36256,
1999-10-21,-4.96783,
1999-10-22,-5.27708,
1999-10-23,.,No value available
1999-10-24,.,No value available
1999-10-25,-22.28216,
1999-10-26,-5.68868,
1999-10-27,-7.04635,
1999-10-28,-5.24310,
1999-10-29,-6.53706,
1999-10-30,.,No value available
1999-10-31,.,No value available
1999-11-01,-5.94700,
1999-11-02,-30.00000,
1999-11-03,-28.31316,
1999-11-04,-6.37896,
1999-11-05,-6.12068,
1999-11-06,.,No value available
1999-11-07,.,No value available
1999-11-08,-7.31467,
1999-11-09,-30.00000,
1999-11-10,-7.31027,
1999-11-11,-1.13587,
1999-11-12,-28.43117,
1999-11-13,.,No value available
1999-11-14,.,No value available
1999-11-15,-26.49614,
1999-11-16,-29.38273,
1999-11-17,-7.61469,
1999-11-18,-7.74142,
1999-11-19,-7.85383,
1999-11-20,.,No value available
1999-11-21,.,No value available
1999-11-22,-7.71112,
1999-11-23,-7.59830,
1999-11-24,-30.00000,
1999-11-25,-7.81784,
1999-11-26,-30.00000,
1999-11-27,.,No value available
1999-11-28,.,No value available
1999-11-29,-7.93845,
1999-11-30,-7.74105,
1999-12-01,-7.65186,
1999-12-02,-7.87654,
1999-12-03,-7.85173,
1999-12-04,.,No value available
1999-12-05,.,No value available
1999-12-06,-7.68311,
1999-12-07,-30.00000,
1999-12-08,-7.60730,
1999-12-09,-30.00000,
1999-12-10,-7.25609,
1999-12-11,.,No value available
1999-12-12,.,No value available
1999-12-13,-29.96692,
1999-12-14,-4.87218,
1999-12-15,-5.17723,
1999-12-16,-4.27239,
1999-12-17,-4.99604,
1999-12-18,.,No value available
1999-12-19,.,No value available
1999-12-20,-5.68994,
1999-12-21,-4.95954,
1999-12-22,-4.07503,
1999-12-23,-4.22186,
1999-12-24,.,No value available
1999-12-25,.,No value available
1999-12-26,.,No value available
1999-12-27,-3.67782,
1999-12-28,-3.83655,
1999-12-29,-3.36007,
1999-12-30,-4.00662,
1999-12-31,.,No value available
2000-01-01,.,No value available
2000-01-02,.,No value available
2000-01-03,-5.36438,
2000-01-04,-4.35305,
2000-01-05,-3.49928,
2000-01-06,-3.36846,
2000-01-07,-3.26759,
2000-01-08,.,No value available
2000-01-09,.,No value available
2000-01-10,-2.98310,
2000-01-11,-2.75224,
2000-01-12,-3.09602,
2000-01-13,-3.75717,
2000-01-14,-5.01934,
2000-01-15,.,No value available
2000-01-16,.,No value available
2000-01-17,-4.89468,
2000-01-18,-4.67915,
2000-01-19,-3.97932,
2000-01-20,-30.00000,
2000-01-21,-6.95533,
2000-01-22,.,No value available
2000-01-23,.,No value available
2000-01-24,-6.57333,
2000-01-25,-5.95563,
2000-01-26,-5.61655,
2000-01-27,-5.57286,
2000-01-28,-4.42904,
2000-01-29,.,No value available
2000-01-30,.,No value available
2000-01-31,-5.00970,
2000-02-01,-5.40633,
2000-02-02,-3.49608,
2000-02-03,-3.77848,
2000-02-04,-4.25111,
2000-02-05,.,No value available
2000-02-06,.,No value available
2000-02-07,-5.97851,
2000-02-08,-6.69087,
2000-02-09,-7.29989,
2000-02-10,-6.59972,
2000-02-11,-10.30686,
2000-02-12,.,No value available
2000-02-13,.,No value available
2000-02-14,-7.78454,
2000-02-15,-7.74937,
2000-02-16,-7.80655,
2000-02-17,-25.88547,
2000-02-18,-2.06503,
2000-02-19,.,No value available
2000-02-20,.,No value available
2000-02-21,-1.93769,
2000-02-22,-3.18103,
2000-02-23,-4.06662,
2000-02-24,-3.82374,
2000-02-25,-3.93881,
2000-02-26,.,No value available
2000-02-27,.,No value available
2000-02-28,-4.45596,
2000-02-29,-3.40352,
2000-03-01,-3.80748,
2000-03-02,-3.25648,
2000-03-03,-2.81734,
2000-03-04,.,No value available
2000-03-05,.,No value available
2000-03-06,-2.47692,
2000-03-07,-2.58114,
2000-03-08,-1.98110,
2000-03-09,-1.94467,
2000-03-10,-2.71905,
2000-03-11,.,No value available
2000-03-12,.,No value available
2000-03-13,-2.13288,
2000-03-14,-2.86360,
2000-03-15,-3.27255,
2000-03-16,-3.90111,
2000-03-17,-4.37920,
2000-03-18,.,No value available
2000-03-19,.,No value available
2000-03-20,-3.17526,
2000-03-21,-3.51023,
2000-03-22,-4.67839,
2000-03-23,-4.28144,
2000-03-24,-3.98404,
2000-03-25,.,No value available
2000-03-26,.,No value available
2000-03-27,-4.91620,
2000-03-28,-4.03075,
2000-03-29,-3.64309,
2000-03-30,-4.45845,
2000-03-31,-3.58910,
2000-04-01,.,No value available
2000-04-02,.,No value available
2000-04-03,-3.00118,
2000-04-04,-3.53891,
2000-04-05,-7.49565,
2000-04-06,-28.39701,
2000-04-07,-26.38169,
2000-04-08,.,No value available
2000-04-09,.,No value available
2000-04-10,-3.34298,
2000-04-11,-3.00152,
2000-04-12,-2.89314,
2000-04-13,-2.57321,
2000-04-14,-2.66901,
2000-04-15,.,No value available
2000-04-16,.,No value available
2000-04-17,-3.25403,
2000-04-18,-3.76657,
2000-04-19,-4.97732,
2000-04-20,-2.79608,
2000-04-21,.,No value available
2000-04-22,.,No value available
2000-04-23,.,No value available
2000-04-24,.,No value available
2000-04-25,-2.32689,
2000-04-26,-2.46637,
2000-04-27,-2.11703,
2000-04-28,1.05211,
2000-04-29,.,No value available
2000-04-30,.,No value available
2000-05-01,.,No value available
2000-05-02,-2.24128,
2000-05-03,-1.91215,
2000-05-04,-1.80436,
2000-05-05,-1.08554,
2000-05-06,.,No value available
2000-05-07,.,No value available
2000-05-08,-1.62054,
2000-05-09,-1.56585,
2000-05-10,-0.90345,
2000-05-11,-1.15673,
2000-05-12,-0.94686,
2000-05-13,.,No value available
2000-05-14,.,No value available
2000-05-15,-0.91833,
2000-05-16,-1.24399,
2000-05-17,-1.45520,
2000-05-18,-1.14529,
2000-05-19,-1.34514,
2000-05-20,.,No value available
2000-05-21,.,No value available
2000-05-22,-1.83978,
2000-05-23,-1.20763,
2000-05-24,1.37848,
2000-05-25,-1.44999,
2000-05-26,-1.35033,
2000-05-27,.,No value available
2000-05-28,.,No value available
2000-05-29,-1.50084,
2000-05-30,-1.53483,
2000-05-31,-1.10494,
2000-06-01,-0.89841,
2000-06-02,-1.14104,
2000-06-03,.,No value available
2000-06-04,.,No value available
2000-06-05,-1.83391,
2000-06-06,-1.92329,
2000-06-07,0.94554,
2000-06-08,-1.85102,
2000-06-09,-1.16293,
2000-06-10,.,No value available
2000-06-11,.,No value available
2000-06-12,-1.21095,
2000-06-13,-1.36158,
2000-06-14,-1.35198,
2000-06-15,0.97203,
2000-06-16,0.89931,
2000-06-17,.,No value available
2000-06-18,.,No value available
2000-06-19,0.74829,
2000-06-20,1.06790,
2000-06-21,-1.52247,
2000-06-22,-1.40200,
2000-06-23,-1.41142,
2000-06-24,.,No value available
2000-06-25,.,No value available
2000-06-26,-1.27695,
2000-06-27,-1.24227,
2000-06-28,-1.31700,
2000-06-29,-1.34675,
2000-06-30,-1.76917,
2000-07-01,.,No value available
2000-07-02,.,No value available
2000-07-03,-1.59150,
2000-07-04,1.25316,
2000-07-05,-1.58711,
2000-07-06,-1.67105,
2000-07-07,-1.57503,
2000-07-08,.,No value available
2000-07-09,.,No value available
2000-07-10,-1.58199,
2000-07-11,-1.52222,
2000-07-12,-1.41491,
2000-07-13,-1.27588,
2000-07-14,-1.38905,
2000-07-15,.,No value available
2000-07-16,.,No value available
2000-07-17,-1.19972,
2000-07-18,-1.15615,
2000-07-19,-1.02603,
2000-07-20,-1.10091,
2000-07-21,-1.19489,
2000-07-22,.,No value available
2000-07-23,.,No value available
2000-07-24,-1.13726,
2000-07-25,-1.30676,
2000-07-26,-1.41714,
2000-07-27,-1.33805,
2000-07-28,-1.26574,
2000-07-29,.,No value available
2000-07-30,.,No value available
2000-07-31,-1.13018,
2000-08-01,-1.08758,
2000-08-02,-1.21899,
2000-08-03,-1.30441,
2000-08-04,-1.25093,
2000-08-05,.,No value available
2000-08-06,.,No value available
2000-08-07,-1.35135,
2000-08-08,-1.34289,
2000-08-09,-1.29202,
2000-08-10,-1.09873,
2000-08-11,-0.72756,
2000-08-12,.,No value available
2000-08-13,.,No value available
2000-08-14,-0.40217,
2000-08-15,-1.03633,
2000-08-16,-1.34049,
2000-08-17,-0.40730,
2000-08-18,-0.85259,
2000-08-19,.,No value available
2000-08-20,.,No value available
2000-08-21,-0.51181,
2000-08-22,-0.84564,
2000-08-23,-0.72460,
2000-08-24,-0.45008,
2000-08-25,-1.19590,
2000-08-26,.,No value available
2000-08-27,.,No value available
2000-08-28,-1.08420,
2000-08-29,-0.58311,
2000-08-30,-0.84371,
2000-08-31,-1.60349,
2000-09-01,-2.11401,
2000-09-02,.,No value available
2000-09-03,.,No value available
2000-09-04,-2.34331,
2000-09-05,-2.35031,
2000-09-06,-2.36395,
2000-09-07,-2.56145,
2000-09-08,-1.81319,
2000-09-09,.,No value available
2000-09-10,.,No value available
2000-09-11,-1.91941,
2000-09-12,-2.22336,
2000-09-13,-19.56065,
2000-09-14,-17.98420,
2000-09-15,-3.68861,
2000-09-16,.,No value available
2000-09-17,.,No value available
2000-09-18,-9.79331,
2000-09-19,-10.49450,
2000-09-20,-3.85958,
2000-09-21,-4.38712,
2000-09-22,-3.42527,
2000-09-23,.,No value available
2000-09-24,.,No value available
2000-09-25,14.10302,
2000-09-26,17.74808,
2000-09-27,13.90613,
2000-09-28,-4.11152,
2000-09-29,-19.65701,
2000-09-30,.,No value available
2000-10-01,.,No value available
2000-10-02,-14.32085,
2000-10-03,.,No value available
2000-10-04,-23.58755,
2000-10-05,-12.57160,
2000-10-06,-4.60639,
2000-10-07,.,No value available
2000-10-08,.,No value available
2000-10-09,10.54088,
2000-10-10,-3.47470,
2000-10-11,-5.62098,
2000-10-12,-0.40086,
2000-10-13,-0.47990,
2000-10-14,.,No value available
2000-10-15,.,No value available
2000-10-16,-2.51817,
2000-10-17,-0.05449,
2000-10-18,-0.26199,
2000-10-19,0.65957,
2000-10-20,-4.03410,
2000-10-21,.,No value available
2000-10-22,.,No value available
2000-10-23,0.06383,
2000-10-24,-1.94369,
2000-10-25,1.21319,
2000-10-26,0.71485,
2000-10-27,-3.06103,
2000-10-28,.,No value available
2000-10-29,.,No value available
2000-10-30,-1.79750,
2000-10-31,0.41971,
2000-11-01,10.98861,
2000-11-02,-0.11888,
2000-11-03,-3.27541,
2000-11-04,.,No value available
2000-11-05,.,No value available
2000-11-06,-4.97703,
2000-11-07,-2.32975,
2000-11-08,-2.41853,
2000-11-09,-0.50721,
2000-11-10,-2.68421,
2000-11-11,.,No value available
2000-11-12,.,No value available
2000-11-13,-0.38762,
2000-11-14,-0.57277,
2000-11-15,-0.41509,
2000-11-16,-2.92992,
2000-11-17,-0.62664,
2000-11-18,.,No value available
2000-11-19,.,No value available
2000-11-20,-2.62517,
2000-11-21,-0.18485,
2000-11-22,-0.06248,
2000-11-23,-3.30723,
2000-11-24,-3.26502,
2000-11-25,.,No value available
2000-11-26,.,No value available
2000-11-27,-2.24568,
2000-11-28,-1.58576,
2000-11-29,-2.41543,
2000-11-30,-1.09417,
2000-12-01,-1.11770,
2000-12-02,.,No value available
2000-12-03,.,No value available
2000-12-04,-0.90574,
2000-12-05,-0.57896,
2000-12-06,-1.05537,
2000-12-07,-1.27918,
2000-12-08,-1.40035,
2000-12-09,.,No value available
2000-12-10,.,No value available
2000-12-11,-1.14162,
2000-12-12,-1.19990,
2000-12-13,-1.18803,
2000-12-14,-1.14086,
2000-12-15,-0.99851,
2000-12-16,.,No value available
2000-12-17,.,No value available
2000-12-18,-1.30909,
2000-12-19,-1.21863,
2000-12-20,-1.42862,
2000-12-21,-4.70634,
2000-12-22,-4.57878,
2000-12-23,.,No value available
2000-12-24,.,No value available
2000-12-25,.,No value available
2000-12-26,.,No value available
2000-12-27,-1.63739,
2000-12-28,-1.54320,
2000-12-29,-1.57072,
2000-12-30,.,No value available
2000-12-31,.,No value available
2001-01-01,.,No value available
2001-01-02,-1.61509,
2001-01-03,-1.80521,
2001-01-04,-2.17991,
2001-01-05,-4.21724,
2001-01-06,.,No value available
2001-01-07,.,No value available
2001-01-08,-3.94463,
2001-01-09,-3.97149,
2001-01-10,-4.04580,
2001-01-11,-3.74079,
2001-01-12,-4.60849,
2001-01-13,.,No value available
2001-01-14,.,No value available
2001-01-15,-4.33912,
2001-01-16,-4.55189,
2001-01-17,-4.21380,
2001-01-18,-3.44465,
2001-01-19,-1.28144,
2001-01-20,.,No value available
2001-01-21,.,No value available
2001-01-22,-4.25330,
2001-01-23,-4.19960,
2001-01-24,-4.29778,
2001-01-25,-4.16498,
2001-01-26,-3.70600,
2001-01-27,.,No value available
2001-01-28,.,No value available
2001-01-29,-3.86293,
2001-01-30,-4.14503,
2001-01-31,-4.28605,
2001-02-01,-4.03864,
2001-02-02,-2.88611,
2001-02-03,.,No value available
2001-02-04,.,No value available
2001-02-05,-3.98622,
2001-02-06,-3.61203,
2001-02-07,-3.84014,
2001-02-08,-3.43708,
2001-02-09,-3.77983,
2001-02-10,.,No value available
2001-02-11,.,No value available
2001-02-12,-4.12563,
2001-02-13,-4.10371,
2001-02-14,-4.42698,
2001-02-15,-4.03161,
2001-02-16,-3.90477,
2001-02-17,.,No value available
2001-02-18,.,No value available
2001-02-19,-4.29352,
2001-02-20,-4.36799,
2001-02-21,-4.02593,
2001-02-22,-4.18326,
2001-02-23,-1.35653,
2001-02-24,.,No value available
2001-02-25,.,No value available
2001-02-26,-4.43839,
2001-02-27,-1.53398,
2001-02-28,-1.66406,
2001-03-01,-1.70466,
2001-03-02,-1.64838,
2001-03-03,.,No value available
2001-03-04,.,No value available
2001-03-05,-4.76850,
2001-03-06,-4.76182,
2001-03-07,-1.50887,
2001-03-08,-1.58281,
2001-03-09,-1.66641,
2001-03-10,.,No value available
2001-03-11,.,No value available
2001-03-12,-4.51713,
2001-03-13,-4.74593,
2001-03-14,-5.07001,
2001-03-15,-1.82434,
2001-03-16,-1.97478,
2001-03-17,.,No value available
2001-03-18,.,No value available
2001-03-19,-1.98174,
2001-03-20,-1.81471,
2001-03-21,-2.01492,
2001-03-22,-1.96939,
2001-03-23,-1.70557,
2001-03-24,.,No value available
2001-03-25,.,No value available
2001-03-26,-1.70926,
2001-03-27,-1.69799,
2001-03-28,-1.25980,
2001-03-29,-1.35897,
2001-03-30,-1.39923,
2001-03-31,.,No value available
2001-04-01,.,No value available
2001-04-02,-1.54187,
2001-04-03,-1.53837,
2001-04-04,-1.72853,
2001-04-05,-1.44035,
2001-04-06,-1.44264,
2001-04-07,.,No value available
2001-04-08,.,No value available
2001-04-09,-1.65484,
2001-04-10,-1.50433,
2001-04-11,-1.58158,
2001-04-12,-4.24591,
2001-04-13,.,No value available
2001-04-14,.,No value available
2001-04-15,.,No value available
2001-04-16,.,No value available
2001-04-17,-4.45023,
2001-04-18,-1.05825,
2001-04-19,-1.32049,
2001-04-20,-1.26412,
2001-04-21,.,No value available
2001-04-22,.,No value available
2001-04-23,-1.76274,
2001-04-24,-3.57256,
2001-04-25,-4.00540,
2001-04-26,-1.66390,
2001-04-27,-1.11383,
2001-04-28,.,No value available
2001-04-29,.,No value available
2001-04-30,-2.12093,
2001-05-01,.,No value available
2001-05-02,-0.76133,
2001-05-03,-1.50923,
2001-05-04,-3.62539,
2001-05-05,.,No value available
2001-05-06,.,No value available
2001-05-07,-1.83612,
2001-05-08,-1.73134,
2001-05-09,-1.76664,
2001-05-10,-1.36273,
2001-05-11,-1.83551,
2001-05-12,.,No value available
2001-05-13,.,No value available
2001-05-14,-1.53731,
2001-05-15,-1.67425,
2001-05-16,-3.88471,
2001-05-17,-1.38996,
2001-05-18,-1.16331,
2001-05-19,.,No value available
2001-05-20,.,No value available
2001-05-21,-0.99075,
2001-05-22,-1.07007,
2001-05-23,-1.13654,
2001-05-24,-1.40307,
2001-05-25,-1.33527,
2001-05-26,.,No value available
2001-05-27,.,No value available
2001-05-28,-1.36000,
2001-05-29,-0.95656,
2001-05-30,-1.20355,
2001-05-31,-1.15563,
2001-06-01,-1.34465,
2001-06-02,.,No value available
2001-06-03,.,No value available
2001-06-04,-1.26327,
2001-06-05,-1.27582,
2001-06-06,-0.92828,
2001-06-07,-1.09801,
2001-06-08,-1.15323,
2001-06-09,.,No value available
2001-06-10,.,No value available
2001-06-11,-1.55041,
2001-06-12,-1.07132,
2001-06-13,-1.10490,
2001-06-14,-1.14912,
2001-06-15,-1.72127,
2001-06-16,.,No value available
2001-06-17,.,No value available
2001-06-18,-1.75480,
2001-06-19,-1.42433,
2001-06-20,-1.44938,
2001-06-21,-1.49369,
2001-06-22,-1.47266,
2001-06-23,.,No value available
2001-06-24,.,No value available
2001-06-25,-1.59416,
2001-06-26,-1.62549,
2001-06-27,-0.38341,
2001-06-28,3.07326,
2001-06-29,-1.57595,
2001-06-30,.,No value available
2001-07-01,.,No value available
2001-07-02,-0.79469,
2001-07-03,-1.18762,
2001-07-04,-2.74434,
2001-07-05,0.29484,
2001-07-06,-1.86598,
2001-07-07,.,No value available
2001-07-08,.,No value available
2001-07-09,-1.56733,
2001-07-10,-0.99286,
2001-07-11,-1.47320,
2001-07-12,-1.20655,
2001-07-13,0.92433,
2001-07-14,.,No value available
2001-07-15,.,No value available
2001-07-16,-1.28927,
2001-07-17,-0.97433,
2001-07-18,1.55498,
2001-07-19,0.89115,
2001-07-20,-1.52445,
2001-07-21,.,No value available
2001-07-22,.,No value available
2001-07-23,1.11750,
2001-07-24,2.86191,
2001-07-25,1.57543,
2001-07-26,1.15319,
2001-07-27,3.61697,
2001-07-28,.,No value available
2001-07-29,.,No value available
2001-07-30,0.46822,
2001-07-31,0.74170,
2001-08-01,0.56666,
2001-08-02,-1.34387,
2001-08-03,-1.19213,
2001-08-04,.,No value available
2001-08-05,.,No value available
2001-08-06,2.66327,
2001-08-07,1.04470,
2001-08-08,-2.08338,
2001-08-09,15.31052,
2001-08-10,-1.23429,
2001-08-11,.,No value available
2001-08-12,.,No value available
2001-08-13,-1.58503,
2001-08-14,-1.53664,
2001-08-15,-1.36975,
2001-08-16,-1.36978,
2001-08-17,4.01725,
2001-08-18,.,No value available
2001-08-19,.,No value available
2001-08-20,-1.51122,
2001-08-21,1.42608,
2001-08-22,-1.09078,
2001-08-23,1.57757,
2001-08-24,1.81036,
2001-08-25,.,No value available
2001-08-26,.,No value available
2001-08-27,1.76727,
2001-08-28,1.69928,
2001-08-29,1.97382,
2001-08-30,3.23639,
2001-08-31,-2.14047,
2001-09-01,.,No value available
2001-09-02,.,No value available
2001-09-03,-1.57113,
2001-09-04,-1.42641,
2001-09-05,-1.31629,
2001-09-06,-1.40663,
2001-09-07,-1.71853,
2001-09-08,.,No value available
2001-09-09,.,No value available
2001-09-10,-1.78219,
2001-09-11,-2.01775,
2001-09-12,-2.58914,
2001-09-13,-2.18087,
2001-09-14,-2.40529,
2001-09-15,.,No value available
2001-09-16,.,No value available
2001-09-17,-2.29774,
2001-09-18,30.00000,
2001-09-19,-1.72306,
2001-09-20,1.86292,
2001-09-21,17.94609,
2001-09-22,.,No value available
2001-09-23,.,No value available
2001-09-24,-1.81174,
2001-09-25,-1.88457,
2001-09-26,-1.96393,
2001-09-27,3.05133,
2001-09-28,-1.96389,
2001-09-29,.,No value available
2001-09-30,.,No value available
2001-10-01,-1.91159,
2001-10-02,-1.87744,
2001-10-03,-2.37584,
2001-10-04,-2.32460,
2001-10-05,-2.53436,
2001-10-06,.,No value available
2001-10-07,.,No value available
2001-10-08,-2.41373,
2001-10-09,-2.11836,
2001-10-10,-2.31959,
2001-10-11,-2.10115,
2001-10-12,-1.87579,
2001-10-13,.,No value available
2001-10-14,.,No value available
2001-10-15,-1.65008,
2001-10-16,-1.96702,
2001-10-17,-2.29068,
2001-10-18,-2.22906,
2001-10-19,-2.51029,
2001-10-20,.,No value available
2001-10-21,.,No value available
2001-10-22,-2.18989,
2001-10-23,-1.96395,
2001-10-24,-2.07070,
2001-10-25,-1.99826,
2001-10-26,-2.17858,
2001-10-27,.,No value available
2001-10-28,.,No value available
2001-10-29,-2.64405,
2001-10-30,-2.95902,
2001-10-31,-2.93247,
2001-11-01,-2.80964,
2001-11-02,-2.60933,
2001-11-03,.,No value available
2001-11-04,.,No value available
2001-11-05,-2.69023,
2001-11-06,-3.61456,
2001-11-07,-2.53441,
2001-11-08,-3.07748,
2001-11-09,-2.34516,
2001-11-10,.,No value available
2001-11-11,.,No value available
2001-11-12,-2.46566,
2001-11-13,-2.40781,
2001-11-14,-1.53342,
2001-11-15,-2.11550,
2001-11-16,-1.07758,
2001-11-17,.,No value available
2001-11-18,.,No value available
2001-11-19,-2.41205,
2001-11-20,-3.36472,
2001-11-21,-2.28426,
2001-11-22,-2.63887,
2001-11-23,-2.86335,
2001-11-24,.,No value available
2001-11-25,.,No value available
2001-11-26,-2.61571,
2001-11-27,-3.59813,
2001-11-28,-2.71015,
2001-11-29,-2.46412,
2001-11-30,-1.82566,
2001-12-01,.,No value available
2001-12-02,.,No value available
2001-12-03,-2.75269,
2001-12-04,-3.41061,
2001-12-05,-2.13293,
2001-12-06,-3.12395,
2001-12-07,-2.50196,
2001-12-08,.,No value available
2001-12-09,.,No value available
2001-12-10,-2.64964,
2001-12-11,-2.71166,
2001-12-12,-2.09679,
2001-12-13,-2.46665,
2001-12-14,-2.20208,
2001-12-15,.,No value available
2001-12-16,.,No value available
2001-12-17,-1.06389,
2001-12-18,-1.03873,
2001-12-19,-1.57786,
2001-12-20,-1.80863,
2001-12-21,-2.19224,
2001-12-22,.,No value available
2001-12-23,.,No value available
2001-12-24,.,No value available
2001-12-25,.,No value available
2001-12-26,.,No value available
2001-12-27,-2.93503,
2001-12-28,-2.74642,
2001-12-29,.,No value available
2001-12-30,.,No value available
2001-12-31,.,No value available
2002-01-01,.,No value available
2002-01-02,-1.51006,
2002-01-03,-1.87480,
2002-01-04,-2.54105,
2002-01-05,.,No value available
2002-01-06,.,No value available
2002-01-07,-1.84859,
2002-01-08,-2.11507,
2002-01-09,-2.41616,
2002-01-10,-1.44526,
2002-01-11,-1.70881,
2002-01-12,.,No value available
2002-01-13,.,No value available
2002-01-14,-1.37872,
2002-01-15,-1.56299,
2002-01-16,-1.33041,
2002-01-17,-1.99904,
2002-01-18,-1.76186,
2002-01-19,.,No value available
2002-01-20,.,No value available
2002-01-21,-1.90073,
2002-01-22,-2.22909,
2002-01-23,-1.52221,
2002-01-24,-1.56404,
2002-01-25,-2.54654,
2002-01-26,.,No value available
2002-01-27,.,No value available
2002-01-28,-2.08418,
2002-01-29,-1.15409,
2002-01-30,-1.23174,
2002-01-31,-1.56453,
2002-02-01,-1.16513,
2002-02-02,.,No value available
2002-02-03,.,No value available
2002-02-04,-1.12060,
2002-02-05,-1.22846,
2002-02-06,-2.09769,
2002-02-07,-1.36269,
2002-02-08,-1.84067,
2002-02-09,.,No value available
2002-02-10,.,No value available
2002-02-11,-1.71226,
2002-02-12,-1.72411,
2002-02-13,-1.06728,
2002-02-14,-1.83141,
2002-02-15,-1.33238,
2002-02-16,.,No value available
2002-02-17,.,No value available
2002-02-18,-1.49708,
2002-02-19,-1.23115,
2002-02-20,-1.45927,
2002-02-21,-0.93889,
2002-02-22,-1.69895,
2002-02-23,.,No value available
2002-02-24,.,No value available
2002-02-25,-1.28215,
2002-02-26,-1.63890,
2002-02-27,-1.46191,
2002-02-28,-1.66300,
2002-03-01,-1.62282,
2002-03-02,.,No value available
2002-03-03,.,No value available
2002-03-04,-1.77182,
2002-03-05,-1.62505,
2002-03-06,-1.04283,
2002-03-07,-1.62255,
2002-03-08,0.51937,
2002-03-09,.,No value available
2002-03-10,.,No value available
2002-03-11,-0.94440,
2002-03-12,-1.04644,
2002-03-13,-1.55943,
2002-03-14,-1.82447,
2002-03-15,-0.79631,
2002-03-16,.,No value available
2002-03-17,.,No value available
2002-03-18,-1.33253,
2002-03-19,-1.40263,
2002-03-20,-1.27798,
2002-03-21,-1.41518,
2002-03-22,-1.62426,
2002-03-23,.,No value available
2002-03-24,.,No value available
2002-03-25,-3.30777,
2002-03-26,-2.62910,
2002-03-27,-1.41928,
2002-03-28,-1.42005,
2002-03-29,.,No value available
2002-03-30,.,No value available
2002-03-31,.,No value available
2002-04-01,.,No value available
2002-04-02,-1.98349,
2002-04-03,-1.66465,
2002-04-04,-2.20653,
2002-04-05,-1.72661,
2002-04-06,.,No value available
2002-04-07,.,No value available
2002-04-08,-1.63053,
2002-04-09,-1.83650,
2002-04-10,-1.93131,
2002-04-11,-6.82313,
2002-04-12,-1.91673,
2002-04-13,.,No value available
2002-04-14,.,No value available
2002-04-15,-13.60021,
2002-04-16,-13.82018,
2002-04-17,-1.95906,
2002-04-18,-14.94380,
2002-04-19,-14.48998,
2002-04-20,.,No value available
2002-04-21,.,No value available
2002-04-22,-21.39416,
2002-04-23,-2.64329,
2002-04-24,-1.88897,
2002-04-25,-1.80753,
2002-04-26,-1.22745,
2002-04-27,.,No value available
2002-04-28,.,No value available
2002-04-29,-1.82758,
2002-04-30,-1.85853,
2002-05-01,.,No value available
2002-05-02,-1.24069,
2002-05-03,-2.04648,
2002-05-04,.,No value available
2002-05-05,.,No value available
2002-05-06,-4.20949,
2002-05-07,-1.41267,
2002-05-08,-3.37525,
2002-05-09,-1.29234,
2002-05-10,-1.67988,
2002-05-11,.,No value available
2002-05-12,.,No value available
2002-05-13,-3.84168,
2002-05-14,-1.64993,
2002-05-15,-2.02043,
2002-05-16,-1.73190,
2002-05-17,-2.61625,
2002-05-18,.,No value available
2002-05-19,.,No value available
2002-05-20,-1.88737,
2002-05-21,-1.59342,
2002-05-22,-1.78273,
2002-05-23,-2.38801,
2002-05-24,-2.37737,
2002-05-25,.,No value available
2002-05-26,.,No value available
2002-05-27,-1.50131,
2002-05-28,-2.64550,
2002-05-29,-2.32281,
2002-05-30,-2.01658,
2002-05-31,-2.18638,
2002-06-01,.,No value available
2002-06-02,.,No value available
2002-06-03,-2.80154,
2002-06-04,-3.18354,
2002-06-05,-2.51782,
2002-06-06,-2.55276,
2002-06-07,-2.32384,
2002-06-08,.,No value available
2002-06-09,.,No value available
2002-06-10,-1.54617,
2002-06-11,-2.47951,
2002-06-12,-2.69015,
2002-06-13,-2.64381,
2002-06-14,-1.65576,
2002-06-15,.,No value available
2002-06-16,.,No value available
2002-06-17,-2.61360,
2002-06-18,-1.79708,
2002-06-19,-1.44232,
2002-06-20,-1.62686,
2002-06-21,-2.16803,
2002-06-22,.,No value available
2002-06-23,.,No value available
2002-06-24,-1.90255,
2002-06-25,-1.94446,
2002-06-26,-2.54179,
2002-06-27,-2.13981,
2002-06-28,-1.89787,
2002-06-29,.,No value available
2002-06-30,.,No value available
2002-07-01,-1.99997,
2002-07-02,-1.63925,
2002-07-03,-2.03475,
2002-07-04,-2.79180,
2002-07-05,-2.52732,
2002-07-06,.,No value available
2002-07-07,.,No value available
2002-07-08,-2.00754,
2002-07-09,-1.95120,
2002-07-10,-1.45411,
2002-07-11,-0.99961,
2002-07-12,-1.90516,
2002-07-13,.,No value available
2002-07-14,.,No value available
2002-07-15,-1.79546,
2002-07-16,-1.64832,
2002-07-17,-2.51665,
2002-07-18,-2.27750,
2002-07-19,-1.04334,
2002-07-20,.,No value available
2002-07-21,.,No value available
2002-07-22,-1.92018,
2002-07-23,-1.59115,
2002-07-24,-1.95962,
2002-07-25,-1.79311,
2002-07-26,-1.73507,
2002-07-27,.,No value available
2002-07-28,.,No value available
2002-07-29,-1.73476,
2002-07-30,-1.55983,
2002-07-31,-1.72754,
2002-08-01,-2.26781,
2002-08-02,-2.15788,
2002-08-03,.,No value available
2002-08-04,.,No value available
2002-08-05,-2.94300,
2002-08-06,-2.76536,
2002-08-07,-2.57980,
2002-08-08,-3.26497,
2002-08-09,-2.29251,
2002-08-10,.,No value available
2002-08-11,.,No value available
2002-08-12,-2.63530,
2002-08-13,-2.86343,
2002-08-14,-1.95309,
2002-08-15,-2.22271,
2002-08-16,-1.62263,
2002-08-17,.,No value available
2002-08-18,.,No value available
2002-08-19,-2.49823,
2002-08-20,-2.16529,
2002-08-21,-2.39384,
2002-08-22,-0.78052,
2002-08-23,-2.31555,
2002-08-24,.,No value available
2002-08-25,.,No value available
2002-08-26,-2.36950,
2002-08-27,-2.63312,
2002-08-28,-2.95003,
2002-08-29,-2.53088,
2002-08-30,-1.32248,
2002-08-31,.,No value available
2002-09-01,.,No value available
2002-09-02,-1.66052,
2002-09-03,-1.67671,
2002-09-04,-1.49125,
2002-09-05,-2.62179,
2002-09-06,-3.69822,
2002-09-07,.,No value available
2002-09-08,.,No value available
2002-09-09,-1.41972,
2002-09-10,-1.44271,
2002-09-11,-2.99322,
2002-09-12,-2.97577,
2002-09-13,-3.15193,
2002-09-14,.,No value available
2002-09-15,.,No value available
2002-09-16,-1.46757,
2002-09-17,-2.80015,
2002-09-18,-1.54685,
2002-09-19,-3.21235,
2002-09-20,-1.37111,
2002-09-21,.,No value available
2002-09-22,.,No value available
2002-09-23,-1.59953,
2002-09-24,-1.64593,
2002-09-25,-1.14990,
2002-09-26,-1.13798,
2002-09-27,-1.05635,
2002-09-28,.,No value available
2002-09-29,.,No value available
2002-09-30,-1.51091,
2002-10-01,-1.43190,
2002-10-02,-1.36320,
2002-10-03,-0.99948,
2002-10-04,-1.18619,
2002-10-05,.,No value available
2002-10-06,.,No value available
2002-10-07,-1.85741,
2002-10-08,-1.60663,
2002-10-09,-1.61778,
2002-10-10,-1.06998,
2002-10-11,-1.66001,
2002-10-12,.,No value available
2002-10-13,.,No value available
2002-10-14,-1.77978,
2002-10-15,-1.12264,
2002-10-16,-3.97103,
2002-10-17,-0.89784,
2002-10-18,-3.15427,
2002-10-19,.,No value available
2002-10-20,.,No value available
2002-10-21,-3.41456,
2002-10-22,-0.40842,
2002-10-23,-2.60526,
2002-10-24,-2.48433,
2002-10-25,-1.51087,
2002-10-26,.,No value available
2002-10-27,.,No value available
2002-10-28,-2.57884,
2002-10-29,-3.98591,
2002-10-30,-1.01905,
2002-10-31,-1.61047,
2002-11-01,-2.63874,
2002-11-02,.,No value available
2002-11-03,.,No value available
2002-11-04,-2.21348,
2002-11-05,-2.60918,
2002-11-06,-2.44320,
2002-11-07,-1.97537,
2002-11-08,-2.15483,
2002-11-09,.,No value available
2002-11-10,.,No value available
2002-11-11,-4.15572,
2002-11-12,-1.64023,
2002-11-13,-1.65422,
2002-11-14,-1.52418,
2002-11-15,-1.65653,
2002-11-16,.,No value available
2002-11-17,.,No value available
2002-11-18,-1.92724,
2002-11-19,-1.99821,
2002-11-20,-1.53820,
2002-11-21,-1.94441,
2002-11-22,-1.80133,
2002-11-23,.,No value available
2002-11-24,.,No value available
2002-11-25,-0.80907,
2002-11-26,-0.92451,
2002-11-27,-4.67298,
2002-11-28,-3.10916,
2002-11-29,-1.60693,
2002-11-30,.,No value available
2002-12-01,.,No value available
2002-12-02,-2.36960,
2002-12-03,-4.17565,
2002-12-04,-3.86604,
2002-12-05,-3.03404,
2002-12-06,-1.30132,
2002-12-07,.,No value available
2002-12-08,.,No value available
2002-12-09,-1.63966,
2002-12-10,-1.55791,
2002-12-11,-1.84304,
2002-12-12,-1.70055,
2002-12-13,-1.36078,
2002-12-14,.,No value available
2002-12-15,.,No value available
2002-12-16,3.92063,
2002-12-17,-1.57796,
2002-12-18,-3.19113,
2002-12-19,-0.55887,
2002-12-20,-2.38724,
2002-12-21,.,No value available
2002-12-22,.,No value available
2002-12-23,-2.15895,
2002-12-24,.,No value available
2002-12-25,.,No value available
2002-12-26,.,No value available
2002-12-27,-1.29401,
2002-12-28,.,No value available
2002-12-29,.,No value available
2002-12-30,-3.32881,
2002-12-31,.,No value available
2003-01-01,.,No value available
2003-01-02,-1.85311,
2003-01-03,-1.01408,
2003-01-04,.,No value available
2003-01-05,.,No value available
2003-01-06,-1.39696,
2003-01-07,-2.42179,
2003-01-08,-1.78668,
2003-01-09,-2.75660,
2003-01-10,-4.83321,
2003-01-11,.,No value available
2003-01-12,.,No value available
2003-01-13,-2.17701,
2003-01-14,-3.85032,
2003-01-15,-2.45758,
2003-01-16,-4.06779,
2003-01-17,-2.09074,
2003-01-18,.,No value available
2003-01-19,.,No value available
2003-01-20,-1.83971,
2003-01-21,-1.51180,
2003-01-22,0.11434,
2003-01-23,-2.87374,
2003-01-24,-2.52505,
2003-01-25,.,No value available
2003-01-26,.,No value available
2003-01-27,-0.91377,
2003-01-28,-2.00604,
2003-01-29,-1.36156,
2003-01-30,-0.90838,
2003-01-31,-1.62592,
2003-02-01,.,No value available
2003-02-02,.,No value available
2003-02-03,-1.83393,
2003-02-04,-1.96287,
2003-02-05,-1.82398,
2003-02-06,-1.89103,
2003-02-07,-1.76114,
2003-02-08,.,No value available
2003-02-09,.,No value available
2003-02-10,-1.25152,
2003-02-11,-1.32904,
2003-02-12,-1.28528,
2003-02-13,-1.40925,
2003-02-14,-1.53805,
2003-02-15,.,No value available
2003-02-16,.,No value available
2003-02-17,-1.72205,
2003-02-18,-0.92690,
2003-02-19,-1.05443,
2003-02-20,-0.98538,
2003-02-21,-2.02828,
2003-02-22,.,No value available
2003-02-23,.,No value available
2003-02-24,0.99759,
2003-02-25,-1.94839,
2003-02-26,-0.05035,
2003-02-27,-1.83708,
2003-02-28,-0.31119,
2003-03-01,.,No value available
2003-03-02,.,No value available
2003-03-03,-1.82830,
2003-03-04,-0.90754,
2003-03-05,0.30484,
2003-03-06,-1.98272,
2003-03-07,-1.78718,
2003-03-08,.,No value available
2003-03-09,.,No value available
2003-03-10,-0.75022,
2003-03-11,-0.50586,
2003-03-12,-3.07196,
2003-03-13,-0.72762,
2003-03-14,-1.05912,
2003-03-15,.,No value available
2003-03-16,.,No value available
2003-03-17,-1.19889,
2003-03-18,-1.08888,
2003-03-19,-1.58528,
2003-03-20,-1.58520,
2003-03-21,-1.58694,
2003-03-22,.,No value available
2003-03-23,.,No value available
2003-03-24,3.51473,
2003-03-25,-1.38603,
2003-03-26,-1.38404,
2003-03-27,-1.39096,
2003-03-28,-1.57160,
2003-03-29,.,No value available
2003-03-30,.,No value available
2003-03-31,-1.94454,
2003-04-01,-1.63580,
2003-04-02,-1.42204,
2003-04-03,-1.61071,
2003-04-04,-2.03180,
2003-04-05,.,No value available
2003-04-06,.,No value available
2003-04-07,-2.10941,
2003-04-08,-0.84402,
2003-04-09,-2.00079,
2003-04-10,-2.04121,
2003-04-11,-1.74965,
2003-04-12,.,No value available
2003-04-13,.,No value available
2003-04-14,-1.60650,
2003-04-15,-1.78193,
2003-04-16,-1.21394,
2003-04-17,-1.66311,
2003-04-18,.,No value available
2003-04-19,.,No value available
2003-04-20,.,No value available
2003-04-21,.,No value available
2003-04-22,-1.82556,
2003-04-23,-1.80907,
2003-04-24,-1.38352,
2003-04-25,-1.51861,
2003-04-26,.,No value available
2003-04-27,.,No value available
2003-04-28,-1.86211,
2003-04-29,-1.36393,
2003-04-30,-1.41225,
2003-05-01,.,No value available
2003-05-02,-6.94910,
2003-05-03,.,No value available
2003-05-04,.,No value available
2003-05-05,-1.63549,
2003-05-06,-1.82376,
2003-05-07,-1.67655,
2003-05-08,1.82114,
2003-05-09,-0.10710,
2003-05-10,.,No value available
2003-05-11,.,No value available
2003-05-12,-1.43548,
2003-05-13,0.52406,
2003-05-14,-1.89074,
2003-05-15,5.67556,
2003-05-16,-0.35200,
2003-05-17,.,No value available
2003-05-18,.,No value available
2003-05-19,-1.82648,
2003-05-20,0.89866,
2003-05-21,0.45328,
2003-05-22,-3.28509,
2003-05-23,-0.08622,
2003-05-24,.,No value available
2003-05-25,.,No value available
2003-05-26,-0.57384,
2003-05-27,-0.90033,
2003-05-28,0.66613,
2003-05-29,0.26615,
2003-05-30,0.53813,
2003-05-31,.,No value available
2003-06-01,.,No value available
2003-06-02,-1.90655,
2003-06-03,-1.96690,
2003-06-04,-2.00000,
2003-06-05,-1.99003,
2003-06-06,0.82237,
2003-06-07,.,No value available
2003-06-08,.,No value available
2003-06-09,-0.29577,
2003-06-10,-0.54169,
2003-06-11,4.20762,
2003-06-12,-6.87946,
2003-06-13,-0.63175,
2003-06-14,.,No value available
2003-06-15,.,No value available
2003-06-16,-3.37736,
2003-06-17,-1.06968,
2003-06-18,-1.81384,
2003-06-19,-1.70936,
2003-06-20,-1.86860,
2003-06-21,.,No value available
2003-06-22,.,No value available
2003-06-23,0.21654,
2003-06-24,-1.88546,
2003-06-25,-1.90795,
2003-06-26,-1.64860,
2003-06-27,-2.88912,
2003-06-28,.,No value available
2003-06-29,.,No value available
2003-06-30,-1.51835,
2003-07-01,-1.74182,
2003-07-02,-2.98911,
2003-07-03,-1.40274,
2003-07-04,-1.63887,
2003-07-05,.,No value available
2003-07-06,.,No value available
2003-07-07,-5.30488,
2003-07-08,-2.86856,
2003-07-09,-3.08296,
2003-07-10,0.50193,
2003-07-11,-3.10066,
2003-07-12,.,No value available
2003-07-13,.,No value available
2003-07-14,-3.64248,
2003-07-15,-4.15336,
2003-07-16,-1.38784,
2003-07-17,-3.13804,
2003-07-18,-3.28121,
2003-07-19,.,No value available
2003-07-20,.,No value available
2003-07-21,-4.52342,
2003-07-22,-1.41758,
2003-07-23,-2.59337,
2003-07-24,-1.44373,
2003-07-25,-1.44445,
2003-07-26,.,No value available
2003-07-27,.,No value available
2003-07-28,-1.40916,
2003-07-29,-1.66980,
2003-07-30,-1.51175,
2003-07-31,-5.06485,
2003-08-01,-1.06198,
2003-08-02,.,No value available
2003-08-03,.,No value available
2003-08-04,-1.37786,
2003-08-05,0.87588,
2003-08-06,-0.59897,
2003-08-07,-4.40004,
2003-08-08,-2.00000,
2003-08-09,.,No value available
2003-08-10,.,No value available
2003-08-11,-3.74152,
2003-08-12,-2.16866,
2003-08-13,-3.58825,
2003-08-14,0.54905,
2003-08-15,-0.21127,
2003-08-16,.,No value available
2003-08-17,.,No value available
2003-08-18,0.15334,
2003-08-19,2.67718,
2003-08-20,-0.19553,
2003-08-21,1.54782,
2003-08-22,1.47299,
2003-08-23,.,No value available
2003-08-24,.,No value available
2003-08-25,1.32288,
2003-08-26,-3.46948,
2003-08-27,-0.04780,
2003-08-28,1.80543,
2003-08-29,-0.16774,
2003-08-30,.,No value available
2003-08-31,.,No value available
2003-09-01,-0.02969,
2003-09-02,1.94793,
2003-09-03,-3.50493,
2003-09-04,-2.23616,
2003-09-05,0.15998,
2003-09-06,.,No value available
2003-09-07,.,No value available
2003-09-08,-1.36883,
2003-09-09,-0.99407,
2003-09-10,-1.78030,
2003-09-11,-1.82796,
2003-09-12,-3.98675,
2003-09-13,.,No value available
2003-09-14,.,No value available
2003-09-15,-1.82008,
2003-09-16,-1.54559,
2003-09-17,-1.62484,
2003-09-18,-2.23674,
2003-09-19,-2.67788,
2003-09-20,.,No value available
2003-09-21,.,No value available
2003-09-22,-1.04106,
2003-09-23,-0.51863,
2003-09-24,-1.29108,
2003-09-25,-1.46640,
2003-09-26,-1.65466,
2003-09-27,.,No value available
2003-09-28,.,No value available
2003-09-29,-1.62999,
2003-09-30,-1.49321,
2003-10-01,-1.65453,
2003-10-02,-0.96379,
2003-10-03,-4.28286,
2003-10-04,.,No value available
2003-10-05,.,No value available
2003-10-06,-3.29781,
2003-10-07,-0.98694,
2003-10-08,-1.71676,
2003-10-09,-1.60438,
2003-10-10,-1.01927,
2003-10-11,.,No value available
2003-10-12,.,No value available
2003-10-13,-1.27319,
2003-10-14,-0.94632,
2003-10-15,-0.55176,
2003-10-16,-0.24657,
2003-10-17,-4.03497,
2003-10-18,.,No value available
2003-10-19,.,No value available
2003-10-20,0.20465,
2003-10-21,1.25853,
2003-10-22,1.75566,
2003-10-23,-3.21531,
2003-10-24,1.28454,
2003-10-25,.,No value available
2003-10-26,.,No value available
2003-10-27,0.33143,
2003-10-28,-2.09356,
2003-10-29,-0.07476,
2003-10-30,-0.27286,
2003-10-31,-0.43400,
2003-11-01,.,No value available
2003-11-02,.,No value available
2003-11-03,1.37661,
2003-11-04,-3.61929,
2003-11-05,-0.52105,
2003-11-06,-2.25263,
2003-11-07,-1.61823,
2003-11-08,.,No value available
2003-11-09,.,No value available
2003-11-10,-0.87895,
2003-11-11,-1.95677,
2003-11-12,-1.69565,
2003-11-13,10.82195,
2003-11-14,2.56667,
2003-11-15,.,No value available
2003-11-16,.,No value available
2003-11-17,-3.78368,
2003-11-18,-3.71424,
2003-11-19,-2.65347,
2003-11-20,-1.87390,
2003-11-21,-1.71844,
2003-11-22,.,No value available
2003-11-23,.,No value available
2003-11-24,-0.44559,
2003-11-25,0.49304,
2003-11-26,-0.41843,
2003-11-27,-0.75227,
2003-11-28,-0.18113,
2003-11-29,.,No value available
2003-11-30,.,No value available
2003-12-01,-4.91702,
2003-12-02,-3.08895,
2003-12-03,-1.00369,
2003-12-04,-1.95391,
2003-12-05,0.43956,
2003-12-06,.,No value available
2003-12-07,.,No value available
2003-12-08,0.57443,
2003-12-09,1.11751,
2003-12-10,2.10504,
2003-12-11,0.55986,
2003-12-12,1.12005,
2003-12-13,.,No value available
2003-12-14,.,No value available
2003-12-15,-1.44029,
2003-12-16,-0.94144,
2003-12-17,-0.96891,
2003-12-18,-1.02286,
2003-12-19,-0.64617,
2003-12-20,.,No value available
2003-12-21,.,No value available
2003-12-22,-0.20408,
2003-12-23,-0.79832,
2003-12-24,.,No value available
2003-12-25,.,No value available
2003-12-26,.,No value available
2003-12-27,.,No value available
2003-12-28,.,No value available
2003-12-29,-0.97615,
2003-12-30,-0.80737,
2003-12-31,.,No value available
2004-01-01,.,No value available
2004-01-02,-3.78556,
2004-01-03,.,No value available
2004-01-04,.,No value available
2004-01-05,0.10543,
2004-01-06,-1.47907,
2004-01-07,-0.91557,
2004-01-08,-0.41394,
2004-01-09,-1.73833,
2004-01-10,.,No value available
2004-01-11,.,No value available
2004-01-12,-1.00245,
2004-01-13,-1.92523,
2004-01-14,-0.99323,
2004-01-15,-0.39215,
2004-01-16,-1.33084,
2004-01-17,.,No value available
2004-01-18,.,No value available
2004-01-19,-1.57132,
2004-01-20,-0.97427,
2004-01-21,-1.05007,
2004-01-22,-1.43296,
2004-01-23,-1.70435,
2004-01-24,.,No value available
2004-01-25,.,No value available
2004-01-26,-1.05306,
2004-01-27,-1.07454,
2004-01-28,-1.33710,
2004-01-29,-0.63467,
2004-01-30,-1.67105,
2004-01-31,.,No value available
2004-02-01,.,No value available
2004-02-02,-0.85664,
2004-02-03,-1.07641,
2004-02-04,-2.32800,
2004-02-05,-1.07494,
2004-02-06,-0.10608,
2004-02-07,.,No value available
2004-02-08,.,No value available
2004-02-09,-1.24601,
2004-02-10,-1.26117,
2004-02-11,-1.18609,
2004-02-12,-1.29429,
2004-02-13,-1.76439,
2004-02-14,.,No value available
2004-02-15,.,No value available
2004-02-16,2.21340,
2004-02-17,-1.35634,
2004-02-18,-0.98124,
2004-02-19,-0.88401,
2004-02-20,-0.86444,
2004-02-21,.,No value available
2004-02-22,.,No value available
2004-02-23,-1.10484,
2004-02-24,-0.57586,
2004-02-25,-4.82826,
2004-02-26,-1.79799,
2004-02-27,-0.98418,
2004-02-28,.,No value available
2004-02-29,.,No value available
2004-03-01,-0.82906,
2004-03-02,-1.21807,
2004-03-03,-1.12152,
2004-03-04,-0.77751,
2004-03-05,1.82782,
2004-03-06,.,No value available
2004-03-07,.,No value available
2004-03-08,-0.51865,
2004-03-09,-1.64015,
2004-03-10,-1.65253,
2004-03-11,-1.49318,
2004-03-12,-1.66677,
2004-03-13,.,No value available
2004-03-14,.,No value available
2004-03-15,-1.82867,
2004-03-16,-1.54583,
2004-03-17,-1.83243,
2004-03-18,-1.75956,
2004-03-19,-0.82710,
2004-03-20,.,No value available
2004-03-21,.,No value available
2004-03-22,-2.21447,
2004-03-23,-1.91766,
2004-03-24,-1.22001,
2004-03-25,0.27564,
2004-03-26,1.04570,
2004-03-27,.,No value available
2004-03-28,.,No value available
2004-03-29,1.19049,
2004-03-30,1.61273,
2004-03-31,-1.60892,
2004-04-01,-2.07074,
2004-04-02,8.55744,
2004-04-03,.,No value available
2004-04-04,.,No value available
2004-04-05,1.01287,
2004-04-06,-1.15603,
2004-04-07,-1.26198,
2004-04-08,-1.27722,
2004-04-09,.,No value available
2004-04-10,.,No value available
2004-04-11,.,No value available
2004-04-12,.,No value available
2004-04-13,0.15427,
2004-04-14,0.30854,
2004-04-15,-1.21721,
2004-04-16,-1.97000,
2004-04-17,.,No value available
2004-04-18,.,No value available
2004-04-19,-1.24213,
2004-04-20,-0.98817,
2004-04-21,-1.25450,
2004-04-22,-0.81161,
2004-04-23,-1.66007,
2004-04-24,.,No value available
2004-04-25,.,No value available
2004-04-26,-1.93158,
2004-04-27,-1.77571,
2004-04-28,-1.99449,
2004-04-29,-1.87066,
2004-04-30,-0.85019,
2004-05-01,.,No value available
2004-05-02,.,No value available
2004-05-03,-1.09340,
2004-05-04,-1.13136,
2004-05-05,-1.00940,
2004-05-06,-1.10874,
2004-05-07,-1.19153,
2004-05-08,.,No value available
2004-05-09,.,No value available
2004-05-10,-2.00000,
2004-05-11,-0.72784,
2004-05-12,-2.00000,
2004-05-13,0.75592,
2004-05-14,-0.38171,
2004-05-15,.,No value available
2004-05-16,.,No value available
2004-05-17,-1.18568,
2004-05-18,-0.83751,
2004-05-19,0.11609,
2004-05-20,-0.83710,
2004-05-21,-2.23349,
2004-05-22,.,No value available
2004-05-23,.,No value available
2004-05-24,-0.03818,
2004-05-25,-1.76968,
2004-05-26,-0.94304,
2004-05-27,-1.72041,
2004-05-28,-2.00000,
2004-05-29,.,No value available
2004-05-30,.,No value available
2004-05-31,-2.00000,
2004-06-01,-0.88575,
2004-06-02,-0.86405,
2004-06-03,-1.37262,
2004-06-04,-3.89134,
2004-06-05,.,No value available
2004-06-06,.,No value available
2004-06-07,-2.24579,
2004-06-08,-0.33196,
2004-06-09,0.09628,
2004-06-10,-3.59899,
2004-06-11,-0.63072,
2004-06-12,.,No value available
2004-06-13,.,No value available
2004-06-14,1.18654,
2004-06-15,1.21107,
2004-06-16,1.56458,
2004-06-17,-0.28824,
2004-06-18,0.08383,
2004-06-19,.,No value available
2004-06-20,.,No value available
2004-06-21,-0.12287,
2004-06-22,0.21281,
2004-06-23,0.00938,
2004-06-24,-1.79753,
2004-06-25,-0.09093,
2004-06-26,.,No value available
2004-06-27,.,No value available
2004-06-28,-1.83189,
2004-06-29,0.05124,
2004-06-30,0.24775,
2004-07-01,-0.60890,
2004-07-02,0.36239,
2004-07-03,.,No value available
2004-07-04,.,No value available
2004-07-05,-0.97760,
2004-07-06,-0.63513,
2004-07-07,-0.63716,
2004-07-08,-0.49888,
2004-07-09,0.16812,
2004-07-10,.,No value available
2004-07-11,.,No value available
2004-07-12,0.12256,
2004-07-13,0.39426,
2004-07-14,1.27176,
2004-07-15,2.56139,
2004-07-16,4.53514,
2004-07-17,.,No value available
2004-07-18,.,No value available
2004-07-19,-0.64442,
2004-07-20,-0.61446,
2004-07-21,0.21320,
2004-07-22,0.11799,
2004-07-23,1.59273,
2004-07-24,.,No value available
2004-07-25,.,No value available
2004-07-26,-2.15388,
2004-07-27,-2.31703,
2004-07-28,-2.10335,
2004-07-29,-2.09508,
2004-07-30,-1.16126,
2004-07-31,.,No value available
2004-08-01,.,No value available
2004-08-02,-0.67645,
2004-08-03,0.02131,
2004-08-04,-0.48434,
2004-08-05,-0.27709,
2004-08-06,-0.46453,
2004-08-07,.,No value available
2004-08-08,.,No value available
2004-08-09,-0.98816,
2004-08-10,-1.39532,
2004-08-11,-1.24485,
2004-08-12,-1.36037,
2004-08-13,-1.44939,
2004-08-14,.,No value available
2004-08-15,.,No value available
2004-08-16,-1.99671,
2004-08-17,-2.19366,
2004-08-18,-2.68100,
2004-08-19,-0.76529,
2004-08-20,-0.81899,
2004-08-21,.,No value available
2004-08-22,.,No value available
2004-08-23,-1.10098,
2004-08-24,-2.88931,
2004-08-25,-1.03489,
2004-08-26,0.15630,
2004-08-27,-2.51661,
2004-08-28,.,No value available
2004-08-29,.,No value available
2004-08-30,-1.73352,
2004-08-31,-1.92452,
2004-09-01,-1.13344,
2004-09-02,0.03756,
2004-09-03,-0.70627,
2004-09-04,.,No value available
2004-09-05,.,No value available
2004-09-06,0.18927,
2004-09-07,0.04500,
2004-09-08,-0.08034,
2004-09-09,-1.22725,
2004-09-10,0.33430,
2004-09-11,.,No value available
2004-09-12,.,No value available
2004-09-13,-0.09851,
2004-09-14,-1.48046,
2004-09-15,-0.98812,
2004-09-16,0.15057,
2004-09-17,-0.23701,
2004-09-18,.,No value available
2004-09-19,.,No value available
2004-09-20,-1.05831,
2004-09-21,-0.28090,
2004-09-22,-0.06250,
2004-09-23,-0.20523,
2004-09-24,-0.52027,
2004-09-25,.,No value available
2004-09-26,.,No value available
2004-09-27,-0.10426,
2004-09-28,-0.19206,
2004-09-29,0.20741,
2004-09-30,0.58853,
2004-10-01,-0.84805,
2004-10-02,.,No value available
2004-10-03,.,No value available
2004-10-04,-0.79096,
2004-10-05,-0.74773,
2004-10-06,-0.93933,
2004-10-07,-4.52365,
2004-10-08,0.22363,
2004-10-09,.,No value available
2004-10-10,.,No value available
2004-10-11,-1.05303,
2004-10-12,-1.72090,
2004-10-13,-1.16445,
2004-10-14,-1.67502,
2004-10-15,-1.64954,
2004-10-16,.,No value available
2004-10-17,.,No value available
2004-10-18,-1.80744,
2004-10-19,-1.80819,
2004-10-20,-1.05596,
2004-10-21,-2.27782,
2004-10-22,-0.48353,
2004-10-23,.,No value available
2004-10-24,.,No value available
2004-10-25,-1.65892,
2004-10-26,-1.37688,
2004-10-27,-1.66828,
2004-10-28,-1.76960,
2004-10-29,-1.81930,
2004-10-30,.,No value available
2004-10-31,.,No value available
2004-11-01,-0.97067,
2004-11-02,-1.74714,
2004-11-03,-0.78897,
2004-11-04,-0.52776,
2004-11-05,-0.61069,
2004-11-06,.,No value available
2004-11-07,.,No value available
2004-11-08,-0.70941,
2004-11-09,-0.19812,
2004-11-10,-0.31819,
2004-11-11,-0.98261,
2004-11-12,-2.33619,
2004-11-13,.,No value available
2004-11-14,.,No value available
2004-11-15,-2.34333,
2004-11-16,-0.92958,
2004-11-17,-0.92605,
2004-11-18,-2.00000,
2004-11-19,-1.18607,
2004-11-20,.,No value available
2004-11-21,.,No value available
2004-11-22,-2.65073,
2004-11-23,-6.65555,
2004-11-24,-1.05666,
2004-11-25,-2.34023,
2004-11-26,-2.31857,
2004-11-27,.,No value available
2004-11-28,.,No value available
2004-11-29,-0.99263,
2004-11-30,-1.69934,
2004-12-01,-2.37899,
2004-12-02,-2.37227,
2004-12-03,-0.89125,
2004-12-04,.,No value available
2004-12-05,.,No value available
2004-12-06,-2.22037,
2004-12-07,-2.35518,
2004-12-08,-1.75725,
2004-12-09,-1.64438,
2004-12-10,-1.29906,
2004-12-11,.,No value available
2004-12-12,.,No value available
2004-12-13,-1.85235,
2004-12-14,-1.19304,
2004-12-15,-1.69478,
2004-12-16,-2.40378,
2004-12-17,-2.19310,
2004-12-18,.,No value available
2004-12-19,.,No value available
2004-12-20,-0.74340,
2004-12-21,0.23819,
2004-12-22,-0.10261,
2004-12-23,-0.66882,
2004-12-24,.,No value available
2004-12-25,.,No value available
2004-12-26,.,No value available
2004-12-27,-0.54793,
2004-12-28,0.14120,
2004-12-29,-0.96795,
2004-12-30,0.07498,
2004-12-31,.,No value available
2005-01-01,.,No value available
2005-01-02,.,No value available
2005-01-03,-1.04054,
2005-01-04,-0.12475,
2005-01-05,0.58502,
2005-01-06,0.93528,
2005-01-07,-1.15322,
2005-01-08,.,No value available
2005-01-09,.,No value available
2005-01-10,0.45647,
2005-01-11,-1.07823,
2005-01-12,2.45597,
2005-01-13,-0.22708,
2005-01-14,-1.20256,
2005-01-15,.,No value available
2005-01-16,.,No value available
2005-01-17,-1.34898,
2005-01-18,-0.67770,
2005-01-19,-0.97218,
2005-01-20,-0.35467,
2005-01-21,-0.97862,
2005-01-22,.,No value available
2005-01-23,.,No value available
2005-01-24,-2.44610,
2005-01-25,0.49212,
2005-01-26,-1.33132,
2005-01-27,-2.54571,
2005-01-28,-3.01732,
2005-01-29,.,No value available
2005-01-30,.,No value available
2005-01-31,-0.28912,
2005-02-01,-3.84572,
2005-02-02,-3.41353,
2005-02-03,-1.23966,
2005-02-04,-0.40953,
2005-02-05,.,No value available
2005-02-06,.,No value available
2005-02-07,-2.22866,
2005-02-08,-0.61002,
2005-02-09,-3.08227,
2005-02-10,-3.43490,
2005-02-11,-1.26001,
2005-02-12,.,No value available
2005-02-13,.,No value available
2005-02-14,-2.46203,
2005-02-15,0.15990,
2005-02-16,-2.01410,
2005-02-17,-1.06514,
2005-02-18,-0.68836,
2005-02-19,.,No value available
2005-02-20,.,No value available
2005-02-21,0.21162,
2005-02-22,-1.98641,
2005-02-23,1.06696,
2005-02-24,-3.11847,
2005-02-25,-1.75727,
2005-02-26,.,No value available
2005-02-27,.,No value available
2005-02-28,-3.70258,
2005-03-01,-0.28181,
2005-03-02,-0.40859,
2005-03-03,-2.37304,
2005-03-04,-4.10882,
2005-03-05,.,No value available
2005-03-06,.,No value available
2005-03-07,-1.05070,
2005-03-08,-1.20367,
2005-03-09,-1.48499,
2005-03-10,-0.51699,
2005-03-11,-0.58083,
2005-03-12,.,No value available
2005-03-13,.,No value available
2005-03-14,-0.56592,
2005-03-15,-0.66925,
2005-03-16,0.32800,
2005-03-17,-0.80192,
2005-03-18,3.11199,
2005-03-19,.,No value available
2005-03-20,.,No value available
2005-03-21,-0.72818,
2005-03-22,-0.55578,
2005-03-23,-0.31638,
2005-03-24,1.41756,
2005-03-25,.,No value available
2005-03-26,.,No value available
2005-03-27,.,No value available
2005-03-28,.,No value available
2005-03-29,0.27319,
2005-03-30,0.67491,
2005-03-31,-0.49003,
2005-04-01,-1.33631,
2005-04-02,.,No value available
2005-04-03,.,No value available
2005-04-04,0.26166,
2005-04-05,-0.62777,
2005-04-06,-0.62840,
2005-04-07,0.04377,
2005-04-08,-1.20931,
2005-04-09,.,No value available
2005-04-10,.,No value available
2005-04-11,-2.07061,
2005-04-12,-1.27268,
2005-04-13,-0.89240,
2005-04-14,-2.63076,
2005-04-15,-0.66306,
2005-04-16,.,No value available
2005-04-17,.,No value available
2005-04-18,-1.20287,
2005-04-19,-0.41379,
2005-04-20,-1.05103,
2005-04-21,-1.36356,
2005-04-22,-0.39268,
2005-04-23,.,No value available
2005-04-24,.,No value available
2005-04-25,-1.29570,
2005-04-26,-1.16811,
2005-04-27,-1.05709,
2005-04-28,0.00394,
2005-04-29,-0.39434,
2005-04-30,.,No value available
2005-05-01,.,No value available
2005-05-02,-2.79399,
2005-05-03,-2.69743,
2005-05-04,-2.00670,
2005-05-05,-1.19850,
2005-05-06,-2.31166,
2005-05-07,.,No value available
2005-05-08,.,No value available
2005-05-09,-3.26805,
2005-05-10,-2.82059,
2005-05-11,-3.45365,
2005-05-12,-1.03001,
2005-05-13,-0.88043,
2005-05-14,.,No value available
2005-05-15,.,No value available
2005-05-16,-1.50575,
2005-05-17,-1.08864,
2005-05-18,-0.87032,
2005-05-19,-1.45135,
2005-05-20,-0.38211,
2005-05-21,.,No value available
2005-05-22,.,No value available
2005-05-23,-1.65184,
2005-05-24,0.74009,
2005-05-25,-1.26637,
2005-05-26,-2.09798,
2005-05-27,-2.25231,
2005-05-28,.,No value available
2005-05-29,.,No value available
2005-05-30,-2.48810,
2005-05-31,-1.25413,
2005-06-01,-3.52544,
2005-06-02,-1.80363,
2005-06-03,-1.39763,
2005-06-04,.,No value available
2005-06-05,.,No value available
2005-06-06,-2.29437,
2005-06-07,-2.30869,
2005-06-08,-1.77220,
2005-06-09,-1.97755,
2005-06-10,-2.26697,
2005-06-11,.,No value available
2005-06-12,.,No value available
2005-06-13,-2.19600,
2005-06-14,-2.44067,
2005-06-15,-1.74466,
2005-06-16,-1.30009,
2005-06-17,-1.54986,
2005-06-18,.,No value available
2005-06-19,.,No value available
2005-06-20,-2.00000,
2005-06-21,-1.41257,
2005-06-22,-2.29154,
2005-06-23,-1.71250,
2005-06-24,-1.07296,
2005-06-25,.,No value available
2005-06-26,.,No value available
2005-06-27,-0.86559,
2005-06-28,-0.99097,
2005-06-29,-1.03292,
2005-06-30,-1.06491,
2005-07-01,-2.49560,
2005-07-02,.,No value available
2005-07-03,.,No value available
2005-07-04,-5.01804,
2005-07-05,-1.43308,
2005-07-06,-1.50313,
2005-07-07,-0.92271,
2005-07-08,-1.62579,
2005-07-09,.,No value available
2005-07-10,.,No value available
2005-07-11,-1.54362,
2005-07-12,-1.52304,
2005-07-13,-0.85140,
2005-07-14,-1.40365,
2005-07-15,-1.36668,
2005-07-16,.,No value available
2005-07-17,.,No value available
2005-07-18,-1.40187,
2005-07-19,-1.29906,
2005-07-20,-1.37595,
2005-07-21,-1.81284,
2005-07-22,-1.41101,
2005-07-23,.,No value available
2005-07-24,.,No value available
2005-07-25,-1.41921,
2005-07-26,-1.34142,
2005-07-27,-1.31557,
2005-07-28,-1.27272,
2005-07-29,-1.25889,
2005-07-30,.,No value available
2005-07-31,.,No value available
2005-08-01,0.55596,
2005-08-02,0.52708,
2005-08-03,-0.95922,
2005-08-04,-1.17817,
2005-08-05,-0.62734,
2005-08-06,.,No value available
2005-08-07,.,No value available
2005-08-08,-0.08398,
2005-08-09,-1.02032,
2005-08-10,0.14782,
2005-08-11,-0.75039,
2005-08-12,-1.06122,
2005-08-13,.,No value available
2005-08-14,.,No value available
2005-08-15,-1.33909,
2005-08-16,0.10591,
2005-08-17,-1.22719,
2005-08-18,-1.34420,
2005-08-19,-1.33199,
2005-08-20,.,No value available
2005-08-21,.,No value available
2005-08-22,-1.23302,
2005-08-23,0.35166,
2005-08-24,0.12956,
2005-08-25,0.75464,
2005-08-26,0.34700,
2005-08-27,.,No value available
2005-08-28,.,No value available
2005-08-29,0.32009,
2005-08-30,-0.21753,
2005-08-31,1.64702,
2005-09-01,0.23260,
2005-09-02,-0.66197,
2005-09-03,.,No value available
2005-09-04,.,No value available
2005-09-05,-0.89288,
2005-09-06,0.05545,
2005-09-07,-0.48908,
2005-09-08,-0.49558,
2005-09-09,1.49304,
2005-09-10,.,No value available
2005-09-11,.,No value available
2005-09-12,0.25285,
2005-09-13,-0.01322,
2005-09-14,0.13985,
2005-09-15,-0.88897,
2005-09-16,-0.56827,
2005-09-17,.,No value available
2005-09-18,.,No value available
2005-09-19,0.28001,
2005-09-20,-0.20990,
2005-09-21,-0.11337,
2005-09-22,0.53833,
2005-09-23,0.68270,
2005-09-24,.,No value available
2005-09-25,.,No value available
2005-09-26,0.14479,
2005-09-27,-0.16974,
2005-09-28,-0.20203,
2005-09-29,-0.37965,
2005-09-30,-4.02181,
2005-10-01,.,No value available
2005-10-02,.,No value available
2005-10-03,-1.28015,
2005-10-04,-2.20965,
2005-10-05,-1.54140,
2005-10-06,-1.67474,
2005-10-07,0.53946,
2005-10-08,.,No value available
2005-10-09,.,No value available
2005-10-10,2.20749,
2005-10-11,0.83702,
2005-10-12,0.59750,
2005-10-13,0.51588,
2005-10-14,0.52829,
2005-10-15,.,No value available
2005-10-16,.,No value available
2005-10-17,-0.04706,
2005-10-18,0.15135,
2005-10-19,0.70802,
2005-10-20,0.23462,
2005-10-21,-1.62033,
2005-10-22,.,No value available
2005-10-23,.,No value available
2005-10-24,-2.97049,
2005-10-25,-1.40864,
2005-10-26,-1.32254,
2005-10-27,-1.35224,
2005-10-28,-1.26542,
2005-10-29,.,No value available
2005-10-30,.,No value available
2005-10-31,-1.26482,
2005-11-01,-1.26286,
2005-11-02,-2.41149,
2005-11-03,-2.31981,
2005-11-04,-2.27714,
2005-11-05,.,No value available
2005-11-06,.,No value available
2005-11-07,-3.00404,
2005-11-08,-2.98033,
2005-11-09,-3.98628,
2005-11-10,-2.84916,
2005-11-11,-2.10680,
2005-11-12,.,No value available
2005-11-13,.,No value available
2005-11-14,-4.07453,
2005-11-15,-3.01766,
2005-11-16,-1.97210,
2005-11-17,-2.13849,
2005-11-18,-2.26433,
2005-11-19,.,No value available
2005-11-20,.,No value available
2005-11-21,-2.80877,
2005-11-22,-4.58050,
2005-11-23,-2.09245,
2005-11-24,0.43727,
2005-11-25,-2.03317,
2005-11-26,.,No value available
2005-11-27,.,No value available
2005-11-28,0.73362,
2005-11-29,-2.56626,
2005-11-30,-0.30942,
2005-12-01,-0.88300,
2005-12-02,0.28810,
2005-12-03,.,No value available
2005-12-04,.,No value available
2005-12-05,-0.94903,
2005-12-06,0.51251,
2005-12-07,0.50211,
2005-12-08,-2.08889,
2005-12-09,-2.29018,
2005-12-10,.,No value available
2005-12-11,.,No value available
2005-12-12,-4.36894,
2005-12-13,-2.69146,
2005-12-14,-2.58789,
2005-12-15,-2.99159,
2005-12-16,-2.90283,
2005-12-17,.,No value available
2005-12-18,.,No value available
2005-12-19,-2.23760,
2005-12-20,-2.43484,
2005-12-21,-2.17406,
2005-12-22,-1.04711,
2005-12-23,-1.04887,
2005-12-24,.,No value available
2005-12-25,.,No value available
2005-12-26,.,No value available
2005-12-27,-3.12505,
2005-12-28,-3.14812,
2005-12-29,-1.06122,
2005-12-30,-1.20304,
2005-12-31,.,No value available
2006-01-01,.,No value available
2006-01-02,-1.46453,
2006-01-03,1.18177,
2006-01-04,-2.65480,
2006-01-05,-2.06227,
2006-01-06,-2.69047,
2006-01-07,.,No value available
2006-01-08,.,No value available
2006-01-09,-2.85425,
2006-01-10,-1.07137,
2006-01-11,0.08497,
2006-01-12,-0.91266,
2006-01-13,-1.07175,
2006-01-14,.,No value available
2006-01-15,.,No value available
2006-01-16,-2.07900,
2006-01-17,-2.11010,
2006-01-18,-2.12004,
2006-01-19,-1.89493,
2006-01-20,0.78254,
2006-01-21,.,No value available
2006-01-22,.,No value available
2006-01-23,-1.95954,
2006-01-24,-1.79242,
2006-01-25,-1.77762,
2006-01-26,-2.03541,
2006-01-27,-1.97618,
2006-01-28,.,No value available
2006-01-29,.,No value available
2006-01-30,-1.86328,
2006-01-31,-1.72954,
2006-02-01,-1.71775,
2006-02-02,-1.68915,
2006-02-03,-2.29946,
2006-02-04,.,No value available
2006-02-05,.,No value available
2006-02-06,-1.62128,
2006-02-07,-1.82860,
2006-02-08,-1.92517,
2006-02-09,-1.83490,
2006-02-10,-1.76872,
2006-02-11,.,No value available
2006-02-12,.,No value available
2006-02-13,-1.76250,
2006-02-14,-1.76250,
2006-02-15,-1.85192,
2006-02-16,-1.80190,
2006-02-17,-1.90477,
2006-02-18,.,No value available
2006-02-19,.,No value available
2006-02-20,-1.53084,
2006-02-21,0.50612,
2006-02-22,-1.86692,
2006-02-23,-1.90515,
2006-02-24,-1.73801,
2006-02-25,.,No value available
2006-02-26,.,No value available
2006-02-27,-1.65979,
2006-02-28,-1.62368,
2006-03-01,-1.62368,
2006-03-02,-2.79922,
2006-03-03,-1.35889,
2006-03-04,.,No value available
2006-03-05,.,No value available
2006-03-06,-1.35889,
2006-03-07,-1.34407,
2006-03-08,-1.51287,
2006-03-09,-1.66201,
2006-03-10,-1.83124,
2006-03-11,.,No value available
2006-03-12,.,No value available
2006-03-13,-1.55917,
2006-03-14,-1.68750,
2006-03-15,-1.60162,
2006-03-16,-1.58086,
2006-03-17,-1.57246,
2006-03-18,.,No value available
2006-03-19,.,No value available
2006-03-20,-1.54560,
2006-03-21,-1.84770,
2006-03-22,-1.47247,
2006-03-23,-1.57238,
2006-03-24,-1.55166,
2006-03-25,.,No value available
2006-03-26,.,No value available
2006-03-27,-1.65392,
2006-03-28,-1.46344,
2006-03-29,-1.45798,
2006-03-30,-1.55534,
2006-03-31,-1.55534,
2006-04-01,.,No value available
2006-04-02,.,No value available
2006-04-03,-1.48460,
2006-04-04,-1.56762,
2006-04-05,-1.80449,
2006-04-06,-1.85550,
2006-04-07,-2.02055,
2006-04-08,.,No value available
2006-04-09,.,No value available
2006-04-10,-1.97069,
2006-04-11,-1.83121,
2006-04-12,-3.20846,
2006-04-13,-1.73181,
2006-04-14,.,No value available
2006-04-15,.,No value available
2006-04-16,.,No value available
2006-04-17,.,No value available
2006-04-18,-1.82617,
2006-04-19,-1.90330,
2006-04-20,-1.86249,
2006-04-21,-1.87500,
2006-04-22,.,No value available
2006-04-23,.,No value available
2006-04-24,-1.87504,
2006-04-25,-1.62902,
2006-04-26,-1.53019,
2006-04-27,-1.57853,
2006-04-28,-1.62242,
2006-04-29,.,No value available
2006-04-30,.,No value available
2006-05-01,.,No value available
2006-05-02,-1.58186,
2006-05-03,-1.58186,
2006-05-04,-2.42625,
2006-05-05,-1.80028,
2006-05-06,.,No value available
2006-05-07,.,No value available
2006-05-08,-1.76004,
2006-05-09,-1.80287,
2006-05-10,-1.97783,
2006-05-11,-2.60785,
2006-05-12,-1.98486,
2006-05-13,.,No value available
2006-05-14,.,No value available
2006-05-15,-2.33585,
2006-05-16,-2.42318,
2006-05-17,-2.38117,
2006-05-18,-2.55320,
2006-05-19,-2.51126,
2006-05-20,.,No value available
2006-05-21,.,No value available
2006-05-22,-2.50255,
2006-05-23,-2.43823,
2006-05-24,-2.35831,
2006-05-25,-2.39870,
2006-05-26,-2.37521,
2006-05-27,.,No value available
2006-05-28,.,No value available
2006-05-29,-2.32114,
2006-05-30,-2.26851,
2006-05-31,-2.25757,
2006-06-01,-2.24920,
2006-06-02,-2.34808,
2006-06-03,.,No value available
2006-06-04,.,No value available
2006-06-05,-2.24649,
2006-06-06,-2.12041,
2006-06-07,-2.11452,
2006-06-08,-2.20485,
2006-06-09,-2.30814,
2006-06-10,.,No value available
2006-06-11,.,No value available
2006-06-12,-2.30214,
2006-06-13,-2.37598,
2006-06-14,-2.25805,
2006-06-15,-2.15002,
2006-06-16,-1.44857,
2006-06-17,.,No value available
2006-06-18,.,No value available
2006-06-19,-1.68056,
2006-06-20,-2.05419,
2006-06-21,-1.92959,
2006-06-22,-2.00983,
2006-06-23,-2.02827,
2006-06-24,.,No value available
2006-06-25,.,No value available
2006-06-26,-2.04891,
2006-06-27,-1.85403,
2006-06-28,-1.86444,
2006-06-29,-1.89732,
2006-06-30,-1.92927,
2006-07-01,.,No value available
2006-07-02,.,No value available
2006-07-03,-1.89761,
2006-07-04,-1.89761,
2006-07-05,-1.87443,
2006-07-06,-1.89489,
2006-07-07,-1.80315,
2006-07-08,.,No value available
2006-07-09,.,No value available
2006-07-10,-1.79107,
2006-07-11,-1.89126,
2006-07-12,-1.90925,
2006-07-13,-2.04675,
2006-07-14,-2.14406,
2006-07-15,.,No value available
2006-07-16,.,No value available
2006-07-17,-2.22240,
2006-07-18,-2.10807,
2006-07-19,-1.93384,
2006-07-20,-2.03092,
2006-07-21,-2.07142,
2006-07-22,.,No value available
2006-07-23,.,No value available
2006-07-24,-1.98227,
2006-07-25,-2.05978,
2006-07-26,-2.04393,
2006-07-27,-2.14123,
2006-07-28,-2.05867,
2006-07-29,.,No value available
2006-07-30,.,No value available
2006-07-31,-2.10172,
2006-08-01,-2.08285,
2006-08-02,-2.15402,
2006-08-03,-2.09889,
2006-08-04,-1.80191,
2006-08-05,.,No value available
2006-08-06,.,No value available
2006-08-07,-1.99098,
2006-08-08,-2.03415,
2006-08-09,-1.99184,
2006-08-10,-2.09901,
2006-08-11,-1.85569,
2006-08-12,.,No value available
2006-08-13,.,No value available
2006-08-14,-1.87210,
2006-08-15,-1.87210,
2006-08-16,-1.84387,
2006-08-17,-1.91022,
2006-08-18,-1.78976,
2006-08-19,.,No value available
2006-08-20,.,No value available
2006-08-21,-1.84497,
2006-08-22,-1.99854,
2006-08-23,-1.99854,
2006-08-24,-1.98545,
2006-08-25,-2.05091,
2006-08-26,.,No value available
2006-08-27,.,No value available
2006-08-28,-2.04474,
2006-08-29,-2.01285,
2006-08-30,-2.06153,
2006-08-31,-2.07042,
2006-09-01,-2.09355,
2006-09-02,.,No value available
2006-09-03,.,No value available
2006-09-04,-2.01893,
2006-09-05,-1.97016,
2006-09-06,-1.89707,
2006-09-07,-1.94192,
2006-09-08,-1.89408,
2006-09-09,.,No value available
2006-09-10,.,No value available
2006-09-11,-1.70983,
2006-09-12,-1.69527,
2006-09-13,-1.72499,
2006-09-14,-1.68682,
2006-09-15,-1.58962,
2006-09-16,.,No value available
2006-09-17,.,No value available
2006-09-18,-1.54655,
2006-09-19,-1.51960,
2006-09-20,-1.57805,
2006-09-21,-1.50399,
2006-09-22,-1.71103,
2006-09-23,.,No value available
2006-09-24,.,No value available
2006-09-25,-1.84093,
2006-09-26,-1.67585,
2006-09-27,-1.55260,
2006-09-28,-1.46943,
2006-09-29,-1.49472,
2006-09-30,.,No value available
2006-10-01,.,No value available
2006-10-02,-1.47768,
2006-10-03,-1.50930,
2006-10-04,-1.51706,
2006-10-05,-1.55431,
2006-10-06,-1.66496,
2006-10-07,.,No value available
2006-10-08,.,No value available
2006-10-09,-1.47782,
2006-10-10,-1.41039,
2006-10-11,-1.33548,
2006-10-12,-1.28456,
2006-10-13,-1.35726,
2006-10-14,.,No value available
2006-10-15,.,No value available
2006-10-16,-1.28921,
2006-10-17,-1.29807,
2006-10-18,1.22289,
2006-10-19,1.16624,
2006-10-20,1.16026,
2006-10-21,.,No value available
2006-10-22,.,No value available
2006-10-23,1.21702,
2006-10-24,1.21456,
2006-10-25,1.28288,
2006-10-26,-1.06090,
2006-10-27,-0.99802,
2006-10-28,.,No value available
2006-10-29,.,No value available
2006-10-30,-1.01575,
2006-10-31,-0.90281,
2006-11-01,-1.04201,
2006-11-02,-0.97258,
2006-11-03,-1.12824,
2006-11-04,.,No value available
2006-11-05,.,No value available
2006-11-06,-0.96106,
2006-11-07,-1.01843,
2006-11-08,-0.95145,
2006-11-09,-0.94804,
2006-11-10,-1.13516,
2006-11-11,.,No value available
2006-11-12,.,No value available
2006-11-13,-1.14966,
2006-11-14,-1.01300,
2006-11-15,-1.06071,
2006-11-16,-1.00970,
2006-11-17,-0.94765,
2006-11-18,.,No value available
2006-11-19,.,No value available
2006-11-20,-1.03075,
2006-11-21,-0.99106,
2006-11-22,-1.01107,
2006-11-23,-1.07825,
2006-11-24,-1.11549,
2006-11-25,.,No value available
2006-11-26,.,No value available
2006-11-27,-1.26468,
2006-11-28,-1.27714,
2006-11-29,-1.21752,
2006-11-30,-1.21322,
2006-12-01,-1.22455,
2006-12-02,.,No value available
2006-12-03,.,No value available
2006-12-04,-1.27266,
2006-12-05,-1.24365,
2006-12-06,-1.15467,
2006-12-07,-1.15467,
2006-12-08,-1.02620,
2006-12-09,.,No value available
2006-12-10,.,No value available
2006-12-11,-0.98481,
2006-12-12,-0.96157,
2006-12-13,-0.87224,
2006-12-14,-0.87970,
2006-12-15,-0.71947,
2006-12-16,.,No value available
2006-12-17,.,No value available
2006-12-18,-0.82479,
2006-12-19,-0.86735,
2006-12-20,-0.88535,
2006-12-21,-0.85015,
2006-12-22,-0.90560,
2006-12-23,.,No value available
2006-12-24,.,No value available
2006-12-25,.,No value available
2006-12-26,.,No value available
2006-12-27,-0.89274,
2006-12-28,-0.83186,
2006-12-29,-0.83186,
2006-12-30,.,No value available
2006-12-31,.,No value available
2007-01-01,.,No value available
2007-01-02,-0.88429,
2007-01-03,-0.85750,
2007-01-04,-0.85750,
2007-01-05,-0.92886,
2007-01-06,.,No value available
2007-01-07,.,No value available
2007-01-08,-0.92589,
2007-01-09,-0.92589,
2007-01-10,-0.98341,
2007-01-11,-1.01967,
2007-01-12,-1.15411,
2007-01-13,.,No value available
2007-01-14,.,No value available
2007-01-15,-1.12028,
2007-01-16,-1.03952,
2007-01-17,-1.00070,
2007-01-18,-1.06267,
2007-01-19,-0.96209,
2007-01-20,.,No value available
2007-01-21,.,No value available
2007-01-22,-0.84749,
2007-01-23,-0.82202,
2007-01-24,-0.87083,
2007-01-25,-0.85946,
2007-01-26,-0.82605,
2007-01-27,.,No value available
2007-01-28,.,No value available
2007-01-29,-0.89374,
2007-01-30,-1.03268,
2007-01-31,-0.94561,
2007-02-01,-1.00621,
2007-02-02,-0.99143,
2007-02-03,.,No value available
2007-02-04,.,No value available
2007-02-05,-1.15017,
2007-02-06,-1.15508,
2007-02-07,-1.11217,
2007-02-08,-1.07352,
2007-02-09,-0.91937,
2007-02-10,.,No value available
2007-02-11,.,No value available
2007-02-12,-1.03568,
2007-02-13,-0.99294,
2007-02-14,-0.99550,
2007-02-15,-1.02165,
2007-02-16,-1.05175,
2007-02-17,.,No value available
2007-02-18,.,No value available
2007-02-19,-0.99068,
2007-02-20,-0.99871,
2007-02-21,-0.93894,
2007-02-22,-0.92220,
2007-02-23,-0.92220,
2007-02-24,.,No value available
2007-02-25,.,No value available
2007-02-26,-0.95689,
2007-02-27,-0.99627,
2007-02-28,-1.15038,
2007-03-01,-1.13187,
2007-03-02,-1.28207,
2007-03-03,.,No value available
2007-03-04,.,No value available
2007-03-05,-1.41640,
2007-03-06,-1.27378,
2007-03-07,-1.34858,
2007-03-08,-1.34719,
2007-03-09,-1.39308,
2007-03-10,.,No value available
2007-03-11,.,No value available
2007-03-12,-1.32115,
2007-03-13,-1.34228,
2007-03-14,-1.49724,
2007-03-15,-1.43314,
2007-03-16,-1.38552,
2007-03-17,.,No value available
2007-03-18,.,No value available
2007-03-19,-1.29338,
2007-03-20,-1.29338,
2007-03-21,-1.33213,
2007-03-22,-1.44934,
2007-03-23,-1.56751,
2007-03-24,.,No value available
2007-03-25,.,No value available
2007-03-26,-1.53011,
2007-03-27,-1.54417,
2007-03-28,-1.48162,
2007-03-29,-1.54009,
2007-03-30,-1.43093,
2007-03-31,.,No value available
2007-04-01,.,No value available
2007-04-02,-1.35000,
2007-04-03,-1.38823,
2007-04-04,-1.49730,
2007-04-05,-1.54669,
2007-04-06,.,No value available
2007-04-07,.,No value available
2007-04-08,.,No value available
2007-04-09,.,No value available
2007-04-10,-1.45047,
2007-04-11,-1.49544,
2007-04-12,-1.48546,
2007-04-13,-1.52632,
2007-04-14,.,No value available
2007-04-15,.,No value available
2007-04-16,-1.49285,
2007-04-17,-1.55809,
2007-04-18,-1.48663,
2007-04-19,-1.44532,
2007-04-20,-1.41465,
2007-04-21,.,No value available
2007-04-22,.,No value available
2007-04-23,-1.32595,
2007-04-24,-1.28919,
2007-04-25,-1.28393,
2007-04-26,-1.22954,
2007-04-27,-1.19940,
2007-04-28,.,No value available
2007-04-29,.,No value available
2007-04-30,-1.19940,
2007-05-01,.,No value available
2007-05-02,-1.22212,
2007-05-03,-1.26676,
2007-05-04,-1.26676,
2007-05-05,.,No value available
2007-05-06,.,No value available
2007-05-07,-1.23535,
2007-05-08,-1.31710,
2007-05-09,-1.31710,
2007-05-10,-1.29076,
2007-05-11,-1.36127,
2007-05-12,.,No value available
2007-05-13,.,No value available
2007-05-14,-1.26313,
2007-05-15,-1.21474,
2007-05-16,-1.22218,
2007-05-17,-1.11786,
2007-05-18,-1.14532,
2007-05-19,.,No value available
2007-05-20,.,No value available
2007-05-21,-1.14532,
2007-05-22,-1.19533,
2007-05-23,-1.13443,
2007-05-24,-1.09412,
2007-05-25,-1.83307,
2007-05-26,.,No value available
2007-05-27,.,No value available
2007-05-28,.,No value available
2007-05-29,-1.05296,
2007-05-30,-1.05296,
2007-05-31,-1.02418,
2007-06-01,-0.97501,
2007-06-02,.,No value available
2007-06-03,.,No value available
2007-06-04,-1.38180,
2007-06-05,-0.99191,
2007-06-06,-1.00511,
2007-06-07,-1.05607,
2007-06-08,-1.16920,
2007-06-09,.,No value available
2007-06-10,.,No value available
2007-06-11,-1.00624,
2007-06-12,-1.07619,
2007-06-13,-1.20844,
2007-06-14,-1.04443,
2007-06-15,-1.24061,
2007-06-16,.,No value available
2007-06-17,.,No value available
2007-06-18,-1.24410,
2007-06-19,-1.33557,
2007-06-20,-1.29049,
2007-06-21,-1.02016,
2007-06-22,-1.06375,
2007-06-23,.,No value available
2007-06-24,.,No value available
2007-06-25,-1.08042,
2007-06-26,-1.00773,
2007-06-27,-1.10262,
2007-06-28,-1.00043,
2007-06-29,-1.01717,
2007-06-30,.,No value available
2007-07-01,.,No value available
2007-07-02,-1.02261,
2007-07-03,-1.05426,
2007-07-04,-0.97217,
2007-07-05,-1.05543,
2007-07-06,-0.89460,
2007-07-07,.,No value available
2007-07-08,.,No value available
2007-07-09,-0.82264,
2007-07-10,-0.80859,
2007-07-11,-1.00039,
2007-07-12,-0.94717,
2007-07-13,-0.83008,
2007-07-14,.,No value available
2007-07-15,.,No value available
2007-07-16,-0.90037,
2007-07-17,-0.92327,
2007-07-18,-0.94441,
2007-07-19,-1.02986,
2007-07-20,-1.01804,
2007-07-21,.,No value available
2007-07-22,.,No value available
2007-07-23,-1.01646,
2007-07-24,-1.07698,
2007-07-25,-1.08406,
2007-07-26,-1.11800,
2007-07-27,-1.16419,
2007-07-28,.,No value available
2007-07-29,.,No value available
2007-07-30,-1.21162,
2007-07-31,-1.20151,
2007-08-01,-1.15277,
2007-08-02,-1.14676,
2007-08-03,-1.08055,
2007-08-04,.,No value available
2007-08-05,.,No value available
2007-08-06,-1.21820,
2007-08-07,-1.16864,
2007-08-08,-1.13561,
2007-08-09,-1.23506,
2007-08-10,-1.32445,
2007-08-11,.,No value available
2007-08-12,.,No value available
2007-08-13,5.72248,
2007-08-14,6.24517,
2007-08-15,13.35664,
2007-08-16,2.75932,
2007-08-17,3.29198,
2007-08-18,.,No value available
2007-08-19,.,No value available
2007-08-20,3.22897,
2007-08-21,4.00596,
2007-08-22,3.50793,
2007-08-23,2.76086,
2007-08-24,3.29160,
2007-08-25,.,No value available
2007-08-26,.,No value available
2007-08-27,2.75442,
2007-08-28,3.07472,
2007-08-29,3.39378,
2007-08-30,3.35748,
2007-08-31,3.08159,
2007-09-01,.,No value available
2007-09-02,.,No value available
2007-09-03,3.13942,
2007-09-04,3.23732,
2007-09-05,3.21972,
2007-09-06,3.24473,
2007-09-07,3.54224,
2007-09-08,.,No value available
2007-09-09,.,No value available
2007-09-10,3.70993,
2007-09-11,3.81661,
2007-09-12,3.66946,
2007-09-13,3.58297,
2007-09-14,3.40313,
2007-09-15,.,No value available
2007-09-16,.,No value available
2007-09-17,3.24124,
2007-09-18,3.23568,
2007-09-19,3.17848,
2007-09-20,3.26423,
2007-09-21,3.26597,
2007-09-22,.,No value available
2007-09-23,.,No value available
2007-09-24,3.39238,
2007-09-25,3.34185,
2007-09-26,3.32178,
2007-09-27,2.98995,
2007-09-28,3.05153,
2007-09-29,.,No value available
2007-09-30,.,No value available
2007-10-01,3.30358,
2007-10-02,3.14001,
2007-10-03,3.37452,
2007-10-04,3.10273,
2007-10-05,3.27605,
2007-10-06,.,No value available
2007-10-07,.,No value available
2007-10-08,2.83783,
2007-10-09,-1.61926,
2007-10-10,1.86867,
2007-10-11,9.24287,
2007-10-12,2.33095,
2007-10-13,.,No value available
2007-10-14,.,No value available
2007-10-15,6.48383,
2007-10-16,1.67463,
2007-10-17,2.50121,
2007-10-18,1.72323,
2007-10-19,15.64571,
2007-10-20,.,No value available
2007-10-21,.,No value available
2007-10-22,4.70016,
2007-10-23,0.56468,
2007-10-24,0.80780,
2007-10-25,0.77639,
2007-10-26,1.00166,
2007-10-27,.,No value available
2007-10-28,.,No value available
2007-10-29,0.70624,
2007-10-30,0.78816,
2007-10-31,0.85672,
2007-11-01,0.70239,
2007-11-02,0.06174,
2007-11-03,.,No value available
2007-11-04,.,No value available
2007-11-05,0.06174,
2007-11-06,-1.11922,
2007-11-07,-3.29340,
2007-11-08,-2.89501,
2007-11-09,-0.96432,
2007-11-10,.,No value available
2007-11-11,.,No value available
2007-11-12,-0.04458,
2007-11-13,-0.04432,
2007-11-14,-2.19703,
2007-11-15,-2.38744,
2007-11-16,-2.50637,
2007-11-17,.,No value available
2007-11-18,.,No value available
2007-11-19,-2.43967,
2007-11-20,-2.52576,
2007-11-21,-2.55724,
2007-11-22,-2.82805,
2007-11-23,-2.90998,
2007-11-24,.,No value available
2007-11-25,.,No value available
2007-11-26,2.15909,
2007-11-27,2.23707,
2007-11-28,1.91734,
2007-11-29,1.93160,
2007-11-30,1.98558,
2007-12-01,.,No value available
2007-12-02,.,No value available
2007-12-03,1.40363,
2007-12-04,1.93470,
2007-12-05,1.83320,
2007-12-06,1.86259,
2007-12-07,1.63691,
2007-12-08,.,No value available
2007-12-09,.,No value available
2007-12-10,1.39874,
2007-12-11,1.34402,
2007-12-12,2.10510,
2007-12-13,1.44984,
2007-12-14,1.48746,
2007-12-15,.,No value available
2007-12-16,.,No value available
2007-12-17,1.69898,
2007-12-18,0.98893,
2007-12-19,1.74197,
2007-12-20,1.44445,
2007-12-21,1.63877,
2007-12-22,.,No value available
2007-12-23,.,No value available
2007-12-24,.,No value available
2007-12-25,.,No value available
2007-12-26,.,No value available
2007-12-27,1.18745,
2007-12-28,-1.46555,
2007-12-29,.,No value available
2007-12-30,.,No value available
2007-12-31,.,No value available
2008-01-01,.,No value available
2008-01-02,-1.20267,
2008-01-03,-1.80068,
2008-01-04,-1.98966,
2008-01-05,.,No value available
2008-01-06,.,No value available
2008-01-07,-2.09355,
2008-01-08,-2.24968,
2008-01-09,-2.19515,
2008-01-10,-2.22602,
2008-01-11,-2.19052,
2008-01-12,.,No value available
2008-01-13,.,No value available
2008-01-14,-2.40878,
2008-01-15,-0.64692,
2008-01-16,-0.72040,
2008-01-17,-1.12115,
2008-01-18,-1.58563,
2008-01-19,.,No value available
2008-01-20,.,No value available
2008-01-21,-1.68085,
2008-01-22,-2.20169,
2008-01-23,-3.57525,
2008-01-24,-3.58687,
2008-01-25,-3.55528,
2008-01-26,.,No value available
2008-01-27,.,No value available
2008-01-28,-3.43966,
2008-01-29,-3.46657,
2008-01-30,-3.57171,
2008-01-31,-3.49114,
2008-02-01,-3.41165,
2008-02-02,.,No value available
2008-02-03,.,No value available
2008-02-04,-3.25840,
2008-02-05,-3.18017,
2008-02-06,-3.24425,
2008-02-07,-3.72160,
2008-02-08,-4.17734,
2008-02-09,.,No value available
2008-02-10,.,No value available
2008-02-11,-3.86352,
2008-02-12,-3.93695,
2008-02-13,-3.62577,
2008-02-14,-3.49653,
2008-02-15,-3.27375,
2008-02-16,.,No value available
2008-02-17,.,No value available
2008-02-18,-3.34041,
2008-02-19,-3.04292,
2008-02-20,-3.03720,
2008-02-21,-3.29302,
2008-02-22,-3.27931,
2008-02-23,.,No value available
2008-02-24,.,No value available
2008-02-25,-3.56946,
2008-02-26,-3.24134,
2008-02-27,-3.57304,
2008-02-28,-3.72711,
2008-02-29,-2.12314,
2008-03-01,.,No value available
2008-03-02,.,No value available
2008-03-03,-1.51341,
2008-03-04,-1.66579,
2008-03-05,-0.97213,
2008-03-06,-1.14883,
2008-03-07,-1.08245,
2008-03-08,.,No value available
2008-03-09,.,No value available
2008-03-10,2.62858,
2008-03-11,3.01503,
2008-03-12,2.42313,
2008-03-13,3.43223,
2008-03-14,3.12110,
2008-03-15,.,No value available
2008-03-16,.,No value available
2008-03-17,3.61089,
2008-03-18,3.46954,
2008-03-19,3.00888,
2008-03-20,2.50634,
2008-03-21,.,No value available
2008-03-22,.,No value available
2008-03-23,.,No value available
2008-03-24,.,No value available
2008-03-25,1.54034,
2008-03-26,1.22382,
2008-03-27,2.78815,
2008-03-28,2.07504,
2008-03-29,.,No value available
2008-03-30,.,No value available
2008-03-31,2.22391,
2008-04-01,1.95930,
2008-04-02,3.44761,
2008-04-03,3.26657,
2008-04-04,3.54439,
2008-04-05,.,No value available
2008-04-06,.,No value available
2008-04-07,3.21313,
2008-04-08,3.03801,
2008-04-09,3.79556,
2008-04-10,4.30309,
2008-04-11,4.22793,
2008-04-12,.,No value available
2008-04-13,.,No value available
2008-04-14,4.31931,
2008-04-15,4.25191,
2008-04-16,3.44461,
2008-04-17,2.56493,
2008-04-18,2.37994,
2008-04-19,.,No value available
2008-04-20,.,No value available
2008-04-21,1.96199,
2008-04-22,1.80267,
2008-04-23,1.98526,
2008-04-24,2.61484,
2008-04-25,1.82491,
2008-04-26,.,No value available
2008-04-27,.,No value available
2008-04-28,2.13699,
2008-04-29,2.01907,
2008-04-30,2.37020,
2008-05-01,.,No value available
2008-05-02,2.97664,
2008-05-03,.,No value available
2008-05-04,.,No value available
2008-05-05,2.66911,
2008-05-06,2.55643,
2008-05-07,2.69680,
2008-05-08,3.14583,
2008-05-09,3.72583,
2008-05-10,.,No value available
2008-05-11,.,No value available
2008-05-12,3.32994,
2008-05-13,3.37856,
2008-05-14,2.84310,
2008-05-15,2.24261,
2008-05-16,2.31078,
2008-05-17,.,No value available
2008-05-18,.,No value available
2008-05-19,2.19042,
2008-05-20,1.17623,
2008-05-21,0.98464,
2008-05-22,0.99891,
2008-05-23,1.25999,
2008-05-24,.,No value available
2008-05-25,.,No value available
2008-05-26,2.53718,
2008-05-27,6.41014,
2008-05-28,7.06002,
2008-05-29,-1.77292,
2008-05-30,-2.20601,
2008-05-31,.,No value available
2008-06-01,.,No value available
2008-06-02,-2.08141,
2008-06-03,-2.27221,
2008-06-04,-2.62530,
2008-06-05,-2.77424,
2008-06-06,-2.64561,
2008-06-07,.,No value available
2008-06-08,.,No value available
2008-06-09,-2.54498,
2008-06-10,-2.07457,
2008-06-11,-2.38019,
2008-06-12,-2.21188,
2008-06-13,-1.86960,
2008-06-14,.,No value available
2008-06-15,.,No value available
2008-06-16,-1.40564,
2008-06-17,-1.35194,
2008-06-18,-1.20920,
2008-06-19,-1.00784,
2008-06-20,-0.79912,
2008-06-21,.,No value available
2008-06-22,.,No value available
2008-06-23,-0.99301,
2008-06-24,-1.24951,
2008-06-25,-1.46556,
2008-06-26,-1.67084,
2008-06-27,-2.32236,
2008-06-28,.,No value available
2008-06-29,.,No value available
2008-06-30,-2.24215,
2008-07-01,-1.88393,
2008-07-02,-1.54167,
2008-07-03,-1.40957,
2008-07-04,-2.39360,
2008-07-05,.,No value available
2008-07-06,.,No value available
2008-07-07,-2.40281,
2008-07-08,-2.78130,
2008-07-09,-2.57371,
2008-07-10,-2.61498,
2008-07-11,-2.54987,
2008-07-12,.,No value available
2008-07-13,.,No value available
2008-07-14,-12.55607,
2008-07-15,30.00000,
2008-07-16,28.72422,
2008-07-17,29.99439,
2008-07-18,30.00000,
2008-07-19,.,No value available
2008-07-20,.,No value available
2008-07-21,-2.04030,
2008-07-22,-2.00724,
2008-07-23,-1.49906,
2008-07-24,-1.98498,
2008-07-25,-2.20446,
2008-07-26,.,No value available
2008-07-27,.,No value available
2008-07-28,-2.19679,
2008-07-29,-2.36159,
2008-07-30,-2.51921,
2008-07-31,-26.14446,
2008-08-01,-22.79339,
2008-08-02,.,No value available
2008-08-03,.,No value available
2008-08-04,-26.49998,
2008-08-05,-26.50028,
2008-08-06,-26.54329,
2008-08-07,-26.52813,
2008-08-08,-19.67175,
2008-08-09,.,No value available
2008-08-10,.,No value available
2008-08-11,-21.04902,
2008-08-12,-26.88618,
2008-08-13,-26.87725,
2008-08-14,-17.97829,
2008-08-15,-15.01617,
2008-08-16,.,No value available
2008-08-17,.,No value available
2008-08-18,-6.35683,
2008-08-19,-5.25139,
2008-08-20,-16.56982,
2008-08-21,-23.76278,
2008-08-22,-26.78098,
2008-08-23,.,No value available
2008-08-24,.,No value available
2008-08-25,-26.82763,
2008-08-26,-16.14644,
2008-08-27,-17.17464,
2008-08-28,-19.98114,
2008-08-29,-26.78381,
2008-08-30,.,No value available
2008-08-31,.,No value available
2008-09-01,-14.94925,
2008-09-02,-26.70001,
2008-09-03,-26.94598,
2008-09-04,-26.91848,
2008-09-05,-16.67926,
2008-09-06,.,No value available
2008-09-07,.,No value available
2008-09-08,-27.04659,
2008-09-09,-27.22913,
2008-09-10,-27.37417,
2008-09-11,-26.20685,
2008-09-12,-24.00587,
2008-09-13,.,No value available
2008-09-14,.,No value available
2008-09-15,-8.63976,
2008-09-16,-6.28115,
2008-09-17,-9.27131,
2008-09-18,-24.82634,
2008-09-19,-26.23394,
2008-09-20,.,No value available
2008-09-21,.,No value available
2008-09-22,2.85256,
2008-09-23,3.67531,
2008-09-24,3.82230,
2008-09-25,4.17614,
2008-09-26,4.13511,
2008-09-27,.,No value available
2008-09-28,.,No value available
2008-09-29,3.80538,
2008-09-30,-4.46133,
2008-10-01,-3.68411,
2008-10-02,-3.75744,
2008-10-03,-3.43038,
2008-10-04,.,No value available
2008-10-05,.,No value available
2008-10-06,-4.01094,
2008-10-07,-3.29955,
2008-10-08,-2.68467,
2008-10-09,-3.55474,
2008-10-10,-3.60954,
2008-10-11,.,No value available
2008-10-12,.,No value available
2008-10-13,-3.36724,
2008-10-14,-3.05224,
2008-10-15,-8.73937,
2008-10-16,-10.18784,
2008-10-17,-12.73091,
2008-10-18,.,No value available
2008-10-19,.,No value available
2008-10-20,-7.11457,
2008-10-21,-10.46230,
2008-10-22,-17.01539,
2008-10-23,-23.94616,
2008-10-24,2.81278,
2008-10-25,.,No value available
2008-10-26,.,No value available
2008-10-27,2.02802,
2008-10-28,2.01078,
2008-10-29,2.27480,
2008-10-30,2.43482,
2008-10-31,2.95119,
2008-11-01,.,No value available
2008-11-02,.,No value available
2008-11-03,2.73479,
2008-11-04,3.07077,
2008-11-05,-23.75693,
2008-11-06,-23.90850,
2008-11-07,-24.14557,
2008-11-08,.,No value available
2008-11-09,.,No value available
2008-11-10,-23.82200,
2008-11-11,-23.81901,
2008-11-12,-23.54380,
2008-11-13,-23.61112,
2008-11-14,-23.52634,
2008-11-15,.,No value available
2008-11-16,.,No value available
2008-11-17,-23.69771,
2008-11-18,-23.60094,
2008-11-19,-23.41067,
2008-11-20,-23.28578,
2008-11-21,-23.06118,
2008-11-22,.,No value available
2008-11-23,.,No value available
2008-11-24,-22.85212,
2008-11-25,-22.96920,
2008-11-26,-23.33594,
2008-11-27,-23.44320,
2008-11-28,30.00000,
2008-11-29,.,No value available
2008-11-30,.,No value available
2008-12-01,30.00000,
2008-12-02,30.00000,
2008-12-03,29.94432,
2008-12-04,30.00000,
2008-12-05,30.00000,
2008-12-06,.,No value available
2008-12-07,.,No value available
2008-12-08,30.00000,
2008-12-09,25.59778,
2008-12-10,29.94431,
2008-12-11,30.00000,
2008-12-12,30.00000,
2008-12-13,.,No value available
2008-12-14,.,No value available
2008-12-15,28.92209,
2008-12-16,29.99998,
2008-12-17,-12.11954,
2008-12-18,-23.01323,
2008-12-19,-20.20098,
2008-12-20,.,No value available
2008-12-21,.,No value available
2008-12-22,-22.91264,
2008-12-23,30.00000,
2008-12-24,.,No value available
2008-12-25,.,No value available
2008-12-26,.,No value available
2008-12-27,.,No value available
2008-12-28,.,No value available
2008-12-29,29.99075,
2008-12-30,29.89473,
2008-12-31,.,No value available
2009-01-01,.,No value available
2009-01-02,29.99996,
2009-01-03,.,No value available
2009-01-04,.,No value available
2009-01-05,30.00000,
2009-01-06,30.00000,
2009-01-07,30.00000,
2009-01-08,30.00000,
2009-01-09,30.00000,
2009-01-10,.,No value available
2009-01-11,.,No value available
2009-01-12,30.00000,
2009-01-13,30.00000,
2009-01-14,30.00000,
2009-01-15,30.00000,
2009-01-16,30.00000,
2009-01-17,.,No value available
2009-01-18,.,No value available
2009-01-19,30.00000,
2009-01-20,30.00000,
2009-01-21,30.00000,
2009-01-22,30.00000,
2009-01-23,30.00000,
2009-01-24,.,No value available
2009-01-25,.,No value available
2009-01-26,29.89944,
2009-01-27,29.52318,
2009-01-28,29.05715,
2009-01-29,30.00000,
2009-01-30,30.00000,
2009-01-31,.,No value available
2009-02-01,.,No value available
2009-02-02,30.00000,
2009-02-03,30.00000,
2009-02-04,29.98107,
2009-02-05,30.00000,
2009-02-06,30.00000,
2009-02-07,.,No value available
2009-02-08,.,No value available
2009-02-09,30.00000,
2009-02-10,30.00000,
2009-02-11,30.00000,
2009-02-12,30.00000,
2009-02-13,30.00000,
2009-02-14,.,No value available
2009-02-15,.,No value available
2009-02-16,30.00000,
2009-02-17,30.00000,
2009-02-18,30.00000,
2009-02-19,30.00000,
2009-02-20,30.00000,
2009-02-21,.,No value available
2009-02-22,.,No value available
2009-02-23,30.00000,
2009-02-24,30.00000,
2009-02-25,30.00000,
2009-02-26,30.00000,
2009-02-27,30.00000,
2009-02-28,.,No value available
2009-03-01,.,No value available
2009-03-02,30.00000,
2009-03-03,30.00000,
2009-03-04,30.00000,
2009-03-05,30.00000,
2009-03-06,30.00000,
2009-03-07,.,No value available
2009-03-08,.,No value available
2009-03-09,30.00000,
2009-03-10,30.00000,
2009-03-11,30.00000,
2009-03-12,30.00000,
2009-03-13,-20.97405,
2009-03-14,.,No value available
2009-03-15,.,No value available
2009-03-16,-20.76946,
2009-03-17,-20.81237,
2009-03-18,-20.53175,
2009-03-19,-20.63923,
2009-03-20,-20.67242,
2009-03-21,.,No value available
2009-03-22,.,No value available
2009-03-23,-20.72815,
2009-03-24,-18.48013,
2009-03-25,-20.68750,
2009-03-26,-20.23370,
2009-03-27,30.00000,
2009-03-28,.,No value available
2009-03-29,.,No value available
2009-03-30,30.00000,
2009-03-31,30.00000,
2009-04-01,30.00000,
2009-04-02,30.00000,
2009-04-03,29.91438,
2009-04-04,.,No value available
2009-04-05,.,No value available
2009-04-06,1.43873,
2009-04-07,1.11195,
2009-04-08,0.83166,
2009-04-09,0.72590,
2009-04-10,.,No value available
2009-04-11,.,No value available
2009-04-12,.,No value available
2009-04-13,.,No value available
2009-04-14,-20.71475,
2009-04-15,-20.75949,
2009-04-16,30.00000,
2009-04-17,30.00000,
2009-04-18,.,No value available
2009-04-19,.,No value available
2009-04-20,-22.75428,
2009-04-21,-22.54951,
2009-04-22,-22.71793,
2009-04-23,-23.00681,
2009-04-24,-23.02170,
2009-04-25,.,No value available
2009-04-26,.,No value available
2009-04-27,-22.79774,
2009-04-28,-22.86304,
2009-04-29,-23.01737,
2009-04-30,-23.10340,
2009-05-01,.,No value available
2009-05-02,.,No value available
2009-05-03,.,No value available
2009-05-04,-22.98558,
2009-05-05,-23.15802,
2009-05-06,-23.03084,
2009-05-07,-11.84686,
2009-05-08,-9.48183,
2009-05-09,.,No value available
2009-05-10,.,No value available
2009-05-11,-14.02068,
2009-05-12,-5.45588,
2009-05-13,-20.68313,
2009-05-14,-22.32032,
2009-05-15,-22.19254,
2009-05-16,.,No value available
2009-05-17,.,No value available
2009-05-18,-22.32221,
2009-05-19,-21.78296,
2009-05-20,-16.15718,
2009-05-21,-22.24716,
2009-05-22,-22.21207,
2009-05-23,.,No value available
2009-05-24,.,No value available
2009-05-25,-18.26397,
2009-05-26,-1.26950,
2009-05-27,-1.58669,
2009-05-28,-1.76668,
2009-05-29,-2.00076,
2009-05-30,.,No value available
2009-05-31,.,No value available
2009-06-01,-1.76719,
2009-06-02,-1.66208,
2009-06-03,-1.61847,
2009-06-04,-1.24694,
2009-06-05,-0.79937,
2009-06-06,.,No value available
2009-06-07,.,No value available
2009-06-08,-1.35091,
2009-06-09,-1.46579,
2009-06-10,-2.28950,
2009-06-11,-2.50491,
2009-06-12,-2.79685,
2009-06-13,.,No value available
2009-06-14,.,No value available
2009-06-15,-2.72596,
2009-06-16,-2.47644,
2009-06-17,-2.13812,
2009-06-18,-2.08085,
2009-06-19,-2.09067,
2009-06-20,.,No value available
2009-06-21,.,No value available
2009-06-22,-2.11592,
2009-06-23,-2.10150,
2009-06-24,-2.06601,
2009-06-25,-1.74396,
2009-06-26,-1.66444,
2009-06-27,.,No value available
2009-06-28,.,No value available
2009-06-29,-1.51942,
2009-06-30,-1.28169,
2009-07-01,-1.33002,
2009-07-02,-1.23891,
2009-07-03,-1.33364,
2009-07-04,.,No value available
2009-07-05,.,No value available
2009-07-06,-1.13941,
2009-07-07,-1.27676,
2009-07-08,-1.52782,
2009-07-09,-1.54282,
2009-07-10,-1.69717,
2009-07-11,.,No value available
2009-07-12,.,No value available
2009-07-13,-1.53815,
2009-07-14,-1.88142,
2009-07-15,-1.83988,
2009-07-16,-1.96355,
2009-07-17,-1.89324,
2009-07-18,.,No value available
2009-07-19,.,No value available
2009-07-20,-2.40161,
2009-07-21,-2.35734,
2009-07-22,-2.22982,
2009-07-23,-2.21325,
2009-07-24,-2.45207,
2009-07-25,.,No value available
2009-07-26,.,No value available
2009-07-27,-2.61647,
2009-07-28,-2.60759,
2009-07-29,-2.93981,
2009-07-30,-2.77057,
2009-07-31,-2.85858,
2009-08-01,.,No value available
2009-08-02,.,No value available
2009-08-03,-2.59047,
2009-08-04,-3.09432,
2009-08-05,-3.21610,
2009-08-06,-3.40166,
2009-08-07,-3.54986,
2009-08-08,.,No value available
2009-08-09,.,No value available
2009-08-10,-3.96377,
2009-08-11,-3.87151,
2009-08-12,-3.46646,
2009-08-13,-3.80915,
2009-08-14,-3.28978,
2009-08-15,.,No value available
2009-08-16,.,No value available
2009-08-17,-3.01257,
2009-08-18,8.06670,
2009-08-19,8.07979,
2009-08-20,8.06903,
2009-08-21,8.02245,
2009-08-22,.,No value available
2009-08-23,.,No value available
2009-08-24,8.00794,
2009-08-25,8.08439,
2009-08-26,8.10227,
2009-08-27,8.10910,
2009-08-28,8.11467,
2009-08-29,.,No value available
2009-08-30,.,No value available
2009-08-31,8.11768,
2009-09-01,8.12559,
2009-09-02,8.19054,
2009-09-03,8.18551,
2009-09-04,8.25319,
2009-09-05,.,No value available
2009-09-06,.,No value available
2009-09-07,8.30059,
2009-09-08,8.34543,
2009-09-09,8.41799,
2009-09-10,8.41343,
2009-09-11,8.33761,
2009-09-12,.,No value available
2009-09-13,.,No value available
2009-09-14,8.27816,
2009-09-15,8.25043,
2009-09-16,8.24693,
2009-09-17,8.19505,
2009-09-18,8.27452,
2009-09-19,.,No value available
2009-09-20,.,No value available
2009-09-21,8.31519,
2009-09-22,8.34121,
2009-09-23,8.25763,
2009-09-24,8.30854,
2009-09-25,8.27779,
2009-09-26,.,No value available
2009-09-27,.,No value available
2009-09-28,8.21755,
2009-09-29,8.21069,
2009-09-30,8.16734,
2009-10-01,8.24158,
2009-10-02,8.42447,
2009-10-03,.,No value available
2009-10-04,.,No value available
2009-10-05,0.80290,
2009-10-06,0.87444,
2009-10-07,0.70506,
2009-10-08,0.72645,
2009-10-09,0.87238,
2009-10-10,.,No value available
2009-10-11,.,No value available
2009-10-12,1.21022,
2009-10-13,0.96672,
2009-10-14,1.00305,
2009-10-15,1.14351,
2009-10-16,1.30888,
2009-10-17,.,No value available
2009-10-18,.,No value available
2009-10-19,1.53974,
2009-10-20,1.29822,
2009-10-21,1.18036,
2009-10-22,1.13517,
2009-10-23,1.19386,
2009-10-24,.,No value available
2009-10-25,.,No value available
2009-10-26,1.20186,
2009-10-27,1.05424,
2009-10-28,0.95700,
2009-10-29,0.98521,
2009-10-30,1.08476,
2009-10-31,.,No value available
2009-11-01,.,No value available
2009-11-02,0.96542,
2009-11-03,0.68064,
2009-11-04,0.86306,
2009-11-05,0.86272,
2009-11-06,0.91723,
2009-11-07,.,No value available
2009-11-08,.,No value available
2009-11-09,0.51211,
2009-11-10,0.56419,
2009-11-11,0.76931,
2009-11-12,-1.59858,
2009-11-13,-1.51546,
2009-11-14,.,No value available
2009-11-15,.,No value available
2009-11-16,-1.32204,
2009-11-17,-1.30960,
2009-11-18,-1.34251,
2009-11-19,-1.38058,
2009-11-20,-1.19234,
2009-11-21,.,No value available
2009-11-22,.,No value available
2009-11-23,-1.35206,
2009-11-24,-1.17121,
2009-11-25,-1.10367,
2009-11-26,-0.69752,
2009-11-27,-0.65019,
2009-11-28,.,No value available
2009-11-29,.,No value available
2009-11-30,0.42227,
2009-12-01,0.41222,
2009-12-02,0.34362,
2009-12-03,0.74152,
2009-12-04,0.48111,
2009-12-05,.,No value available
2009-12-06,.,No value available
2009-12-07,1.03099,
2009-12-08,0.56999,
2009-12-09,0.42093,
2009-12-10,0.36930,
2009-12-11,0.50237,
2009-12-12,.,No value available
2009-12-13,.,No value available
2009-12-14,0.43717,
2009-12-15,0.29369,
2009-12-16,0.22422,
2009-12-17,0.08916,
2009-12-18,0.03577,
2009-12-19,.,No value available
2009-12-20,.,No value available
2009-12-21,-0.01150,
2009-12-22,-0.05801,
2009-12-23,-0.12171,
2009-12-24,.,No value available
2009-12-25,.,No value available
2009-12-26,.,No value available
2009-12-27,.,No value available
2009-12-28,-0.14726,
2009-12-29,0.88849,
2009-12-30,0.74566,
2009-12-31,.,No value available
2010-01-01,.,No value available
2010-01-02,.,No value available
2010-01-03,.,No value available
2010-01-04,0.94736,
2010-01-05,0.90667,
2010-01-06,0.63590,
2010-01-07,0.76257,
2010-01-08,0.89317,
2010-01-09,.,No value available
2010-01-10,.,No value available
2010-01-11,0.75120,
2010-01-12,0.60975,
2010-01-13,0.68095,
2010-01-14,0.50459,
2010-01-15,0.37740,
2010-01-16,.,No value available
2010-01-17,.,No value available
2010-01-18,0.36030,
2010-01-19,0.53004,
2010-01-20,0.42643,
2010-01-21,0.21930,
2010-01-22,0.17617,
2010-01-23,.,No value available
2010-01-24,.,No value available
2010-01-25,0.20372,
2010-01-26,0.14750,
2010-01-27,0.45322,
2010-01-28,0.31246,
2010-01-29,0.16512,
2010-01-30,.,No value available
2010-01-31,.,No value available
2010-02-01,0.15663,
2010-02-02,0.14943,
2010-02-03,0.08426,
2010-02-04,0.04125,
2010-02-05,-0.00205,
2010-02-06,.,No value available
2010-02-07,.,No value available
2010-02-08,-0.62655,
2010-02-09,-0.60824,
2010-02-10,-7.80008,
2010-02-11,-0.50657,
2010-02-12,-0.54339,
2010-02-13,.,No value available
2010-02-14,.,No value available
2010-02-15,-0.83340,
2010-02-16,-0.81848,
2010-02-17,-0.79680,
2010-02-18,-0.83423,
2010-02-19,-0.77013,
2010-02-20,.,No value available
2010-02-21,.,No value available
2010-02-22,-0.90633,
2010-02-23,-0.95636,
2010-02-24,-0.98248,
2010-02-25,-1.29701,
2010-02-26,-1.28109,
2010-02-27,.,No value available
2010-02-28,.,No value available
2010-03-01,-1.22491,
2010-03-02,-1.27358,
2010-03-03,-1.25897,
2010-03-04,-1.20784,
2010-03-05,-1.21713,
2010-03-06,.,No value available
2010-03-07,.,No value available
2010-03-08,-1.23774,
2010-03-09,-1.14901,
2010-03-10,-0.98635,
2010-03-11,-0.75610,
2010-03-12,-0.81975,
2010-03-13,.,No value available
2010-03-14,.,No value available
2010-03-15,-0.83377,
2010-03-16,-0.90860,
2010-03-17,-1.02341,
2010-03-18,-1.06627,
2010-03-19,-0.93924,
2010-03-20,.,No value available
2010-03-21,.,No value available
2010-03-22,-0.93248,
2010-03-23,-1.00324,
2010-03-24,-1.35544,
2010-03-25,-1.06743,
2010-03-26,-1.05783,
2010-03-27,.,No value available
2010-03-28,.,No value available
2010-03-29,-1.13590,
2010-03-30,-1.27959,
2010-03-31,-1.24888,
2010-04-01,-1.37114,
2010-04-02,.,No value available
2010-04-03,.,No value available
2010-04-04,.,No value available
2010-04-05,.,No value available
2010-04-06,-1.38120,
2010-04-07,-1.45060,
2010-04-08,-1.56414,
2010-04-09,-1.53751,
2010-04-10,.,No value available
2010-04-11,.,No value available
2010-04-12,-1.38722,
2010-04-13,-1.44005,
2010-04-14,-1.42555,
2010-04-15,-1.47811,
2010-04-16,-1.67141,
2010-04-17,.,No value available
2010-04-18,.,No value available
2010-04-19,-1.64926,
2010-04-20,6.48179,
2010-04-21,6.58665,
2010-04-22,7.39407,
2010-04-23,6.80304,
2010-04-24,.,No value available
2010-04-25,.,No value available
2010-04-26,8.15588,
2010-04-27,7.61054,
2010-04-28,6.68028,
2010-04-29,6.71504,
2010-04-30,6.72055,
2010-05-01,.,No value available
2010-05-02,.,No value available
2010-05-03,6.04207,
2010-05-04,5.96707,
2010-05-05,5.44524,
2010-05-06,5.75719,
2010-05-07,5.32630,
2010-05-08,.,No value available
2010-05-09,.,No value available
2010-05-10,6.92654,
2010-05-11,6.46014,
2010-05-12,6.79218,
2010-05-13,5.57680,
2010-05-14,4.88562,
2010-05-15,.,No value available
2010-05-16,.,No value available
2010-05-17,5.01129,
2010-05-18,5.37873,
2010-05-19,4.96537,
2010-05-20,5.43465,
2010-05-21,5.24468,
2010-05-22,.,No value available
2010-05-23,.,No value available
2010-05-24,5.36200,
2010-05-25,7.70367,
2010-05-26,5.53569,
2010-05-27,5.61793,
2010-05-28,4.74499,
2010-05-29,.,No value available
2010-05-30,.,No value available
2010-05-31,4.95312,
2010-06-01,5.60672,
2010-06-02,4.70481,
2010-06-03,5.16261,
2010-06-04,5.54416,
2010-06-05,.,No value available
2010-06-06,.,No value available
2010-06-07,6.28888,
2010-06-08,6.23968,
2010-06-09,6.71736,
2010-06-10,6.30836,
2010-06-11,6.25358,
2010-06-12,.,No value available
2010-06-13,.,No value available
2010-06-14,6.22420,
2010-06-15,9.88107,
2010-06-16,7.18936,
2010-06-17,6.27569,
2010-06-18,10.59538,
2010-06-19,.,No value available
2010-06-20,.,No value available
2010-06-21,14.17307,
2010-06-22,9.09958,
2010-06-23,10.58817,
2010-06-24,9.83315,
2010-06-25,10.36109,
2010-06-26,.,No value available
2010-06-27,.,No value available
2010-06-28,30.00000,
2010-06-29,29.98840,
2010-06-30,23.45594,
2010-07-01,29.30106,
2010-07-02,27.45713,
2010-07-03,.,No value available
2010-07-04,.,No value available
2010-07-05,30.00000,
2010-07-06,30.00000,
2010-07-07,19.13762,
2010-07-08,27.91482,
2010-07-09,30.00000,
2010-07-10,.,No value available
2010-07-11,.,No value available
2010-07-12,29.91286,
2010-07-13,29.96610,
2010-07-14,-8.58624,
2010-07-15,-10.95282,
2010-07-16,-18.47616,
2010-07-17,.,No value available
2010-07-18,.,No value available
2010-07-19,-8.77287,
2010-07-20,-8.91082,
2010-07-21,-9.07739,
2010-07-22,-9.18493,
2010-07-23,-9.21087,
2010-07-24,.,No value available
2010-07-25,.,No value available
2010-07-26,-9.16917,
2010-07-27,-3.49181,
2010-07-28,-3.15174,
2010-07-29,-2.75076,
2010-07-30,-2.53288,
2010-07-31,.,No value available
2010-08-01,.,No value available
2010-08-02,-2.72570,
2010-08-03,-2.89099,
2010-08-04,-3.82257,
2010-08-05,-5.00403,
2010-08-06,-4.95652,
2010-08-07,.,No value available
2010-08-08,.,No value available
2010-08-09,-3.77477,
2010-08-10,-3.81837,
2010-08-11,-4.77275,
2010-08-12,-3.84563,
2010-08-13,-3.74223,
2010-08-14,.,No value available
2010-08-15,.,No value available
2010-08-16,-3.17597,
2010-08-17,-3.03889,
2010-08-18,-3.79312,
2010-08-19,-3.24227,
2010-08-20,-2.81110,
2010-08-21,.,No value available
2010-08-22,.,No value available
2010-08-23,-2.76342,
2010-08-24,-2.69791,
2010-08-25,-2.42802,
2010-08-26,-2.93635,
2010-08-27,-3.21800,
2010-08-28,.,No value available
2010-08-29,.,No value available
2010-08-30,-3.92185,
2010-08-31,-2.53117,
2010-09-01,-2.89492,
2010-09-02,-2.06382,
2010-09-03,-2.53416,
2010-09-04,.,No value available
2010-09-05,.,No value available
2010-09-06,-2.79932,
2010-09-07,-3.24804,
2010-09-08,-3.27943,
2010-09-09,-2.59640,
2010-09-10,-3.35182,
2010-09-11,.,No value available
2010-09-12,.,No value available
2010-09-13,-2.59146,
2010-09-14,6.97811,
2010-09-15,7.61775,
2010-09-16,8.35258,
2010-09-17,8.45067,
2010-09-18,.,No value available
2010-09-19,.,No value available
2010-09-20,8.12927,
2010-09-21,7.57374,
2010-09-22,7.13148,
2010-09-23,8.13423,
2010-09-24,8.31707,
2010-09-25,.,No value available
2010-09-26,.,No value available
2010-09-27,8.63651,
2010-09-28,8.40608,
2010-09-29,8.54118,
2010-09-30,8.59599,
2010-10-01,8.10519,
2010-10-02,.,No value available
2010-10-03,.,No value available
2010-10-04,8.21456,
2010-10-05,8.22801,
2010-10-06,8.23460,
2010-10-07,8.39540,
2010-10-08,8.44434,
2010-10-09,.,No value available
2010-10-10,.,No value available
2010-10-11,8.48418,
2010-10-12,8.63751,
2010-10-13,8.69345,
2010-10-14,8.70159,
2010-10-15,8.83810,
2010-10-16,.,No value available
2010-10-17,.,No value available
2010-10-18,8.86587,
2010-10-19,8.67407,
2010-10-20,8.06271,
2010-10-21,8.59653,
2010-10-22,8.53952,
2010-10-23,.,No value available
2010-10-24,.,No value available
2010-10-25,8.55713,
2010-10-26,8.00741,
2010-10-27,7.87951,
2010-10-28,8.39392,
2010-10-29,8.42914,
2010-10-30,.,No value available
2010-10-31,.,No value available
2010-11-01,-2.30326,
2010-11-02,-2.24499,
2010-11-03,-2.55861,
2010-11-04,-2.74084,
2010-11-05,-3.86601,
2010-11-06,.,No value available
2010-11-07,.,No value available
2010-11-08,-3.76347,
2010-11-09,-5.37892,
2010-11-10,-4.39532,
2010-11-11,-6.50722,
2010-11-12,-4.41434,
2010-11-13,.,No value available
2010-11-14,.,No value available
2010-11-15,-4.15944,
2010-11-16,-4.96700,
2010-11-17,-3.46768,
2010-11-18,-2.35730,
2010-11-19,-2.27193,
2010-11-20,.,No value available
2010-11-21,.,No value available
2010-11-22,-2.44926,
2010-11-23,-2.48379,
2010-11-24,-2.64001,
2010-11-25,-2.73929,
2010-11-26,-2.44292,
2010-11-27,.,No value available
2010-11-28,.,No value available
2010-11-29,-2.97253,
2010-11-30,-3.47434,
2010-12-01,-2.77736,
2010-12-02,-2.90302,
2010-12-03,7.68132,
2010-12-04,.,No value available
2010-12-05,.,No value available
2010-12-06,7.35756,
2010-12-07,7.45027,
2010-12-08,8.27755,
2010-12-09,7.71537,
2010-12-10,7.33084,
2010-12-11,.,No value available
2010-12-12,.,No value available
2010-12-13,7.59470,
2010-12-14,8.12274,
2010-12-15,8.18658,
2010-12-16,8.20787,
2010-12-17,7.97534,
2010-12-18,.,No value available
2010-12-19,.,No value available
2010-12-20,8.67631,
2010-12-21,8.81126,
2010-12-22,8.88610,
2010-12-23,9.08201,
2010-12-24,.,No value available
2010-12-25,.,No value available
2010-12-26,.,No value available
2010-12-27,8.82316,
2010-12-28,8.27609,
2010-12-29,7.92057,
2010-12-30,9.05963,
2010-12-31,.,No value available
2011-01-01,.,No value available
2011-01-02,.,No value available
2011-01-03,8.95224,
2011-01-04,8.16034,
2011-01-05,8.84412,
2011-01-06,8.91453,
2011-01-07,8.96950,
2011-01-08,.,No value available
2011-01-09,.,No value available
2011-01-10,8.89666,
2011-01-11,-2.39574,
2011-01-12,-2.23071,
2011-01-13,-1.99445,
2011-01-14,-1.23965,
2011-01-15,.,No value available
2011-01-16,.,No value available
2011-01-17,-1.33495,
2011-01-18,-1.07862,
2011-01-19,-0.99393,
2011-01-20,-1.05003,
2011-01-21,-0.47357,
2011-01-22,.,No value available
2011-01-23,.,No value available
2011-01-24,-0.39138,
2011-01-25,-0.45602,
2011-01-26,-0.57076,
2011-01-27,8.21985,
2011-01-28,8.38026,
2011-01-29,.,No value available
2011-01-30,.,No value available
2011-01-31,8.17993,
2011-02-01,8.37920,
2011-02-02,8.39530,
2011-02-03,17.36465,
2011-02-04,8.82433,
2011-02-05,.,No value available
2011-02-06,.,No value available
2011-02-07,9.72013,
2011-02-08,8.41717,
2011-02-09,14.95421,
2011-02-10,28.19774,
2011-02-11,30.00000,
2011-02-12,.,No value available
2011-02-13,.,No value available
2011-02-14,30.00000,
2011-02-15,29.86050,
2011-02-16,29.93774,
2011-02-17,27.43744,
2011-02-18,29.82905,
2011-02-19,.,No value available
2011-02-20,.,No value available
2011-02-21,29.94635,
2011-02-22,29.39598,
2011-02-23,29.01225,
2011-02-24,29.99999,
2011-02-25,30.00000,
2011-02-26,.,No value available
2011-02-27,.,No value available
2011-02-28,30.00000,
2011-03-01,26.15530,
2011-03-02,28.96254,
2011-03-03,24.43150,
2011-03-04,8.38184,
2011-03-05,.,No value available
2011-03-06,.,No value available
2011-03-07,-1.27698,
2011-03-08,-1.28012,
2011-03-09,-1.24725,
2011-03-10,-1.13861,
2011-03-11,-0.80138,
2011-03-12,.,No value available
2011-03-13,.,No value available
2011-03-14,-0.90584,
2011-03-15,-0.45174,
2011-03-16,0.81566,
2011-03-17,0.66943,
2011-03-18,0.62027,
2011-03-19,.,No value available
2011-03-20,.,No value available
2011-03-21,0.94686,
2011-03-22,1.14841,
2011-03-23,-1.11111,
2011-03-24,-1.04685,
2011-03-25,-1.19095,
2011-03-26,.,No value available
2011-03-27,.,No value available
2011-03-28,-1.38244,
2011-03-29,-1.24362,
2011-03-30,-1.51708,
2011-03-31,-1.74602,
2011-04-01,-1.77880,
2011-04-02,.,No value available
2011-04-03,.,No value available
2011-04-04,-1.77406,
2011-04-05,-1.72513,
2011-04-06,-1.83507,
2011-04-07,-1.86939,
2011-04-08,-1.87064,
2011-04-09,.,No value available
2011-04-10,.,No value available
2011-04-11,-2.06531,
2011-04-12,-1.90796,
2011-04-13,-1.76554,
2011-04-14,-1.67918,
2011-04-15,-1.65196,
2011-04-16,.,No value available
2011-04-17,.,No value available
2011-04-18,-1.48159,
2011-04-19,-1.37109,
2011-04-20,-1.55156,
2011-04-21,-1.49571,
2011-04-22,.,No value available
2011-04-23,.,No value available
2011-04-24,.,No value available
2011-04-25,.,No value available
2011-04-26,-1.09223,
2011-04-27,-0.97025,
2011-04-28,-1.19236,
2011-04-29,-1.11241,
2011-04-30,.,No value available
2011-05-01,.,No value available
2011-05-02,-0.99093,
2011-05-03,-0.99771,
2011-05-04,-1.52387,
2011-05-05,-1.63560,
2011-05-06,0.76929,
2011-05-07,.,No value available
2011-05-08,.,No value available
2011-05-09,0.79195,
2011-05-10,0.77789,
2011-05-11,0.87906,
2011-05-12,0.94080,
2011-05-13,1.11026,
2011-05-14,.,No value available
2011-05-15,.,No value available
2011-05-16,1.05250,
2011-05-17,1.14986,
2011-05-18,0.98211,
2011-05-19,1.15331,
2011-05-20,1.18835,
2011-05-21,.,No value available
2011-05-22,.,No value available
2011-05-23,1.07461,
2011-05-24,1.06929,
2011-05-25,1.23764,
2011-05-26,1.15166,
2011-05-27,1.28485,
2011-05-28,.,No value available
2011-05-29,.,No value available
2011-05-30,1.32305,
2011-05-31,1.16931,
2011-06-01,1.16880,
2011-06-02,1.33777,
2011-06-03,1.07297,
2011-06-04,.,No value available
2011-06-05,.,No value available
2011-06-06,1.03876,
2011-06-07,1.18456,
2011-06-08,1.19239,
2011-06-09,1.57857,
2011-06-10,1.93993,
2011-06-11,.,No value available
2011-06-12,.,No value available
2011-06-13,-23.16275,
2011-06-14,-23.11038,
2011-06-15,-23.12712,
2011-06-16,-23.88238,
2011-06-17,-23.34560,
2011-06-18,.,No value available
2011-06-19,.,No value available
2011-06-20,-23.29246,
2011-06-21,-23.28649,
2011-06-22,-23.14707,
2011-06-23,-23.27187,
2011-06-24,-23.16568,
2011-06-25,.,No value available
2011-06-26,.,No value available
2011-06-27,-22.96676,
2011-06-28,-20.92810,
2011-06-29,-20.58311,
2011-06-30,-22.88283,
2011-07-01,30.00000,
2011-07-02,.,No value available
2011-07-03,.,No value available
2011-07-04,29.97441,
2011-07-05,30.00000,
2011-07-06,28.53712,
2011-07-07,29.94974,
2011-07-08,29.97759,
2011-07-09,.,No value available
2011-07-10,.,No value available
2011-07-11,30.00000,
2011-07-12,30.00000,
2011-07-13,10.42438,
2011-07-14,25.22855,
2011-07-15,16.63603,
2011-07-16,.,No value available
2011-07-17,.,No value available
2011-07-18,11.20448,
2011-07-19,20.25796,
2011-07-20,29.42630,
2011-07-21,30.00000,
2011-07-22,30.00000,
2011-07-23,.,No value available
2011-07-24,.,No value available
2011-07-25,30.00000,
2011-07-26,29.99348,
2011-07-27,29.98034,
2011-07-28,29.99914,
2011-07-29,30.00000,
2011-07-30,.,No value available
2011-07-31,.,No value available
2011-08-01,30.00000,
2011-08-02,30.00000,
2011-08-03,3.90334,
2011-08-04,4.07076,
2011-08-05,3.82555,
2011-08-06,.,No value available
2011-08-07,.,No value available
2011-08-08,4.26128,
2011-08-09,3.49125,
2011-08-10,3.77652,
2011-08-11,3.74159,
2011-08-12,3.59323,
2011-08-13,.,No value available
2011-08-14,.,No value available
2011-08-15,4.00750,
2011-08-16,4.43386,
2011-08-17,4.29202,
2011-08-18,4.38298,
2011-08-19,3.90872,
2011-08-20,.,No value available
2011-08-21,.,No value available
2011-08-22,3.63226,
2011-08-23,3.74010,
2011-08-24,4.07254,
2011-08-25,3.54571,
2011-08-26,3.65450,
2011-08-27,.,No value available
2011-08-28,.,No value available
2011-08-29,3.71142,
2011-08-30,3.75895,
2011-08-31,3.67077,
2011-09-01,3.48015,
2011-09-02,3.60380,
2011-09-03,.,No value available
2011-09-04,.,No value available
2011-09-05,3.55925,
2011-09-06,3.30392,
2011-09-07,-23.52949,
2011-09-08,-23.58376,
2011-09-09,-23.75403,
2011-09-10,.,No value available
2011-09-11,.,No value available
2011-09-12,30.00000,
2011-09-13,30.00000,
2011-09-14,29.93043,
2011-09-15,30.00000,
2011-09-16,30.00000,
2011-09-17,.,No value available
2011-09-18,.,No value available
2011-09-19,29.45594,
2011-09-20,30.00000,
2011-09-21,29.98153,
2011-09-22,30.00000,
2011-09-23,30.00000,
2011-09-24,.,No value available
2011-09-25,.,No value available
2011-09-26,29.98634,
2011-09-27,-23.10887,
2011-09-28,-23.03012,
2011-09-29,-23.07860,
2011-09-30,-23.01579,
2011-10-01,.,No value available
2011-10-02,.,No value available
2011-10-03,-23.40654,
2011-10-04,-23.68704,
2011-10-05,-23.70404,
2011-10-06,-23.32547,
2011-10-07,-23.42119,
2011-10-08,.,No value available
2011-10-09,.,No value available
2011-10-10,30.00000,
2011-10-11,30.00000,
2011-10-12,29.97329,
2011-10-13,30.00000,
2011-10-14,30.00000,
2011-10-15,.,No value available
2011-10-16,.,No value available
2011-10-17,30.00000,
2011-10-18,30.00000,
2011-10-19,30.00000,
2011-10-20,30.00000,
2011-10-21,30.00000,
2011-10-22,.,No value available
2011-10-23,.,No value available
2011-10-24,30.00000,
2011-10-25,30.00000,
2011-10-26,30.00000,
2011-10-27,30.00000,
2011-10-28,30.00000,
2011-10-29,.,No value available
2011-10-30,.,No value available
2011-10-31,30.00000,
2011-11-01,30.00000,
2011-11-02,30.00000,
2011-11-03,30.00000,
2011-11-04,30.00000,
2011-11-05,.,No value available
2011-11-06,.,No value available
2011-11-07,30.00000,
2011-11-08,30.00000,
2011-11-09,30.00000,
2011-11-10,30.00000,
2011-11-11,30.00000,
2011-11-12,.,No value available
2011-11-13,.,No value available
2011-11-14,30.00000,
2011-11-15,30.00000,
2011-11-16,30.00000,
2011-11-17,30.00000,
2011-11-18,30.00000,
2011-11-19,.,No value available
2011-11-20,.,No value available
2011-11-21,30.00000,
2011-11-22,30.00000,
2011-11-23,30.00000,
2011-11-24,30.00000,
2011-11-25,30.00000,
2011-11-26,.,No value available
2011-11-27,.,No value available
2011-11-28,30.00000,
2011-11-29,30.00000,
2011-11-30,30.00000,
2011-12-01,30.00000,
2011-12-02,30.00000,
2011-12-03,.,No value available
2011-12-04,.,No value available
2011-12-05,30.00000,
2011-12-06,30.00000,
2011-12-07,30.00000,
2011-12-08,30.00000,
2011-12-09,30.00000,
2011-12-10,.,No value available
2011-12-11,.,No value available
2011-12-12,30.00000,
2011-12-13,30.00000,
2011-12-14,30.00000,
2011-12-15,30.00000,
2011-12-16,30.00000,
2011-12-17,.,No value available
2011-12-18,.,No value available
2011-12-19,30.00000,
2011-12-20,30.00000,
2011-12-21,30.00000,
2011-12-22,30.00000,
2011-12-23,30.00000,
2011-12-24,.,No value available
2011-12-25,.,No value available
2011-12-26,.,No value available
2011-12-27,30.00000,
2011-12-28,30.00000,
2011-12-29,30.00000,
2011-12-30,30.00000,
2011-12-31,.,No value available
2012-01-01,.,No value available
2012-01-02,30.00000,
2012-01-03,30.00000,
2012-01-04,30.00000,
2012-01-05,30.00000,
2012-01-06,30.00000,
2012-01-07,.,No value available
2012-01-08,.,No value available
2012-01-09,30.00000,
2012-01-10,30.00000,
2012-01-11,30.00000,
2012-01-12,30.00000,
2012-01-13,30.00000,
2012-01-14,.,No value available
2012-01-15,.,No value available
2012-01-16,30.00000,
2012-01-17,30.00000,
2012-01-18,30.00000,
2012-01-19,30.00000,
2012-01-20,30.00000,
2012-01-21,.,No value available
2012-01-22,.,No value available
2012-01-23,29.80474,
2012-01-24,30.00000,
2012-01-25,30.00000,
2012-01-26,30.00000,
2012-01-27,30.00000,
2012-01-28,.,No value available
2012-01-29,.,No value available
2012-01-30,30.00000,
2012-01-31,30.00000,
2012-02-01,30.00000,
2012-02-02,30.00000,
2012-02-03,30.00000,
2012-02-04,.,No value available
2012-02-05,.,No value available
2012-02-06,30.00000,
2012-02-07,30.00000,
2012-02-08,30.00000,
2012-02-09,30.00000,
2012-02-10,30.00000,
2012-02-11,.,No value available
2012-02-12,.,No value available
2012-02-13,30.00000,
2012-02-14,30.00000,
2012-02-15,30.00000,
2012-02-16,30.00000,
2012-02-17,30.00000,
2012-02-18,.,No value available
2012-02-19,.,No value available
2012-02-20,30.00000,
2012-02-21,30.00000,
2012-02-22,30.00000,
2012-02-23,30.00000,
2012-02-24,30.00000,
2012-02-25,.,No value available
2012-02-26,.,No value available
2012-02-27,30.00000,
2012-02-28,30.00000,
2012-02-29,30.00000,
2012-03-01,30.00000,
2012-03-02,30.00000,
2012-03-03,.,No value available
2012-03-04,.,No value available
2012-03-05,30.00000,
2012-03-06,30.00000,
2012-03-07,30.00000,
2012-03-08,30.00000,
2012-03-09,30.00000,
2012-03-10,.,No value available
2012-03-11,.,No value available
2012-03-12,30.00000,
2012-03-13,30.00000,
2012-03-14,30.00000,
2012-03-15,30.00000,
2012-03-16,30.00000,
2012-03-17,.,No value available
2012-03-18,.,No value available
2012-03-19,30.00000,
2012-03-20,30.00000,
2012-03-21,30.00000,
2012-03-22,30.00000,
2012-03-23,30.00000,
2012-03-24,.,No value available
2012-03-25,.,No value available
2012-03-26,30.00000,
2012-03-27,30.00000,
2012-03-28,30.00000,
2012-03-29,30.00000,
2012-03-30,30.00000,
2012-03-31,.,No value available
2012-04-01,.,No value available
2012-04-02,30.00000,
2012-04-03,30.00000,
2012-04-04,30.00000,
2012-04-05,30.00000,
2012-04-06,.,No value available
2012-04-07,.,No value available
2012-04-08,.,No value available
2012-04-09,.,No value available
2012-04-10,30.00000,
2012-04-11,30.00000,
2012-04-12,30.00000,
2012-04-13,30.00000,
2012-04-14,.,No value available
2012-04-15,.,No value available
2012-04-16,30.00000,
2012-04-17,30.00000,
2012-04-18,30.00000,
2012-04-19,30.00000,
2012-04-20,30.00000,
2012-04-21,.,No value available
2012-04-22,.,No value available
2012-04-23,30.00000,
2012-04-24,30.00000,
2012-04-25,30.00000,
2012-04-26,30.00000,
2012-04-27,30.00000,
2012-04-28,.,No value available
2012-04-29,.,No value available
2012-04-30,30.00000,
2012-05-01,.,No value available
2012-05-02,30.00000,
2012-05-03,30.00000,
2012-05-04,30.00000,
2012-05-05,.,No value available
2012-05-06,.,No value available
2012-05-07,30.00000,
2012-05-08,30.00000,
2012-05-09,30.00000,
2012-05-10,29.99958,
2012-05-11,30.00000,
2012-05-12,.,No value available
2012-05-13,.,No value available
2012-05-14,30.00000,
2012-05-15,30.00000,
2012-05-16,30.00000,
2012-05-17,30.00000,
2012-05-18,30.00000,
2012-05-19,.,No value available
2012-05-20,.,No value available
2012-05-21,30.00000,
2012-05-22,29.99999,
2012-05-23,30.00000,
2012-05-24,29.99986,
2012-05-25,29.99980,
2012-05-26,.,No value available
2012-05-27,.,No value available
2012-05-28,29.99998,
2012-05-29,29.99986,
2012-05-30,29.97673,
2012-05-31,30.00000,
2012-06-01,30.00000,
2012-06-02,.,No value available
2012-06-03,.,No value available
2012-06-04,30.00000,
2012-06-05,30.00000,
2012-06-06,29.99864,
2012-06-07,30.00000,
2012-06-08,30.00000,
2012-06-09,.,No value available
2012-06-10,.,No value available
2012-06-11,30.00000,
2012-06-12,30.00000,
2012-06-13,30.00000,
2012-06-14,30.00000,
2012-06-15,30.00000,
2012-06-16,.,No value available
2012-06-17,.,No value available
2012-06-18,29.99896,
2012-06-19,30.00000,
2012-06-20,30.00000,
2012-06-21,25.71405,
2012-06-22,30.00000,
2012-06-23,.,No value available
2012-06-24,.,No value available
2012-06-25,30.00000,
2012-06-26,29.99650,
2012-06-27,29.99908,
2012-06-28,30.00000,
2012-06-29,29.97645,
2012-06-30,.,No value available
2012-07-01,.,No value available
2012-07-02,30.00000,
2012-07-03,30.00000,
2012-07-04,30.00000,
2012-07-05,29.99896,
2012-07-06,30.00000,
2012-07-07,.,No value available
2012-07-08,.,No value available
2012-07-09,30.00000,
2012-07-10,30.00000,
2012-07-11,29.99467,
2012-07-12,30.00000,
2012-07-13,29.98818,
2012-07-14,.,No value available
2012-07-15,.,No value available
2012-07-16,30.00000,
2012-07-17,30.00000,
2012-07-18,30.00000,
2012-07-19,29.99812,
2012-07-20,30.00000,
2012-07-21,.,No value available
2012-07-22,.,No value available
2012-07-23,29.99563,
2012-07-24,29.99999,
2012-07-25,29.58413,
2012-07-26,30.00000,
2012-07-27,29.99722,
2012-07-28,.,No value available
2012-07-29,.,No value available
2012-07-30,21.30482,
2012-07-31,30.00000,
2012-08-01,29.99704,
2012-08-02,30.00000,
2012-08-03,29.96954,
2012-08-04,.,No value available
2012-08-05,.,No value available
2012-08-06,29.94180,
2012-08-07,29.95724,
2012-08-08,29.97374,
2012-08-09,29.94614,
2012-08-10,29.98902,
2012-08-11,.,No value available
2012-08-12,.,No value available
2012-08-13,30.00000,
2012-08-14,29.95558,
2012-08-15,30.00000,
2012-08-16,30.00000,
2012-08-17,26.30487,
2012-08-18,.,No value available
2012-08-19,.,No value available
2012-08-20,29.99800,
2012-08-21,30.00000,
2012-08-22,29.98188,
2012-08-23,29.94751,
2012-08-24,30.00000,
2012-08-25,.,No value available
2012-08-26,.,No value available
2012-08-27,30.00000,
2012-08-28,30.00000,
2012-08-29,20.80612,
2012-08-30,29.99962,
2012-08-31,29.96590,
2012-09-01,.,No value available
2012-09-02,.,No value available
2012-09-03,29.99956,
2012-09-04,29.99725,
2012-09-05,30.00000,
2012-09-06,30.00000,
2012-09-07,29.98882,
2012-09-08,.,No value available
2012-09-09,.,No value available
2012-09-10,29.95578,
2012-09-11,-26.41434,
2012-09-12,-26.91452,
2012-09-13,-26.50285,
2012-09-14,-25.66313,
2012-09-15,.,No value available
2012-09-16,.,No value available
2012-09-17,-26.43025,
2012-09-18,-24.42043,
2012-09-19,-17.65289,
2012-09-20,-27.05808,
2012-09-21,29.99945,
2012-09-22,.,No value available
2012-09-23,.,No value available
2012-09-24,30.00000,
2012-09-25,29.99882,
2012-09-26,29.99154,
2012-09-27,29.99965,
2012-09-28,30.00000,
2012-09-29,.,No value available
2012-09-30,.,No value available
2012-10-01,30.00000,
2012-10-02,30.00000,
2012-10-03,30.00000,
2012-10-04,30.00000,
2012-10-05,30.00000,
2012-10-06,.,No value available
2012-10-07,.,No value available
2012-10-08,30.00000,
2012-10-09,30.00000,
2012-10-10,30.00000,
2012-10-11,27.47654,
2012-10-12,29.90064,
2012-10-13,.,No value available
2012-10-14,.,No value available
2012-10-15,30.00000,
2012-10-16,30.00000,
2012-10-17,30.00000,
2012-10-18,30.00000,
2012-10-19,-26.91340,
2012-10-20,.,No value available
2012-10-21,.,No value available
2012-10-22,-26.91340,
2012-10-23,-26.91340,
2012-10-24,-26.37818,
2012-10-25,-26.93594,
2012-10-26,-27.04980,
2012-10-27,.,No value available
2012-10-28,.,No value available
2012-10-29,-27.21076,
2012-10-30,-27.28434,
2012-10-31,-27.26428,
2012-11-01,-25.99090,
2012-11-02,-27.17889,
2012-11-03,.,No value available
2012-11-04,.,No value available
2012-11-05,-27.47907,
2012-11-06,-27.34893,
2012-11-07,-27.30883,
2012-11-08,-27.04977,
2012-11-09,-26.61525,
2012-11-10,.,No value available
2012-11-11,.,No value available
2012-11-12,-26.60936,
2012-11-13,-26.75564,
2012-11-14,-26.76972,
2012-11-15,-26.61636,
2012-11-16,-26.60480,
2012-11-17,.,No value available
2012-11-18,.,No value available
2012-11-19,-26.65056,
2012-11-20,-26.99151,
2012-11-21,-26.86178,
2012-11-22,-27.03909,
2012-11-23,-26.66384,
2012-11-24,.,No value available
2012-11-25,.,No value available
2012-11-26,-26.66384,
2012-11-27,-26.92114,
2012-11-28,-9.00996,
2012-11-29,-26.87222,
2012-11-30,-26.20051,
2012-12-01,.,No value available
2012-12-02,.,No value available
2012-12-03,-26.43195,
2012-12-04,-25.95003,
2012-12-05,-26.22415,
2012-12-06,-25.64403,
2012-12-07,-26.30432,
2012-12-08,.,No value available
2012-12-09,.,No value available
2012-12-10,-25.98985,
2012-12-11,-26.17733,
2012-12-12,-26.44092,
2012-12-13,-27.31557,
2012-12-14,-27.11488,
2012-12-15,.,No value available
2012-12-16,.,No value available
2012-12-17,-27.40805,
2012-12-18,-27.21836,
2012-12-19,-27.28617,
2012-12-20,-26.48626,
2012-12-21,-26.87260,
2012-12-22,.,No value available
2012-12-23,.,No value available
2012-12-24,.,No value available
2012-12-25,.,No value available
2012-12-26,.,No value available
2012-12-27,-26.14602,
2012-12-28,-26.74215,
2012-12-29,.,No value available
2012-12-30,.,No value available
2012-12-31,.,No value available
2013-01-01,.,No value available
2013-01-02,-27.21754,
2013-01-03,-27.17071,
2013-01-04,-27.15496,
2013-01-05,.,No value available
2013-01-06,.,No value available
2013-01-07,-27.08918,
2013-01-08,-27.25523,
2013-01-09,-22.25153,
2013-01-10,-27.15889,
2013-01-11,-26.94130,
2013-01-12,.,No value available
2013-01-13,.,No value available
2013-01-14,-26.51063,
2013-01-15,-26.40455,
2013-01-16,-24.76215,
2013-01-17,-24.29302,
2013-01-18,-24.32479,
2013-01-19,.,No value available
2013-01-20,.,No value available
2013-01-21,-24.42755,
2013-01-22,-24.23724,
2013-01-23,-24.42754,
2013-01-24,-24.58434,
2013-01-25,-24.37100,
2013-01-26,.,No value available
2013-01-27,.,No value available
2013-01-28,-24.16411,
2013-01-29,-24.05697,
2013-01-30,-23.77539,
2013-01-31,-24.03866,
2013-02-01,-24.25952,
2013-02-02,.,No value available
2013-02-03,.,No value available
2013-02-04,-24.29194,
2013-02-05,-24.35663,
2013-02-06,-24.37065,
2013-02-07,-24.30241,
2013-02-08,-24.50888,
2013-02-09,.,No value available
2013-02-10,.,No value available
2013-02-11,-24.41293,
2013-02-12,-24.41163,
2013-02-13,-25.76319,
2013-02-14,-25.67994,
2013-02-15,-25.77728,
2013-02-16,.,No value available
2013-02-17,.,No value available
2013-02-18,-25.84941,
2013-02-19,-25.53600,
2013-02-20,-25.69059,
2013-02-21,-24.64016,
2013-02-22,-24.62533,
2013-02-23,.,No value available
2013-02-24,.,No value available
2013-02-25,-25.66890,
2013-02-26,-25.26526,
2013-02-27,-25.05490,
2013-02-28,-25.04581,
2013-03-01,-25.14431,
2013-03-02,.,No value available
2013-03-03,.,No value available
2013-03-04,-25.10770,
2013-03-05,-25.06671,
2013-03-06,-25.08519,
2013-03-07,-25.08715,
2013-03-08,-24.96383,
2013-03-09,.,No value available
2013-03-10,.,No value available
2013-03-11,-25.01159,
2013-03-12,-25.02865,
2013-03-13,-25.26892,
2013-03-14,-25.11478,
2013-03-15,-25.09886,
2013-03-16,.,No value available
2013-03-17,.,No value available
2013-03-18,-25.29450,
2013-03-19,-25.33314,
2013-03-20,-25.33150,
2013-03-21,-25.27975,
2013-03-22,-25.32784,
2013-03-23,.,No value available
2013-03-24,.,No value available
2013-03-25,-25.24367,
2013-03-26,-25.29166,
2013-03-27,-25.43999,
2013-03-28,-25.50578,
2013-03-29,.,No value available
2013-03-30,.,No value available
2013-03-31,.,No value available
2013-04-01,.,No value available
2013-04-02,-25.36491,
2013-04-03,29.99986,
2013-04-04,30.00000,
2013-04-05,30.00000,
2013-04-06,.,No value available
2013-04-07,.,No value available
2013-04-08,30.00000,
2013-04-09,30.00000,
2013-04-10,-25.23582,
2013-04-11,-25.16496,
2013-04-12,-25.29749,
2013-04-13,.,No value available
2013-04-14,.,No value available
2013-04-15,-25.23792,
2013-04-16,-25.29343,
2013-04-17,-25.23941,
2013-04-18,-25.23544,
2013-04-19,-25.26776,
2013-04-20,.,No value available
2013-04-21,.,No value available
2013-04-22,-25.24380,
2013-04-23,-25.33094,
2013-04-24,-25.41598,
2013-04-25,-25.36122,
2013-04-26,-25.30101,
2013-04-27,.,No value available
2013-04-28,.,No value available
2013-04-29,-25.27423,
2013-04-30,-25.24601,
2013-05-01,.,No value available
2013-05-02,-25.20490,
2013-05-03,-25.34615,
2013-05-04,.,No value available
2013-05-05,.,No value available
2013-05-06,-25.19000,
2013-05-07,-25.16318,
2013-05-08,-25.09027,
2013-05-09,-25.21447,
2013-05-10,-25.09961,
2013-05-11,.,No value available
2013-05-12,.,No value available
2013-05-13,-25.07661,
2013-05-14,-25.07296,
2013-05-15,-25.12380,
2013-05-16,-25.10082,
2013-05-17,-25.29258,
2013-05-18,.,No value available
2013-05-19,.,No value available
2013-05-20,-25.20451,
2013-05-21,-25.13517,
2013-05-22,-22.72702,
2013-05-23,-25.14743,
2013-05-24,-25.05557,
2013-05-25,.,No value available
2013-05-26,.,No value available
2013-05-27,-24.99768,
2013-05-28,-25.05006,
2013-05-29,-24.78728,
2013-05-30,-24.77314,
2013-05-31,-24.89738,
2013-06-01,.,No value available
2013-06-02,.,No value available
2013-06-03,-24.74536,
2013-06-04,-24.63365,
2013-06-05,-24.66329,
2013-06-06,-24.77577,
2013-06-07,-24.68492,
2013-06-08,.,No value available
2013-06-09,.,No value available
2013-06-10,-24.52455,
2013-06-11,30.00000,
2013-06-12,30.00000,
2013-06-13,29.99787,
2013-06-14,30.00000,
2013-06-15,.,No value available
2013-06-16,.,No value available
2013-06-17,30.00000,
2013-06-18,30.00000,
2013-06-19,30.00000,
2013-06-20,30.00000,
2013-06-21,30.00000,
2013-06-22,.,No value available
2013-06-23,.,No value available
2013-06-24,29.99904,
2013-06-25,30.00000,
2013-06-26,29.89513,
2013-06-27,29.98732,
2013-06-28,30.00000,
2013-06-29,.,No value available
2013-06-30,.,No value available
2013-07-01,29.69125,
2013-07-02,29.99673,
2013-07-03,29.99977,
2013-07-04,30.00000,
2013-07-05,30.00000,
2013-07-06,.,No value available
2013-07-07,.,No value available
2013-07-08,30.00000,
2013-07-09,30.00000,
2013-07-10,30.00000,
2013-07-11,30.00000,
2013-07-12,30.00000,
2013-07-13,.,No value available
2013-07-14,.,No value available
2013-07-15,30.00000,
2013-07-16,30.00000,
2013-07-17,30.00000,
2013-07-18,30.00000,
2013-07-19,30.00000,
2013-07-20,.,No value available
2013-07-21,.,No value available
2013-07-22,30.00000,
2013-07-23,30.00000,
2013-07-24,30.00000,
2013-07-25,30.00000,
2013-07-26,30.00000,
2013-07-27,.,No value available
2013-07-28,.,No value available
2013-07-29,30.00000,
2013-07-30,30.00000,
2013-07-31,30.00000,
2013-08-01,30.00000,
2013-08-02,30.00000,
2013-08-03,.,No value available
2013-08-04,.,No value available
2013-08-05,30.00000,
2013-08-06,30.00000,
2013-08-07,30.00000,
2013-08-08,30.00000,
2013-08-09,30.00000,
2013-08-10,.,No value available
2013-08-11,.,No value available
2013-08-12,30.00000,
2013-08-13,30.00000,
2013-08-14,30.00000,
2013-08-15,30.00000,
2013-08-16,30.00000,
2013-08-17,.,No value available
2013-08-18,.,No value available
2013-08-19,30.00000,
2013-08-20,30.00000,
2013-08-21,30.00000,
2013-08-22,30.00000,
2013-08-23,29.99902,
2013-08-24,.,No value available
2013-08-25,.,No value available
2013-08-26,25.24377,
2013-08-27,14.09491,
2013-08-28,13.95009,
2013-08-29,16.07462,
2013-08-30,29.91981,
2013-08-31,.,No value available
2013-09-01,.,No value available
2013-09-02,15.60884,
2013-09-03,16.38234,
2013-09-04,30.00000,
2013-09-05,30.00000,
2013-09-06,30.00000,
2013-09-07,.,No value available
2013-09-08,.,No value available
2013-09-09,30.00000,
2013-09-10,30.00000,
2013-09-11,30.00000,
2013-09-12,30.00000,
2013-09-13,30.00000,
2013-09-14,.,No value available
2013-09-15,.,No value available
2013-09-16,30.00000,
2013-09-17,30.00000,
2013-09-18,30.00000,
2013-09-19,30.00000,
2013-09-20,30.00000,
2013-09-21,.,No value available
2013-09-22,.,No value available
2013-09-23,30.00000,
2013-09-24,30.00000,
2013-09-25,30.00000,
2013-09-26,30.00000,
2013-09-27,30.00000,
2013-09-28,.,No value available
2013-09-29,.,No value available
2013-09-30,30.00000,
2013-10-01,30.00000,
2013-10-02,30.00000,
2013-10-03,30.00000,
2013-10-04,30.00000,
2013-10-05,.,No value available
2013-10-06,.,No value available
2013-10-07,30.00000,
2013-10-08,30.00000,
2013-10-09,30.00000,
2013-10-10,30.00000,
2013-10-11,30.00000,
2013-10-12,.,No value available
2013-10-13,.,No value available
2013-10-14,30.00000,
2013-10-15,30.00000,
2013-10-16,30.00000,
2013-10-17,30.00000,
2013-10-18,30.00000,
2013-10-19,.,No value available
2013-10-20,.,No value available
2013-10-21,30.00000,
2013-10-22,30.00000,
2013-10-23,30.00000,
2013-10-24,30.00000,
2013-10-25,30.00000,
2013-10-26,.,No value available
2013-10-27,.,No value available
2013-10-28,30.00000,
2013-10-29,30.00000,
2013-10-30,30.00000,
2013-10-31,30.00000,
2013-11-01,30.00000,
2013-11-02,.,No value available
2013-11-03,.,No value available
2013-11-04,30.00000,
2013-11-05,30.00000,
2013-11-06,30.00000,
2013-11-07,30.00000,
2013-11-08,30.00000,
2013-11-09,.,No value available
2013-11-10,.,No value available
2013-11-11,30.00000,
2013-11-12,30.00000,
2013-11-13,30.00000,
2013-11-14,30.00000,
2013-11-15,30.00000,
2013-11-16,.,No value available
2013-11-17,.,No value available
2013-11-18,30.00000,
2013-11-19,30.00000,
2013-11-20,30.00000,
2013-11-21,30.00000,
2013-11-22,30.00000,
2013-11-23,.,No value available
2013-11-24,.,No value available
2013-11-25,30.00000,
2013-11-26,30.00000,
2013-11-27,30.00000,
2013-11-28,30.00000,
2013-11-29,30.00000,
2013-11-30,.,No value available
2013-12-01,.,No value available
2013-12-02,30.00000,
2013-12-03,30.00000,
2013-12-04,30.00000,
2013-12-05,30.00000,
2013-12-06,30.00000,
2013-12-07,.,No value available
2013-12-08,.,No value available
2013-12-09,30.00000,
2013-12-10,30.00000,
2013-12-11,30.00000,
2013-12-12,30.00000,
2013-12-13,30.00000,
2013-12-14,.,No value available
2013-12-15,.,No value available
2013-12-16,30.00000,
2013-12-17,30.00000,
2013-12-18,30.00000,
2013-12-19,27.45594,
2013-12-20,14.69701,
2013-12-21,.,No value available
2013-12-22,.,No value available
2013-12-23,14.26720,
2013-12-24,.,No value available
2013-12-25,.,No value available
2013-12-26,.,No value available
2013-12-27,14.02375,
2013-12-28,.,No value available
2013-12-29,.,No value available
2013-12-30,11.18927,
2013-12-31,.,No value available
2014-01-01,.,No value available
2014-01-02,11.03273,
2014-01-03,11.38529,
2014-01-04,.,No value available
2014-01-05,.,No value available
2014-01-06,12.38073,
2014-01-07,14.29793,
2014-01-08,14.22387,
2014-01-09,12.41052,
2014-01-10,12.31723,
2014-01-11,.,No value available
2014-01-12,.,No value available
2014-01-13,13.95383,
2014-01-14,17.22421,
2014-01-15,16.77806,
2014-01-16,19.85158,
2014-01-17,30.00000,
2014-01-18,.,No value available
2014-01-19,.,No value available
2014-01-20,30.00000,
2014-01-21,30.00000,
2014-01-22,30.00000,
2014-01-23,30.00000,
2014-01-24,30.00000,
2014-01-25,.,No value available
2014-01-26,.,No value available
2014-01-27,30.00000,
2014-01-28,30.00000,
2014-01-29,24.22815,
2014-01-30,30.00000,
2014-01-31,30.00000,
2014-02-01,.,No value available
2014-02-02,.,No value available
2014-02-03,30.00000,
2014-02-04,30.00000,
2014-02-05,25.24599,
2014-02-06,30.00000,
2014-02-07,30.00000,
2014-02-08,.,No value available
2014-02-09,.,No value available
2014-02-10,30.00000,
2014-02-11,30.00000,
2014-02-12,25.16317,
2014-02-13,30.00000,
2014-02-14,30.00000,
2014-02-15,.,No value available
2014-02-16,.,No value available
2014-02-17,30.00000,
2014-02-18,30.00000,
2014-02-19,30.00000,
2014-02-20,-16.21628,
2014-02-21,-16.21628,
2014-02-22,.,No value available
2014-02-23,.,No value available
2014-02-24,-16.21628,
2014-02-25,-22.73364,
2014-02-26,-26.74178,
2014-02-27,-26.56305,
2014-02-28,-26.31952,
2014-03-01,.,No value available
2014-03-02,.,No value available
2014-03-03,-26.48418,
2014-03-04,-26.45495,
2014-03-05,-26.57560,
2014-03-06,-26.60630,
2014-03-07,-26.18375,
2014-03-08,.,No value available
2014-03-09,.,No value available
2014-03-10,-25.95895,
2014-03-11,-26.25597,
2014-03-12,-26.22047,
2014-03-13,-26.00391,
2014-03-14,-26.05782,
2014-03-15,.,No value available
2014-03-16,.,No value available
2014-03-17,-25.83861,
2014-03-18,-26.08784,
2014-03-19,-26.07179,
2014-03-20,-26.39972,
2014-03-21,-25.99269,
2014-03-22,.,No value available
2014-03-23,.,No value available
2014-03-24,-26.37478,
2014-03-25,-26.15562,
2014-03-26,-26.13659,
2014-03-27,-25.86376,
2014-03-28,-26.27587,
2014-03-29,.,No value available
2014-03-30,.,No value available
2014-03-31,-26.12843,
2014-04-01,-26.37337,
2014-04-02,-26.59949,
2014-04-03,-26.54537,
2014-04-04,-26.26650,
2014-04-05,.,No value available
2014-04-06,.,No value available
2014-04-07,-25.98805,
2014-04-08,-25.96710,
2014-04-09,-26.45638,
2014-04-10,-26.06312,
2014-04-11,30.00000,
2014-04-12,.,No value available
2014-04-13,.,No value available
2014-04-14,30.00000,
2014-04-15,30.00000,
2014-04-16,30.00000,
2014-04-17,30.00000,
2014-04-18,.,No value available
2014-04-19,.,No value available
2014-04-20,.,No value available
2014-04-21,.,No value available
2014-04-22,29.95087,
2014-04-23,29.93241,
2014-04-24,30.00000,
2014-04-25,30.00000,
2014-04-26,.,No value available
2014-04-27,.,No value available
2014-04-28,30.00000,
2014-04-29,30.00000,
2014-04-30,30.00000,
2014-05-01,.,No value available
2014-05-02,29.99991,
2014-05-03,.,No value available
2014-05-04,.,No value available
2014-05-05,30.00000,
2014-05-06,30.00000,
2014-05-07,29.67238,
2014-05-08,30.00000,
2014-05-09,28.27423,
2014-05-10,.,No value available
2014-05-11,.,No value available
2014-05-12,30.00000,
2014-05-13,28.45971,
2014-05-14,30.00000,
2014-05-15,29.99467,
2014-05-16,30.00000,
2014-05-17,.,No value available
2014-05-18,.,No value available
2014-05-19,30.00000,
2014-05-20,29.98849,
2014-05-21,30.00000,
2014-05-22,29.99998,
2014-05-23,29.99349,
2014-05-24,.,No value available
2014-05-25,.,No value available
2014-05-26,30.00000,
2014-05-27,29.99933,
2014-05-28,30.00000,
2014-05-29,29.99545,
2014-05-30,29.99993,
2014-05-31,.,No value available
2014-06-01,.,No value available
2014-06-02,30.00000,
2014-06-03,30.00000,
2014-06-04,30.00000,
2014-06-05,30.00000,
2014-06-06,30.00000,
2014-06-07,.,No value available
2014-06-08,.,No value available
2014-06-09,29.99995,
2014-06-10,30.00000,
2014-06-11,29.99948,
2014-06-12,30.00000,
2014-06-13,30.00000,
2014-06-14,.,No value available
2014-06-15,.,No value available
2014-06-16,30.00000,
2014-06-17,30.00000,
2014-06-18,30.00000,
2014-06-19,30.00000,
2014-06-20,30.00000,
2014-06-21,.,No value available
2014-06-22,.,No value available
2014-06-23,30.00000,
2014-06-24,30.00000,
2014-06-25,30.00000,
2014-06-26,30.00000,
2014-06-27,30.00000,
2014-06-28,.,No value available
2014-06-29,.,No value available
2014-06-30,30.00000,
2014-07-01,29.99994,
2014-07-02,30.00000,
2014-07-03,30.00000,
2014-07-04,29.99999,
2014-07-05,.,No value available
2014-07-06,.,No value available
2014-07-07,30.00000,
2014-07-08,30.00000,
2014-07-09,30.00000,
2014-07-10,30.00000,
2014-07-11,29.98646,
2014-07-12,.,No value available
2014-07-13,.,No value available
2014-07-14,30.00000,
2014-07-15,29.99983,
2014-07-16,30.00000,
2014-07-17,30.00000,
2014-07-18,30.00000,
2014-07-19,.,No value available
2014-07-20,.,No value available
2014-07-21,29.99921,
2014-07-22,30.00000,
2014-07-23,29.99958,
2014-07-24,30.00000,
2014-07-25,30.00000,
2014-07-26,.,No value available
2014-07-27,.,No value available
2014-07-28,30.00000,
2014-07-29,29.99931,
2014-07-30,30.00000,
2014-07-31,29.96386,
2014-08-01,29.99997,
2014-08-02,.,No value available
2014-08-03,.,No value available
2014-08-04,29.99761,
2014-08-05,30.00000,
2014-08-06,29.99954,
2014-08-07,30.00000,
2014-08-08,-25.54426,
2014-08-09,.,No value available
2014-08-10,.,No value available
2014-08-11,-25.44344,
2014-08-12,-25.40229,
2014-08-13,-25.31434,
2014-08-14,-25.55637,
2014-08-15,-25.56546,
2014-08-16,.,No value available
2014-08-17,.,No value available
2014-08-18,-25.60666,
2014-08-19,-25.61315,
2014-08-20,-25.62897,
2014-08-21,-25.65477,
2014-08-22,-25.72782,
2014-08-23,.,No value available
2014-08-24,.,No value available
2014-08-25,-25.78500,
2014-08-26,-25.78930,
2014-08-27,-25.81949,
2014-08-28,-25.82512,
2014-08-29,-25.82778,
2014-08-30,.,No value available
2014-08-31,.,No value available
2014-09-01,-25.89823,
2014-09-02,-25.69930,
2014-09-03,-25.61030,
2014-09-04,-25.63796,
2014-09-05,-25.42875,
2014-09-06,.,No value available
2014-09-07,.,No value available
2014-09-08,-25.58943,
2014-09-09,-25.17793,
2014-09-10,-25.29909,
2014-09-11,-25.40686,
2014-09-12,-25.31381,
2014-09-13,.,No value available
2014-09-14,.,No value available
2014-09-15,-25.28575,
2014-09-16,-25.35720,
2014-09-17,-25.33363,
2014-09-18,-25.30363,
2014-09-19,-25.21895,
2014-09-20,.,No value available
2014-09-21,.,No value available
2014-09-22,-25.30685,
2014-09-23,-25.53229,
2014-09-24,-25.63758,
2014-09-25,-25.47350,
2014-09-26,-25.59388,
2014-09-27,.,No value available
2014-09-28,.,No value available
2014-09-29,-25.60206,
2014-09-30,-25.60230,
2014-10-01,-25.75315,
2014-10-02,-25.80579,
2014-10-03,.,No value available
2014-10-04,.,No value available
2014-10-05,.,No value available
2014-10-06,-25.80688,
2014-10-07,-25.79056,
2014-10-08,-25.83224,
2014-10-09,-25.79052,
2014-10-10,-25.78531,
2014-10-11,.,No value available
2014-10-12,.,No value available
2014-10-13,-25.76668,
2014-10-14,-25.82085,
2014-10-15,25.73921,
2014-10-16,26.05882,
2014-10-17,23.75166,
2014-10-18,.,No value available
2014-10-19,.,No value available
2014-10-20,25.66864,
2014-10-21,-29.10777,
2014-10-22,-30.00000,
2014-10-23,-29.99104,
2014-10-24,-30.00000,
2014-10-25,.,No value available
2014-10-26,.,No value available
2014-10-27,-30.00000,
2014-10-28,-30.00000,
2014-10-29,-30.00000,
2014-10-30,-30.00000,
2014-10-31,-29.99948,
2014-11-01,.,No value available
2014-11-02,.,No value available
2014-11-03,-29.99719,
2014-11-04,-29.98639,
2014-11-05,-30.00000,
2014-11-06,-30.00000,
2014-11-07,-30.00000,
2014-11-08,.,No value available
2014-11-09,.,No value available
2014-11-10,-29.99923,
2014-11-11,-30.00000,
2014-11-12,-30.00000,
2014-11-13,-30.00000,
2014-11-14,25.69454,
2014-11-15,.,No value available
2014-11-16,.,No value available
2014-11-17,25.69394,
2014-11-18,25.69214,
2014-11-19,25.74588,
2014-11-20,25.76685,
2014-11-21,25.74832,
2014-11-22,.,No value available
2014-11-23,.,No value available
2014-11-24,25.69138,
2014-11-25,25.70113,
2014-11-26,25.79408,
2014-11-27,25.87370,
2014-11-28,25.97123,
2014-11-29,.,No value available
2014-11-30,.,No value available
2014-12-01,26.00725,
2014-12-02,25.97519,
2014-12-03,25.96258,
2014-12-04,-30.00000,
2014-12-05,-30.00000,
2014-12-06,.,No value available
2014-12-07,.,No value available
2014-12-08,-30.00000,
2014-12-09,-29.99517,
2014-12-10,-29.98421,
2014-12-11,-29.78095,
2014-12-12,-30.00000,
2014-12-13,.,No value available
2014-12-14,.,No value available
2014-12-15,-30.00000,
2014-12-16,-30.00000,
2014-12-17,-30.00000,
2014-12-18,-30.00000,
2014-12-19,-29.46010,
2014-12-20,.,No value available
2014-12-21,.,No value available
2014-12-22,-30.00000,
2014-12-23,-30.00000,
2014-12-24,.,No value available
2014-12-25,.,No value available
2014-12-26,.,No value available
2014-12-27,.,No value available
2014-12-28,.,No value available
2014-12-29,-29.99960,
2014-12-30,-29.99782,
2014-12-31,.,No value available
2015-01-01,.,No value available
2015-01-02,26.24224,
2015-01-03,.,No value available
2015-01-04,.,No value available
2015-01-05,26.34786,
2015-01-06,26.63308,
2015-01-07,26.88424,
2015-01-08,8.47720,
2015-01-09,19.26699,
2015-01-10,.,No value available
2015-01-11,.,No value available
2015-01-12,7.28674,
2015-01-13,7.38817,
2015-01-14,17.62214,
2015-01-15,7.51283,
2015-01-16,19.30114,
2015-01-17,.,No value available
2015-01-18,.,No value available
2015-01-19,21.20379,
2015-01-20,20.22608,
2015-01-21,14.92266,
2015-01-22,24.69766,
2015-01-23,26.85787,
2015-01-24,.,No value available
2015-01-25,.,No value available
2015-01-26,13.38442,
2015-01-27,13.72247,
2015-01-28,13.72247,
2015-01-29,27.11749,
2015-01-30,21.83468,
2015-01-31,.,No value available
2015-02-01,.,No value available
2015-02-02,27.30049,
2015-02-03,7.17845,
2015-02-04,-4.43096,
2015-02-05,-4.33607,
2015-02-06,-4.27362,
2015-02-07,.,No value available
2015-02-08,.,No value available
2015-02-09,-4.28910,
2015-02-10,-4.37649,
2015-02-11,-4.37649,
2015-02-12,-4.37649,
2015-02-13,-4.21196,
2015-02-14,.,No value available
2015-02-15,.,No value available
2015-02-16,-4.36463,
2015-02-17,-4.36463,
2015-02-18,-4.58504,
2015-02-19,-4.73939,
2015-02-20,-4.87382,
2015-02-21,.,No value available
2015-02-22,.,No value available
2015-02-23,-5.11141,
2015-02-24,-5.04754,
2015-02-25,12.09358,
2015-02-26,-27.51142,
2015-02-27,-27.79243,
2015-02-28,.,No value available
2015-03-01,.,No value available
2015-03-02,-27.27927,
2015-03-03,-27.66596,
2015-03-04,-27.66802,
2015-03-05,-25.39458,
2015-03-06,-27.85192,
2015-03-07,.,No value available
2015-03-08,.,No value available
2015-03-09,-27.81776,
2015-03-10,-11.12953,
2015-03-11,-2.86414,
2015-03-12,-5.32227,
2015-03-13,-1.67702,
2015-03-14,.,No value available
2015-03-15,.,No value available
2015-03-16,-1.50593,
2015-03-17,2.27269,
2015-03-18,3.56296,
2015-03-19,8.13652,
2015-03-20,1.56198,
2015-03-21,.,No value available
2015-03-22,.,No value available
2015-03-23,6.78253,
2015-03-24,6.60281,
2015-03-25,6.60281,
2015-03-26,5.87827,
2015-03-27,26.00742,
2015-03-28,.,No value available
2015-03-29,.,No value available
2015-03-30,27.75514,
2015-03-31,28.02363,
2015-04-01,28.01894,
2015-04-02,28.01894,
2015-04-03,.,No value available
2015-04-04,.,No value available
2015-04-05,.,No value available
2015-04-06,.,No value available
2015-04-07,25.46342,
2015-04-08,27.83912,
2015-04-09,-0.64094,
2015-04-10,-0.64094,
2015-04-11,.,No value available
2015-04-12,.,No value available
2015-04-13,-0.63850,
2015-04-14,-0.66021,
2015-04-15,-0.84370,
2015-04-16,-0.89418,
2015-04-17,-1.39902,
2015-04-18,.,No value available
2015-04-19,.,No value available
2015-04-20,-1.39902,
2015-04-21,-1.39902,
2015-04-22,-2.96499,
2015-04-23,-3.57684,
2015-04-24,-2.83646,
2015-04-25,.,No value available
2015-04-26,.,No value available
2015-04-27,-2.79691,
2015-04-28,-0.61431,
2015-04-29,-1.37809,
2015-04-30,0.01532,
2015-05-01,.,No value available
2015-05-02,.,No value available
2015-05-03,.,No value available
2015-05-04,0.03064,
2015-05-05,0.10543,
2015-05-06,0.18468,
2015-05-07,-9.88581,
2015-05-08,-9.06132,
2015-05-09,.,No value available
2015-05-10,.,No value available
2015-05-11,-6.05546,
2015-05-12,-16.31169,
2015-05-13,-29.59340,
2015-05-14,-6.34407,
2015-05-15,-6.47983,
2015-05-16,.,No value available
2015-05-17,.,No value available
2015-05-18,-6.47983,
2015-05-19,-8.00803,
2015-05-20,-9.08859,
2015-05-21,-26.97761,
2015-05-22,-9.48186,
2015-05-23,.,No value available
2015-05-24,.,No value available
2015-05-25,.,No value available
2015-05-26,-5.75701,
2015-05-27,-6.67369,
2015-05-28,-16.91381,
2015-05-29,-28.30952,
2015-05-30,.,No value available
2015-05-31,.,No value available
2015-06-01,-27.94429,
2015-06-02,-29.00427,
2015-06-03,-16.85958,
2015-06-04,-6.60049,
2015-06-05,-27.71916,
2015-06-06,.,No value available
2015-06-07,.,No value available
2015-06-08,-28.55416,
2015-06-09,-6.52850,
2015-06-10,-10.90231,
2015-06-11,-15.74103,
2015-06-12,-17.64199,
2015-06-13,.,No value available
2015-06-14,.,No value available
2015-06-15,-28.63686,
2015-06-16,-28.52084,
2015-06-17,-28.53888,
2015-06-18,-28.06570,
2015-06-19,-28.56263,
2015-06-20,.,No value available
2015-06-21,.,No value available
2015-06-22,13.40253,
2015-06-23,29.82580,
2015-06-24,30.00000,
2015-06-25,30.00000,
2015-06-26,30.00000,
2015-06-27,.,No value available
2015-06-28,.,No value available
2015-06-29,30.00000,
2015-06-30,29.29365,
2015-07-01,9.38052,
2015-07-02,16.71293,
2015-07-03,18.25966,
2015-07-04,.,No value available
2015-07-05,.,No value available
2015-07-06,30.00000,
2015-07-07,28.43209,
2015-07-08,27.98567,
2015-07-09,30.00000,
2015-07-10,30.00000,
2015-07-11,.,No value available
2015-07-12,.,No value available
2015-07-13,30.00000,
2015-07-14,29.70830,
2015-07-15,30.00000,
2015-07-16,30.00000,
2015-07-17,30.00000,
2015-07-18,.,No value available
2015-07-19,.,No value available
2015-07-20,29.77960,
2015-07-21,30.00000,
2015-07-22,10.49800,
2015-07-23,30.00000,
2015-07-24,28.97716,
2015-07-25,.,No value available
2015-07-26,.,No value available
2015-07-27,29.84471,
2015-07-28,10.32637,
2015-07-29,12.05587,
2015-07-30,27.93682,
2015-07-31,8.96615,
2015-08-01,.,No value available
2015-08-02,.,No value available
2015-08-03,14.61014,
2015-08-04,16.66114,
2015-08-05,21.05037,
2015-08-06,18.54849,
2015-08-07,19.92171,
2015-08-08,.,No value available
2015-08-09,.,No value available
2015-08-10,26.16724,
2015-08-11,30.00000,
2015-08-12,8.25650,
2015-08-13,17.50707,
2015-08-14,17.50707,
2015-08-15,.,No value available
2015-08-16,.,No value available
2015-08-17,20.89154,
2015-08-18,-29.41197,
2015-08-19,-27.47281,
2015-08-20,-27.20825,
2015-08-21,-27.03286,
2015-08-22,.,No value available
2015-08-23,.,No value available
2015-08-24,-27.07167,
2015-08-25,-4.39167,
2015-08-26,-10.07146,
2015-08-27,-9.06287,
2015-08-28,-9.23206,
2015-08-29,.,No value available
2015-08-30,.,No value available
2015-08-31,-9.23206,
2015-09-01,-19.75318,
2015-09-02,-27.79318,
2015-09-03,-27.81857,
2015-09-04,-27.63104,
2015-09-05,.,No value available
2015-09-06,.,No value available
2015-09-07,-22.51543,
2015-09-08,-26.48923,
2015-09-09,-26.40396,
2015-09-10,-24.89059,
2015-09-11,-23.05549,
2015-09-12,.,No value available
2015-09-13,.,No value available
2015-09-14,-26.53331,
2015-09-15,-25.82496,
2015-09-16,-26.30034,
2015-09-17,-26.18213,
2015-09-18,-26.50993,
2015-09-19,.,No value available
2015-09-20,.,No value available
2015-09-21,-26.50993,
2015-09-22,-26.59442,
2015-09-23,-26.69069,
2015-09-24,-26.75030,
2015-09-25,-26.61784,
2015-09-26,.,No value available
2015-09-27,.,No value available
2015-09-28,-26.66964,
2015-09-29,-26.74409,
2015-09-30,-26.70343,
2015-10-01,-26.68048,
2015-10-02,-26.83909,
2015-10-03,.,No value available
2015-10-04,.,No value available
2015-10-05,-26.91248,
2015-10-06,-26.62673,
2015-10-07,-26.58184,
2015-10-08,-26.80519,
2015-10-09,-25.95888,
2015-10-10,.,No value available
2015-10-11,.,No value available
2015-10-12,-25.95888,
2015-10-13,-26.78187,
2015-10-14,-26.75997,
2015-10-15,-26.81021,
2015-10-16,-26.77698,
2015-10-17,.,No value available
2015-10-18,.,No value available
2015-10-19,-26.76903,
2015-10-20,-26.68159,
2015-10-21,-26.60898,
2015-10-22,-26.74337,
2015-10-23,-26.95435,
2015-10-24,.,No value available
2015-10-25,.,No value available
2015-10-26,-27.00972,
2015-10-27,-26.96199,
2015-10-28,-27.28511,
2015-10-29,-27.23548,
2015-10-30,-6.79839,
2015-10-31,.,No value available
2015-11-01,.,No value available
2015-11-02,-22.44354,
2015-11-03,-26.87535,
2015-11-04,-26.36057,
2015-11-05,-26.76431,
2015-11-06,-24.97264,
2015-11-07,.,No value available
2015-11-08,.,No value available
2015-11-09,-20.00151,
2015-11-10,-7.07612,
2015-11-11,-25.46759,
2015-11-12,-7.15976,
2015-11-13,-11.13488,
2015-11-14,.,No value available
2015-11-15,.,No value available
2015-11-16,-11.13488,
2015-11-17,-17.80832,
2015-11-18,-19.58377,
2015-11-19,-17.04008,
2015-11-20,-14.97159,
2015-11-21,.,No value available
2015-11-22,.,No value available
2015-11-23,-7.31304,
2015-11-24,-10.99257,
2015-11-25,-11.31889,
2015-11-26,-13.51027,
2015-11-27,-17.55175,
2015-11-28,.,No value available
2015-11-29,.,No value available
2015-11-30,-26.98974,
2015-12-01,-25.35715,
2015-12-02,-26.93593,
2015-12-03,-26.84583,
2015-12-04,-26.30794,
2015-12-05,.,No value available
2015-12-06,.,No value available
2015-12-07,-26.36516,
2015-12-08,-26.46077,
2015-12-09,-26.66310,
2015-12-10,-26.51212,
2015-12-11,-26.62449,
2015-12-12,.,No value available
2015-12-13,.,No value available
2015-12-14,-26.70336,
2015-12-15,-26.45551,
2015-12-16,-26.55385,
2015-12-17,-26.64918,
2015-12-18,-26.75105,
2015-12-19,.,No value available
2015-12-20,.,No value available
2015-12-21,-25.02265,
2015-12-22,-26.46046,
2015-12-23,-26.37878,
2015-12-24,.,No value available
2015-12-25,.,No value available
2015-12-26,.,No value available
2015-12-27,.,No value available
2015-12-28,-26.30817,
2015-12-29,-26.03619,
2015-12-30,-25.97234,
2015-12-31,.,No value available
2016-01-01,.,No value available
2016-01-02,.,No value available
2016-01-03,.,No value available
2016-01-04,-25.02474,
2016-01-05,-26.26208,
2016-01-06,-26.52117,
2016-01-07,-26.53693,
2016-01-08,-26.38254,
2016-01-09,.,No value available
2016-01-10,.,No value available
2016-01-11,-26.45636,
2016-01-12,-14.62690,
2016-01-13,-26.57120,
2016-01-14,-10.69089,
2016-01-15,-12.63823,
2016-01-16,.,No value available
2016-01-17,.,No value available
2016-01-18,-13.20475,
2016-01-19,-20.73090,
2016-01-20,-26.99375,
2016-01-21,-27.06223,
2016-01-22,-27.02455,
2016-01-23,.,No value available
2016-01-24,.,No value available
2016-01-25,-25.38617,
2016-01-26,-21.99108,
2016-01-27,-27.28118,
2016-01-28,30.00000,
2016-01-29,30.00000,
2016-01-30,.,No value available
2016-01-31,.,No value available
2016-02-01,29.86314,
2016-02-02,30.00000,
2016-02-03,24.74134,
2016-02-04,24.74134,
2016-02-05,24.74134,
2016-02-06,.,No value available
2016-02-07,.,No value available
2016-02-08,30.00000,
2016-02-09,11.26658,
2016-02-10,-11.83769,
2016-02-11,-14.12803,
2016-02-12,-28.20308,
2016-02-13,.,No value available
2016-02-14,.,No value available
2016-02-15,-26.87693,
2016-02-16,-27.94524,
2016-02-17,-27.94524,
2016-02-18,-27.94524,
2016-02-19,-28.09232,
2016-02-20,.,No value available
2016-02-21,.,No value available
2016-02-22,-28.09875,
2016-02-23,-28.16440,
2016-02-24,-28.33018,
2016-02-25,-28.21072,
2016-02-26,-28.23230,
2016-02-27,.,No value available
2016-02-28,.,No value available
2016-02-29,-19.37407,
2016-03-01,-28.18087,
2016-03-02,-27.94681,
2016-03-03,-27.94670,
2016-03-04,-27.93133,
2016-03-05,.,No value available
2016-03-06,.,No value available
2016-03-07,-27.93563,
2016-03-08,30.00000,
2016-03-09,30.00000,
2016-03-10,29.99989,
2016-03-11,29.99993,
2016-03-12,.,No value available
2016-03-13,.,No value available
2016-03-14,29.93262,
2016-03-15,30.00000,
2016-03-16,30.00000,
2016-03-17,30.00000,
2016-03-18,30.00000,
2016-03-19,.,No value available
2016-03-20,.,No value available
2016-03-21,29.99889,
2016-03-22,29.99918,
2016-03-23,29.99923,
2016-03-24,29.99999,
2016-03-25,.,No value available
2016-03-26,.,No value available
2016-03-27,.,No value available
2016-03-28,.,No value available
2016-03-29,29.99998,
2016-03-30,29.99710,
2016-03-31,30.00000,
2016-04-01,30.00000,
2016-04-02,.,No value available
2016-04-03,.,No value available
2016-04-04,-3.02763,
2016-04-05,-3.12213,
2016-04-06,-16.16496,
2016-04-07,-30.00000,
2016-04-08,-30.00000,
2016-04-09,.,No value available
2016-04-10,.,No value available
2016-04-11,-29.81977,
2016-04-12,-12.99162,
2016-04-13,-12.59672,
2016-04-14,-25.46360,
2016-04-15,-27.60839,
2016-04-16,.,No value available
2016-04-17,.,No value available
2016-04-18,-30.00000,
2016-04-19,-29.45202,
2016-04-20,-29.99658,
2016-04-21,-30.00000,
2016-04-22,-29.92253,
2016-04-23,.,No value available
2016-04-24,.,No value available
2016-04-25,-30.00000,
2016-04-26,-29.99893,
2016-04-27,-30.00000,
2016-04-28,-22.85373,
2016-04-29,-29.98360,
2016-04-30,.,No value available
2016-05-01,.,No value available
2016-05-02,-29.99993,
2016-05-03,-30.00000,
2016-05-04,-30.00000,
2016-05-05,-18.44801,
2016-05-06,-7.74616,
2016-05-07,.,No value available
2016-05-08,.,No value available
2016-05-09,-7.74616,
2016-05-10,-15.54078,
2016-05-11,-16.08655,
2016-05-12,-19.01402,
2016-05-13,-9.85035,
2016-05-14,.,No value available
2016-05-15,.,No value available
2016-05-16,.,No value available
2016-05-17,-13.98746,
2016-05-18,-30.00000,
2016-05-19,-16.45105,
2016-05-20,-15.46154,
2016-05-21,.,No value available
2016-05-22,.,No value available
2016-05-23,-7.12162,
2016-05-24,-10.12598,
2016-05-25,-10.12598,
2016-05-26,-23.26091,
2016-05-27,-22.07138,
2016-05-28,.,No value available
2016-05-29,.,No value available
2016-05-30,-27.65378,
2016-05-31,-27.65378,
2016-06-01,-28.37612,
2016-06-02,-30.00000,
2016-06-03,-9.35280,
2016-06-04,.,No value available
2016-06-05,.,No value available
2016-06-06,-9.84958,
2016-06-07,-9.84958,
2016-06-08,-7.19077,
2016-06-09,-5.03136,
2016-06-10,-5.39619,
2016-06-11,.,No value available
2016-06-12,.,No value available
2016-06-13,-4.90206,
2016-06-14,-4.75785,
2016-06-15,-5.03099,
2016-06-16,-7.95271,
2016-06-17,-13.12185,
2016-06-18,.,No value available
2016-06-19,.,No value available
2016-06-20,-5.14721,
2016-06-21,-7.42626,
2016-06-22,-19.85581,
2016-06-23,-29.79688,
2016-06-24,-30.00000,
2016-06-25,.,No value available
2016-06-26,.,No value available
2016-06-27,-29.99961,
2016-06-28,-10.13755,
2016-06-29,-19.28304,
2016-06-30,-29.81352,
2016-07-01,-28.43840,
2016-07-02,.,No value available
2016-07-03,.,No value available
2016-07-04,-8.39712,
2016-07-05,-20.95653,
2016-07-06,-9.61603,
2016-07-07,-11.27788,
2016-07-08,-11.28470,
2016-07-09,.,No value available
2016-07-10,.,No value available
2016-07-11,-6.52427,
2016-07-12,-10.46789,
2016-07-13,-20.46680,
2016-07-14,-30.00000,
2016-07-15,-29.99963,
2016-07-16,.,No value available
2016-07-17,.,No value available
2016-07-18,-19.69303,
2016-07-19,-29.31009,
2016-07-20,-29.54242,
2016-07-21,-29.80614,
2016-07-22,-29.99844,
2016-07-23,.,No value available
2016-07-24,.,No value available
2016-07-25,-30.00000,
2016-07-26,-30.00000,
2016-07-27,-24.47605,
2016-07-28,-9.79300,
2016-07-29,-3.80696,
2016-07-30,.,No value available
2016-07-31,.,No value available
2016-08-01,-3.76379,
2016-08-02,-3.89121,
2016-08-03,-3.95328,
2016-08-04,2.09098,
2016-08-05,2.85100,
2016-08-06,.,No value available
2016-08-07,.,No value available
2016-08-08,7.16178,
2016-08-09,11.05508,
2016-08-10,17.05782,
2016-08-11,6.40230,
2016-08-12,10.03415,
2016-08-13,.,No value available
2016-08-14,.,No value available
2016-08-15,12.64213,
2016-08-16,10.89302,
2016-08-17,27.34777,
2016-08-18,12.33562,
2016-08-19,25.95219,
2016-08-20,.,No value available
2016-08-21,.,No value available
2016-08-22,5.86255,
2016-08-23,8.93733,
2016-08-24,9.73058,
2016-08-25,13.86006,
2016-08-26,26.99514,
2016-08-27,.,No value available
2016-08-28,.,No value available
2016-08-29,27.07791,
2016-08-30,27.32890,
2016-08-31,18.52108,
2016-09-01,21.43861,
2016-09-02,24.20253,
2016-09-03,.,No value available
2016-09-04,.,No value available
2016-09-05,27.11063,
2016-09-06,5.06267,
2016-09-07,7.94994,
2016-09-08,9.66500,
2016-09-09,7.02169,
2016-09-10,.,No value available
2016-09-11,.,No value available
2016-09-12,24.36635,
2016-09-13,8.07475,
2016-09-14,26.49791,
2016-09-15,26.99411,
2016-09-16,5.05519,
2016-09-17,.,No value available
2016-09-18,.,No value available
2016-09-19,11.31170,
2016-09-20,13.49640,
2016-09-21,15.44701,
2016-09-22,22.88344,
2016-09-23,3.94028,
2016-09-24,.,No value available
2016-09-25,.,No value available
2016-09-26,4.55043,
2016-09-27,14.63473,
2016-09-28,13.23722,
2016-09-29,13.31578,
2016-09-30,26.67020,
2016-10-01,.,No value available
2016-10-02,.,No value available
2016-10-03,.,No value available
2016-10-04,27.21620,
2016-10-05,3.23509,
2016-10-06,1.66418,
2016-10-07,1.27559,
2016-10-08,.,No value available
2016-10-09,.,No value available
2016-10-10,1.22671,
2016-10-11,1.36001,
2016-10-12,1.19139,
2016-10-13,1.54504,
2016-10-14,2.49631,
2016-10-15,.,No value available
2016-10-16,.,No value available
2016-10-17,4.32233,
2016-10-18,12.29451,
2016-10-19,7.99546,
2016-10-20,11.21353,
2016-10-21,15.92686,
2016-10-22,.,No value available
2016-10-23,.,No value available
2016-10-24,-4.56522,
2016-10-25,-4.66254,
2016-10-26,-4.58945,
2016-10-27,-4.85314,
2016-10-28,-4.88261,
2016-10-29,.,No value available
2016-10-30,.,No value available
2016-10-31,-4.81700,
2016-11-01,-4.82703,
2016-11-02,-4.72837,
2016-11-03,-4.86767,
2016-11-04,-4.82329,
2016-11-05,.,No value available
2016-11-06,.,No value available
2016-11-07,-4.85759,
2016-11-08,-4.85219,
2016-11-09,-4.99809,
2016-11-10,-29.82520,
2016-11-11,-28.01077,
2016-11-12,.,No value available
2016-11-13,.,No value available
2016-11-14,-14.93765,
2016-11-15,-20.09789,
2016-11-16,-28.62228,
2016-11-17,-29.12654,
2016-11-18,-29.94352,
2016-11-19,.,No value available
2016-11-20,.,No value available
2016-11-21,-29.97919,
2016-11-22,-30.00000,
2016-11-23,-11.41217,
2016-11-24,-19.15928,
2016-11-25,-16.15233,
2016-11-26,.,No value available
2016-11-27,.,No value available
2016-11-28,-13.43595,
2016-11-29,-14.68256,
2016-11-30,-25.38540,
2016-12-01,-10.69182,
2016-12-02,14.17578,
2016-12-03,.,No value available
2016-12-04,.,No value available
2016-12-05,16.62641,
2016-12-06,26.71637,
2016-12-07,26.76043,
2016-12-08,26.70032,
2016-12-09,21.10717,
2016-12-10,.,No value available
2016-12-11,.,No value available
2016-12-12,26.03397,
2016-12-13,26.16454,
2016-12-14,26.21801,
2016-12-15,26.18342,
2016-12-16,26.26580,
2016-12-17,.,No value available
2016-12-18,.,No value available
2016-12-19,26.24516,
2016-12-20,26.38291,
2016-12-21,25.91076,
2016-12-22,26.62635,
2016-12-23,26.64244,
2016-12-24,.,No value available
2016-12-25,.,No value available
2016-12-26,.,No value available
2016-12-27,26.67241,
2016-12-28,26.69567,
2016-12-29,26.70942,
2016-12-30,17.74190,
2016-12-31,.,No value available
2017-01-01,.,No value available
2017-01-02,18.24129,
2017-01-03,22.52688,
2017-01-04,15.77332,
2017-01-05,13.09486,
2017-01-06,4.33965,
2017-01-07,.,No value available
2017-01-08,.,No value available
2017-01-09,15.98179,
2017-01-10,3.94237,
2017-01-11,6.91377,
2017-01-12,6.38413,
2017-01-13,16.02953,
2017-01-14,.,No value available
2017-01-15,.,No value available
2017-01-16,16.50433,
2017-01-17,21.69963,
2017-01-18,25.92931,
2017-01-19,25.82069,
2017-01-20,9.07839,
2017-01-21,.,No value available
2017-01-22,.,No value available
2017-01-23,25.60961,
2017-01-24,25.65827,
2017-01-25,25.60062,
2017-01-26,-30.00000,
2017-01-27,-29.97118,
2017-01-28,.,No value available
2017-01-29,.,No value available
2017-01-30,-29.78686,
2017-01-31,-30.00000,
2017-02-01,-15.39628,
2017-02-02,-29.98629,
2017-02-03,-30.00000,
2017-02-04,.,No value available
2017-02-05,.,No value available
2017-02-06,-19.54296,
2017-02-07,-30.00000,
2017-02-08,-15.73449,
2017-02-09,-29.99529,
2017-02-10,-29.95217,
2017-02-11,.,No value available
2017-02-12,.,No value available
2017-02-13,-29.86586,
2017-02-14,-29.98701,
2017-02-15,-14.18612,
2017-02-16,-17.40010,
2017-02-17,-18.29168,
2017-02-18,.,No value available
2017-02-19,.,No value available
2017-02-20,-6.30574,
2017-02-21,-6.82455,
2017-02-22,-19.72828,
2017-02-23,-24.92822,
2017-02-24,-29.94452,
2017-02-25,.,No value available
2017-02-26,.,No value available
2017-02-27,-29.99436,
2017-02-28,-20.73842,
2017-03-01,-30.00000,
2017-03-02,-29.99040,
2017-03-03,-29.99794,
2017-03-04,.,No value available
2017-03-05,.,No value available
2017-03-06,-18.13388,
2017-03-07,-19.52964,
2017-03-08,-20.76716,
2017-03-09,-20.14662,
2017-03-10,-13.50057,
2017-03-11,.,No value available
2017-03-12,.,No value available
2017-03-13,-30.00000,
2017-03-14,-30.00000,
2017-03-15,-21.78242,
2017-03-16,-20.48742,
2017-03-17,-15.76092,
2017-03-18,.,No value available
2017-03-19,.,No value available
2017-03-20,-15.85703,
2017-03-21,-8.18467,
2017-03-22,-12.86929,
2017-03-23,-14.30921,
2017-03-24,-22.21618,
2017-03-25,.,No value available
2017-03-26,.,No value available
2017-03-27,-19.43899,
2017-03-28,-16.21242,
2017-03-29,-30.00000,
2017-03-30,-24.47126,
2017-03-31,-22.27206,
2017-04-01,.,No value available
2017-04-02,.,No value available
2017-04-03,-29.99621,
2017-04-04,-11.13640,
2017-04-05,-6.11559,
2017-04-06,-6.28032,
2017-04-07,-6.26431,
2017-04-08,.,No value available
2017-04-09,.,No value available
2017-04-10,-6.19829,
2017-04-11,-6.11671,
2017-04-12,-6.08658,
2017-04-13,-5.97781,
2017-04-14,.,No value available
2017-04-15,.,No value available
2017-04-16,.,No value available
2017-04-17,.,No value available
2017-04-18,-5.89452,
2017-04-19,-5.66534,
2017-04-20,-5.76057,
2017-04-21,-5.55549,
2017-04-22,.,No value available
2017-04-23,.,No value available
2017-04-24,-5.41877,
2017-04-25,-5.64690,
2017-04-26,-5.60999,
2017-04-27,-5.63913,
2017-04-28,-5.61103,
2017-04-29,.,No value available
2017-04-30,.,No value available
2017-05-01,.,No value available
2017-05-02,-5.75585,
2017-05-03,-5.69541,
2017-05-04,-5.73232,
2017-05-05,-5.81472,
2017-05-06,.,No value available
2017-05-07,.,No value available
2017-05-08,-5.98944,
2017-05-09,-6.08087,
2017-05-10,-6.08939,
2017-05-11,-6.15933,
2017-05-12,-6.14589,
2017-05-13,.,No value available
2017-05-14,.,No value available
2017-05-15,-6.21489,
2017-05-16,-6.28347,
2017-05-17,-6.16392,
2017-05-18,-6.24069,
2017-05-19,-6.19024,
2017-05-20,.,No value available
2017-05-21,.,No value available
2017-05-22,-6.21014,
2017-05-23,-6.33040,
2017-05-24,-6.31684,
2017-05-25,-6.28798,
2017-05-26,-6.28256,
2017-05-27,.,No value available
2017-05-28,.,No value available
2017-05-29,-6.29527,
2017-05-30,-6.35412,
2017-05-31,-6.39828,
2017-06-01,-6.39756,
2017-06-02,-6.35683,
2017-06-03,.,No value available
2017-06-04,.,No value available
2017-06-05,.,No value available
2017-06-06,-6.30874,
2017-06-07,-6.22459,
2017-06-08,-6.23669,
2017-06-09,-6.15547,
2017-06-10,.,No value available
2017-06-11,.,No value available
2017-06-12,-6.25051,
2017-06-13,-6.12372,
2017-06-14,10.36062,
2017-06-15,26.21445,
2017-06-16,7.45648,
2017-06-17,.,No value available
2017-06-18,.,No value available
2017-06-19,21.00166,
2017-06-20,11.50128,
2017-06-21,15.19258,
2017-06-22,26.48338,
2017-06-23,23.00507,
2017-06-24,.,No value available
2017-06-25,.,No value available
2017-06-26,22.64930,
2017-06-27,24.30196,
2017-06-28,23.90589,
2017-06-29,25.76186,
2017-06-30,23.68634,
2017-07-01,.,No value available
2017-07-02,.,No value available
2017-07-03,26.34828,
2017-07-04,16.46618,
2017-07-05,24.19667,
2017-07-06,-13.37157,
2017-07-07,-22.16876,
2017-07-08,.,No value available
2017-07-09,.,No value available
2017-07-10,-27.24029,
2017-07-11,-13.75396,
2017-07-12,-11.17899,
2017-07-13,-7.01656,
2017-07-14,-19.63277,
2017-07-15,.,No value available
2017-07-16,.,No value available
2017-07-17,-16.00973,
2017-07-18,-28.90407,
2017-07-19,-13.02637,
2017-07-20,-13.02637,
2017-07-21,-15.87689,
2017-07-22,.,No value available
2017-07-23,.,No value available
2017-07-24,-4.28917,
2017-07-25,-4.95343,
2017-07-26,-8.33458,
2017-07-27,-8.68368,
2017-07-28,-7.81158,
2017-07-29,.,No value available
2017-07-30,.,No value available
2017-07-31,-5.79222,
2017-08-01,-6.09274,
2017-08-02,-18.88298,
2017-08-03,-22.12928,
2017-08-04,-30.00000,
2017-08-05,.,No value available
2017-08-06,.,No value available
2017-08-07,-30.00000,
2017-08-08,-7.28920,
2017-08-09,-6.18963,
2017-08-10,-6.18963,
2017-08-11,-2.26372,
2017-08-12,.,No value available
2017-08-13,.,No value available
2017-08-14,-0.89707,
2017-08-15,-0.89707,
2017-08-16,-5.41616,
2017-08-17,-5.46505,
2017-08-18,-5.53597,
2017-08-19,.,No value available
2017-08-20,.,No value available
2017-08-21,-5.53597,
2017-08-22,-5.53597,
2017-08-23,-5.50778,
2017-08-24,-5.64203,
2017-08-25,-5.67644,
2017-08-26,.,No value available
2017-08-27,.,No value available
2017-08-28,-5.63127,
2017-08-29,-5.75479,
2017-08-30,-5.75183,
2017-08-31,-5.70445,
2017-09-01,-5.70445,
2017-09-02,.,No value available
2017-09-03,.,No value available
2017-09-04,-5.87614,
2017-09-05,-6.09113,
2017-09-06,-5.84438,
2017-09-07,1.68875,
2017-09-08,6.08039,
2017-09-09,.,No value available
2017-09-10,.,No value available
2017-09-11,19.93301,
2017-09-12,25.87741,
2017-09-13,25.12320,
2017-09-14,25.86251,
2017-09-15,25.98455,
2017-09-16,.,No value available
2017-09-17,.,No value available
2017-09-18,0.88523,
2017-09-19,0.82904,
2017-09-20,0.97133,
2017-09-21,0.85041,
2017-09-22,0.89665,
2017-09-23,.,No value available
2017-09-24,.,No value available
2017-09-25,0.85055,
2017-09-26,0.73072,
2017-09-27,-2.74924,
2017-09-28,-5.65391,
2017-09-29,-1.38362,
2017-09-30,.,No value available
2017-10-01,.,No value available
2017-10-02,-1.22898,
2017-10-03,.,No value available
2017-10-04,-1.51982,
2017-10-05,5.27030,
2017-10-06,3.17393,
2017-10-07,.,No value available
2017-10-08,.,No value available
2017-10-09,15.80038,
2017-10-10,18.28223,
2017-10-11,-6.26829,
2017-10-12,-9.87006,
2017-10-13,-5.19339,
2017-10-14,.,No value available
2017-10-15,.,No value available
2017-10-16,-18.18431,
2017-10-17,-17.27213,
2017-10-18,-17.89342,
2017-10-19,-14.39853,
2017-10-20,-10.39283,
2017-10-21,.,No value available
2017-10-22,.,No value available
2017-10-23,-9.15716,
2017-10-24,-7.34006,
2017-10-25,-17.52260,
2017-10-26,-7.46392,
2017-10-27,-6.99009,
2017-10-28,.,No value available
2017-10-29,.,No value available
2017-10-30,-12.62120,
2017-10-31,.,No value available
2017-11-01,-12.69940,
2017-11-02,-18.73452,
2017-11-03,-30.00000,
2017-11-04,.,No value available
2017-11-05,.,No value available
2017-11-06,-30.00000,
2017-11-07,-29.99824,
2017-11-08,-29.39171,
2017-11-09,-27.95286,
2017-11-10,17.56658,
2017-11-11,.,No value available
2017-11-12,.,No value available
2017-11-13,25.84059,
2017-11-14,28.27570,
2017-11-15,28.38024,
2017-11-16,25.63931,
2017-11-17,28.45236,
2017-11-18,.,No value available
2017-11-19,.,No value available
2017-11-20,28.36695,
2017-11-21,28.47754,
2017-11-22,28.13303,
2017-11-23,27.46427,
2017-11-24,28.46818,
2017-11-25,.,No value available
2017-11-26,.,No value available
2017-11-27,28.34346,
2017-11-28,8.31824,
2017-11-29,3.95376,
2017-11-30,4.46099,
2017-12-01,20.39969,
2017-12-02,.,No value available
2017-12-03,.,No value available
2017-12-04,18.42184,
2017-12-05,3.67655,
2017-12-06,0.67514,
2017-12-07,0.64132,
2017-12-08,0.72401,
2017-12-09,.,No value available
2017-12-10,.,No value available
2017-12-11,0.71590,
2017-12-12,1.00870,
2017-12-13,1.19980,
2017-12-14,1.06377,
2017-12-15,0.93449,
2017-12-16,.,No value available
2017-12-17,.,No value available
2017-12-18,1.06347,
2017-12-19,1.18716,
2017-12-20,1.32661,
2017-12-21,1.12637,
2017-12-22,1.04698,
2017-12-23,.,No value available
2017-12-24,.,No value available
2017-12-25,.,No value available
2017-12-26,.,No value available
2017-12-27,0.98957,
2017-12-28,1.08718,
2017-12-29,1.08675,
2017-12-30,.,No value available
2017-12-31,.,No value available
2018-01-01,.,No value available
2018-01-02,1.00037,
2018-01-03,0.72817,
2018-01-04,0.57798,
2018-01-05,0.44822,
2018-01-06,.,No value available
2018-01-07,.,No value available
2018-01-08,0.52412,
2018-01-09,0.47493,
2018-01-10,0.10990,
2018-01-11,0.09773,
2018-01-12,0.44438,
2018-01-13,.,No value available
2018-01-14,.,No value available
2018-01-15,0.19342,
2018-01-16,-1.45085,
2018-01-17,-4.34592,
2018-01-18,-4.50000,
2018-01-19,-4.55886,
2018-01-20,.,No value available
2018-01-21,.,No value available
2018-01-22,-4.62741,
2018-01-23,-4.51200,
2018-01-24,-4.45909,
2018-01-25,-4.41775,
2018-01-26,-3.24536,
2018-01-27,.,No value available
2018-01-28,.,No value available
2018-01-29,-3.01687,
2018-01-30,-3.78538,
2018-01-31,-3.81853,
2018-02-01,-4.04855,
2018-02-02,-4.37320,
2018-02-03,.,No value available
2018-02-04,.,No value available
2018-02-05,-4.70966,
2018-02-06,-4.76698,
2018-02-07,-4.58420,
2018-02-08,-4.84669,
2018-02-09,-4.61688,
2018-02-10,.,No value available
2018-02-11,.,No value available
2018-02-12,2.47125,
2018-02-13,3.02262,
2018-02-14,3.89073,
2018-02-15,3.46030,
2018-02-16,3.45792,
2018-02-17,.,No value available
2018-02-18,.,No value available
2018-02-19,3.86467,
2018-02-20,4.03694,
2018-02-21,4.37029,
2018-02-22,3.44018,
2018-02-23,4.24967,
2018-02-24,.,No value available
2018-02-25,.,No value available
2018-02-26,3.77043,
2018-02-27,3.74091,
2018-02-28,3.74091,
2018-03-01,4.11133,
2018-03-02,3.99737,
2018-03-03,.,No value available
2018-03-04,.,No value available
2018-03-05,4.32119,
2018-03-06,-0.25186,
2018-03-07,-0.09102,
2018-03-08,-1.31544,
2018-03-09,-2.48994,
2018-03-10,.,No value available
2018-03-11,.,No value available
2018-03-12,-0.57264,
2018-03-13,-1.31078,
2018-03-14,-1.63543,
2018-03-15,-1.24753,
2018-03-16,-1.22234,
2018-03-17,.,No value available
2018-03-18,.,No value available
2018-03-19,-1.22234,
2018-03-20,-3.62283,
2018-03-21,0.65169,
2018-03-22,0.65169,
2018-03-23,0.04073,
2018-03-24,.,No value available
2018-03-25,.,No value available
2018-03-26,0.04073,
2018-03-27,0.32639,
2018-03-28,0.36877,
2018-03-29,0.02519,
2018-03-30,.,No value available
2018-03-31,.,No value available
2018-04-01,.,No value available
2018-04-02,.,No value available
2018-04-03,-1.87807,
2018-04-04,-0.74485,
2018-04-05,-1.48970,
2018-04-06,-2.55840,
2018-04-07,.,No value available
2018-04-08,.,No value available
2018-04-09,-3.43265,
2018-04-10,-1.99644,
2018-04-11,-2.89222,
2018-04-12,-0.13569,
2018-04-13,-0.00848,
2018-04-14,.,No value available
2018-04-15,.,No value available
2018-04-16,-0.01696,
2018-04-17,-0.00106,
2018-04-18,-0.00007,
2018-04-19,0.37201,
2018-04-20,0.24051,
2018-04-21,.,No value available
2018-04-22,.,No value available
2018-04-23,0.25430,
2018-04-24,0.83444,
2018-04-25,-0.00785,
2018-04-26,-0.00049,
2018-04-27,-0.00049,
2018-04-28,.,No value available
2018-04-29,.,No value available
2018-04-30,-0.00049,
2018-05-01,.,No value available
2018-05-02,-0.00049,
2018-05-03,-0.00049,
2018-05-04,-0.00049,
2018-05-05,.,No value available
2018-05-06,.,No value available
2018-05-07,-0.00049,
2018-05-08,-3.67680,
2018-05-09,-7.35360,
2018-05-10,-0.45960,
2018-05-11,-1.03642,
2018-05-12,.,No value available
2018-05-13,.,No value available
2018-05-14,-0.41765,
2018-05-15,-0.29984,
2018-05-16,-2.31744,
2018-05-17,-0.46575,
2018-05-18,-0.76272,
2018-05-19,.,No value available
2018-05-20,.,No value available
2018-05-21,.,No value available
2018-05-22,-0.40907,
2018-05-23,-1.06302,
2018-05-24,0.36438,
2018-05-25,-3.89054,
2018-05-26,.,No value available
2018-05-27,.,No value available
2018-05-28,0.42566,
2018-05-29,-1.00536,
2018-05-30,0.47230,
2018-05-31,-4.88741,
2018-06-01,-4.23881,
2018-06-02,.,No value available
2018-06-03,.,No value available
2018-06-04,-4.63737,
2018-06-05,-5.06370,
2018-06-06,-4.67191,
2018-06-07,-4.71714,
2018-06-08,-4.53180,
2018-06-09,.,No value available
2018-06-10,.,No value available
2018-06-11,-4.61754,
2018-06-12,-4.37325,
2018-06-13,-4.40230,
2018-06-14,-4.42161,
2018-06-15,-4.83421,
2018-06-16,.,No value available
2018-06-17,.,No value available
2018-06-18,-4.91975,
2018-06-19,-4.99368,
2018-06-20,-4.99765,
2018-06-21,-5.32736,
2018-06-22,-4.98663,
2018-06-23,.,No value available
2018-06-24,.,No value available
2018-06-25,-4.55191,
2018-06-26,-4.81463,
2018-06-27,-0.58159,
2018-06-28,0.33485,
2018-06-29,-0.00193,
2018-06-30,.,No value available
2018-07-01,.,No value available
2018-07-02,-0.00012,
2018-07-03,-1.09786,
2018-07-04,-0.21500,
2018-07-05,0.16854,
2018-07-06,0.33708,
2018-07-07,.,No value available
2018-07-08,.,No value available
2018-07-09,0.53612,
2018-07-10,-1.98125,
2018-07-11,-1.11253,
2018-07-12,-0.95845,
2018-07-13,-0.93837,
2018-07-14,.,No value available
2018-07-15,.,No value available
2018-07-16,-0.93382,
2018-07-17,-1.04002,
2018-07-18,-1.18409,
2018-07-19,-0.96990,
2018-07-20,-1.22890,
2018-07-21,.,No value available
2018-07-22,.,No value available
2018-07-23,0.64843,
2018-07-24,1.43649,
2018-07-25,5.50424,
2018-07-26,6.17312,
2018-07-27,5.63854,
2018-07-28,.,No value available
2018-07-29,.,No value available
2018-07-30,9.98490,
2018-07-31,12.38646,
2018-08-01,3.71968,
2018-08-02,3.90728,
2018-08-03,0.72423,
2018-08-04,.,No value available
2018-08-05,.,No value available
2018-08-06,0.85949,
2018-08-07,1.05702,
2018-08-08,1.05657,
2018-08-09,1.18869,
2018-08-10,-3.50503,
2018-08-11,.,No value available
2018-08-12,.,No value available
2018-08-13,-4.69713,
2018-08-14,-0.76571,
2018-08-15,-0.94367,
2018-08-16,-0.85346,
2018-08-17,-0.93340,
2018-08-18,.,No value available
2018-08-19,.,No value available
2018-08-20,-1.17174,
2018-08-21,-0.95264,
2018-08-22,-1.14851,
2018-08-23,-0.88823,
2018-08-24,-0.64778,
2018-08-25,.,No value available
2018-08-26,.,No value available
2018-08-27,-0.71862,
2018-08-28,-0.65370,
2018-08-29,-0.59176,
2018-08-30,-0.56037,
2018-08-31,-0.60307,
2018-09-01,.,No value available
2018-09-02,.,No value available
2018-09-03,-0.50844,
2018-09-04,-0.51224,
2018-09-05,-0.55074,
2018-09-06,-0.72048,
2018-09-07,-0.60342,
2018-09-08,.,No value available
2018-09-09,.,No value available
2018-09-10,-0.50802,
2018-09-11,-0.35530,
2018-09-12,-0.35530,
2018-09-13,-0.41571,
2018-09-14,-0.44617,
2018-09-15,.,No value available
2018-09-16,.,No value available
2018-09-17,-0.52880,
2018-09-18,-0.52880,
2018-09-19,-1.27157,
2018-09-20,-0.42083,
2018-09-21,0.26709,
2018-09-22,.,No value available
2018-09-23,.,No value available
2018-09-24,0.60178,
2018-09-25,0.73544,
2018-09-26,1.00404,
2018-09-27,0.97253,
2018-09-28,0.77622,
2018-09-29,.,No value available
2018-09-30,.,No value available
2018-10-01,0.93093,
2018-10-02,1.22148,
2018-10-03,.,No value available
2018-10-04,0.46632,
2018-10-05,0.65775,
2018-10-06,.,No value available
2018-10-07,.,No value available
2018-10-08,0.74301,
2018-10-09,0.99590,
2018-10-10,0.81783,
2018-10-11,0.86931,
2018-10-12,0.84569,
2018-10-13,.,No value available
2018-10-14,.,No value available
2018-10-15,1.13880,
2018-10-16,0.80514,
2018-10-17,0.81155,
2018-10-18,0.81155,
2018-10-19,0.97695,
2018-10-20,.,No value available
2018-10-21,.,No value available
2018-10-22,1.17729,
2018-10-23,1.17015,
2018-10-24,1.40719,
2018-10-25,1.40719,
2018-10-26,1.26253,
2018-10-27,.,No value available
2018-10-28,.,No value available
2018-10-29,0.89549,
2018-10-30,1.15255,
2018-10-31,1.15255,
2018-11-01,1.24242,
2018-11-02,1.28455,
2018-11-03,.,No value available
2018-11-04,.,No value available
2018-11-05,1.16612,
2018-11-06,1.04269,
2018-11-07,0.88256,
2018-11-08,0.68738,
2018-11-09,0.74350,
2018-11-10,.,No value available
2018-11-11,.,No value available
2018-11-12,0.87960,
2018-11-13,0.87960,
2018-11-14,0.88802,
2018-11-15,0.99006,
2018-11-16,0.81639,
2018-11-17,.,No value available
2018-11-18,.,No value available
2018-11-19,0.84192,
2018-11-20,0.91339,
2018-11-21,0.59437,
2018-11-22,0.60113,
2018-11-23,0.60113,
2018-11-24,.,No value available
2018-11-25,.,No value available
2018-11-26,0.60113,
2018-11-27,0.60113,
2018-11-28,0.51817,
2018-11-29,0.51817,
2018-11-30,0.55113,
2018-12-01,.,No value available
2018-12-02,.,No value available
2018-12-03,0.53949,
2018-12-04,0.59609,
2018-12-05,0.57684,
2018-12-06,1.71222,
2018-12-07,-4.33506,
2018-12-08,.,No value available
2018-12-09,.,No value available
2018-12-10,-4.47185,
2018-12-11,-4.28020,
2018-12-12,-4.29577,
2018-12-13,-4.08176,
2018-12-14,0.84113,
2018-12-15,.,No value available
2018-12-16,.,No value available
2018-12-17,1.04256,
2018-12-18,1.01242,
2018-12-19,0.96493,
2018-12-20,1.02502,
2018-12-21,0.85662,
2018-12-22,.,No value available
2018-12-23,.,No value available
2018-12-24,.,No value available
2018-12-25,.,No value available
2018-12-26,.,No value available
2018-12-27,0.94020,
2018-12-28,0.77987,
2018-12-29,.,No value available
2018-12-30,.,No value available
2018-12-31,.,No value available
2019-01-01,.,No value available
2019-01-02,-2.90517,
2019-01-03,-2.54073,
2019-01-04,-3.16346,
2019-01-05,.,No value available
2019-01-06,.,No value available
2019-01-07,-4.25525,
2019-01-08,-5.95228,
2019-01-09,-5.05719,
2019-01-10,-3.51931,
2019-01-11,-4.28605,
2019-01-12,.,No value available
2019-01-13,.,No value available
2019-01-14,-4.23649,
2019-01-15,-2.23831,
2019-01-16,-1.17157,
2019-01-17,-2.21472,
2019-01-18,0.00791,
2019-01-19,.,No value available
2019-01-20,.,No value available
2019-01-21,0.00049,
2019-01-22,-1.78597,
2019-01-23,-3.48194,
2019-01-24,-3.14349,
2019-01-25,-1.60334,
2019-01-26,.,No value available
2019-01-27,.,No value available
2019-01-28,-0.00217,
2019-01-29,-0.00138,
2019-01-30,-0.00276,
2019-01-31,-0.00276,
2019-02-01,-0.00017,
2019-02-02,.,No value available
2019-02-03,.,No value available
2019-02-04,-0.91142,
2019-02-05,-3.89282,
2019-02-06,-3.68332,
2019-02-07,-3.66309,
2019-02-08,-4.47994,
2019-02-09,.,No value available
2019-02-10,.,No value available
2019-02-11,-2.36615,
2019-02-12,-3.09144,
2019-02-13,-3.09144,
2019-02-14,-4.20552,
2019-02-15,-4.20552,
2019-02-16,.,No value available
2019-02-17,.,No value available
2019-02-18,-15.46158,
2019-02-19,-26.24804,
2019-02-20,-26.24804,
2019-02-21,-30.00000,
2019-02-22,-30.00000,
2019-02-23,.,No value available
2019-02-24,.,No value available
2019-02-25,-10.35007,
2019-02-26,-3.80265,
2019-02-27,-3.99818,
2019-02-28,-3.92247,
2019-03-01,-3.71223,
2019-03-02,.,No value available
2019-03-03,.,No value available
2019-03-04,-2.71818,
2019-03-05,-2.64320,
2019-03-06,-3.42619,
2019-03-07,-0.19372,
2019-03-08,-2.81007,
2019-03-09,.,No value available
2019-03-10,.,No value available
2019-03-11,-2.73929,
2019-03-12,-2.19432,
2019-03-13,-2.45320,
2019-03-14,-2.45320,
2019-03-15,-2.11074,
2019-03-16,.,No value available
2019-03-17,.,No value available
2019-03-18,-2.11074,
2019-03-19,-2.11074,
2019-03-20,-1.70537,
2019-03-21,-2.22394,
2019-03-22,-2.16776,
2019-03-23,.,No value available
2019-03-24,.,No value available
2019-03-25,-2.16776,
2019-03-26,-1.53494,
2019-03-27,-1.44000,
2019-03-28,-1.97771,
2019-03-29,0.52372,
2019-03-30,.,No value available
2019-03-31,.,No value available
2019-04-01,-2.96865,
2019-04-02,-2.96865,
2019-04-03,-2.39616,
2019-04-04,-2.39616,
2019-04-05,-2.57652,
2019-04-06,.,No value available
2019-04-07,.,No value available
2019-04-08,-2.57652,
2019-04-09,-2.57652,
2019-04-10,-2.96381,
2019-04-11,-4.01751,
2019-04-12,-6.49207,
2019-04-13,.,No value available
2019-04-14,.,No value available
2019-04-15,-7.65459,
2019-04-16,-1.69959,
2019-04-17,-2.34121,
2019-04-18,-3.77201,
2019-04-19,.,No value available
2019-04-20,.,No value available
2019-04-21,.,No value available
2019-04-22,.,No value available
2019-04-23,-4.81437,
2019-04-24,-12.78293,
2019-04-25,-2.75861,
2019-04-26,-2.25629,
2019-04-27,.,No value available
2019-04-28,.,No value available
2019-04-29,-2.49525,
2019-04-30,-3.29737,
2019-05-01,.,No value available
2019-05-02,-3.34549,
2019-05-03,-2.25625,
2019-05-04,.,No value available
2019-05-05,.,No value available
2019-05-06,-2.52798,
2019-05-07,-1.71418,
2019-05-08,-2.26873,
2019-05-09,-1.87415,
2019-05-10,-1.71531,
2019-05-11,.,No value available
2019-05-12,.,No value available
2019-05-13,-1.50725,
2019-05-14,-2.14378,
2019-05-15,-1.77268,
2019-05-16,-3.74466,
2019-05-17,-4.00901,
2019-05-18,.,No value available
2019-05-19,.,No value available
2019-05-20,-4.05478,
2019-05-21,-4.05478,
2019-05-22,-4.15072,
2019-05-23,-4.17465,
2019-05-24,-4.17465,
2019-05-25,.,No value available
2019-05-26,.,No value available
2019-05-27,-4.01735,
2019-05-28,-4.01275,
2019-05-29,-4.01275,
2019-05-30,-4.01275,
2019-05-31,-3.94467,
2019-06-01,.,No value available
2019-06-02,.,No value available
2019-06-03,-1.70291,
2019-06-04,-3.85765,
2019-06-05,-3.85765,
2019-06-06,-3.99381,
2019-06-07,-3.78202,
2019-06-08,.,No value available
2019-06-09,.,No value available
2019-06-10,.,No value available
2019-06-11,-3.83877,
2019-06-12,-3.83877,
2019-06-13,-3.75970,
2019-06-14,-3.61584,
2019-06-15,.,No value available
2019-06-16,.,No value available
2019-06-17,0.15765,
2019-06-18,0.23859,
2019-06-19,-0.41283,
2019-06-20,0.59844,
2019-06-21,0.59844,
2019-06-22,.,No value available
2019-06-23,.,No value available
2019-06-24,0.04400,
2019-06-25,0.04400,
2019-06-26,0.05113,
2019-06-27,-0.29882,
2019-06-28,-0.23013,
2019-06-29,.,No value available
2019-06-30,.,No value available
2019-07-01,-0.37349,
2019-07-02,-0.21316,
2019-07-03,-0.01332,
2019-07-04,-0.02635,
2019-07-05,0.23399,
2019-07-06,.,No value available
2019-07-07,.,No value available
2019-07-08,-0.02403,
2019-07-09,0.03398,
2019-07-10,0.00212,
2019-07-11,0.00212,
2019-07-12,0.00212,
2019-07-13,.,No value available
2019-07-14,.,No value available
2019-07-15,0.00212,
2019-07-16,0.00212,
2019-07-17,-0.97081,
2019-07-18,-1.49388,
2019-07-19,0.01916,
2019-07-20,.,No value available
2019-07-21,.,No value available
2019-07-22,0.00120,
2019-07-23,0.00120,
2019-07-24,-3.03654,
2019-07-25,-3.44258,
2019-07-26,-3.51911,
2019-07-27,.,No value available
2019-07-28,.,No value available
2019-07-29,0.28720,
2019-07-30,0.40592,
2019-07-31,0.40735,
2019-08-01,-0.36632,
2019-08-02,-0.31566,
2019-08-03,.,No value available
2019-08-04,.,No value available
2019-08-05,-0.17166,
2019-08-06,-0.15615,
2019-08-07,-0.08361,
2019-08-08,-0.27188,
2019-08-09,-0.04844,
2019-08-10,.,No value available
2019-08-11,.,No value available
2019-08-12,0.40948,
2019-08-13,0.81896,
2019-08-14,0.05119,
2019-08-15,-1.35415,
2019-08-16,-0.39250,
2019-08-17,.,No value available
2019-08-18,.,No value available
2019-08-19,-0.36548,
2019-08-20,5.20035,
2019-08-21,0.32856,
2019-08-22,1.11534,
2019-08-23,1.35364,
2019-08-24,.,No value available
2019-08-25,.,No value available
2019-08-26,1.03916,
2019-08-27,0.86732,
2019-08-28,0.54304,
2019-08-29,0.56418,
2019-08-30,0.66798,
2019-08-31,.,No value available
2019-09-01,.,No value available
2019-09-02,0.60649,
2019-09-03,0.61619,
2019-09-04,0.79229,
2019-09-05,-1.70651,
2019-09-06,-2.09826,
2019-09-07,.,No value available
2019-09-08,.,No value available
2019-09-09,-2.35043,
2019-09-10,-2.23932,
2019-09-11,0.75711,
2019-09-12,-1.65231,
2019-09-13,-3.34611,
2019-09-14,.,No value available
2019-09-15,.,No value available
2019-09-16,-2.89508,
2019-09-17,-5.58692,
2019-09-18,-3.26675,
2019-09-19,-5.10428,
2019-09-20,-16.24981,
2019-09-21,.,No value available
2019-09-22,.,No value available
2019-09-23,-4.26118,
2019-09-24,-4.79432,
2019-09-25,-10.38289,
2019-09-26,-3.92751,
2019-09-27,0.56172,
2019-09-28,.,No value available
2019-09-29,.,No value available
2019-09-30,0.54072,
2019-10-01,0.77370,
2019-10-02,0.65234,
2019-10-03,.,No value available
2019-10-04,19.03117,
2019-10-05,.,No value available
2019-10-06,.,No value available
2019-10-07,15.06848,
2019-10-08,11.33147,
2019-10-09,14.20993,
2019-10-10,15.94981,
2019-10-11,21.33387,
2019-10-12,.,No value available
2019-10-13,.,No value available
2019-10-14,12.16760,
2019-10-15,-0.04881,
2019-10-16,-0.43661,
2019-10-17,-2.06205,
2019-10-18,-0.01953,
2019-10-19,.,No value available
2019-10-20,.,No value available
2019-10-21,-0.03906,
2019-10-22,0.26524,
2019-10-23,0.72822,
2019-10-24,0.09664,
2019-10-25,0.03000,
2019-10-26,.,No value available
2019-10-27,.,No value available
2019-10-28,0.02850,
2019-10-29,0.00178,
2019-10-30,0.00011,
2019-10-31,1.11062,
2019-11-01,-2.55552,
2019-11-02,.,No value available
2019-11-03,.,No value available
2019-11-04,-3.01451,
2019-11-05,-2.80608,
2019-11-06,-2.65767,
2019-11-07,-2.55991,
2019-11-08,-1.90132,
2019-11-09,.,No value available
2019-11-10,.,No value available
2019-11-11,-0.39186,
2019-11-12,0.25128,
2019-11-13,-2.47987,
2019-11-14,-3.43938,
2019-11-15,-3.08897,
2019-11-16,.,No value available
2019-11-17,.,No value available
2019-11-18,-3.12834,
2019-11-19,-3.59180,
2019-11-20,-2.66437,
2019-11-21,-1.95998,
2019-11-22,-2.41793,
2019-11-23,.,No value available
2019-11-24,.,No value available
2019-11-25,-2.43935,
2019-11-26,-2.63623,
2019-11-27,-0.25107,
2019-11-28,-0.29539,
2019-11-29,0.15725,
2019-11-30,.,No value available
2019-12-01,.,No value available
2019-12-02,1.25920,
2019-12-03,3.14016,
2019-12-04,19.24524,
2019-12-05,28.09110,
2019-12-06,28.09110,
2019-12-07,.,No value available
2019-12-08,.,No value available
2019-12-09,24.33514,
2019-12-10,20.86065,
2019-12-11,6.01932,
2019-12-12,0.57394,
2019-12-13,-3.08956,
2019-12-14,.,No value available
2019-12-15,.,No value available
2019-12-16,-2.51868,
2019-12-17,2.71429,
2019-12-18,3.15036,
2019-12-19,-2.93217,
2019-12-20,-2.91976,
2019-12-21,.,No value available
2019-12-22,.,No value available
2019-12-23,-2.99119,
2019-12-24,.,No value available
2019-12-25,.,No value available
2019-12-26,.,No value available
2019-12-27,-3.06575,
2019-12-28,.,No value available
2019-12-29,.,No value available
2019-12-30,-2.95912,
2019-12-31,.,No value available
2020-01-01,.,No value available
2020-01-02,0.76271,
2020-01-03,2.45568,
2020-01-04,.,No value available
2020-01-05,.,No value available
2020-01-06,-0.71314,
2020-01-07,0.08020,
2020-01-08,0.08020,
2020-01-09,0.08020,
2020-01-10,-0.48023,
2020-01-11,.,No value available
2020-01-12,.,No value available
2020-01-13,-1.14324,
2020-01-14,0.18078,
2020-01-15,-0.66736,
2020-01-16,-1.61426,
2020-01-17,-0.27018,
2020-01-18,.,No value available
2020-01-19,.,No value available
2020-01-20,-0.27018,
2020-01-21,-0.54036,
2020-01-22,5.34881,
2020-01-23,0.52982,
2020-01-24,0.68045,
2020-01-25,.,No value available
2020-01-26,.,No value available
2020-01-27,-0.41769,
2020-01-28,-2.06824,
2020-01-29,-1.68750,
2020-01-30,-1.87806,
2020-01-31,-2.28161,
2020-02-01,.,No value available
2020-02-02,.,No value available
2020-02-03,-2.04239,
2020-02-04,-2.15424,
2020-02-05,-2.30690,
2020-02-06,-0.73931,
2020-02-07,0.19995,
2020-02-08,.,No value available
2020-02-09,.,No value available
2020-02-10,0.51970,
2020-02-11,0.58096,
2020-02-12,0.58096,
2020-02-13,0.20747,
2020-02-14,-0.05598,
2020-02-15,.,No value available
2020-02-16,.,No value available
2020-02-17,-2.88091,
2020-02-18,-3.16042,
2020-02-19,-3.16042,
2020-02-20,0.44899,
2020-02-21,1.40294,
2020-02-22,.,No value available
2020-02-23,.,No value available
2020-02-24,0.07817,
2020-02-25,1.81121,
2020-02-26,1.47051,
2020-02-27,1.48145,
2020-02-28,1.44694,
2020-02-29,.,No value available
2020-03-01,.,No value available
2020-03-02,0.35135,
2020-03-03,0.64823,
2020-03-04,0.40989,
2020-03-05,0.45276,
2020-03-06,0.09354,
2020-03-07,.,No value available
2020-03-08,.,No value available
2020-03-09,-0.62874,
2020-03-10,-0.52010,
2020-03-11,-0.90758,
2020-03-12,-1.22794,
2020-03-13,-0.55007,
2020-03-14,.,No value available
2020-03-15,.,No value available
2020-03-16,-0.69561,
2020-03-17,0.45005,
2020-03-18,5.43586,
2020-03-19,-1.85076,
2020-03-20,-4.93548,
2020-03-21,.,No value available
2020-03-22,.,No value available
2020-03-23,-2.04008,
2020-03-24,-1.65040,
2020-03-25,-2.19899,
2020-03-26,-2.46410,
2020-03-27,0.57236,
2020-03-28,.,No value available
2020-03-29,.,No value available
2020-03-30,0.50968,
2020-03-31,0.48919,
2020-04-01,0.48875,
2020-04-02,0.32045,
2020-04-03,0.18000,
2020-04-04,.,No value available
2020-04-05,.,No value available
2020-04-06,10.94636,
2020-04-07,24.25797,
2020-04-08,-2.36827,
2020-04-09,-2.48777,
2020-04-10,.,No value available
2020-04-11,.,No value available
2020-04-12,.,No value available
2020-04-13,.,No value available
2020-04-14,-2.22026,
2020-04-15,-2.64777,
2020-04-16,-2.23526,
2020-04-17,5.59533,
2020-04-18,.,No value available
2020-04-19,.,No value available
2020-04-20,18.30729,
2020-04-21,20.87913,
2020-04-22,22.84591,
2020-04-23,-1.32613,
2020-04-24,-1.74709,
2020-04-25,.,No value available
2020-04-26,.,No value available
2020-04-27,0.87881,
2020-04-28,1.23060,
2020-04-29,0.69747,
2020-04-30,0.52599,
2020-05-01,.,No value available
2020-05-02,.,No value available
2020-05-03,.,No value available
2020-05-04,0.17409,
2020-05-05,1.19306,
2020-05-06,0.96827,
2020-05-07,0.66113,
2020-05-08,0.72942,
2020-05-09,.,No value available
2020-05-10,.,No value available
2020-05-11,0.51676,
2020-05-12,0.44930,
2020-05-13,0.38602,
2020-05-14,0.25379,
2020-05-15,0.32363,
2020-05-16,.,No value available
2020-05-17,.,No value available
2020-05-18,0.35255,
2020-05-19,0.38922,
2020-05-20,0.67621,
2020-05-21,-0.85566,
2020-05-22,-0.77965,
2020-05-23,.,No value available
2020-05-24,.,No value available
2020-05-25,-0.80758,
2020-05-26,-0.82383,
2020-05-27,3.32524,
2020-05-28,6.02096,
2020-05-29,9.64806,
2020-05-30,.,No value available
2020-05-31,.,No value available
2020-06-01,.,No value available
2020-06-02,28.04040,
2020-06-03,28.09533,
2020-06-04,28.09001,
2020-06-05,27.60921,
2020-06-06,.,No value available
2020-06-07,.,No value available
2020-06-08,26.93384,
2020-06-09,6.87277,
2020-06-10,7.41353,
2020-06-11,6.22291,
2020-06-12,8.46490,
2020-06-13,.,No value available
2020-06-14,.,No value available
2020-06-15,3.83738,
2020-06-16,-1.53236,
2020-06-17,-1.66725,
2020-06-18,-1.39618,
2020-06-19,-1.59216,
2020-06-20,.,No value available
2020-06-21,.,No value available
2020-06-22,-1.61009,
2020-06-23,-1.90086,
2020-06-24,-2.05481,
2020-06-25,-1.73943,
2020-06-26,-1.65464,
2020-06-27,.,No value available
2020-06-28,.,No value available
2020-06-29,-1.80580,
2020-06-30,-1.43785,
2020-07-01,-1.09295,
2020-07-02,-1.37738,
2020-07-03,-1.46955,
2020-07-04,.,No value available
2020-07-05,.,No value available
2020-07-06,-1.41306,
2020-07-07,-1.16259,
2020-07-08,-0.98314,
2020-07-09,-1.05113,
2020-07-10,-1.08622,
2020-07-11,.,No value available
2020-07-12,.,No value available
2020-07-13,-1.07545,
2020-07-14,-0.98427,
2020-07-15,-0.71767,
2020-07-16,-0.84543,
2020-07-17,-1.02142,
2020-07-18,.,No value available
2020-07-19,.,No value available
2020-07-20,-0.90171,
2020-07-21,-1.02691,
2020-07-22,-1.05451,
2020-07-23,-0.93563,
2020-07-24,-0.91544,
2020-07-25,.,No value available
2020-07-26,.,No value available
2020-07-27,-1.04919,
2020-07-28,-0.96081,
2020-07-29,-0.93302,
2020-07-30,-0.93650,
2020-07-31,-0.76620,
2020-08-01,.,No value available
2020-08-02,.,No value available
2020-08-03,-0.82741,
2020-08-04,-0.93177,
2020-08-05,-0.98946,
2020-08-06,-0.82941,
2020-08-07,-0.89629,
2020-08-08,.,No value available
2020-08-09,.,No value available
2020-08-10,-0.86965,
2020-08-11,-0.76812,
2020-08-12,-0.85478,
2020-08-13,-0.72668,
2020-08-14,-0.82117,
2020-08-15,.,No value available
2020-08-16,.,No value available
2020-08-17,-0.86663,
2020-08-18,-1.90319,
2020-08-19,-0.96184,
2020-08-20,-0.81676,
2020-08-21,-0.87902,
2020-08-22,.,No value available
2020-08-23,.,No value available
2020-08-24,-0.72376,
2020-08-25,-1.08307,
2020-08-26,-3.65789,
2020-08-27,-5.44877,
2020-08-28,-6.91503,
2020-08-29,.,No value available
2020-08-30,.,No value available
2020-08-31,-7.51018,
2020-09-01,-8.43568,
2020-09-02,-2.84099,
2020-09-03,-2.87005,
2020-09-04,-2.76546,
2020-09-05,.,No value available
2020-09-06,.,No value available
2020-09-07,-2.80045,
2020-09-08,-2.81270,
2020-09-09,-2.84363,
2020-09-10,-2.82931,
2020-09-11,-9.04077,
2020-09-12,.,No value available
2020-09-13,.,No value available
2020-09-14,-11.84837,
2020-09-15,-13.23188,
2020-09-16,-11.08049,
2020-09-17,-14.66004,
2020-09-18,-8.16191,
2020-09-19,.,No value available
2020-09-20,.,No value available
2020-09-21,-4.99672,
2020-09-22,-4.28015,
2020-09-23,-5.07100,
2020-09-24,-6.00144,
2020-09-25,-6.04158,
2020-09-26,.,No value available
2020-09-27,.,No value available
2020-09-28,-6.04158,
2020-09-29,-2.50508,
2020-09-30,-2.21325,
2020-10-01,-0.62163,
2020-10-02,-0.55411,
2020-10-03,.,No value available
2020-10-04,.,No value available
2020-10-05,-0.55411,
2020-10-06,-0.72757,
2020-10-07,-0.72757,
2020-10-08,1.13304,
2020-10-09,4.01900,
2020-10-10,.,No value available
2020-10-11,.,No value available
2020-10-12,4.01900,
2020-10-13,4.01900,
2020-10-14,4.00935,
2020-10-15,5.59163,
2020-10-16,1.26443,
2020-10-17,.,No value available
2020-10-18,.,No value available
2020-10-19,1.26443,
2020-10-20,-0.34402,
2020-10-21,-0.78415,
2020-10-22,-0.78415,
2020-10-23,-1.81848,
2020-10-24,.,No value available
2020-10-25,.,No value available
2020-10-26,-1.67871,
2020-10-27,2.01929,
2020-10-28,-2.10867,
2020-10-29,3.97292,
2020-10-30,3.97292,
2020-10-31,.,No value available
2020-11-01,.,No value available
2020-11-02,0.89864,
2020-11-03,-4.01690,
2020-11-04,-2.31437,
2020-11-05,-1.56369,
2020-11-06,-9.72466,
2020-11-07,.,No value available
2020-11-08,.,No value available
2020-11-09,-9.72466,
2020-11-10,-4.65498,
2020-11-11,-2.57067,
2020-11-12,-2.53598,
2020-11-13,-2.48461,
2020-11-14,.,No value available
2020-11-15,.,No value available
2020-11-16,-2.41877,
2020-11-17,-2.41877,
2020-11-18,-2.41877,
2020-11-19,-2.36841,
2020-11-20,-2.36841,
2020-11-21,.,No value available
2020-11-22,.,No value available
2020-11-23,-2.41276,
2020-11-24,-2.41276,
2020-11-25,-2.41276,
2020-11-26,-2.41276,
2020-11-27,-2.41276,
2020-11-28,.,No value available
2020-11-29,.,No value available
2020-11-30,-2.41276,
2020-12-01,-2.51418,
2020-12-02,-2.60968,
2020-12-03,-2.58215,
2020-12-04,-2.57825,
2020-12-05,.,No value available
2020-12-06,.,No value available
2020-12-07,-2.57571,
2020-12-08,-2.53357,
2020-12-09,-2.53357,
2020-12-10,-2.49726,
2020-12-11,-2.41984,
2020-12-12,.,No value available
2020-12-13,.,No value available
2020-12-14,-2.46734,
2020-12-15,-2.46734,
2020-12-16,-2.39202,
2020-12-17,-2.37947,
2020-12-18,-2.47116,
2020-12-19,.,No value available
2020-12-20,.,No value available
2020-12-21,-2.39711,
2020-12-22,-2.44841,
2020-12-23,0.48318,
2020-12-24,.,No value available
2020-12-25,.,No value available
2020-12-26,.,No value available
2020-12-27,.,No value available
2020-12-28,0.72983,
2020-12-29,0.74800,
2020-12-30,0.61031,
2020-12-31,.,No value available
2021-01-01,.,No value available
2021-01-02,.,No value available
2021-01-03,.,No value available
2021-01-04,0.62159,
2021-01-05,0.70820,
2021-01-06,0.76415,
2021-01-07,0.70224,
2021-01-08,0.53128,
2021-01-09,.,No value available
2021-01-10,.,No value available
2021-01-11,15.33407,
2021-01-12,-4.13152,
2021-01-13,-3.69308,
2021-01-14,1.08359,
2021-01-15,-0.03297,
2021-01-16,.,No value available
2021-01-17,.,No value available
2021-01-18,0.61754,
2021-01-19,-0.10489,
2021-01-20,0.99659,
2021-01-21,0.99659,
2021-01-22,0.84200,
2021-01-23,.,No value available
2021-01-24,.,No value available
2021-01-25,0.32356,
2021-01-26,0.37155,
2021-01-27,-0.13671,
2021-01-28,-0.27342,
2021-01-29,-0.37305,
2021-01-30,.,No value available
2021-01-31,.,No value available
2021-02-01,15.41630,
2021-02-02,4.12634,
2021-02-03,4.86063,
2021-02-04,4.86063,
2021-02-05,6.18236,
2021-02-06,.,No value available
2021-02-07,.,No value available
2021-02-08,1.86869,
2021-02-09,6.44439,
2021-02-10,2.22276,
2021-02-11,0.33921,
2021-02-12,0.33921,
2021-02-13,.,No value available
2021-02-14,.,No value available
2021-02-15,0.46069,
2021-02-16,0.46069,
2021-02-17,0.48692,
2021-02-18,0.48692,
2021-02-19,0.45719,
2021-02-20,.,No value available
2021-02-21,.,No value available
2021-02-22,0.08545,
2021-02-23,0.19566,
2021-02-24,0.19566,
2021-02-25,0.30467,
2021-02-26,0.37565,
2021-02-27,.,No value available
2021-02-28,.,No value available
2021-03-01,0.43235,
2021-03-02,0.49929,
2021-03-03,0.71992,
2021-03-04,0.92778,
2021-03-05,0.92778,
2021-03-06,.,No value available
2021-03-07,.,No value available
2021-03-08,0.92778,
2021-03-09,0.56774,
2021-03-10,6.24467,
2021-03-11,0.34049,
2021-03-12,0.74525,
2021-03-13,.,No value available
2021-03-14,.,No value available
2021-03-15,0.74525,
2021-03-16,2.44307,
2021-03-17,6.97873,
2021-03-18,23.57173,
2021-03-19,27.51714,
2021-03-20,.,No value available
2021-03-21,.,No value available
2021-03-22,6.28159,
2021-03-23,6.88291,
2021-03-24,-1.01566,
2021-03-25,-1.01566,
2021-03-26,-1.01566,
2021-03-27,.,No value available
2021-03-28,.,No value available
2021-03-29,-1.04166,
2021-03-30,-1.07289,
2021-03-31,-1.07289,
2021-04-01,-1.28688,
2021-04-02,.,No value available
2021-04-03,.,No value available
2021-04-04,.,No value available
2021-04-05,.,No value available
2021-04-06,-1.28688,
2021-04-07,-1.30404,
2021-04-08,-1.30404,
2021-04-09,-1.41755,
2021-04-10,.,No value available
2021-04-11,.,No value available
2021-04-12,-1.10347,
2021-04-13,-1.16151,
2021-04-14,-1.16151,
2021-04-15,-1.07773,
2021-04-16,-1.07773,
2021-04-17,.,No value available
2021-04-18,.,No value available
2021-04-19,-1.07773,
2021-04-20,-1.04244,
2021-04-21,-0.99436,
2021-04-22,-0.99871,
2021-04-23,-0.99871,
2021-04-24,.,No value available
2021-04-25,.,No value available
2021-04-26,-1.01440,
2021-04-27,-1.01440,
2021-04-28,-0.82617,
2021-04-29,-0.82617,
2021-04-30,-0.83918,
2021-05-01,.,No value available
2021-05-02,.,No value available
2021-05-03,-0.88710,
2021-05-04,-0.77350,
2021-05-05,-0.79732,
2021-05-06,-0.79732,
2021-05-07,-0.79732,
2021-05-08,.,No value available
2021-05-09,.,No value available
2021-05-10,-0.78521,
2021-05-11,-1.32544,
2021-05-12,-0.86234,
2021-05-13,-0.67411,
2021-05-14,-0.76431,
2021-05-15,.,No value available
2021-05-16,.,No value available
2021-05-17,-0.76431,
2021-05-18,-1.08643,
2021-05-19,-1.01895,
2021-05-20,-0.76568,
2021-05-21,-0.98071,
2021-05-22,.,No value available
2021-05-23,.,No value available
2021-05-24,.,No value available
2021-05-25,-1.01791,
2021-05-26,-0.99589,
2021-05-27,-1.03877,
2021-05-28,-1.06371,
2021-05-29,.,No value available
2021-05-30,.,No value available
2021-05-31,0.83686,
2021-06-01,1.34358,
2021-06-02,1.34358,
2021-06-03,1.34358,
2021-06-04,0.84005,
2021-06-05,.,No value available
2021-06-06,.,No value available
2021-06-07,2.57846,
2021-06-08,6.81932,
2021-06-09,15.97727,
2021-06-10,15.72739,
2021-06-11,-1.66736,
2021-06-12,.,No value available
2021-06-13,.,No value available
2021-06-14,-1.52942,
2021-06-15,-1.61320,
2021-06-16,-1.66884,
2021-06-17,-1.47535,
2021-06-18,-1.46329,
2021-06-19,.,No value available
2021-06-20,.,No value available
2021-06-21,-1.33827,
2021-06-22,-1.27056,
2021-06-23,-1.22510,
2021-06-24,-1.22994,
2021-06-25,-1.10865,
2021-06-26,.,No value available
2021-06-27,.,No value available
2021-06-28,-1.09042,
2021-06-29,5.99526,
2021-06-30,5.92403,
2021-07-01,4.85605,
2021-07-02,3.89864,
2021-07-03,.,No value available
2021-07-04,.,No value available
2021-07-05,5.79475,
2021-07-06,7.09832,
2021-07-07,22.34304,
2021-07-08,17.83623,
2021-07-09,20.11366,
2021-07-10,.,No value available
2021-07-11,.,No value available
2021-07-12,21.74236,
2021-07-13,19.81108,
2021-07-14,25.97539,
2021-07-15,2.49641,
2021-07-16,3.48780,
2021-07-17,.,No value available
2021-07-18,.,No value available
2021-07-19,7.88476,
2021-07-20,18.24525,
2021-07-21,13.27038,
2021-07-22,14.71159,
2021-07-23,10.53927,
2021-07-24,.,No value available
2021-07-25,.,No value available
2021-07-26,22.81537,
2021-07-27,27.52832,
2021-07-28,27.76027,
2021-07-29,26.07296,
2021-07-30,25.95844,
2021-07-31,.,No value available
2021-08-01,.,No value available
2021-08-02,19.86323,
2021-08-03,17.34751,
2021-08-04,18.16964,
2021-08-05,18.63875,
2021-08-06,19.69653,
2021-08-07,.,No value available
2021-08-08,.,No value available
2021-08-09,2.87630,
2021-08-10,2.52558,
2021-08-11,3.52580,
2021-08-12,3.77450,
2021-08-13,5.74023,
2021-08-14,.,No value available
2021-08-15,.,No value available
2021-08-16,6.00204,
2021-08-17,7.09158,
2021-08-18,10.53355,
2021-08-19,-6.62844,
2021-08-20,-6.91301,
2021-08-21,.,No value available
2021-08-22,.,No value available
2021-08-23,-11.25300,
2021-08-24,6.02396,
2021-08-25,3.56028,
2021-08-26,10.01634,
2021-08-27,16.34317,
2021-08-28,.,No value available
2021-08-29,.,No value available
2021-08-30,18.95189,
2021-08-31,19.95343,
2021-09-01,22.84274,
2021-09-02,4.34406,
2021-09-03,9.53902,
2021-09-04,.,No value available
2021-09-05,.,No value available
2021-09-06,1.12649,
2021-09-07,3.33727,
2021-09-08,12.63395,
2021-09-09,10.66349,
2021-09-10,19.90954,
2021-09-11,.,No value available
2021-09-12,.,No value available
2021-09-13,16.70464,
2021-09-14,13.80979,
2021-09-15,27.86219,
2021-09-16,27.84842,
2021-09-17,24.12701,
2021-09-18,.,No value available
2021-09-19,.,No value available
2021-09-20,27.82066,
2021-09-21,17.18867,
2021-09-22,16.85776,
2021-09-23,25.38927,
2021-09-24,0.38151,
2021-09-25,.,No value available
2021-09-26,.,No value available
2021-09-27,-3.50920,
2021-09-28,-2.05297,
2021-09-29,-1.88409,
2021-09-30,-2.86228,
2021-10-01,-4.41460,
2021-10-02,.,No value available
2021-10-03,.,No value available
2021-10-04,-1.30826,
2021-10-05,0.48023,
2021-10-06,0.46152,
2021-10-07,0.47030,
2021-10-08,0.46562,
2021-10-09,.,No value available
2021-10-10,.,No value available
2021-10-11,-0.64715,
2021-10-12,-0.56449,
2021-10-13,-0.60465,
2021-10-14,-2.50260,
2021-10-15,-1.85522,
2021-10-16,.,No value available
2021-10-17,.,No value available
2021-10-18,0.34246,
2021-10-19,0.35739,
2021-10-20,0.28359,
2021-10-21,0.25210,
2021-10-22,0.33800,
2021-10-23,.,No value available
2021-10-24,.,No value available
2021-10-25,0.34071,
2021-10-26,0.58826,
2021-10-27,0.66196,
2021-10-28,0.40418,
2021-10-29,0.43421,
2021-10-30,.,No value available
2021-10-31,.,No value available
2021-11-01,0.47679,
2021-11-02,0.50920,
2021-11-03,0.61221,
2021-11-04,0.42657,
2021-11-05,0.40265,
2021-11-06,.,No value available
2021-11-07,.,No value available
2021-11-08,0.50556,
2021-11-09,0.64852,
2021-11-10,0.58127,
2021-11-11,0.74959,
2021-11-12,0.93915,
2021-11-13,.,No value available
2021-11-14,.,No value available
2021-11-15,0.98755,
2021-11-16,1.10366,
2021-11-17,1.15873,
2021-11-18,1.19000,
2021-11-19,1.37962,
2021-11-20,.,No value available
2021-11-21,.,No value available
2021-11-22,1.65666,
2021-11-23,1.68124,
2021-11-24,1.50051,
2021-11-25,1.08924,
2021-11-26,1.00194,
2021-11-27,.,No value available
2021-11-28,.,No value available
2021-11-29,1.02943,
2021-11-30,0.89864,
2021-12-01,0.98221,
2021-12-02,0.97305,
2021-12-03,0.81137,
2021-12-04,.,No value available
2021-12-05,.,No value available
2021-12-06,0.81331,
2021-12-07,0.69432,
2021-12-08,0.90988,
2021-12-09,0.69490,
2021-12-10,0.74036,
2021-12-11,.,No value available
2021-12-12,.,No value available
2021-12-13,0.66072,
2021-12-14,0.83634,
2021-12-15,0.87160,
2021-12-16,0.63058,
2021-12-17,0.53182,
2021-12-18,.,No value available
2021-12-19,.,No value available
2021-12-20,0.54370,
2021-12-21,0.53890,
2021-12-22,0.50266,
2021-12-23,0.32641,
2021-12-24,.,No value available
2021-12-25,.,No value available
2021-12-26,.,No value available
2021-12-27,0.18390,
2021-12-28,0.09692,
2021-12-29,0.19142,
2021-12-30,0.05147,
2021-12-31,.,No value available
2022-01-01,.,No value available
2022-01-02,.,No value available
2022-01-03,0.21357,
2022-01-04,-0.74603,
2022-01-05,-0.36414,
2022-01-06,-1.14188,
2022-01-07,-5.07634,
2022-01-08,.,No value available
2022-01-09,.,No value available
2022-01-10,-5.09695,
2022-01-11,0.92738,
2022-01-12,0.97883,
2022-01-13,-5.02535,
2022-01-14,-4.82017,
2022-01-15,.,No value available
2022-01-16,.,No value available
2022-01-17,-5.20688,
2022-01-18,-5.23070,
2022-01-19,-5.21988,
2022-01-20,-5.05040,
2022-01-21,-2.42693,
2022-01-22,.,No value available
2022-01-23,.,No value available
2022-01-24,-2.17009,
2022-01-25,-3.79507,
2022-01-26,-1.44440,
2022-01-27,-1.41610,
2022-01-28,-0.94565,
2022-01-29,.,No value available
2022-01-30,.,No value available
2022-01-31,-0.80565,
2022-02-01,-1.14580,
2022-02-02,-1.01858,
2022-02-03,-0.98951,
2022-02-04,-0.77161,
2022-02-05,.,No value available
2022-02-06,.,No value available
2022-02-07,-0.58937,
2022-02-08,-0.62103,
2022-02-09,-0.79753,
2022-02-10,-0.71318,
2022-02-11,-0.64811,
2022-02-12,.,No value available
2022-02-13,.,No value available
2022-02-14,-0.58886,
2022-02-15,-0.69681,
2022-02-16,-0.96863,
2022-02-17,-0.90813,
2022-02-18,-0.98097,
2022-02-19,.,No value available
2022-02-20,.,No value available
2022-02-21,-0.90421,
2022-02-22,-0.84410,
2022-02-23,-0.74390,
2022-02-24,-0.89089,
2022-02-25,-0.89966,
2022-02-26,.,No value available
2022-02-27,.,No value available
2022-02-28,-0.70385,
2022-03-01,-2.52464,
2022-03-02,-0.92085,
2022-03-03,-0.57666,
2022-03-04,-0.56100,
2022-03-05,.,No value available
2022-03-06,.,No value available
2022-03-07,-2.96484,
2022-03-08,0.56750,
2022-03-09,2.06622,
2022-03-10,1.38063,
2022-03-11,1.26551,
2022-03-12,.,No value available
2022-03-13,.,No value available
2022-03-14,-0.76132,
2022-03-15,-1.22890,
2022-03-16,-1.13465,
2022-03-17,-1.02133,
2022-03-18,-1.03546,
2022-03-19,.,No value available
2022-03-20,.,No value available
2022-03-21,-1.10615,
2022-03-22,-0.87529,
2022-03-23,-0.73659,
2022-03-24,-0.58534,
2022-03-25,-0.52994,
2022-03-26,.,No value available
2022-03-27,.,No value available
2022-03-28,0.57929,
2022-03-29,0.26375,
2022-03-30,-4.18085,
2022-03-31,-2.30564,
2022-04-01,-1.83533,
2022-04-02,.,No value available
2022-04-03,.,No value available
2022-04-04,-1.31965,
2022-04-05,6.15517,
2022-04-06,6.49246,
2022-04-07,-0.46363,
2022-04-08,-0.16326,
2022-04-09,.,No value available
2022-04-10,.,No value available
2022-04-11,-2.55414,
2022-04-12,7.58831,
2022-04-13,4.40387,
2022-04-14,-2.36759,
2022-04-15,.,No value available
2022-04-16,.,No value available
2022-04-17,.,No value available
2022-04-18,.,No value available
2022-04-19,-1.68730,
2022-04-20,-0.78925,
2022-04-21,-0.48132,
2022-04-22,-0.16628,
2022-04-23,.,No value available
2022-04-24,.,No value available
2022-04-25,-0.38053,
2022-04-26,-0.18263,
2022-04-27,-1.74552,
2022-04-28,-1.44706,
2022-04-29,-1.94393,
2022-04-30,.,No value available
2022-05-01,.,No value available
2022-05-02,-1.04785,
2022-05-03,-0.95854,
2022-05-04,-0.55830,
2022-05-05,-0.82575,
2022-05-06,-0.75573,
2022-05-07,.,No value available
2022-05-08,.,No value available
2022-05-09,-1.33400,
2022-05-10,2.58226,
2022-05-11,3.82265,
2022-05-12,3.58280,
2022-05-13,3.67357,
2022-05-14,.,No value available
2022-05-15,.,No value available
2022-05-16,3.96715,
2022-05-17,3.91519,
2022-05-18,3.85314,
2022-05-19,3.58284,
2022-05-20,3.79689,
2022-05-21,.,No value available
2022-05-22,.,No value available
2022-05-23,3.70509,
2022-05-24,3.90264,
2022-05-25,3.84128,
2022-05-26,3.93861,
2022-05-27,4.18469,
2022-05-28,.,No value available
2022-05-29,.,No value available
2022-05-30,4.30158,
2022-05-31,4.37636,
2022-06-01,4.50759,
2022-06-02,4.75563,
2022-06-03,4.78273,
2022-06-04,.,No value available
2022-06-05,.,No value available
2022-06-06,4.92451,
2022-06-07,4.96386,
2022-06-08,4.97580,
2022-06-09,5.15217,
2022-06-10,5.00138,
2022-06-11,.,No value available
2022-06-12,.,No value available
2022-06-13,5.02447,
2022-06-14,5.35263,
2022-06-15,5.85418,
2022-06-16,5.82964,
2022-06-17,5.69114,
2022-06-18,.,No value available
2022-06-19,.,No value available
2022-06-20,5.76630,
2022-06-21,6.13155,
2022-06-22,6.05352,
2022-06-23,5.49857,
2022-06-24,5.56695,
2022-06-25,.,No value available
2022-06-26,.,No value available
2022-06-27,5.61681,
2022-06-28,5.91852,
2022-06-29,5.93763,
2022-06-30,5.66072,
2022-07-01,5.71295,
2022-07-02,.,No value available
2022-07-03,.,No value available
2022-07-04,5.43153,
2022-07-05,5.35097,
2022-07-06,5.12367,
2022-07-07,5.29729,
2022-07-08,5.15820,
2022-07-09,.,No value available
2022-07-10,.,No value available
2022-07-11,5.35776,
2022-07-12,4.79776,
2022-07-13,0.56606,
2022-07-14,0.95886,
2022-07-15,0.37675,
2022-07-16,.,No value available
2022-07-17,.,No value available
2022-07-18,1.01390,
2022-07-19,1.11182,
2022-07-20,1.20268,
2022-07-21,1.36775,
2022-07-22,0.53438,
2022-07-23,.,No value available
2022-07-24,.,No value available
2022-07-25,0.74620,
2022-07-26,0.49641,
2022-07-27,0.69563,
2022-07-28,0.94510,
2022-07-29,1.11683,
2022-07-30,.,No value available
2022-07-31,.,No value available
2022-08-01,1.21275,
2022-08-02,1.74980,
2022-08-03,1.06765,
2022-08-04,1.25776,
2022-08-05,1.35587,
2022-08-06,.,No value available
2022-08-07,.,No value available
2022-08-08,1.21620,
2022-08-09,1.50535,
2022-08-10,1.56626,
2022-08-11,1.42646,
2022-08-12,1.36871,
2022-08-13,.,No value available
2022-08-14,.,No value available
2022-08-15,1.22937,
2022-08-16,1.17902,
2022-08-17,1.17963,
2022-08-18,1.44280,
2022-08-19,1.41783,
2022-08-20,.,No value available
2022-08-21,.,No value available
2022-08-22,1.27605,
2022-08-23,1.75629,
2022-08-24,1.79387,
2022-08-25,2.00264,
2022-08-26,2.33803,
2022-08-27,.,No value available
2022-08-28,.,No value available
2022-08-29,3.43990,
2022-08-30,3.59413,
2022-08-31,3.73683,
2022-09-01,3.74934,
2022-09-02,3.58230,
2022-09-03,.,No value available
2022-09-04,.,No value available
2022-09-05,3.16845,
2022-09-06,2.40944,
2022-09-07,2.41419,
2022-09-08,2.22075,
2022-09-09,2.20929,
2022-09-10,.,No value available
2022-09-11,.,No value available
2022-09-12,2.34988,
2022-09-13,1.78804,
2022-09-14,2.03774,
2022-09-15,2.31228,
2022-09-16,2.82825,
2022-09-17,.,No value available
2022-09-18,.,No value available
2022-09-19,2.93254,
2022-09-20,3.21325,
2022-09-21,-0.50015,
2022-09-22,1.44295,
2022-09-23,1.13551,
2022-09-24,.,No value available
2022-09-25,.,No value available
2022-09-26,1.88030,
2022-09-27,1.63970,
2022-09-28,2.15608,
2022-09-29,2.15493,
2022-09-30,2.52787,
2022-10-01,.,No value available
2022-10-02,.,No value available
2022-10-03,2.67688,
2022-10-04,3.38223,
2022-10-05,3.35101,
2022-10-06,2.52051,
2022-10-07,2.83307,
2022-10-08,.,No value available
2022-10-09,.,No value available
2022-10-10,3.67763,
2022-10-11,3.58089,
2022-10-12,4.68857,
2022-10-13,4.68758,
2022-10-14,4.31206,
2022-10-15,.,No value available
2022-10-16,.,No value available
2022-10-17,4.59013,
2022-10-18,4.22490,
2022-10-19,3.95859,
2022-10-20,4.16904,
2022-10-21,3.20454,
2022-10-22,.,No value available
2022-10-23,.,No value available
2022-10-24,4.15583,
2022-10-25,3.83883,
2022-10-26,3.37984,
2022-10-27,3.46368,
2022-10-28,3.00011,
2022-10-29,.,No value available
2022-10-30,.,No value available
2022-10-31,3.30693,
2022-11-01,3.97223,
2022-11-02,3.69981,
2022-11-03,3.40147,
2022-11-04,3.08744,
2022-11-05,.,No value available
2022-11-06,.,No value available
2022-11-07,3.43058,
2022-11-08,3.40631,
2022-11-09,3.47356,
2022-11-10,3.20332,
2022-11-11,3.30298,
2022-11-12,.,No value available
2022-11-13,.,No value available
2022-11-14,3.67968,
2022-11-15,2.91586,
2022-11-16,3.27121,
2022-11-17,3.74169,
2022-11-18,3.15095,
2022-11-19,.,No value available
2022-11-20,.,No value available
2022-11-21,3.21246,
2022-11-22,3.39629,
2022-11-23,3.56475,
2022-11-24,3.04465,
2022-11-25,3.11790,
2022-11-26,.,No value available
2022-11-27,.,No value available
2022-11-28,3.14815,
2022-11-29,3.43279,
2022-11-30,3.10108,
2022-12-01,3.02300,
2022-12-02,4.72918,
2022-12-03,.,No value available
2022-12-04,.,No value available
2022-12-05,4.49076,
2022-12-06,4.49434,
2022-12-07,4.65526,
2022-12-08,4.66062,
2022-12-09,5.09044,
2022-12-10,.,No value available
2022-12-11,.,No value available
2022-12-12,5.55832,
2022-12-13,4.90881,
2022-12-14,4.56014,
2022-12-15,5.03959,
2022-12-16,3.77772,
2022-12-17,.,No value available
2022-12-18,.,No value available
2022-12-19,4.34255,
2022-12-20,4.88327,
2022-12-21,4.90748,
2022-12-22,5.02026,
2022-12-23,5.33630,
2022-12-24,.,No value available
2022-12-25,.,No value available
2022-12-26,.,No value available
2022-12-27,5.47211,
2022-12-28,5.00516,
2022-12-29,5.61604,
2022-12-30,4.88610,
2022-12-31,.,No value available
2023-01-01,.,No value available
2023-01-02,5.53624,
2023-01-03,3.88800,
2023-01-04,4.11514,
2023-01-05,4.29926,
2023-01-06,4.13214,
2023-01-07,.,No value available
2023-01-08,.,No value available
2023-01-09,4.53869,
2023-01-10,5.17702,
2023-01-11,4.75862,
2023-01-12,5.95192,
2023-01-13,6.03519,
2023-01-14,.,No value available
2023-01-15,.,No value available
2023-01-16,5.97191,
2023-01-17,5.28940,
2023-01-18,5.71924,
2023-01-19,5.99194,
2023-01-20,6.00107,
2023-01-21,.,No value available
2023-01-22,.,No value available
2023-01-23,6.07048,
2023-01-24,6.08274,
2023-01-25,6.11524,
2023-01-26,6.13791,
2023-01-27,5.98757,
2023-01-28,.,No value available
2023-01-29,.,No value available
2023-01-30,5.39485,
2023-01-31,5.82586,
2023-02-01,6.09331,
2023-02-02,6.09363,
2023-02-03,6.08624,
2023-02-04,.,No value available
2023-02-05,.,No value available
2023-02-06,5.59227,
2023-02-07,4.98686,
2023-02-08,5.21862,
2023-02-09,5.21673,
2023-02-10,4.98273,
2023-02-11,.,No value available
2023-02-12,.,No value available
2023-02-13,5.10558,
2023-02-14,5.03786,
2023-02-15,5.14367,
2023-02-16,5.98710,
2023-02-17,5.33878,
2023-02-18,.,No value available
2023-02-19,.,No value available
2023-02-20,5.61572,
2023-02-21,4.81484,
2023-02-22,4.82110,
2023-02-23,4.38425,
2023-02-24,4.84452,
2023-02-25,.,No value available
2023-02-26,.,No value available
2023-02-27,4.88921,
2023-02-28,5.45624,
2023-03-01,5.34737,
2023-03-02,4.70567,
2023-03-03,5.21104,
2023-03-04,.,No value available
2023-03-05,.,No value available
2023-03-06,5.13719,
2023-03-07,5.07690,
2023-03-08,5.51640,
2023-03-09,5.11312,
2023-03-10,5.76831,
2023-03-11,.,No value available
2023-03-12,.,No value available
2023-03-13,5.10067,
2023-03-14,3.58039,
2023-03-15,4.78189,
2023-03-16,5.95271,
2023-03-17,5.94256,
2023-03-18,.,No value available
2023-03-19,.,No value available
2023-03-20,-13.20676,
2023-03-21,-27.46454,
2023-03-22,-25.50689,
2023-03-23,-27.64536,
2023-03-24,-26.50360,
2023-03-25,.,No value available
2023-03-26,.,No value available
2023-03-27,-27.75407,
2023-03-28,-27.60140,
2023-03-29,-27.63277,
2023-03-30,-27.59519,
2023-03-31,-27.54795,
2023-04-01,.,No value available
2023-04-02,.,No value available
2023-04-03,-27.63832,
2023-04-04,-27.31545,
2023-04-05,-27.42128,
2023-04-06,-27.92366,
2023-04-07,.,No value available
2023-04-08,.,No value available
2023-04-09,.,No value available
2023-04-10,.,No value available
2023-04-11,-27.86880,
2023-04-12,-27.89857,
2023-04-13,-27.82251,
2023-04-14,-27.81167,
2023-04-15,.,No value available
2023-04-16,.,No value available
2023-04-17,5.01954,
2023-04-18,6.30141,
2023-04-19,7.00742,
2023-04-20,3.93966,
2023-04-21,3.56169,
2023-04-22,.,No value available
2023-04-23,.,No value available
2023-04-24,7.21798,
2023-04-25,29.16298,
2023-04-26,12.21502,
2023-04-27,30.00000,
2023-04-28,30.00000,
2023-04-29,.,No value available
2023-04-30,.,No value available
2023-05-01,.,No value available
2023-05-02,18.14382,
2023-05-03,11.07664,
2023-05-04,26.23102,
2023-05-05,30.00000,
2023-05-06,.,No value available
2023-05-07,.,No value available
2023-05-08,30.00000,
2023-05-09,-28.07124,
2023-05-10,-28.12788,
2023-05-11,5.08168,
2023-05-12,24.79982,
2023-05-13,.,No value available
2023-05-14,.,No value available
2023-05-15,29.73284,
2023-05-16,30.00000,
2023-05-17,30.00000,
2023-05-18,29.95869,
2023-05-19,29.95539,
2023-05-20,.,No value available
2023-05-21,.,No value available
2023-05-22,-27.98715,
2023-05-23,-27.83000,
2023-05-24,-27.92182,
2023-05-25,-27.93306,
2023-05-26,-27.87244,
2023-05-27,.,No value available
2023-05-28,.,No value available
2023-05-29,-27.99593,
2023-05-30,-14.83426,
2023-05-31,28.21333,
2023-06-01,29.98961,
2023-06-02,29.97036,
2023-06-03,.,No value available
2023-06-04,.,No value available
2023-06-05,-9.38968,
2023-06-06,-10.83999,
2023-06-07,-12.15986,
2023-06-08,-29.99945,
2023-06-09,-29.99350,
2023-06-10,.,No value available
2023-06-11,.,No value available
2023-06-12,-27.13961,
2023-06-13,-25.56207,
2023-06-14,-28.54228,
2023-06-15,-28.45149,
2023-06-16,-28.46317,
2023-06-17,.,No value available
2023-06-18,.,No value available
2023-06-19,-10.46805,
2023-06-20,-23.95466,
2023-06-21,-29.56932,
2023-06-22,-26.87679,
2023-06-23,-29.46605,
2023-06-24,.,No value available
2023-06-25,.,No value available
2023-06-26,-28.61550,
2023-06-27,-20.65823,
2023-06-28,-29.10766,
2023-06-29,-29.45756,
2023-06-30,-29.34278,
2023-07-01,.,No value available
2023-07-02,.,No value available
2023-07-03,-29.09373,
2023-07-04,-16.44167,
2023-07-05,-29.43966,
2023-07-06,-20.88841,
2023-07-07,-25.72308,
2023-07-08,.,No value available
2023-07-09,.,No value available
2023-07-10,-29.47062,
2023-07-11,-29.44708,
2023-07-12,-12.62699,
2023-07-13,-27.23094,
2023-07-14,-29.25363,
2023-07-15,.,No value available
2023-07-16,.,No value available
2023-07-17,5.93408,
2023-07-18,5.94971,
2023-07-19,5.99987,
2023-07-20,5.96060,
2023-07-21,5.96446,
2023-07-22,.,No value available
2023-07-23,.,No value available
2023-07-24,5.98049,
2023-07-25,5.95961,
2023-07-26,5.96719,
2023-07-27,5.97753,
2023-07-28,6.01195,
2023-07-29,.,No value available
2023-07-30,.,No value available
2023-07-31,6.03960,
2023-08-01,6.06386,
2023-08-02,6.11437,
2023-08-03,6.14802,
2023-08-04,6.14843,
2023-08-05,.,No value available
2023-08-06,.,No value available
2023-08-07,6.17100,
2023-08-08,6.14415,
2023-08-09,6.13222,
2023-08-10,6.11825,
2023-08-11,6.14160,
2023-08-12,.,No value available
2023-08-13,.,No value available
2023-08-14,6.13334,
2023-08-15,6.13368,
2023-08-16,6.12083,
2023-08-17,6.14130,
2023-08-18,6.12616,
2023-08-19,.,No value available
2023-08-20,.,No value available
2023-08-21,6.14020,
2023-08-22,6.13402,
2023-08-23,6.18850,
2023-08-24,6.12578,
2023-08-25,6.12755,
2023-08-26,.,No value available
2023-08-27,.,No value available
2023-08-28,6.08578,
2023-08-29,6.11880,
2023-08-30,6.04667,
2023-08-31,6.11566,
2023-09-01,6.11196,
2023-09-02,.,No value available
2023-09-03,.,No value available
2023-09-04,6.14653,
2023-09-05,6.15906,
2023-09-06,6.14692,
2023-09-07,6.11901,
2023-09-08,6.13027,
2023-09-09,.,No value available
2023-09-10,.,No value available
2023-09-11,6.11320,
2023-09-12,6.12089,
2023-09-13,5.33701,
2023-09-14,5.65934,
2023-09-15,6.03179,
2023-09-16,.,No value available
2023-09-17,.,No value available
2023-09-18,5.93650,
2023-09-19,6.10709,
2023-09-20,5.70928,
2023-09-21,6.07617,
2023-09-22,5.95493,
2023-09-23,.,No value available
2023-09-24,.,No value available
2023-09-25,5.89178,
2023-09-26,6.10277,
2023-09-27,5.92067,
2023-09-28,5.31484,
2023-09-29,5.29220,
2023-09-30,.,No value available
2023-10-01,.,No value available
2023-10-02,6.06344,
2023-10-03,6.22602,
2023-10-04,6.28583,
2023-10-05,6.27781,
2023-10-06,6.30513,
2023-10-07,.,No value available
2023-10-08,.,No value available
2023-10-09,6.29326,
2023-10-10,6.27916,
2023-10-11,6.24463,
2023-10-12,6.24304,
2023-10-13,6.25792,
2023-10-14,.,No value available
2023-10-15,.,No value available
2023-10-16,6.25246,
2023-10-17,6.23974,
2023-10-18,6.29191,
2023-10-19,6.29461,
2023-10-20,6.32607,
2023-10-21,.,No value available
2023-10-22,.,No value available
2023-10-23,6.34410,
2023-10-24,6.28287,
2023-10-25,6.31618,
2023-10-26,6.31938,
2023-10-27,6.32934,
2023-10-28,.,No value available
2023-10-29,.,No value available
2023-10-30,6.34208,
2023-10-31,6.31426,
2023-11-01,6.35147,
2023-11-02,6.32487,
2023-11-03,6.30375,
2023-11-04,.,No value available
2023-11-05,.,No value available
2023-11-06,6.28894,
2023-11-07,6.27950,
2023-11-08,6.24946,
2023-11-09,6.25310,
2023-11-10,6.28684,
2023-11-11,.,No value available
2023-11-12,.,No value available
2023-11-13,6.25541,
2023-11-14,6.25097,
2023-11-15,6.24704,
2023-11-16,30.00000,
2023-11-17,29.44264,
2023-11-18,.,No value available
2023-11-19,.,No value available
2023-11-20,29.86479,
2023-11-21,29.70643,
2023-11-22,23.81089,
2023-11-23,26.04199,
2023-11-24,29.75513,
2023-11-25,.,No value available
2023-11-26,.,No value available
2023-11-27,29.98284,
2023-11-28,23.33659,
2023-11-29,26.57436,
2023-11-30,27.87203,
2023-12-01,5.60899,
2023-12-02,.,No value available
2023-12-03,.,No value available
2023-12-04,6.80476,
2023-12-05,6.64241,
2023-12-06,6.52114,
2023-12-07,6.54220,
2023-12-08,5.61699,
2023-12-09,.,No value available
2023-12-10,.,No value available
2023-12-11,6.26258,
2023-12-12,5.92147,
2023-12-13,6.24250,
2023-12-14,6.49900,
2023-12-15,6.47575,
2023-12-16,.,No value available
2023-12-17,.,No value available
2023-12-18,6.39302,
2023-12-19,6.45036,
2023-12-20,6.40402,
2023-12-21,6.42703,
2023-12-22,6.42243,
2023-12-23,.,No value available
2023-12-24,.,No value available
2023-12-25,.,No value available
2023-12-26,.,No value available
2023-12-27,6.43469,
2023-12-28,6.39083,
2023-12-29,6.47951,
2023-12-30,.,No value available
2023-12-31,.,No value available
2024-01-01,.,No value available
2024-01-02,6.48130,
2024-01-03,6.44858,
2024-01-04,6.46183,
2024-01-05,6.44339,
2024-01-06,.,No value available
2024-01-07,.,No value available
2024-01-08,6.46528,
2024-01-09,6.46255,
2024-01-10,6.46633,
2024-01-11,6.50002,
2024-01-12,6.42628,
2024-01-13,.,No value available
2024-01-14,.,No value available
2024-01-15,6.44218,
2024-01-16,6.40822,
2024-01-17,6.37206,
2024-01-18,6.33417,
2024-01-19,6.34241,
2024-01-20,.,No value available
2024-01-21,.,No value available
2024-01-22,6.33533,
2024-01-23,6.36124,
2024-01-24,6.38605,
2024-01-25,6.36173,
2024-01-26,6.39415,
2024-01-27,.,No value available
2024-01-28,.,No value available
2024-01-29,6.36328,
2024-01-30,6.32596,
2024-01-31,6.35284,
2024-02-01,6.36351,
2024-02-02,6.32115,
2024-02-03,.,No value available
2024-02-04,.,No value available
2024-02-05,6.35510,
2024-02-06,6.30984,
2024-02-07,6.32830,
2024-02-08,6.28737,
2024-02-09,6.26862,
2024-02-10,.,No value available
2024-02-11,.,No value available
2024-02-12,6.22919,
2024-02-13,6.21548,
2024-02-14,6.24999,
2024-02-15,6.21623,
2024-02-16,6.25571,
2024-02-17,.,No value available
2024-02-18,.,No value available
2024-02-19,6.28185,
2024-02-20,6.29005,
2024-02-21,6.26750,
2024-02-22,6.29960,
2024-02-23,6.38357,
2024-02-24,.,No value available
2024-02-25,.,No value available
2024-02-26,6.30721,
2024-02-27,6.12270,
2024-02-28,6.36176,
2024-02-29,4.96083,
2024-03-01,6.28171,
2024-03-02,.,No value available
2024-03-03,.,No value available
2024-03-04,6.15132,
2024-03-05,6.23836,
2024-03-06,5.24071,
2024-03-07,6.10083,
2024-03-08,6.16134,
2024-03-09,.,No value available
2024-03-10,.,No value available
2024-03-11,6.18670,
2024-03-12,6.21909,
2024-03-13,6.16588,
2024-03-14,6.21936,
2024-03-15,6.20239,
2024-03-16,.,No value available
2024-03-17,.,No value available
2024-03-18,6.24903,
2024-03-19,6.22361,
2024-03-20,4.61001,
2024-03-21,6.15904,
2024-03-22,5.83433,
2024-03-23,.,No value available
2024-03-24,.,No value available
2024-03-25,6.32403,
2024-03-26,6.31683,
2024-03-27,5.62433,
2024-03-28,4.48992,
2024-03-29,.,No value available
2024-03-30,.,No value available
2024-03-31,.,No value available
2024-04-01,.,No value available
2024-04-02,6.32724,
2024-04-03,6.34441,
2024-04-04,6.31480,
2024-04-05,5.46704,
2024-04-06,.,No value available
2024-04-07,.,No value available
2024-04-08,4.43392,
2024-04-09,4.36059,
2024-04-10,5.36231,
2024-04-11,6.24338,
2024-04-12,4.68672,
2024-04-13,.,No value available
2024-04-14,.,No value available
2024-04-15,6.41061,
2024-04-16,6.08983,
2024-04-17,4.62985,
2024-04-18,4.55777,
2024-04-19,4.78414,
2024-04-20,.,No value available
2024-04-21,.,No value available
2024-04-22,5.43765,
2024-04-23,5.11021,
2024-04-24,6.04193,
2024-04-25,6.45459,
2024-04-26,13.05071,
2024-04-27,.,No value available
2024-04-28,.,No value available
2024-04-29,26.53298,
2024-04-30,21.16825,
2024-05-01,.,No value available
2024-05-02,22.25961,
2024-05-03,27.22348,
2024-05-04,.,No value available
2024-05-05,.,No value available
2024-05-06,25.68990,
2024-05-07,9.06833,
2024-05-08,9.81989,
2024-05-09,5.94987,
2024-05-10,6.27949,
2024-05-11,.,No value available
2024-05-12,.,No value available
2024-05-13,6.97296,
2024-05-14,6.07456,
2024-05-15,6.07667,
2024-05-16,6.16727,
2024-05-17,9.15372,
2024-05-18,.,No value available
2024-05-19,.,No value available
2024-05-20,12.00683,
2024-05-21,10.11296,
2024-05-22,21.02618,
2024-05-23,29.72148,
2024-05-24,22.39527,
2024-05-25,.,No value available
2024-05-26,.,No value available
2024-05-27,29.99789,
2024-05-28,28.72308,
2024-05-29,28.99297,
2024-05-30,29.44864,
2024-05-31,29.98293,
2024-06-01,.,No value available
2024-06-02,.,No value available
2024-06-03,17.32888,
2024-06-04,23.65539,
2024-06-05,25.66675,
2024-06-06,30.00000,
2024-06-07,11.67569,
2024-06-08,.,No value available
2024-06-09,.,No value available
2024-06-10,19.22602,
2024-06-11,29.83893,
2024-06-12,23.04618,
2024-06-13,30.00000,
2024-06-14,28.96770,
2024-06-15,.,No value available
2024-06-16,.,No value available
2024-06-17,28.74526,
2024-06-18,29.45505,
2024-06-19,29.51441,
2024-06-20,9.75694,
2024-06-21,20.05851,
2024-06-22,.,No value available
2024-06-23,.,No value available
2024-06-24,17.46792,
2024-06-25,17.50768,
2024-06-26,29.73061,
2024-06-27,28.07605,
2024-06-28,20.10891,
2024-06-29,.,No value available
2024-06-30,.,No value available
2024-07-01,29.73711,
2024-07-02,29.04600,
2024-07-03,21.79485,
2024-07-04,27.63379,
2024-07-05,29.96297,
2024-07-06,.,No value available
2024-07-07,.,No value available
2024-07-08,29.98720,
2024-07-09,29.98372,
2024-07-10,24.86558,
2024-07-11,27.82573,
2024-07-12,28.50269,
2024-07-13,.,No value available
2024-07-14,.,No value available
2024-07-15,29.29041,
2024-07-16,27.26274,
2024-07-17,-4.67635,
2024-07-18,-4.77865,
2024-07-19,-4.61414,
2024-07-20,.,No value available
2024-07-21,.,No value available
2024-07-22,-4.71184,
2024-07-23,5.20152,
2024-07-24,6.44650,
2024-07-25,6.35882,
2024-07-26,6.33908,
2024-07-27,.,No value available
2024-07-28,.,No value available
2024-07-29,6.28685,
2024-07-30,6.37854,
2024-07-31,6.32272,
2024-08-01,7.38784,
2024-08-02,7.26468,
2024-08-03,.,No value available
2024-08-04,.,No value available
2024-08-05,7.44842,
2024-08-06,7.08791,
2024-08-07,6.34891,
2024-08-08,6.54025,
2024-08-09,6.58239,
2024-08-10,.,No value available
2024-08-11,.,No value available
2024-08-12,15.71316,
2024-08-13,6.71554,
2024-08-14,6.57080,
2024-08-15,6.54405,
2024-08-16,6.53261,
2024-08-17,.,No value available
2024-08-18,.,No value available
2024-08-19,6.12069,
2024-08-20,6.28227,
2024-08-21,6.16645,
2024-08-22,5.69007,
2024-08-23,5.95270,
2024-08-24,.,No value available
2024-08-25,.,No value available
2024-08-26,5.59997,
2024-08-27,5.81329,
2024-08-28,5.64703,
2024-08-29,6.01109,
2024-08-30,5.86043,
2024-08-31,.,No value available
2024-09-01,.,No value available
2024-09-02,6.07601,
2024-09-03,6.06892,
2024-09-04,6.02243,
2024-09-05,5.88705,
2024-09-06,5.71169,
2024-09-07,.,No value available
2024-09-08,.,No value available
2024-09-09,5.76246,
2024-09-10,5.51082,
2024-09-11,5.62634,
2024-09-12,5.86921,
2024-09-13,5.84330,
2024-09-14,.,No value available
2024-09-15,.,No value available
2024-09-16,5.77313,
2024-09-17,5.55511,
2024-09-18,5.44082,
2024-09-19,5.52163,
2024-09-20,5.43665,
2024-09-21,.,No value available
2024-09-22,.,No value available
2024-09-23,5.71399,
2024-09-24,6.06529,
2024-09-25,6.22906,
2024-09-26,6.24266,
2024-09-27,6.04295,
2024-09-28,.,No value available
2024-09-29,.,No value available
2024-09-30,6.03455,
2024-10-01,6.27684,
2024-10-02,6.08169,
2024-10-03,6.08478,
2024-10-04,5.89123,
2024-10-05,.,No value available
2024-10-06,.,No value available
2024-10-07,5.74789,
2024-10-08,5.82977,
2024-10-09,5.75821,
2024-10-10,5.82469,
2024-10-11,5.88181,
2024-10-12,.,No value available
2024-10-13,.,No value available
2024-10-14,5.63909,
2024-10-15,5.48821,
2024-10-16,5.59837,
2024-10-17,5.75600,
2024-10-18,5.68693,
2024-10-19,.,No value available
2024-10-20,.,No value available
2024-10-21,5.78827,
2024-10-22,6.08332,
2024-10-23,6.13759,
2024-10-24,5.98729,
2024-10-25,6.06923,
2024-10-26,.,No value available
2024-10-27,.,No value available
2024-10-28,5.90558,
2024-10-29,5.84952,
2024-10-30,5.61775,
2024-10-31,5.26292,
2024-11-01,4.99586,
2024-11-02,.,No value available
2024-11-03,.,No value available
2024-11-04,5.02300,
2024-11-05,5.03663,
2024-11-06,5.48435,
2024-11-07,5.61072,
2024-11-08,5.23382,
2024-11-09,.,No value available
2024-11-10,.,No value available
2024-11-11,4.82741,
2024-11-12,4.86765,
2024-11-13,4.70262,
2024-11-14,4.46180,
2024-11-15,4.46914,
2024-11-16,.,No value available
2024-11-17,.,No value available
2024-11-18,4.20563,
2024-11-19,4.52851,
2024-11-20,4.51419,
2024-11-21,4.53446,
2024-11-22,4.70712,
2024-11-23,.,No value available
2024-11-24,.,No value available
2024-11-25,4.41130,
2024-11-26,4.46026,
2024-11-27,4.51033,
2024-11-28,4.55202,
2024-11-29,4.60460,
2024-11-30,.,No value available
2024-12-01,.,No value available
2024-12-02,4.47524,
2024-12-03,4.52476,
2024-12-04,4.40113,
2024-12-05,4.19937,
2024-12-06,4.16130,
2024-12-07,.,No value available
2024-12-08,.,No value available
2024-12-09,4.36895,
2024-12-10,4.82785,
2024-12-11,4.74086,
2024-12-12,4.93462,
2024-12-13,5.03595,
2024-12-14,.,No value available
2024-12-15,.,No value available
2024-12-16,5.01084,
2024-12-17,4.94583,
2024-12-18,4.87281,
2024-12-19,4.66143,
2024-12-20,4.92470,
2024-12-21,.,No value available
2024-12-22,.,No value available
2024-12-23,4.86649,
2024-12-24,.,No value available
2024-12-25,.,No value available
2024-12-26,.,No value available
2024-12-27,4.87875,
2024-12-28,.,No value available
2024-12-29,.,No value available
2024-12-30,4.80134,
2024-12-31,.,No value available
2025-01-01,.,No value available
2025-01-02,4.83000,
2025-01-03,4.91100,
2025-01-04,.,No value available
2025-01-05,.,No value available
2025-01-06,4.93299,
2025-01-07,5.10064,
2025-01-08,5.13682,
2025-01-09,5.19408,
2025-01-10,5.17231,
2025-01-11,.,No value available
2025-01-12,.,No value available
2025-01-13,4.84363,
2025-01-14,4.62538,
2025-01-15,4.42019,
2025-01-16,4.65144,
2025-01-17,4.59474,
2025-01-18,.,No value available
2025-01-19,.,No value available
2025-01-20,4.72204,
2025-01-21,4.86463,
2025-01-22,5.08754,
2025-01-23,5.03056,
2025-01-24,5.18655,
2025-01-25,.,No value available
2025-01-26,.,No value available
2025-01-27,5.25436,
2025-01-28,5.37015,
2025-01-29,5.43294,
2025-01-30,5.33234,
2025-01-31,5.55455,
2025-02-01,.,No value available
2025-02-02,.,No value available
2025-02-03,5.14286,
2025-02-04,5.26397,
2025-02-05,5.21035,
2025-02-06,5.26333,
2025-02-07,5.18534,
2025-02-08,.,No value available
2025-02-09,.,No value available
2025-02-10,5.20514,
2025-02-11,5.06434,
2025-02-12,5.24633,
2025-02-13,5.08865,
2025-02-14,5.00515,
2025-02-15,.,No value available
2025-02-16,.,No value available
2025-02-17,5.30269,
2025-02-18,5.27254,
2025-02-19,5.42606,
2025-02-20,5.42910,
2025-02-21,5.29500,
2025-02-22,.,No value available
2025-02-23,.,No value available
2025-02-24,5.04778,
2025-02-25,5.17647,
2025-02-26,5.31004,
2025-02-27,5.45622,
2025-02-28,5.77028,
2025-03-01,.,No value available
2025-03-02,.,No value available
2025-03-03,6.65116,
2025-03-04,6.94017,
2025-03-05,7.49545,
2025-03-06,5.94435,
2025-03-07,5.89312,
2025-03-08,.,No value available
2025-03-09,.,No value available
2025-03-10,6.33079,
2025-03-11,6.34529,
2025-03-12,6.40575,
2025-03-13,6.40900,
2025-03-14,6.61232,
2025-03-15,.,No value available
2025-03-16,.,No value available
2025-03-17,6.38146,
2025-03-18,6.40863,
2025-03-19,6.38857,
2025-03-20,6.31317,
2025-03-21,6.65475,
2025-03-22,.,No value available
2025-03-23,.,No value available
2025-03-24,7.00048,
2025-03-25,7.16055,
2025-03-26,7.28652,
2025-03-27,7.38680,
2025-03-28,3.17374,
2025-03-29,.,No value available
2025-03-30,.,No value available
2025-03-31,3.23564,
2025-04-01,3.19160,
2025-04-02,3.07353,
2025-04-03,3.46982,
2025-04-04,6.03503,
2025-04-05,.,No value available
2025-04-06,.,No value available
2025-04-07,4.43500,
2025-04-08,2.51022,
2025-04-09,2.82794,
2025-04-10,5.72517,
2025-04-11,6.20315,
2025-04-12,.,No value available
2025-04-13,.,No value available
2025-04-14,5.36667,
2025-04-15,7.02522,
2025-04-16,6.54687,
2025-04-17,6.61434,
2025-04-18,.,No value available
2025-04-19,.,No value available
2025-04-20,.,No value available
2025-04-21,.,No value available
2025-04-22,7.32600,
2025-04-23,7.28316,
2025-04-24,7.28400,
2025-04-25,7.31746,
2025-04-26,.,No value available
2025-04-27,.,No value available
2025-04-28,7.24460,
2025-04-29,7.36324,
2025-04-30,7.29727,
2025-05-01,.,No value available
2025-05-02,7.37619,
2025-05-03,.,No value available
2025-05-04,.,No value available
2025-05-05,7.34951,
2025-05-06,7.50186,
2025-05-07,7.41107,
2025-05-08,7.50899,
2025-05-09,7.58089,
2025-05-10,.,No value available
2025-05-11,.,No value available
2025-05-12,7.43750,
2025-05-13,7.47451,
2025-05-14,7.38938,
2025-05-15,6.95137,
2025-05-16,6.69541,
2025-05-17,.,No value available
2025-05-18,.,No value available
2025-05-19,7.35333,
2025-05-20,7.20625,
2025-05-21,7.47402,
2025-05-22,7.51953,
2025-05-23,7.44810,
2025-05-24,.,No value available
2025-05-25,.,No value available
2025-05-26,7.58675,
2025-05-27,7.40842,
2025-05-28,7.49352,
2025-05-29,7.22096,
2025-05-30,7.17255,
2025-05-31,.,No value available
2025-06-01,.,No value available
2025-06-02,7.11948,
2025-06-03,7.31070,
2025-06-04,7.34744,
2025-06-05,6.83762,
2025-06-06,6.69678,
2025-06-07,.,No value available
2025-06-08,.,No value available
2025-06-09,6.82733,
2025-06-10,6.65522,
2025-06-11,6.97668,
2025-06-12,6.89181,
2025-06-13,6.40152,
2025-06-14,.,No value available
2025-06-15,.,No value available
2025-06-16,6.79523,
2025-06-17,6.66314,
2025-06-18,6.91906,
2025-06-19,6.63635,
2025-06-20,6.66315,
2025-06-21,.,No value available
2025-06-22,.,No value available
2025-06-23,6.48469,
2025-06-24,7.06432,
2025-06-25,6.77725,
2025-06-26,6.81205,
2025-06-27,7.09307,
2025-06-28,.,No value available
2025-06-29,.,No value available
2025-06-30,6.87131,
2025-07-01,6.96626,
2025-07-02,6.81843,
2025-07-03,7.04069,
2025-07-04,7.15041,
2025-07-05,.,No value available
2025-07-06,.,No value available
2025-07-07,7.30256,
2025-07-08,6.86081,
2025-07-09,6.96310,
2025-07-10,7.10889,
2025-07-11,7.21241,
2025-07-12,.,No value available
2025-07-13,.,No value available
2025-07-14,7.17902,
2025-07-15,7.20295,
2025-07-16,7.22481,
2025-07-17,7.45914,
2025-07-18,5.74239,
2025-07-19,.,No value available
2025-07-20,.,No value available
2025-07-21,5.47014,
2025-07-22,6.17520,
2025-07-23,6.21811,
2025-07-24,8.84125,
2025-07-25,10.56654,
2025-07-26,.,No value available
2025-07-27,.,No value available
2025-07-28,11.16530,
2025-07-29,11.69232,
2025-07-30,12.45860,
2025-07-31,14.45123,
2025-08-01,14.76538,
2025-08-02,.,No value available
2025-08-03,.,No value available
2025-08-04,15.03031,
2025-08-05,15.48179,
2025-08-06,15.45291,
2025-08-07,15.42539,
2025-08-08,15.76702,
2025-08-09,.,No value available
2025-08-10,.,No value available
2025-08-11,16.19423,
2025-08-12,16.55666,
2025-08-13,16.69620,
2025-08-14,17.10095,
2025-08-15,17.43073,
2025-08-16,.,No value available
2025-08-17,.,No value available
2025-08-18,18.80736,
2025-08-19,18.89401,
2025-08-20,19.39571,
2025-08-21,19.94238,
2025-08-22,20.93301,
2025-08-23,.,No value available
2025-08-24,.,No value available
2025-08-25,20.91979,
2025-08-26,20.74746,
2025-08-27,21.08646,
2025-08-28,21.86910,
2025-08-29,21.87141,
2025-08-30,.,No value available
2025-08-31,.,No value available
2025-09-01,21.89550,
2025-09-02,22.18367,
2025-09-03,22.35680,
2025-09-04,22.55110,
2025-09-05,24.29863,
2025-09-06,.,No value available
2025-09-07,.,No value available
2025-09-08,24.47703,
2025-09-09,24.48009,
2025-09-10,25.26645,
2025-09-11,25.45964,
2025-09-12,27.43059,
2025-09-13,.,No value available
2025-09-14,.,No value available
2025-09-15,27.23652,
2025-09-16,27.31833,
2025-09-17,27.03712,
2025-09-18,27.58975,
2025-09-19,27.61329,
2025-09-20,.,No value available
2025-09-21,.,No value available
2025-09-22,27.83804,
2025-09-23,27.84031,
2025-09-24,28.34413,
2025-09-25,28.34618,
2025-09-26,28.40545,
2025-09-27,.,No value available
2025-09-28,.,No value available
2025-09-29,29.24261,
2025-09-30,29.44653,
2025-10-01,29.44734,
2025-10-02,29.64438,
2025-10-03,29.60082,
2025-10-04,.,No value available
2025-10-05,.,No value available
2025-10-06,28.92216,
2025-10-07,28.97197,
2025-10-08,29.03945,
2025-10-09,29.04030,
2025-10-10,29.07993,
2025-10-11,.,No value available
2025-10-12,.,No value available
2025-10-13,29.47410,
2025-10-14,29.08299,
2025-10-15,29.37833,
2025-10-16,29.67828,
2025-10-17,28.99622,
2025-10-18,.,No value available
2025-10-19,.,No value available
2025-10-20,29.51009,
2025-10-21,29.99901,
2025-10-22,29.95808,
2025-10-23,29.88092,
2025-10-24,29.87539,
2025-10-25,.,No value available
2025-10-26,.,No value available
2025-10-27,29.87689,
2025-10-28,29.95464,
2025-10-29,29.95500,
2025-10-30,29.95537,
2025-10-31,29.89213,
2025-11-01,.,No value available
2025-11-02,.,No value available
2025-11-03,29.75071,
2025-11-04,29.66455,
2025-11-05,29.66460,
2025-11-06,29.66348,
2025-11-07,29.66366,
2025-11-08,.,No value available
2025-11-09,.,No value available
2025-11-10,29.66385,
2025-11-11,29.61103,
2025-11-12,29.62241,
2025-11-13,29.47544,
2025-11-14,29.11536,
2025-11-15,.,No value available
2025-11-16,.,No value available
2025-11-17,29.33870,
2025-11-18,29.28233,
2025-11-19,29.07336,
2025-11-20,29.07563,
2025-11-21,28.87764,
2025-11-22,.,No value available
2025-11-23,.,No value available
2025-11-24,28.89934,
2025-11-25,29.99891,
2025-11-26,29.99435,
2025-11-27,29.99999,
2025-11-28,29.98417,
2025-11-29,.,No value available
2025-11-30,.,No value available
2025-12-01,29.98416,
2025-12-02,29.97714,
2025-12-03,29.63499,
2025-12-04,29.52164,
2025-12-05,29.51790,
2025-12-06,.,No value available
2025-12-07,.,No value available
2025-12-08,29.99996,
2025-12-09,29.99999,
2025-12-10,29.99999,
2025-12-11,29.99991,
2025-12-12,29.99956,
2025-12-13,.,No value available
2025-12-14,.,No value available
2025-12-15,29.79871,
2025-12-16,29.79781,
2025-12-17,29.26908,
2025-12-18,29.26939,
2025-12-19,29.27057,
2025-12-20,.,No value available
2025-12-21,.,No value available
2025-12-22,29.27039,
2025-12-23,29.99917,
2025-12-24,.,No value available
2025-12-25,.,No value available
2025-12-26,.,No value available
2025-12-27,.,No value available
2025-12-28,.,No value available
2025-12-29,29.95795,
2025-12-30,29.87523,
2025-12-31,.,No value available
2026-01-01,.,No value available
2026-01-02,29.87466,
2026-01-03,.,No value available
2026-01-04,.,No value available
2026-01-05,29.63295,
2026-01-06,29.25764,
2026-01-07,29.26111,
2026-01-08,29.66577,
2026-01-09,30.00000,
2026-01-10,.,No value available
2026-01-11,.,No value available
2026-01-12,29.98692,
2026-01-13,29.98622,
2026-01-14,29.90895,
2026-01-15,29.91183,
2026-01-16,29.96857,
2026-01-17,.,No value available
2026-01-18,.,No value available
2026-01-19,29.42576,
2026-01-20,29.41981,
2026-01-21,29.13615,
2026-01-22,29.43488,
2026-01-23,29.99997,
2026-01-24,.,No value available
2026-01-25,.,No value available
2026-01-26,29.95682,
2026-01-27,29.89377,
2026-01-28,29.24249,
2026-01-29,29.99915,
2026-01-30,29.99270,
2026-01-31,.,No value available
2026-02-01,.,No value available
2026-02-02,29.99263,
2026-02-03,29.99999,
2026-02-04,29.99085,
2026-02-05,29.80640,
2026-02-06,29.56128,
2026-02-07,.,No value available
2026-02-08,.,No value available
2026-02-09,29.56743,
2026-02-10,29.83794,
2026-02-11,30.00000,
2026-02-12,30.00000,
2026-02-13,29.90102,
2026-02-14,.,No value available
2026-02-15,.,No value available
2026-02-16,29.93735,
2026-02-17,29.63164,
2026-02-18,29.71546,
2026-02-19,29.82475,
2026-02-20,29.80457,
2026-02-21,.,No value available
2026-02-22,.,No value available
2026-02-23,29.80430,
2026-02-24,29.66033,
2026-02-25,29.72638,
2026-02-26,29.65043,
2026-02-27,29.54255,
2026-02-28,.,No value available
2026-03-01,.,No value available
2026-03-02,29.70842,
2026-03-03,29.99965,
2026-03-04,29.74888,
2026-03-05,30.00000,
2026-03-06,29.99676,
2026-03-07,.,No value available
2026-03-08,.,No value available
2026-03-09,29.99892,
2026-03-10,29.99992,
2026-03-11,29.99993,
2026-03-12,29.99917,
2026-03-13,29.99917,
2026-03-14,.,No value available
2026-03-15,.,No value available
2026-03-16,29.99919,
2026-03-17,29.91649,
2026-03-18,29.92972,
2026-03-19,-15.47969,
2026-03-20,-3.42598,
2026-03-21,.,No value available
2026-03-22,.,No value available
2026-03-23,-3.20462,
2026-03-24,-3.41282,
2026-03-25,-6.50189,
2026-03-26,-11.32956,
2026-03-27,-13.94977,
2026-03-28,.,No value available
2026-03-29,.,No value available
2026-03-30,-14.01593,
2026-03-31,-5.44403,
2026-04-01,-15.60838,
2026-04-02,-16.42973,
2026-04-03,.,No value available
2026-04-04,.,No value available
2026-04-05,.,No value available
2026-04-06,.,No value available
2026-04-07,-4.32281,
2026-04-08,-16.52115,
2026-04-09,-16.85950,
2026-04-10,-3.66351,
2026-04-11,.,No value available
2026-04-12,.,No value available
2026-04-13,-9.25510,
2026-04-14,-9.40432,
2026-04-15,-9.42525,
2026-04-16,-14.76462,
2026-04-17,-19.37797,
2026-04-18,.,No value available
2026-04-19,.,No value available
2026-04-20,-19.95995,
2026-04-21,-20.67944,
2026-04-22,-21.03693,
2026-04-23,-20.87046,
2026-04-24,-3.51787,
2026-04-25,.,No value available
2026-04-26,.,No value available
2026-04-27,-14.90851,
2026-04-28,-15.32875,
2026-04-29,-15.43180,
2026-04-30,-6.69340,
2026-05-01,.,No value available
2026-05-02,.,No value available
2026-05-03,.,No value available
2026-05-04,-4.77241,
2026-05-05,-13.57224,
2026-05-06,-14.77557,
2026-05-07,-16.00244,
2026-05-08,-16.19847,
2026-05-09,.,No value available
2026-05-10,.,No value available
2026-05-11,-16.14258,
2026-05-12,-16.05106,
2026-05-13,-6.03221,
2026-05-14,-13.65421,
2026-05-15,-14.64632,
2026-05-16,.,No value available
2026-05-17,.,No value available
2026-05-18,-16.70088,
2026-05-19,-19.12491,
2026-05-20,-21.20645,
2026-05-21,-21.68738,
2026-05-22,-22.67451,
2026-05-23,.,No value available
2026-05-24,.,No value available
2026-05-25,-23.15966,
2026-05-26,-24.25220,
2026-05-27,-25.10411,
2026-05-28,-25.80582,
2026-05-29,-26.58067,
2026-05-30,.,No value available
2026-05-31,.,No value available
2026-06-01,-26.80828,
2026-06-02,-27.04440,
2026-06-03,-27.20103,
2026-06-04,-27.65479,
2026-06-05,-28.08355,
2026-06-06,.,No value available
2026-06-07,.,No value available
2026-06-08,-27.98420,
2026-06-09,-28.77686,
2026-06-10,-28.80567,
2026-06-11,-28.97315,
2026-06-12,-29.01418,
2026-06-13,.,No value available
2026-06-14,.,No value available
2026-06-15,-29.31526,
