"",BBSIS.D.I.ZST.T1.EUR.S1311.B.A604._Z.R.A.A._Z._Z.A,BBSIS.D.I.ZST.T1.EUR.S1311.B.A604._Z.R.A.A._Z._Z.A_FLAGS
"",Term structure of interest rates on listed Federalsecurities (method by Svensson) / Parameter Tau1 /daily data,
Comment,Monatsreihe siehe WZ9804. Bis Juli 1997 liegen lediglich Ultimowerte vor.,
Decimals,5,
Time format code,P1D,
category,ZRZS,
unit,,
unit multiplier,One,
last update,2026-06-15 12:11:40,
1997-08-01,.,No value available
1997-08-02,.,No value available
1997-08-03,.,No value available
1997-08-04,.,No value available
1997-08-05,.,No value available
1997-08-06,.,No value available
1997-08-07,2.45800,
1997-08-08,2.45100,
1997-08-09,.,No value available
1997-08-10,.,No value available
1997-08-11,2.06339,
1997-08-12,2.34563,
1997-08-13,2.44592,
1997-08-14,3.44890,
1997-08-15,4.66424,
1997-08-16,.,No value available
1997-08-17,.,No value available
1997-08-18,2.44230,
1997-08-19,2.19621,
1997-08-20,4.80625,
1997-08-21,3.63092,
1997-08-22,6.00456,
1997-08-23,.,No value available
1997-08-24,.,No value available
1997-08-25,3.20284,
1997-08-26,4.12647,
1997-08-27,5.72430,
1997-08-28,7.83011,
1997-08-29,2.03027,
1997-08-30,.,No value available
1997-08-31,.,No value available
1997-09-01,2.78661,
1997-09-02,1.59628,
1997-09-03,4.52859,
1997-09-04,4.82576,
1997-09-05,3.07870,
1997-09-06,.,No value available
1997-09-07,.,No value available
1997-09-08,6.27327,
1997-09-09,2.51657,
1997-09-10,2.63897,
1997-09-11,2.34550,
1997-09-12,2.42411,
1997-09-13,.,No value available
1997-09-14,.,No value available
1997-09-15,4.18890,
1997-09-16,6.18447,
1997-09-17,4.36058,
1997-09-18,3.41144,
1997-09-19,3.97134,
1997-09-20,.,No value available
1997-09-21,.,No value available
1997-09-22,3.43136,
1997-09-23,4.36152,
1997-09-24,6.37397,
1997-09-25,4.14387,
1997-09-26,3.85498,
1997-09-27,.,No value available
1997-09-28,.,No value available
1997-09-29,1.58408,
1997-09-30,2.88888,
1997-10-01,2.49967,
1997-10-02,0.71733,
1997-10-03,.,No value available
1997-10-04,.,No value available
1997-10-05,.,No value available
1997-10-06,2.62169,
1997-10-07,0.73386,
1997-10-08,1.76857,
1997-10-09,1.00124,
1997-10-10,1.62923,
1997-10-11,.,No value available
1997-10-12,.,No value available
1997-10-13,1.32428,
1997-10-14,1.75349,
1997-10-15,0.64632,
1997-10-16,1.51285,
1997-10-17,0.55680,
1997-10-18,.,No value available
1997-10-19,.,No value available
1997-10-20,0.86109,
1997-10-21,1.65384,
1997-10-22,1.56355,
1997-10-23,0.99659,
1997-10-24,1.52443,
1997-10-25,.,No value available
1997-10-26,.,No value available
1997-10-27,1.77365,
1997-10-28,3.40409,
1997-10-29,2.41225,
1997-10-30,1.80734,
1997-10-31,2.02984,
1997-11-01,.,No value available
1997-11-02,.,No value available
1997-11-03,2.31025,
1997-11-04,2.40508,
1997-11-05,2.06148,
1997-11-06,2.82851,
1997-11-07,4.84971,
1997-11-08,.,No value available
1997-11-09,.,No value available
1997-11-10,2.13303,
1997-11-11,1.36799,
1997-11-12,2.69160,
1997-11-13,2.47343,
1997-11-14,2.17628,
1997-11-15,.,No value available
1997-11-16,.,No value available
1997-11-17,1.59837,
1997-11-18,1.92326,
1997-11-19,1.93856,
1997-11-20,2.16022,
1997-11-21,2.50357,
1997-11-22,.,No value available
1997-11-23,.,No value available
1997-11-24,2.15136,
1997-11-25,6.00627,
1997-11-26,1.82539,
1997-11-27,2.12411,
1997-11-28,1.93959,
1997-11-29,.,No value available
1997-11-30,.,No value available
1997-12-01,1.55336,
1997-12-02,2.06881,
1997-12-03,1.65904,
1997-12-04,4.01799,
1997-12-05,1.45470,
1997-12-06,.,No value available
1997-12-07,.,No value available
1997-12-08,6.50456,
1997-12-09,4.23764,
1997-12-10,2.93166,
1997-12-11,2.39476,
1997-12-12,1.79306,
1997-12-13,.,No value available
1997-12-14,.,No value available
1997-12-15,1.82081,
1997-12-16,1.36075,
1997-12-17,1.65965,
1997-12-18,3.26417,
1997-12-19,1.23202,
1997-12-20,.,No value available
1997-12-21,.,No value available
1997-12-22,4.04751,
1997-12-23,5.61920,
1997-12-24,.,No value available
1997-12-25,.,No value available
1997-12-26,.,No value available
1997-12-27,.,No value available
1997-12-28,.,No value available
1997-12-29,4.14525,
1997-12-30,2.45558,
1997-12-31,.,No value available
1998-01-01,.,No value available
1998-01-02,2.55844,
1998-01-03,.,No value available
1998-01-04,.,No value available
1998-01-05,2.29046,
1998-01-06,1.78576,
1998-01-07,3.13314,
1998-01-08,2.35620,
1998-01-09,2.46110,
1998-01-10,.,No value available
1998-01-11,.,No value available
1998-01-12,2.40704,
1998-01-13,8.62383,
1998-01-14,2.69921,
1998-01-15,2.09068,
1998-01-16,2.54804,
1998-01-17,.,No value available
1998-01-18,.,No value available
1998-01-19,2.31170,
1998-01-20,1.90045,
1998-01-21,2.82645,
1998-01-22,2.66067,
1998-01-23,1.02670,
1998-01-24,.,No value available
1998-01-25,.,No value available
1998-01-26,3.20362,
1998-01-27,3.17303,
1998-01-28,3.18552,
1998-01-29,3.77399,
1998-01-30,2.44357,
1998-01-31,.,No value available
1998-02-01,.,No value available
1998-02-02,1.48630,
1998-02-03,7.90656,
1998-02-04,6.83091,
1998-02-05,2.62404,
1998-02-06,5.51183,
1998-02-07,.,No value available
1998-02-08,.,No value available
1998-02-09,4.04249,
1998-02-10,2.75431,
1998-02-11,4.28043,
1998-02-12,2.51163,
1998-02-13,2.59591,
1998-02-14,.,No value available
1998-02-15,.,No value available
1998-02-16,1.85515,
1998-02-17,3.46471,
1998-02-18,3.60617,
1998-02-19,3.18389,
1998-02-20,2.16960,
1998-02-21,.,No value available
1998-02-22,.,No value available
1998-02-23,3.56595,
1998-02-24,3.41251,
1998-02-25,3.17643,
1998-02-26,3.15776,
1998-02-27,3.36118,
1998-02-28,.,No value available
1998-03-01,.,No value available
1998-03-02,5.21005,
1998-03-03,1.95666,
1998-03-04,3.62103,
1998-03-05,2.63437,
1998-03-06,7.09199,
1998-03-07,.,No value available
1998-03-08,.,No value available
1998-03-09,2.07110,
1998-03-10,1.67569,
1998-03-11,2.04523,
1998-03-12,2.16236,
1998-03-13,1.91867,
1998-03-14,.,No value available
1998-03-15,.,No value available
1998-03-16,4.15363,
1998-03-17,4.26352,
1998-03-18,6.33472,
1998-03-19,4.20761,
1998-03-20,2.74569,
1998-03-21,.,No value available
1998-03-22,.,No value available
1998-03-23,0.74991,
1998-03-24,3.88613,
1998-03-25,0.71963,
1998-03-26,3.22853,
1998-03-27,2.31014,
1998-03-28,.,No value available
1998-03-29,.,No value available
1998-03-30,3.88268,
1998-03-31,1.37173,
1998-04-01,4.40975,
1998-04-02,2.65550,
1998-04-03,2.26069,
1998-04-04,.,No value available
1998-04-05,.,No value available
1998-04-06,3.08512,
1998-04-07,2.71643,
1998-04-08,2.60057,
1998-04-09,2.46910,
1998-04-10,.,No value available
1998-04-11,.,No value available
1998-04-12,.,No value available
1998-04-13,.,No value available
1998-04-14,1.82725,
1998-04-15,1.33505,
1998-04-16,2.59908,
1998-04-17,2.42597,
1998-04-18,.,No value available
1998-04-19,.,No value available
1998-04-20,3.09550,
1998-04-21,2.06583,
1998-04-22,2.58499,
1998-04-23,2.80342,
1998-04-24,2.14395,
1998-04-25,.,No value available
1998-04-26,.,No value available
1998-04-27,2.64051,
1998-04-28,2.39339,
1998-04-29,3.34007,
1998-04-30,3.34444,
1998-05-01,.,No value available
1998-05-02,.,No value available
1998-05-03,.,No value available
1998-05-04,2.47360,
1998-05-05,3.07122,
1998-05-06,1.82032,
1998-05-07,1.35673,
1998-05-08,2.10852,
1998-05-09,.,No value available
1998-05-10,.,No value available
1998-05-11,4.54855,
1998-05-12,3.13183,
1998-05-13,3.14328,
1998-05-14,5.20199,
1998-05-15,1.90818,
1998-05-16,.,No value available
1998-05-17,.,No value available
1998-05-18,3.85042,
1998-05-19,2.25044,
1998-05-20,1.82907,
1998-05-21,.,No value available
1998-05-22,2.08944,
1998-05-23,.,No value available
1998-05-24,.,No value available
1998-05-25,2.59128,
1998-05-26,2.28771,
1998-05-27,1.94748,
1998-05-28,2.21268,
1998-05-29,4.11421,
1998-05-30,.,No value available
1998-05-31,.,No value available
1998-06-01,.,No value available
1998-06-02,3.72532,
1998-06-03,1.59736,
1998-06-04,1.30253,
1998-06-05,1.91386,
1998-06-06,.,No value available
1998-06-07,.,No value available
1998-06-08,1.52179,
1998-06-09,1.49172,
1998-06-10,1.52168,
1998-06-11,.,No value available
1998-06-12,1.20154,
1998-06-13,.,No value available
1998-06-14,.,No value available
1998-06-15,1.16189,
1998-06-16,0.92474,
1998-06-17,1.00179,
1998-06-18,0.93971,
1998-06-19,0.94907,
1998-06-20,.,No value available
1998-06-21,.,No value available
1998-06-22,0.87935,
1998-06-23,0.92624,
1998-06-24,0.99972,
1998-06-25,0.97551,
1998-06-26,0.95878,
1998-06-27,.,No value available
1998-06-28,.,No value available
1998-06-29,0.91750,
1998-06-30,0.12120,
1998-07-01,0.95409,
1998-07-02,0.11341,
1998-07-03,0.90650,
1998-07-04,.,No value available
1998-07-05,.,No value available
1998-07-06,0.10824,
1998-07-07,0.11949,
1998-07-08,0.11890,
1998-07-09,1.01427,
1998-07-10,1.81233,
1998-07-11,.,No value available
1998-07-12,.,No value available
1998-07-13,1.63007,
1998-07-14,2.28152,
1998-07-15,2.35824,
1998-07-16,2.09933,
1998-07-17,2.69975,
1998-07-18,.,No value available
1998-07-19,.,No value available
1998-07-20,2.77410,
1998-07-21,1.95313,
1998-07-22,1.60659,
1998-07-23,2.50198,
1998-07-24,2.70753,
1998-07-25,.,No value available
1998-07-26,.,No value available
1998-07-27,2.62465,
1998-07-28,2.44356,
1998-07-29,1.77968,
1998-07-30,2.18790,
1998-07-31,2.55086,
1998-08-01,.,No value available
1998-08-02,.,No value available
1998-08-03,2.48371,
1998-08-04,1.87907,
1998-08-05,1.85912,
1998-08-06,1.47258,
1998-08-07,2.24285,
1998-08-08,.,No value available
1998-08-09,.,No value available
1998-08-10,4.15211,
1998-08-11,10.53898,
1998-08-12,5.40085,
1998-08-13,2.43763,
1998-08-14,3.91427,
1998-08-15,.,No value available
1998-08-16,.,No value available
1998-08-17,1.04278,
1998-08-18,3.90387,
1998-08-19,13.56867,
1998-08-20,7.42534,
1998-08-21,2.74364,
1998-08-22,.,No value available
1998-08-23,.,No value available
1998-08-24,6.83220,
1998-08-25,4.16208,
1998-08-26,19.79913,
1998-08-27,8.52315,
1998-08-28,8.49528,
1998-08-29,.,No value available
1998-08-30,.,No value available
1998-08-31,26.66613,
1998-09-01,8.55382,
1998-09-02,3.56034,
1998-09-03,4.12259,
1998-09-04,3.96277,
1998-09-05,.,No value available
1998-09-06,.,No value available
1998-09-07,4.56542,
1998-09-08,5.36399,
1998-09-09,17.50696,
1998-09-10,7.61717,
1998-09-11,3.87655,
1998-09-12,.,No value available
1998-09-13,.,No value available
1998-09-14,8.58768,
1998-09-15,7.21694,
1998-09-16,1.90123,
1998-09-17,4.30943,
1998-09-18,12.22206,
1998-09-19,.,No value available
1998-09-20,.,No value available
1998-09-21,8.23646,
1998-09-22,2.38692,
1998-09-23,4.54454,
1998-09-24,13.90996,
1998-09-25,2.31790,
1998-09-26,.,No value available
1998-09-27,.,No value available
1998-09-28,12.70974,
1998-09-29,11.40187,
1998-09-30,6.89887,
1998-10-01,8.82946,
1998-10-02,9.94510,
1998-10-03,.,No value available
1998-10-04,.,No value available
1998-10-05,11.34302,
1998-10-06,13.63089,
1998-10-07,15.82813,
1998-10-08,1.79426,
1998-10-09,9.90753,
1998-10-10,.,No value available
1998-10-11,.,No value available
1998-10-12,1.98019,
1998-10-13,10.40268,
1998-10-14,10.64686,
1998-10-15,12.57098,
1998-10-16,10.70082,
1998-10-17,.,No value available
1998-10-18,.,No value available
1998-10-19,7.87084,
1998-10-20,30.00000,
1998-10-21,13.18974,
1998-10-22,15.92925,
1998-10-23,16.13537,
1998-10-24,.,No value available
1998-10-25,.,No value available
1998-10-26,2.07761,
1998-10-27,18.17506,
1998-10-28,13.55231,
1998-10-29,18.28776,
1998-10-30,15.95373,
1998-10-31,.,No value available
1998-11-01,.,No value available
1998-11-02,1.89334,
1998-11-03,18.07531,
1998-11-04,11.14761,
1998-11-05,16.09858,
1998-11-06,11.92632,
1998-11-07,.,No value available
1998-11-08,.,No value available
1998-11-09,11.16722,
1998-11-10,13.45332,
1998-11-11,13.00853,
1998-11-12,13.52690,
1998-11-13,15.56965,
1998-11-14,.,No value available
1998-11-15,.,No value available
1998-11-16,14.72132,
1998-11-17,9.25331,
1998-11-18,9.17106,
1998-11-19,9.17349,
1998-11-20,9.05889,
1998-11-21,.,No value available
1998-11-22,.,No value available
1998-11-23,6.93680,
1998-11-24,9.50263,
1998-11-25,8.45614,
1998-11-26,12.57006,
1998-11-27,2.00143,
1998-11-28,.,No value available
1998-11-29,.,No value available
1998-11-30,11.03399,
1998-12-01,14.70598,
1998-12-02,13.41966,
1998-12-03,11.31993,
1998-12-04,9.03850,
1998-12-05,.,No value available
1998-12-06,.,No value available
1998-12-07,12.12055,
1998-12-08,7.93241,
1998-12-09,9.10620,
1998-12-10,7.35882,
1998-12-11,5.64637,
1998-12-12,.,No value available
1998-12-13,.,No value available
1998-12-14,5.15805,
1998-12-15,5.06910,
1998-12-16,4.48073,
1998-12-17,3.84826,
1998-12-18,4.06714,
1998-12-19,.,No value available
1998-12-20,.,No value available
1998-12-21,1.11816,
1998-12-22,3.89737,
1998-12-23,3.85057,
1998-12-24,.,No value available
1998-12-25,.,No value available
1998-12-26,.,No value available
1998-12-27,.,No value available
1998-12-28,3.78908,
1998-12-29,4.20380,
1998-12-30,4.59864,
1998-12-31,.,No value available
1999-01-01,.,No value available
1999-01-02,.,No value available
1999-01-03,.,No value available
1999-01-04,3.72155,
1999-01-05,3.75554,
1999-01-06,1.73524,
1999-01-07,3.62482,
1999-01-08,1.43667,
1999-01-09,.,No value available
1999-01-10,.,No value available
1999-01-11,4.65380,
1999-01-12,1.43551,
1999-01-13,1.88248,
1999-01-14,6.62790,
1999-01-15,6.72735,
1999-01-16,.,No value available
1999-01-17,.,No value available
1999-01-18,7.08557,
1999-01-19,6.84479,
1999-01-20,7.62927,
1999-01-21,6.17393,
1999-01-22,6.19249,
1999-01-23,.,No value available
1999-01-24,.,No value available
1999-01-25,6.01210,
1999-01-26,30.00000,
1999-01-27,6.78580,
1999-01-28,6.86894,
1999-01-29,1.72806,
1999-01-30,.,No value available
1999-01-31,.,No value available
1999-02-01,5.44926,
1999-02-02,5.23175,
1999-02-03,6.67250,
1999-02-04,6.15561,
1999-02-05,12.68265,
1999-02-06,.,No value available
1999-02-07,.,No value available
1999-02-08,8.62539,
1999-02-09,7.69431,
1999-02-10,15.02714,
1999-02-11,6.55795,
1999-02-12,11.10394,
1999-02-13,.,No value available
1999-02-14,.,No value available
1999-02-15,10.94582,
1999-02-16,7.11749,
1999-02-17,9.97407,
1999-02-18,7.92249,
1999-02-19,8.96508,
1999-02-20,.,No value available
1999-02-21,.,No value available
1999-02-22,9.48172,
1999-02-23,10.44836,
1999-02-24,10.11486,
1999-02-25,1.77573,
1999-02-26,14.39787,
1999-02-27,.,No value available
1999-02-28,.,No value available
1999-03-01,10.79984,
1999-03-02,10.38996,
1999-03-03,11.04903,
1999-03-04,1.68274,
1999-03-05,1.84025,
1999-03-06,.,No value available
1999-03-07,.,No value available
1999-03-08,28.75039,
1999-03-09,6.97116,
1999-03-10,9.68618,
1999-03-11,9.07798,
1999-03-12,8.53689,
1999-03-13,.,No value available
1999-03-14,.,No value available
1999-03-15,9.56965,
1999-03-16,6.66781,
1999-03-17,11.55546,
1999-03-18,9.71300,
1999-03-19,10.90632,
1999-03-20,.,No value available
1999-03-21,.,No value available
1999-03-22,8.69300,
1999-03-23,2.28026,
1999-03-24,8.32327,
1999-03-25,2.18431,
1999-03-26,8.65455,
1999-03-27,.,No value available
1999-03-28,.,No value available
1999-03-29,7.68000,
1999-03-30,3.14432,
1999-03-31,7.77344,
1999-04-01,2.37290,
1999-04-02,.,No value available
1999-04-03,.,No value available
1999-04-04,.,No value available
1999-04-05,.,No value available
1999-04-06,7.43466,
1999-04-07,7.66015,
1999-04-08,2.29255,
1999-04-09,7.46168,
1999-04-10,.,No value available
1999-04-11,.,No value available
1999-04-12,2.65548,
1999-04-13,6.18611,
1999-04-14,4.08983,
1999-04-15,24.35269,
1999-04-16,19.58358,
1999-04-17,.,No value available
1999-04-18,.,No value available
1999-04-19,9.65753,
1999-04-20,2.07612,
1999-04-21,12.14541,
1999-04-22,10.54913,
1999-04-23,6.88562,
1999-04-24,.,No value available
1999-04-25,.,No value available
1999-04-26,7.30417,
1999-04-27,7.09240,
1999-04-28,9.06514,
1999-04-29,4.54897,
1999-04-30,3.31823,
1999-05-01,.,No value available
1999-05-02,.,No value available
1999-05-03,4.71478,
1999-05-04,5.09245,
1999-05-05,6.31611,
1999-05-06,6.27690,
1999-05-07,3.22936,
1999-05-08,.,No value available
1999-05-09,.,No value available
1999-05-10,2.96664,
1999-05-11,3.12135,
1999-05-12,3.27328,
1999-05-13,.,No value available
1999-05-14,5.91380,
1999-05-15,.,No value available
1999-05-16,.,No value available
1999-05-17,11.99776,
1999-05-18,19.22260,
1999-05-19,5.02737,
1999-05-20,5.10797,
1999-05-21,5.90733,
1999-05-22,.,No value available
1999-05-23,.,No value available
1999-05-24,.,No value available
1999-05-25,5.38833,
1999-05-26,2.24082,
1999-05-27,2.78402,
1999-05-28,6.67353,
1999-05-29,.,No value available
1999-05-30,.,No value available
1999-05-31,9.58079,
1999-06-01,6.64823,
1999-06-02,4.85617,
1999-06-03,.,No value available
1999-06-04,6.23094,
1999-06-05,.,No value available
1999-06-06,.,No value available
1999-06-07,2.17093,
1999-06-08,6.06236,
1999-06-09,4.75218,
1999-06-10,5.24855,
1999-06-11,6.51451,
1999-06-12,.,No value available
1999-06-13,.,No value available
1999-06-14,4.50782,
1999-06-15,4.27337,
1999-06-16,6.20036,
1999-06-17,15.36184,
1999-06-18,10.14475,
1999-06-19,.,No value available
1999-06-20,.,No value available
1999-06-21,3.85326,
1999-06-22,5.44766,
1999-06-23,5.11094,
1999-06-24,4.61657,
1999-06-25,6.30576,
1999-06-26,.,No value available
1999-06-27,.,No value available
1999-06-28,1.53135,
1999-06-29,5.45674,
1999-06-30,4.17219,
1999-07-01,4.75439,
1999-07-02,8.16437,
1999-07-03,.,No value available
1999-07-04,.,No value available
1999-07-05,10.78156,
1999-07-06,2.10603,
1999-07-07,4.00545,
1999-07-08,8.97622,
1999-07-09,8.02936,
1999-07-10,.,No value available
1999-07-11,.,No value available
1999-07-12,1.20325,
1999-07-13,1.21162,
1999-07-14,8.75359,
1999-07-15,1.21790,
1999-07-16,1.16501,
1999-07-17,.,No value available
1999-07-18,.,No value available
1999-07-19,5.00317,
1999-07-20,1.42511,
1999-07-21,5.49560,
1999-07-22,5.26342,
1999-07-23,1.63403,
1999-07-24,.,No value available
1999-07-25,.,No value available
1999-07-26,4.81310,
1999-07-27,4.65530,
1999-07-28,29.05002,
1999-07-29,1.86382,
1999-07-30,4.60305,
1999-07-31,.,No value available
1999-08-01,.,No value available
1999-08-02,4.27879,
1999-08-03,4.24961,
1999-08-04,4.45070,
1999-08-05,1.06315,
1999-08-06,1.06471,
1999-08-07,.,No value available
1999-08-08,.,No value available
1999-08-09,1.15455,
1999-08-10,1.16652,
1999-08-11,4.97701,
1999-08-12,5.06754,
1999-08-13,1.32907,
1999-08-14,.,No value available
1999-08-15,.,No value available
1999-08-16,1.32797,
1999-08-17,1.22111,
1999-08-18,30.00000,
1999-08-19,5.08743,
1999-08-20,5.84032,
1999-08-21,.,No value available
1999-08-22,.,No value available
1999-08-23,6.02779,
1999-08-24,5.12809,
1999-08-25,5.46726,
1999-08-26,30.00000,
1999-08-27,4.58865,
1999-08-28,.,No value available
1999-08-29,.,No value available
1999-08-30,3.89487,
1999-08-31,4.33905,
1999-09-01,4.62837,
1999-09-02,1.55714,
1999-09-03,5.35261,
1999-09-04,.,No value available
1999-09-05,.,No value available
1999-09-06,30.00000,
1999-09-07,5.58757,
1999-09-08,5.30406,
1999-09-09,1.84904,
1999-09-10,4.37017,
1999-09-11,.,No value available
1999-09-12,.,No value available
1999-09-13,3.90935,
1999-09-14,1.82764,
1999-09-15,1.65611,
1999-09-16,4.98486,
1999-09-17,5.41225,
1999-09-18,.,No value available
1999-09-19,.,No value available
1999-09-20,5.59551,
1999-09-21,5.11864,
1999-09-22,5.03005,
1999-09-23,1.84556,
1999-09-24,4.92329,
1999-09-25,.,No value available
1999-09-26,.,No value available
1999-09-27,2.23922,
1999-09-28,4.83364,
1999-09-29,2.22634,
1999-09-30,2.28695,
1999-10-01,1.85356,
1999-10-02,.,No value available
1999-10-03,.,No value available
1999-10-04,1.81920,
1999-10-05,1.74810,
1999-10-06,1.69083,
1999-10-07,1.84355,
1999-10-08,1.85845,
1999-10-09,.,No value available
1999-10-10,.,No value available
1999-10-11,1.86048,
1999-10-12,1.87871,
1999-10-13,1.70406,
1999-10-14,1.77388,
1999-10-15,2.20171,
1999-10-16,.,No value available
1999-10-17,.,No value available
1999-10-18,1.77970,
1999-10-19,3.83928,
1999-10-20,1.96294,
1999-10-21,1.55107,
1999-10-22,1.79590,
1999-10-23,.,No value available
1999-10-24,.,No value available
1999-10-25,4.35481,
1999-10-26,1.76159,
1999-10-27,1.70314,
1999-10-28,1.88531,
1999-10-29,1.83687,
1999-10-30,.,No value available
1999-10-31,.,No value available
1999-11-01,1.92533,
1999-11-02,4.69341,
1999-11-03,4.90268,
1999-11-04,1.90131,
1999-11-05,2.22572,
1999-11-06,.,No value available
1999-11-07,.,No value available
1999-11-08,2.16912,
1999-11-09,6.25604,
1999-11-10,2.03987,
1999-11-11,3.75183,
1999-11-12,5.80188,
1999-11-13,.,No value available
1999-11-14,.,No value available
1999-11-15,5.92474,
1999-11-16,6.01671,
1999-11-17,1.96418,
1999-11-18,1.79984,
1999-11-19,1.73023,
1999-11-20,.,No value available
1999-11-21,.,No value available
1999-11-22,1.95663,
1999-11-23,2.00083,
1999-11-24,5.55348,
1999-11-25,1.73759,
1999-11-26,5.42227,
1999-11-27,.,No value available
1999-11-28,.,No value available
1999-11-29,1.64011,
1999-11-30,1.79595,
1999-12-01,1.89850,
1999-12-02,1.77693,
1999-12-03,1.75248,
1999-12-04,.,No value available
1999-12-05,.,No value available
1999-12-06,2.00869,
1999-12-07,5.68060,
1999-12-08,2.35897,
1999-12-09,5.27659,
1999-12-10,2.98605,
1999-12-11,.,No value available
1999-12-12,.,No value available
1999-12-13,5.34693,
1999-12-14,2.36142,
1999-12-15,2.37539,
1999-12-16,1.90627,
1999-12-17,2.04172,
1999-12-18,.,No value available
1999-12-19,.,No value available
1999-12-20,2.21923,
1999-12-21,2.07546,
1999-12-22,1.81324,
1999-12-23,1.80476,
1999-12-24,.,No value available
1999-12-25,.,No value available
1999-12-26,.,No value available
1999-12-27,1.68767,
1999-12-28,1.92828,
1999-12-29,1.60397,
1999-12-30,1.77104,
1999-12-31,.,No value available
2000-01-01,.,No value available
2000-01-02,.,No value available
2000-01-03,1.94645,
2000-01-04,1.83807,
2000-01-05,1.69308,
2000-01-06,1.74632,
2000-01-07,1.64719,
2000-01-08,.,No value available
2000-01-09,.,No value available
2000-01-10,1.21809,
2000-01-11,1.40076,
2000-01-12,1.73738,
2000-01-13,1.86521,
2000-01-14,2.06581,
2000-01-15,.,No value available
2000-01-16,.,No value available
2000-01-17,2.02993,
2000-01-18,1.98540,
2000-01-19,2.00486,
2000-01-20,4.23745,
2000-01-21,2.35927,
2000-01-22,.,No value available
2000-01-23,.,No value available
2000-01-24,2.24297,
2000-01-25,2.23020,
2000-01-26,2.22952,
2000-01-27,2.17244,
2000-01-28,2.05035,
2000-01-29,.,No value available
2000-01-30,.,No value available
2000-01-31,2.13248,
2000-02-01,2.13163,
2000-02-02,1.97849,
2000-02-03,1.96223,
2000-02-04,2.03662,
2000-02-05,.,No value available
2000-02-06,.,No value available
2000-02-07,2.10416,
2000-02-08,2.22851,
2000-02-09,2.24098,
2000-02-10,2.19030,
2000-02-11,4.09260,
2000-02-12,.,No value available
2000-02-13,.,No value available
2000-02-14,2.01245,
2000-02-15,2.11617,
2000-02-16,1.97787,
2000-02-17,4.99175,
2000-02-18,0.46232,
2000-02-19,.,No value available
2000-02-20,.,No value available
2000-02-21,0.43198,
2000-02-22,1.82710,
2000-02-23,2.04219,
2000-02-24,2.08023,
2000-02-25,2.26916,
2000-02-26,.,No value available
2000-02-27,.,No value available
2000-02-28,2.20854,
2000-02-29,2.06844,
2000-03-01,2.18085,
2000-03-02,2.04850,
2000-03-03,1.92062,
2000-03-04,.,No value available
2000-03-05,.,No value available
2000-03-06,1.76493,
2000-03-07,1.73113,
2000-03-08,1.65835,
2000-03-09,1.07399,
2000-03-10,1.83786,
2000-03-11,.,No value available
2000-03-12,.,No value available
2000-03-13,1.37631,
2000-03-14,1.87252,
2000-03-15,1.93600,
2000-03-16,2.01349,
2000-03-17,2.20890,
2000-03-18,.,No value available
2000-03-19,.,No value available
2000-03-20,1.97669,
2000-03-21,2.04582,
2000-03-22,2.37493,
2000-03-23,2.37227,
2000-03-24,2.20967,
2000-03-25,.,No value available
2000-03-26,.,No value available
2000-03-27,2.33952,
2000-03-28,2.20603,
2000-03-29,2.16212,
2000-03-30,2.33380,
2000-03-31,2.24476,
2000-04-01,.,No value available
2000-04-02,.,No value available
2000-04-03,2.05080,
2000-04-04,2.25663,
2000-04-05,2.46119,
2000-04-06,6.21025,
2000-04-07,5.23384,
2000-04-08,.,No value available
2000-04-09,.,No value available
2000-04-10,2.26426,
2000-04-11,2.29439,
2000-04-12,2.23110,
2000-04-13,2.15565,
2000-04-14,2.02935,
2000-04-15,.,No value available
2000-04-16,.,No value available
2000-04-17,2.41168,
2000-04-18,2.59721,
2000-04-19,3.98876,
2000-04-20,2.25542,
2000-04-21,.,No value available
2000-04-22,.,No value available
2000-04-23,.,No value available
2000-04-24,.,No value available
2000-04-25,1.98855,
2000-04-26,1.91870,
2000-04-27,1.82214,
2000-04-28,2.54000,
2000-04-29,.,No value available
2000-04-30,.,No value available
2000-05-01,.,No value available
2000-05-02,0.47460,
2000-05-03,0.57134,
2000-05-04,0.64580,
2000-05-05,1.22586,
2000-05-06,.,No value available
2000-05-07,.,No value available
2000-05-08,0.63996,
2000-05-09,0.59662,
2000-05-10,1.20037,
2000-05-11,1.29970,
2000-05-12,0.98431,
2000-05-13,.,No value available
2000-05-14,.,No value available
2000-05-15,0.81302,
2000-05-16,0.56487,
2000-05-17,0.17703,
2000-05-18,0.40418,
2000-05-19,0.20065,
2000-05-20,.,No value available
2000-05-21,.,No value available
2000-05-22,2.78918,
2000-05-23,0.25492,
2000-05-24,1.66186,
2000-05-25,0.31218,
2000-05-26,0.41487,
2000-05-27,.,No value available
2000-05-28,.,No value available
2000-05-29,0.50056,
2000-05-30,0.56578,
2000-05-31,0.46430,
2000-06-01,0.39445,
2000-06-02,0.36030,
2000-06-03,.,No value available
2000-06-04,.,No value available
2000-06-05,0.42952,
2000-06-06,0.42096,
2000-06-07,3.91361,
2000-06-08,0.59501,
2000-06-09,0.47685,
2000-06-10,.,No value available
2000-06-11,.,No value available
2000-06-12,0.55084,
2000-06-13,0.51963,
2000-06-14,5.42933,
2000-06-15,5.51581,
2000-06-16,4.17599,
2000-06-17,.,No value available
2000-06-18,.,No value available
2000-06-19,5.34882,
2000-06-20,4.10467,
2000-06-21,0.72197,
2000-06-22,0.41042,
2000-06-23,0.50055,
2000-06-24,.,No value available
2000-06-25,.,No value available
2000-06-26,0.50182,
2000-06-27,0.47958,
2000-06-28,0.53763,
2000-06-29,0.36664,
2000-06-30,0.47346,
2000-07-01,.,No value available
2000-07-02,.,No value available
2000-07-03,0.40255,
2000-07-04,3.24001,
2000-07-05,0.42990,
2000-07-06,6.56347,
2000-07-07,0.47030,
2000-07-08,.,No value available
2000-07-09,.,No value available
2000-07-10,0.66415,
2000-07-11,0.60807,
2000-07-12,0.60520,
2000-07-13,0.55446,
2000-07-14,0.57475,
2000-07-15,.,No value available
2000-07-16,.,No value available
2000-07-17,0.46854,
2000-07-18,0.59768,
2000-07-19,0.59329,
2000-07-20,0.53807,
2000-07-21,0.56209,
2000-07-22,.,No value available
2000-07-23,.,No value available
2000-07-24,0.49759,
2000-07-25,0.49606,
2000-07-26,0.49641,
2000-07-27,0.49669,
2000-07-28,0.43665,
2000-07-29,.,No value available
2000-07-30,.,No value available
2000-07-31,0.40136,
2000-08-01,0.36333,
2000-08-02,0.39393,
2000-08-03,0.42889,
2000-08-04,0.39781,
2000-08-05,.,No value available
2000-08-06,.,No value available
2000-08-07,0.38507,
2000-08-08,0.43162,
2000-08-09,0.61274,
2000-08-10,0.40119,
2000-08-11,0.28783,
2000-08-12,.,No value available
2000-08-13,.,No value available
2000-08-14,0.18570,
2000-08-15,0.38802,
2000-08-16,0.50949,
2000-08-17,0.25944,
2000-08-18,0.27887,
2000-08-19,.,No value available
2000-08-20,.,No value available
2000-08-21,0.24626,
2000-08-22,0.37279,
2000-08-23,0.24081,
2000-08-24,0.14530,
2000-08-25,0.52307,
2000-08-26,.,No value available
2000-08-27,.,No value available
2000-08-28,0.55504,
2000-08-29,0.66866,
2000-08-30,0.63035,
2000-08-31,1.94121,
2000-09-01,1.53139,
2000-09-02,.,No value available
2000-09-03,.,No value available
2000-09-04,1.95867,
2000-09-05,1.75569,
2000-09-06,1.70943,
2000-09-07,1.67867,
2000-09-08,1.29880,
2000-09-09,.,No value available
2000-09-10,.,No value available
2000-09-11,1.22784,
2000-09-12,1.59637,
2000-09-13,5.03483,
2000-09-14,4.80744,
2000-09-15,2.12002,
2000-09-16,.,No value available
2000-09-17,.,No value available
2000-09-18,5.95240,
2000-09-19,7.07388,
2000-09-20,1.90266,
2000-09-21,4.80403,
2000-09-22,1.81232,
2000-09-23,.,No value available
2000-09-24,.,No value available
2000-09-25,5.77712,
2000-09-26,4.93559,
2000-09-27,5.73973,
2000-09-28,1.90799,
2000-09-29,6.26729,
2000-09-30,.,No value available
2000-10-01,.,No value available
2000-10-02,8.76723,
2000-10-03,.,No value available
2000-10-04,30.00000,
2000-10-05,6.43302,
2000-10-06,1.93112,
2000-10-07,.,No value available
2000-10-08,.,No value available
2000-10-09,5.83274,
2000-10-10,2.31565,
2000-10-11,6.26219,
2000-10-12,12.52195,
2000-10-13,4.97609,
2000-10-14,.,No value available
2000-10-15,.,No value available
2000-10-16,2.34993,
2000-10-17,10.26388,
2000-10-18,9.22202,
2000-10-19,30.00000,
2000-10-20,1.32382,
2000-10-21,.,No value available
2000-10-22,.,No value available
2000-10-23,13.35034,
2000-10-24,16.15808,
2000-10-25,19.26182,
2000-10-26,29.85079,
2000-10-27,1.29252,
2000-10-28,.,No value available
2000-10-29,.,No value available
2000-10-30,8.73004,
2000-10-31,25.88578,
2000-11-01,5.59012,
2000-11-02,10.06001,
2000-11-03,1.42771,
2000-11-04,.,No value available
2000-11-05,.,No value available
2000-11-06,5.63729,
2000-11-07,3.25056,
2000-11-08,3.88797,
2000-11-09,30.00000,
2000-11-10,5.10513,
2000-11-11,.,No value available
2000-11-12,.,No value available
2000-11-13,9.92634,
2000-11-14,13.59049,
2000-11-15,14.45776,
2000-11-16,1.58191,
2000-11-17,27.15681,
2000-11-18,.,No value available
2000-11-19,.,No value available
2000-11-20,7.21986,
2000-11-21,11.28435,
2000-11-22,5.86898,
2000-11-23,1.78851,
2000-11-24,4.89885,
2000-11-25,.,No value available
2000-11-26,.,No value available
2000-11-27,2.82206,
2000-11-28,4.86616,
2000-11-29,7.30911,
2000-11-30,8.03550,
2000-12-01,8.30246,
2000-12-02,.,No value available
2000-12-03,.,No value available
2000-12-04,8.84415,
2000-12-05,7.98886,
2000-12-06,7.74532,
2000-12-07,9.68809,
2000-12-08,9.99017,
2000-12-09,.,No value available
2000-12-10,.,No value available
2000-12-11,9.72651,
2000-12-12,12.61390,
2000-12-13,7.87812,
2000-12-14,6.05233,
2000-12-15,4.56449,
2000-12-16,.,No value available
2000-12-17,.,No value available
2000-12-18,9.65067,
2000-12-19,6.63676,
2000-12-20,8.41511,
2000-12-21,1.33979,
2000-12-22,1.32914,
2000-12-23,.,No value available
2000-12-24,.,No value available
2000-12-25,.,No value available
2000-12-26,.,No value available
2000-12-27,7.13925,
2000-12-28,10.35859,
2000-12-29,7.03204,
2000-12-30,.,No value available
2000-12-31,.,No value available
2001-01-01,.,No value available
2001-01-02,5.61154,
2001-01-03,5.77254,
2001-01-04,6.21569,
2001-01-05,1.01184,
2001-01-06,.,No value available
2001-01-07,.,No value available
2001-01-08,1.00454,
2001-01-09,1.05936,
2001-01-10,1.01756,
2001-01-11,1.02244,
2001-01-12,1.20271,
2001-01-13,.,No value available
2001-01-14,.,No value available
2001-01-15,0.93491,
2001-01-16,0.93237,
2001-01-17,1.05923,
2001-01-18,1.13260,
2001-01-19,5.19473,
2001-01-20,.,No value available
2001-01-21,.,No value available
2001-01-22,0.98455,
2001-01-23,0.88204,
2001-01-24,0.84948,
2001-01-25,0.84349,
2001-01-26,0.88471,
2001-01-27,.,No value available
2001-01-28,.,No value available
2001-01-29,0.78311,
2001-01-30,0.84434,
2001-01-31,0.90476,
2001-02-01,0.97119,
2001-02-02,1.33291,
2001-02-03,.,No value available
2001-02-04,.,No value available
2001-02-05,0.93942,
2001-02-06,1.24763,
2001-02-07,0.87841,
2001-02-08,1.01123,
2001-02-09,0.89546,
2001-02-10,.,No value available
2001-02-11,.,No value available
2001-02-12,0.90854,
2001-02-13,1.14376,
2001-02-14,1.06578,
2001-02-15,0.91145,
2001-02-16,0.88558,
2001-02-17,.,No value available
2001-02-18,.,No value available
2001-02-19,1.01231,
2001-02-20,0.89982,
2001-02-21,0.97245,
2001-02-22,1.05657,
2001-02-23,9.28905,
2001-02-24,.,No value available
2001-02-25,.,No value available
2001-02-26,1.00245,
2001-02-27,6.02578,
2001-02-28,6.23510,
2001-03-01,5.92084,
2001-03-02,6.06259,
2001-03-03,.,No value available
2001-03-04,.,No value available
2001-03-05,0.98107,
2001-03-06,1.17682,
2001-03-07,6.41811,
2001-03-08,5.69418,
2001-03-09,6.01500,
2001-03-10,.,No value available
2001-03-11,.,No value available
2001-03-12,1.02449,
2001-03-13,1.07215,
2001-03-14,0.88995,
2001-03-15,5.38371,
2001-03-16,5.16500,
2001-03-17,.,No value available
2001-03-18,.,No value available
2001-03-19,4.90935,
2001-03-20,4.82728,
2001-03-21,4.33850,
2001-03-22,4.47419,
2001-03-23,3.99519,
2001-03-24,.,No value available
2001-03-25,.,No value available
2001-03-26,4.23968,
2001-03-27,4.09540,
2001-03-28,4.20716,
2001-03-29,4.44076,
2001-03-30,4.48129,
2001-03-31,.,No value available
2001-04-01,.,No value available
2001-04-02,4.38155,
2001-04-03,4.41074,
2001-04-04,3.98641,
2001-04-05,4.14778,
2001-04-06,4.20048,
2001-04-07,.,No value available
2001-04-08,.,No value available
2001-04-09,4.14385,
2001-04-10,4.01741,
2001-04-11,4.33430,
2001-04-12,0.98341,
2001-04-13,.,No value available
2001-04-14,.,No value available
2001-04-15,.,No value available
2001-04-16,.,No value available
2001-04-17,0.89782,
2001-04-18,4.07609,
2001-04-19,4.44151,
2001-04-20,5.51214,
2001-04-21,.,No value available
2001-04-22,.,No value available
2001-04-23,8.74967,
2001-04-24,3.14409,
2001-04-25,0.99398,
2001-04-26,13.65942,
2001-04-27,4.00781,
2001-04-28,.,No value available
2001-04-29,.,No value available
2001-04-30,2.02837,
2001-05-01,.,No value available
2001-05-02,4.25108,
2001-05-03,6.78836,
2001-05-04,1.14094,
2001-05-05,.,No value available
2001-05-06,.,No value available
2001-05-07,5.13636,
2001-05-08,8.42987,
2001-05-09,9.10431,
2001-05-10,3.97339,
2001-05-11,6.59437,
2001-05-12,.,No value available
2001-05-13,.,No value available
2001-05-14,7.47790,
2001-05-15,8.24851,
2001-05-16,0.96240,
2001-05-17,13.22745,
2001-05-18,3.99397,
2001-05-19,.,No value available
2001-05-20,.,No value available
2001-05-21,4.77321,
2001-05-22,4.68373,
2001-05-23,5.26729,
2001-05-24,7.67483,
2001-05-25,4.01668,
2001-05-26,.,No value available
2001-05-27,.,No value available
2001-05-28,4.35807,
2001-05-29,2.10871,
2001-05-30,3.60629,
2001-05-31,3.49113,
2001-06-01,4.88230,
2001-06-02,.,No value available
2001-06-03,.,No value available
2001-06-04,5.22265,
2001-06-05,4.23255,
2001-06-06,3.38117,
2001-06-07,3.73388,
2001-06-08,2.05283,
2001-06-09,.,No value available
2001-06-10,.,No value available
2001-06-11,17.59667,
2001-06-12,4.39451,
2001-06-13,2.60534,
2001-06-14,3.00229,
2001-06-15,1.81144,
2001-06-16,.,No value available
2001-06-17,.,No value available
2001-06-18,7.44363,
2001-06-19,4.96981,
2001-06-20,5.35733,
2001-06-21,5.18615,
2001-06-22,5.41378,
2001-06-23,.,No value available
2001-06-24,.,No value available
2001-06-25,5.17871,
2001-06-26,4.34434,
2001-06-27,2.30453,
2001-06-28,2.31677,
2001-06-29,3.14705,
2001-06-30,.,No value available
2001-07-01,.,No value available
2001-07-02,3.44641,
2001-07-03,3.69682,
2001-07-04,1.23188,
2001-07-05,2.45951,
2001-07-06,1.91778,
2001-07-07,.,No value available
2001-07-08,.,No value available
2001-07-09,2.84629,
2001-07-10,3.34046,
2001-07-11,4.63185,
2001-07-12,3.19279,
2001-07-13,2.11421,
2001-07-14,.,No value available
2001-07-15,.,No value available
2001-07-16,3.59982,
2001-07-17,2.25518,
2001-07-18,2.99806,
2001-07-19,2.09951,
2001-07-20,4.16210,
2001-07-21,.,No value available
2001-07-22,.,No value available
2001-07-23,2.11314,
2001-07-24,2.13447,
2001-07-25,2.11922,
2001-07-26,2.84713,
2001-07-27,2.10104,
2001-07-28,.,No value available
2001-07-29,.,No value available
2001-07-30,2.12560,
2001-07-31,2.27545,
2001-08-01,2.10616,
2001-08-02,2.88924,
2001-08-03,3.13267,
2001-08-04,.,No value available
2001-08-05,.,No value available
2001-08-06,3.16304,
2001-08-07,2.40187,
2001-08-08,11.27245,
2001-08-09,2.58405,
2001-08-10,2.63331,
2001-08-11,.,No value available
2001-08-12,.,No value available
2001-08-13,3.02264,
2001-08-14,3.20342,
2001-08-15,2.83506,
2001-08-16,3.08055,
2001-08-17,2.11226,
2001-08-18,.,No value available
2001-08-19,.,No value available
2001-08-20,2.97862,
2001-08-21,2.49518,
2001-08-22,2.70994,
2001-08-23,2.35272,
2001-08-24,2.99062,
2001-08-25,.,No value available
2001-08-26,.,No value available
2001-08-27,2.92924,
2001-08-28,2.70488,
2001-08-29,2.96673,
2001-08-30,2.47319,
2001-08-31,3.83174,
2001-09-01,.,No value available
2001-09-02,.,No value available
2001-09-03,3.08701,
2001-09-04,2.78926,
2001-09-05,3.01789,
2001-09-06,2.96274,
2001-09-07,3.62560,
2001-09-08,.,No value available
2001-09-09,.,No value available
2001-09-10,3.26858,
2001-09-11,3.93232,
2001-09-12,2.98219,
2001-09-13,3.05959,
2001-09-14,3.08493,
2001-09-15,.,No value available
2001-09-16,.,No value available
2001-09-17,3.19180,
2001-09-18,2.32890,
2001-09-19,3.28745,
2001-09-20,2.54012,
2001-09-21,2.32662,
2001-09-22,.,No value available
2001-09-23,.,No value available
2001-09-24,3.40208,
2001-09-25,3.56795,
2001-09-26,2.42825,
2001-09-27,2.33435,
2001-09-28,3.35074,
2001-09-29,.,No value available
2001-09-30,.,No value available
2001-10-01,3.26473,
2001-10-02,3.55092,
2001-10-03,4.04411,
2001-10-04,4.35517,
2001-10-05,4.02307,
2001-10-06,.,No value available
2001-10-07,.,No value available
2001-10-08,4.12512,
2001-10-09,3.97354,
2001-10-10,11.43253,
2001-10-11,3.65429,
2001-10-12,3.63684,
2001-10-13,.,No value available
2001-10-14,.,No value available
2001-10-15,2.63632,
2001-10-16,3.19686,
2001-10-17,4.07375,
2001-10-18,4.15586,
2001-10-19,4.08780,
2001-10-20,.,No value available
2001-10-21,.,No value available
2001-10-22,3.72061,
2001-10-23,3.30637,
2001-10-24,3.44650,
2001-10-25,3.42213,
2001-10-26,3.37184,
2001-10-27,.,No value available
2001-10-28,.,No value available
2001-10-29,4.22585,
2001-10-30,4.40400,
2001-10-31,4.64631,
2001-11-01,3.47031,
2001-11-02,2.67418,
2001-11-03,.,No value available
2001-11-04,.,No value available
2001-11-05,2.35864,
2001-11-06,0.91859,
2001-11-07,2.36982,
2001-11-08,3.02421,
2001-11-09,1.13940,
2001-11-10,.,No value available
2001-11-11,.,No value available
2001-11-12,1.04525,
2001-11-13,1.10091,
2001-11-14,1.43445,
2001-11-15,1.38295,
2001-11-16,2.35516,
2001-11-17,.,No value available
2001-11-18,.,No value available
2001-11-19,1.04505,
2001-11-20,0.81146,
2001-11-21,0.97920,
2001-11-22,0.84811,
2001-11-23,0.81700,
2001-11-24,.,No value available
2001-11-25,.,No value available
2001-11-26,0.79204,
2001-11-27,0.61146,
2001-11-28,0.82379,
2001-11-29,0.89260,
2001-11-30,1.09264,
2001-12-01,.,No value available
2001-12-02,.,No value available
2001-12-03,0.79136,
2001-12-04,0.69854,
2001-12-05,0.93833,
2001-12-06,0.56263,
2001-12-07,0.77453,
2001-12-08,.,No value available
2001-12-09,.,No value available
2001-12-10,0.59673,
2001-12-11,0.58969,
2001-12-12,1.07088,
2001-12-13,0.68963,
2001-12-14,0.77105,
2001-12-15,.,No value available
2001-12-16,.,No value available
2001-12-17,1.14752,
2001-12-18,1.11345,
2001-12-19,0.92953,
2001-12-20,0.88330,
2001-12-21,0.78323,
2001-12-22,.,No value available
2001-12-23,.,No value available
2001-12-24,.,No value available
2001-12-25,.,No value available
2001-12-26,.,No value available
2001-12-27,0.54548,
2001-12-28,0.67807,
2001-12-29,.,No value available
2001-12-30,.,No value available
2001-12-31,.,No value available
2002-01-01,.,No value available
2002-01-02,0.89202,
2002-01-03,0.97358,
2002-01-04,0.74978,
2002-01-05,.,No value available
2002-01-06,.,No value available
2002-01-07,1.04218,
2002-01-08,0.90826,
2002-01-09,0.87092,
2002-01-10,0.94567,
2002-01-11,0.96846,
2002-01-12,.,No value available
2002-01-13,.,No value available
2002-01-14,1.12828,
2002-01-15,0.86070,
2002-01-16,1.00866,
2002-01-17,0.89955,
2002-01-18,1.01677,
2002-01-19,.,No value available
2002-01-20,.,No value available
2002-01-21,0.92352,
2002-01-22,0.69528,
2002-01-23,1.20675,
2002-01-24,1.08717,
2002-01-25,0.48628,
2002-01-26,.,No value available
2002-01-27,.,No value available
2002-01-28,0.53977,
2002-01-29,0.92248,
2002-01-30,1.00000,
2002-01-31,0.63666,
2002-02-01,0.84590,
2002-02-02,.,No value available
2002-02-03,.,No value available
2002-02-04,1.00000,
2002-02-05,1.00000,
2002-02-06,0.68998,
2002-02-07,1.00000,
2002-02-08,0.84625,
2002-02-09,.,No value available
2002-02-10,.,No value available
2002-02-11,0.84343,
2002-02-12,0.82643,
2002-02-13,1.10625,
2002-02-14,0.81135,
2002-02-15,0.94919,
2002-02-16,.,No value available
2002-02-17,.,No value available
2002-02-18,0.88129,
2002-02-19,1.14489,
2002-02-20,1.15158,
2002-02-21,1.30556,
2002-02-22,0.90640,
2002-02-23,.,No value available
2002-02-24,.,No value available
2002-02-25,1.16834,
2002-02-26,1.05580,
2002-02-27,1.02162,
2002-02-28,0.88323,
2002-03-01,0.83572,
2002-03-02,.,No value available
2002-03-03,.,No value available
2002-03-04,0.71530,
2002-03-05,0.83024,
2002-03-06,1.11100,
2002-03-07,0.85969,
2002-03-08,1.49447,
2002-03-09,.,No value available
2002-03-10,.,No value available
2002-03-11,1.08152,
2002-03-12,1.12783,
2002-03-13,0.75195,
2002-03-14,0.68189,
2002-03-15,1.08774,
2002-03-16,.,No value available
2002-03-17,.,No value available
2002-03-18,0.91331,
2002-03-19,0.73304,
2002-03-20,0.74996,
2002-03-21,0.87869,
2002-03-22,1.87252,
2002-03-23,.,No value available
2002-03-24,.,No value available
2002-03-25,2.17486,
2002-03-26,2.14738,
2002-03-27,1.07529,
2002-03-28,1.08597,
2002-03-29,.,No value available
2002-03-30,.,No value available
2002-03-31,.,No value available
2002-04-01,.,No value available
2002-04-02,1.90744,
2002-04-03,1.18713,
2002-04-04,1.96503,
2002-04-05,1.30495,
2002-04-06,.,No value available
2002-04-07,.,No value available
2002-04-08,1.12398,
2002-04-09,1.07314,
2002-04-10,0.88383,
2002-04-11,2.59457,
2002-04-12,0.84319,
2002-04-13,.,No value available
2002-04-14,.,No value available
2002-04-15,3.10114,
2002-04-16,3.23586,
2002-04-17,0.80566,
2002-04-18,3.11066,
2002-04-19,3.24847,
2002-04-20,.,No value available
2002-04-21,.,No value available
2002-04-22,3.43639,
2002-04-23,2.98536,
2002-04-24,2.54777,
2002-04-25,0.92611,
2002-04-26,1.42105,
2002-04-27,.,No value available
2002-04-28,.,No value available
2002-04-29,0.85690,
2002-04-30,1.34158,
2002-05-01,.,No value available
2002-05-02,1.15967,
2002-05-03,2.56946,
2002-05-04,.,No value available
2002-05-05,.,No value available
2002-05-06,2.75904,
2002-05-07,1.50415,
2002-05-08,3.43244,
2002-05-09,1.66313,
2002-05-10,1.11542,
2002-05-11,.,No value available
2002-05-12,.,No value available
2002-05-13,2.14199,
2002-05-14,1.01367,
2002-05-15,1.16824,
2002-05-16,0.78173,
2002-05-17,1.03602,
2002-05-18,.,No value available
2002-05-19,.,No value available
2002-05-20,1.18498,
2002-05-21,1.07894,
2002-05-22,1.01976,
2002-05-23,1.65891,
2002-05-24,1.58945,
2002-05-25,.,No value available
2002-05-26,.,No value available
2002-05-27,1.37816,
2002-05-28,1.60911,
2002-05-29,1.43017,
2002-05-30,1.95713,
2002-05-31,0.85090,
2002-06-01,.,No value available
2002-06-02,.,No value available
2002-06-03,1.52110,
2002-06-04,1.98183,
2002-06-05,1.73341,
2002-06-06,1.79895,
2002-06-07,1.95254,
2002-06-08,.,No value available
2002-06-09,.,No value available
2002-06-10,1.70203,
2002-06-11,2.11133,
2002-06-12,1.91552,
2002-06-13,0.83166,
2002-06-14,1.66665,
2002-06-15,.,No value available
2002-06-16,.,No value available
2002-06-17,1.76585,
2002-06-18,1.70627,
2002-06-19,1.50530,
2002-06-20,1.72186,
2002-06-21,1.28526,
2002-06-22,.,No value available
2002-06-23,.,No value available
2002-06-24,0.84167,
2002-06-25,0.84885,
2002-06-26,0.64076,
2002-06-27,0.66930,
2002-06-28,0.83653,
2002-06-29,.,No value available
2002-06-30,.,No value available
2002-07-01,0.88886,
2002-07-02,1.04497,
2002-07-03,0.89763,
2002-07-04,0.65127,
2002-07-05,0.73795,
2002-07-06,.,No value available
2002-07-07,.,No value available
2002-07-08,0.95631,
2002-07-09,2.03904,
2002-07-10,1.79871,
2002-07-11,1.98043,
2002-07-12,1.03293,
2002-07-13,.,No value available
2002-07-14,.,No value available
2002-07-15,1.03176,
2002-07-16,1.14862,
2002-07-17,0.80499,
2002-07-18,0.96154,
2002-07-19,1.34214,
2002-07-20,.,No value available
2002-07-21,.,No value available
2002-07-22,0.95479,
2002-07-23,1.16529,
2002-07-24,0.94826,
2002-07-25,1.05419,
2002-07-26,1.18849,
2002-07-27,.,No value available
2002-07-28,.,No value available
2002-07-29,1.19771,
2002-07-30,1.48370,
2002-07-31,1.36434,
2002-08-01,0.94365,
2002-08-02,1.06682,
2002-08-03,.,No value available
2002-08-04,.,No value available
2002-08-05,0.81827,
2002-08-06,0.89365,
2002-08-07,1.01432,
2002-08-08,0.73658,
2002-08-09,0.86376,
2002-08-10,.,No value available
2002-08-11,.,No value available
2002-08-12,0.88970,
2002-08-13,0.78594,
2002-08-14,1.08000,
2002-08-15,1.00223,
2002-08-16,1.33437,
2002-08-17,.,No value available
2002-08-18,.,No value available
2002-08-19,0.84068,
2002-08-20,1.00696,
2002-08-21,0.95137,
2002-08-22,1.71773,
2002-08-23,1.00174,
2002-08-24,.,No value available
2002-08-25,.,No value available
2002-08-26,0.92436,
2002-08-27,0.91817,
2002-08-28,0.89909,
2002-08-29,0.97895,
2002-08-30,1.33228,
2002-08-31,.,No value available
2002-09-01,.,No value available
2002-09-02,1.29329,
2002-09-03,1.34322,
2002-09-04,1.52536,
2002-09-05,1.45636,
2002-09-06,0.82201,
2002-09-07,.,No value available
2002-09-08,.,No value available
2002-09-09,1.63502,
2002-09-10,1.55693,
2002-09-11,0.84024,
2002-09-12,0.83976,
2002-09-13,0.80006,
2002-09-14,.,No value available
2002-09-15,.,No value available
2002-09-16,1.30472,
2002-09-17,0.91181,
2002-09-18,2.02620,
2002-09-19,0.81000,
2002-09-20,2.21690,
2002-09-21,.,No value available
2002-09-22,.,No value available
2002-09-23,2.97024,
2002-09-24,2.30171,
2002-09-25,2.83490,
2002-09-26,2.03827,
2002-09-27,2.20305,
2002-09-28,.,No value available
2002-09-29,.,No value available
2002-09-30,2.89685,
2002-10-01,2.54064,
2002-10-02,2.55153,
2002-10-03,2.22350,
2002-10-04,2.27967,
2002-10-05,.,No value available
2002-10-06,.,No value available
2002-10-07,2.38356,
2002-10-08,2.57210,
2002-10-09,2.72631,
2002-10-10,2.22512,
2002-10-11,2.33797,
2002-10-12,.,No value available
2002-10-13,.,No value available
2002-10-14,3.48559,
2002-10-15,2.26828,
2002-10-16,0.71074,
2002-10-17,1.68272,
2002-10-18,0.74868,
2002-10-19,.,No value available
2002-10-20,.,No value available
2002-10-21,0.78584,
2002-10-22,1.83483,
2002-10-23,0.93095,
2002-10-24,1.00278,
2002-10-25,2.25815,
2002-10-26,.,No value available
2002-10-27,.,No value available
2002-10-28,1.83876,
2002-10-29,0.84086,
2002-10-30,2.07811,
2002-10-31,2.58164,
2002-11-01,3.13133,
2002-11-02,.,No value available
2002-11-03,.,No value available
2002-11-04,2.95402,
2002-11-05,1.92156,
2002-11-06,2.03747,
2002-11-07,3.14453,
2002-11-08,3.26586,
2002-11-09,.,No value available
2002-11-10,.,No value available
2002-11-11,0.79681,
2002-11-12,2.25214,
2002-11-13,2.30820,
2002-11-14,2.34920,
2002-11-15,2.50370,
2002-11-16,.,No value available
2002-11-17,.,No value available
2002-11-18,6.72923,
2002-11-19,4.52684,
2002-11-20,2.70727,
2002-11-21,6.32110,
2002-11-22,16.84421,
2002-11-23,.,No value available
2002-11-24,.,No value available
2002-11-25,2.15937,
2002-11-26,1.69257,
2002-11-27,0.56831,
2002-11-28,0.92093,
2002-11-29,2.01387,
2002-11-30,.,No value available
2002-12-01,.,No value available
2002-12-02,1.11780,
2002-12-03,0.71811,
2002-12-04,0.79419,
2002-12-05,1.06934,
2002-12-06,2.01108,
2002-12-07,.,No value available
2002-12-08,.,No value available
2002-12-09,2.96606,
2002-12-10,3.36995,
2002-12-11,3.53879,
2002-12-12,2.21185,
2002-12-13,1.95708,
2002-12-14,.,No value available
2002-12-15,.,No value available
2002-12-16,1.86100,
2002-12-17,2.57643,
2002-12-18,1.11137,
2002-12-19,1.81764,
2002-12-20,2.89685,
2002-12-21,.,No value available
2002-12-22,.,No value available
2002-12-23,2.87303,
2002-12-24,.,No value available
2002-12-25,.,No value available
2002-12-26,.,No value available
2002-12-27,2.17063,
2002-12-28,.,No value available
2002-12-29,.,No value available
2002-12-30,1.09938,
2002-12-31,.,No value available
2003-01-01,.,No value available
2003-01-02,2.29054,
2003-01-03,2.06040,
2003-01-04,.,No value available
2003-01-05,.,No value available
2003-01-06,2.08849,
2003-01-07,2.12485,
2003-01-08,2.22323,
2003-01-09,2.93998,
2003-01-10,0.87843,
2003-01-11,.,No value available
2003-01-12,.,No value available
2003-01-13,2.25316,
2003-01-14,1.11109,
2003-01-15,1.77408,
2003-01-16,2.53660,
2003-01-17,2.47226,
2003-01-18,.,No value available
2003-01-19,.,No value available
2003-01-20,2.05453,
2003-01-21,2.02244,
2003-01-22,1.69372,
2003-01-23,1.18366,
2003-01-24,2.70476,
2003-01-25,.,No value available
2003-01-26,.,No value available
2003-01-27,1.97465,
2003-01-28,2.21941,
2003-01-29,2.10216,
2003-01-30,2.01900,
2003-01-31,2.27689,
2003-02-01,.,No value available
2003-02-02,.,No value available
2003-02-03,2.16746,
2003-02-04,2.26173,
2003-02-05,1.84303,
2003-02-06,1.82585,
2003-02-07,1.83588,
2003-02-08,.,No value available
2003-02-09,.,No value available
2003-02-10,1.86072,
2003-02-11,1.83131,
2003-02-12,2.18503,
2003-02-13,2.34663,
2003-02-14,2.26266,
2003-02-15,.,No value available
2003-02-16,.,No value available
2003-02-17,2.37837,
2003-02-18,2.07916,
2003-02-19,2.17133,
2003-02-20,2.07116,
2003-02-21,2.90971,
2003-02-22,.,No value available
2003-02-23,.,No value available
2003-02-24,2.14559,
2003-02-25,2.89674,
2003-02-26,2.01335,
2003-02-27,2.75701,
2003-02-28,2.00322,
2003-03-01,.,No value available
2003-03-02,.,No value available
2003-03-03,2.96682,
2003-03-04,2.15242,
2003-03-05,2.08786,
2003-03-06,2.75133,
2003-03-07,2.69583,
2003-03-08,.,No value available
2003-03-09,.,No value available
2003-03-10,1.85395,
2003-03-11,1.87887,
2003-03-12,1.30033,
2003-03-13,2.44930,
2003-03-14,2.38566,
2003-03-15,.,No value available
2003-03-16,.,No value available
2003-03-17,2.30836,
2003-03-18,2.28248,
2003-03-19,1.87581,
2003-03-20,2.30267,
2003-03-21,2.00179,
2003-03-22,.,No value available
2003-03-23,.,No value available
2003-03-24,3.34451,
2003-03-25,1.79783,
2003-03-26,2.34934,
2003-03-27,2.09194,
2003-03-28,1.97848,
2003-03-29,.,No value available
2003-03-30,.,No value available
2003-03-31,2.98921,
2003-04-01,2.56449,
2003-04-02,2.42804,
2003-04-03,2.61777,
2003-04-04,2.00000,
2003-04-05,.,No value available
2003-04-06,.,No value available
2003-04-07,2.35201,
2003-04-08,2.05410,
2003-04-09,2.35332,
2003-04-10,2.00000,
2003-04-11,2.16818,
2003-04-12,.,No value available
2003-04-13,.,No value available
2003-04-14,2.10090,
2003-04-15,2.00000,
2003-04-16,2.24237,
2003-04-17,1.87412,
2003-04-18,.,No value available
2003-04-19,.,No value available
2003-04-20,.,No value available
2003-04-21,.,No value available
2003-04-22,2.05604,
2003-04-23,1.87731,
2003-04-24,2.11285,
2003-04-25,2.67326,
2003-04-26,.,No value available
2003-04-27,.,No value available
2003-04-28,2.00000,
2003-04-29,2.08920,
2003-04-30,2.06606,
2003-05-01,.,No value available
2003-05-02,2.16479,
2003-05-03,.,No value available
2003-05-04,.,No value available
2003-05-05,2.56254,
2003-05-06,2.77794,
2003-05-07,2.59334,
2003-05-08,2.29276,
2003-05-09,2.01151,
2003-05-10,.,No value available
2003-05-11,.,No value available
2003-05-12,2.77451,
2003-05-13,2.09762,
2003-05-14,3.29696,
2003-05-15,1.93596,
2003-05-16,2.09127,
2003-05-17,.,No value available
2003-05-18,.,No value available
2003-05-19,2.99111,
2003-05-20,1.92932,
2003-05-21,1.95519,
2003-05-22,2.00000,
2003-05-23,2.14912,
2003-05-24,.,No value available
2003-05-25,.,No value available
2003-05-26,2.21363,
2003-05-27,2.45065,
2003-05-28,2.18931,
2003-05-29,2.13308,
2003-05-30,2.06106,
2003-05-31,.,No value available
2003-06-01,.,No value available
2003-06-02,2.00000,
2003-06-03,2.00000,
2003-06-04,2.00000,
2003-06-05,2.00000,
2003-06-06,2.15924,
2003-06-07,.,No value available
2003-06-08,.,No value available
2003-06-09,2.06648,
2003-06-10,2.32637,
2003-06-11,2.01239,
2003-06-12,0.88827,
2003-06-13,2.43830,
2003-06-14,.,No value available
2003-06-15,.,No value available
2003-06-16,2.00000,
2003-06-17,2.46120,
2003-06-18,2.00000,
2003-06-19,2.70670,
2003-06-20,2.00000,
2003-06-21,.,No value available
2003-06-22,.,No value available
2003-06-23,2.14221,
2003-06-24,2.00000,
2003-06-25,2.00000,
2003-06-26,2.00000,
2003-06-27,2.00000,
2003-06-28,.,No value available
2003-06-29,.,No value available
2003-06-30,2.00000,
2003-07-01,2.00000,
2003-07-02,2.00000,
2003-07-03,2.71883,
2003-07-04,2.00000,
2003-07-05,.,No value available
2003-07-06,.,No value available
2003-07-07,0.97222,
2003-07-08,2.00000,
2003-07-09,2.00000,
2003-07-10,2.26826,
2003-07-11,2.00000,
2003-07-12,.,No value available
2003-07-13,.,No value available
2003-07-14,1.53910,
2003-07-15,1.27893,
2003-07-16,2.00000,
2003-07-17,1.48385,
2003-07-18,1.54730,
2003-07-19,.,No value available
2003-07-20,.,No value available
2003-07-21,1.12105,
2003-07-22,2.00000,
2003-07-23,2.00000,
2003-07-24,2.00000,
2003-07-25,2.00000,
2003-07-26,.,No value available
2003-07-27,.,No value available
2003-07-28,2.00000,
2003-07-29,2.00729,
2003-07-30,4.47280,
2003-07-31,0.86996,
2003-08-01,2.44412,
2003-08-02,.,No value available
2003-08-03,.,No value available
2003-08-04,4.17406,
2003-08-05,4.34601,
2003-08-06,2.45577,
2003-08-07,0.81640,
2003-08-08,2.88535,
2003-08-09,.,No value available
2003-08-10,.,No value available
2003-08-11,1.17040,
2003-08-12,1.91555,
2003-08-13,1.19041,
2003-08-14,2.43839,
2003-08-15,5.19593,
2003-08-16,.,No value available
2003-08-17,.,No value available
2003-08-18,4.40432,
2003-08-19,4.77455,
2003-08-20,2.65898,
2003-08-21,3.38964,
2003-08-22,4.03489,
2003-08-23,.,No value available
2003-08-24,.,No value available
2003-08-25,3.95548,
2003-08-26,0.96970,
2003-08-27,3.42941,
2003-08-28,4.01532,
2003-08-29,3.72412,
2003-08-30,.,No value available
2003-08-31,.,No value available
2003-09-01,4.48217,
2003-09-02,4.06760,
2003-09-03,4.77675,
2003-09-04,1.29988,
2003-09-05,2.50832,
2003-09-06,.,No value available
2003-09-07,.,No value available
2003-09-08,2.22445,
2003-09-09,2.18539,
2003-09-10,2.11005,
2003-09-11,2.09305,
2003-09-12,0.92709,
2003-09-13,.,No value available
2003-09-14,.,No value available
2003-09-15,2.88710,
2003-09-16,2.84090,
2003-09-17,2.49036,
2003-09-18,1.61065,
2003-09-19,1.23652,
2003-09-20,.,No value available
2003-09-21,.,No value available
2003-09-22,2.10373,
2003-09-23,2.27525,
2003-09-24,2.00000,
2003-09-25,2.16317,
2003-09-26,2.08832,
2003-09-27,.,No value available
2003-09-28,.,No value available
2003-09-29,2.08491,
2003-09-30,2.00000,
2003-10-01,1.70757,
2003-10-02,7.12029,
2003-10-03,0.94452,
2003-10-04,.,No value available
2003-10-05,.,No value available
2003-10-06,1.26846,
2003-10-07,3.31794,
2003-10-08,2.82419,
2003-10-09,2.37692,
2003-10-10,2.53549,
2003-10-11,.,No value available
2003-10-12,.,No value available
2003-10-13,2.15304,
2003-10-14,2.32070,
2003-10-15,2.87089,
2003-10-16,3.46641,
2003-10-17,0.74865,
2003-10-18,.,No value available
2003-10-19,.,No value available
2003-10-20,2.49177,
2003-10-21,3.61838,
2003-10-22,3.46791,
2003-10-23,0.97299,
2003-10-24,3.08869,
2003-10-25,.,No value available
2003-10-26,.,No value available
2003-10-27,2.45198,
2003-10-28,1.90186,
2003-10-29,3.15587,
2003-10-30,3.84822,
2003-10-31,3.64146,
2003-11-01,.,No value available
2003-11-02,.,No value available
2003-11-03,3.43121,
2003-11-04,0.83546,
2003-11-05,3.41216,
2003-11-06,4.57276,
2003-11-07,2.33801,
2003-11-08,.,No value available
2003-11-09,.,No value available
2003-11-10,2.18577,
2003-11-11,2.77699,
2003-11-12,2.16772,
2003-11-13,4.98473,
2003-11-14,3.87431,
2003-11-15,.,No value available
2003-11-16,.,No value available
2003-11-17,0.83566,
2003-11-18,0.83108,
2003-11-19,2.67732,
2003-11-20,2.39748,
2003-11-21,2.21483,
2003-11-22,.,No value available
2003-11-23,.,No value available
2003-11-24,2.31963,
2003-11-25,2.81076,
2003-11-26,3.52096,
2003-11-27,3.36123,
2003-11-28,2.54076,
2003-11-29,.,No value available
2003-11-30,.,No value available
2003-12-01,4.90258,
2003-12-02,0.83434,
2003-12-03,1.80876,
2003-12-04,1.66338,
2003-12-05,3.63774,
2003-12-06,.,No value available
2003-12-07,.,No value available
2003-12-08,3.03274,
2003-12-09,3.54451,
2003-12-10,6.57652,
2003-12-11,3.57226,
2003-12-12,2.61693,
2003-12-13,.,No value available
2003-12-14,.,No value available
2003-12-15,1.68655,
2003-12-16,2.32112,
2003-12-17,2.13676,
2003-12-18,2.25626,
2003-12-19,2.07921,
2003-12-20,.,No value available
2003-12-21,.,No value available
2003-12-22,2.00480,
2003-12-23,2.11544,
2003-12-24,.,No value available
2003-12-25,.,No value available
2003-12-26,.,No value available
2003-12-27,.,No value available
2003-12-28,.,No value available
2003-12-29,2.57453,
2003-12-30,1.85894,
2003-12-31,.,No value available
2004-01-01,.,No value available
2004-01-02,0.77259,
2004-01-03,.,No value available
2004-01-04,.,No value available
2004-01-05,1.90561,
2004-01-06,2.87934,
2004-01-07,2.37072,
2004-01-08,2.19264,
2004-01-09,2.01862,
2004-01-10,.,No value available
2004-01-11,.,No value available
2004-01-12,1.93478,
2004-01-13,2.00000,
2004-01-14,2.10627,
2004-01-15,2.03388,
2004-01-16,2.76943,
2004-01-17,.,No value available
2004-01-18,.,No value available
2004-01-19,3.42152,
2004-01-20,2.03688,
2004-01-21,2.52795,
2004-01-22,3.70112,
2004-01-23,3.24593,
2004-01-24,.,No value available
2004-01-25,.,No value available
2004-01-26,1.95141,
2004-01-27,2.28425,
2004-01-28,1.79960,
2004-01-29,4.58957,
2004-01-30,2.25668,
2004-01-31,.,No value available
2004-02-01,.,No value available
2004-02-02,2.17424,
2004-02-03,2.26928,
2004-02-04,1.84379,
2004-02-05,2.26616,
2004-02-06,1.81530,
2004-02-07,.,No value available
2004-02-08,.,No value available
2004-02-09,2.69017,
2004-02-10,2.38839,
2004-02-11,3.40106,
2004-02-12,2.40865,
2004-02-13,2.00000,
2004-02-14,.,No value available
2004-02-15,.,No value available
2004-02-16,2.48375,
2004-02-17,2.83919,
2004-02-18,2.12534,
2004-02-19,2.17571,
2004-02-20,2.23919,
2004-02-21,.,No value available
2004-02-22,.,No value available
2004-02-23,2.03797,
2004-02-24,1.93758,
2004-02-25,0.80997,
2004-02-26,3.33126,
2004-02-27,2.06636,
2004-02-28,.,No value available
2004-02-29,.,No value available
2004-03-01,2.74437,
2004-03-02,2.33294,
2004-03-03,2.02736,
2004-03-04,2.12097,
2004-03-05,2.54264,
2004-03-06,.,No value available
2004-03-07,.,No value available
2004-03-08,2.29974,
2004-03-09,2.00000,
2004-03-10,2.00000,
2004-03-11,2.44344,
2004-03-12,2.00000,
2004-03-13,.,No value available
2004-03-14,.,No value available
2004-03-15,3.67568,
2004-03-16,3.11551,
2004-03-17,3.54270,
2004-03-18,3.49493,
2004-03-19,2.29089,
2004-03-20,.,No value available
2004-03-21,.,No value available
2004-03-22,5.42981,
2004-03-23,6.08637,
2004-03-24,2.44829,
2004-03-25,1.91503,
2004-03-26,1.98669,
2004-03-27,.,No value available
2004-03-28,.,No value available
2004-03-29,2.21741,
2004-03-30,1.88213,
2004-03-31,2.00000,
2004-04-01,4.01792,
2004-04-02,2.28096,
2004-04-03,.,No value available
2004-04-04,.,No value available
2004-04-05,1.84088,
2004-04-06,2.62275,
2004-04-07,2.82878,
2004-04-08,2.82629,
2004-04-09,.,No value available
2004-04-10,.,No value available
2004-04-11,.,No value available
2004-04-12,.,No value available
2004-04-13,1.99190,
2004-04-14,2.01380,
2004-04-15,2.22655,
2004-04-16,2.09323,
2004-04-17,.,No value available
2004-04-18,.,No value available
2004-04-19,5.10896,
2004-04-20,1.88501,
2004-04-21,4.83442,
2004-04-22,2.00096,
2004-04-23,2.30303,
2004-04-24,.,No value available
2004-04-25,.,No value available
2004-04-26,2.00420,
2004-04-27,1.66169,
2004-04-28,2.03119,
2004-04-29,2.30088,
2004-04-30,5.61430,
2004-05-01,.,No value available
2004-05-02,.,No value available
2004-05-03,5.05376,
2004-05-04,4.80890,
2004-05-05,2.07484,
2004-05-06,5.05082,
2004-05-07,2.36350,
2004-05-08,.,No value available
2004-05-09,.,No value available
2004-05-10,2.35154,
2004-05-11,2.50484,
2004-05-12,2.34308,
2004-05-13,2.24586,
2004-05-14,2.45062,
2004-05-15,.,No value available
2004-05-16,.,No value available
2004-05-17,1.96295,
2004-05-18,2.29942,
2004-05-19,2.09208,
2004-05-20,3.08100,
2004-05-21,1.44800,
2004-05-22,.,No value available
2004-05-23,.,No value available
2004-05-24,2.35729,
2004-05-25,1.38349,
2004-05-26,2.23382,
2004-05-27,2.25489,
2004-05-28,2.23132,
2004-05-29,.,No value available
2004-05-30,.,No value available
2004-05-31,2.24599,
2004-06-01,2.21716,
2004-06-02,2.21203,
2004-06-03,1.43001,
2004-06-04,0.85474,
2004-06-05,.,No value available
2004-06-06,.,No value available
2004-06-07,1.25960,
2004-06-08,2.14098,
2004-06-09,3.58550,
2004-06-10,0.87815,
2004-06-11,3.54744,
2004-06-12,.,No value available
2004-06-13,.,No value available
2004-06-14,3.12710,
2004-06-15,3.17799,
2004-06-16,2.29253,
2004-06-17,3.92792,
2004-06-18,4.38859,
2004-06-19,.,No value available
2004-06-20,.,No value available
2004-06-21,3.09755,
2004-06-22,4.78710,
2004-06-23,3.51782,
2004-06-24,1.45803,
2004-06-25,4.06338,
2004-06-26,.,No value available
2004-06-27,.,No value available
2004-06-28,1.53744,
2004-06-29,3.73249,
2004-06-30,3.77907,
2004-07-01,2.37274,
2004-07-02,3.55434,
2004-07-03,.,No value available
2004-07-04,.,No value available
2004-07-05,2.02082,
2004-07-06,1.69138,
2004-07-07,1.80097,
2004-07-08,1.87878,
2004-07-09,1.94242,
2004-07-10,.,No value available
2004-07-11,.,No value available
2004-07-12,2.05050,
2004-07-13,3.58049,
2004-07-14,2.82141,
2004-07-15,3.01571,
2004-07-16,2.22318,
2004-07-17,.,No value available
2004-07-18,.,No value available
2004-07-19,1.85538,
2004-07-20,1.88775,
2004-07-21,3.03543,
2004-07-22,3.49004,
2004-07-23,3.07082,
2004-07-24,.,No value available
2004-07-25,.,No value available
2004-07-26,1.58681,
2004-07-27,3.60520,
2004-07-28,1.45485,
2004-07-29,3.70886,
2004-07-30,1.86971,
2004-07-31,.,No value available
2004-08-01,.,No value available
2004-08-02,3.74066,
2004-08-03,3.52488,
2004-08-04,4.18928,
2004-08-05,2.06798,
2004-08-06,1.97066,
2004-08-07,.,No value available
2004-08-08,.,No value available
2004-08-09,3.66892,
2004-08-10,2.00000,
2004-08-11,2.07085,
2004-08-12,2.08417,
2004-08-13,2.00000,
2004-08-14,.,No value available
2004-08-15,.,No value available
2004-08-16,2.02276,
2004-08-17,1.38609,
2004-08-18,1.23955,
2004-08-19,1.97722,
2004-08-20,1.96612,
2004-08-21,.,No value available
2004-08-22,.,No value available
2004-08-23,1.97678,
2004-08-24,1.62764,
2004-08-25,1.89984,
2004-08-26,1.99199,
2004-08-27,1.20391,
2004-08-28,.,No value available
2004-08-29,.,No value available
2004-08-30,1.52936,
2004-08-31,1.48603,
2004-09-01,1.96756,
2004-09-02,2.07685,
2004-09-03,2.37935,
2004-09-04,.,No value available
2004-09-05,.,No value available
2004-09-06,2.59583,
2004-09-07,2.56892,
2004-09-08,3.13379,
2004-09-09,2.16276,
2004-09-10,2.53360,
2004-09-11,.,No value available
2004-09-12,.,No value available
2004-09-13,5.66137,
2004-09-14,2.17666,
2004-09-15,2.70411,
2004-09-16,4.82376,
2004-09-17,2.59506,
2004-09-18,.,No value available
2004-09-19,.,No value available
2004-09-20,3.45698,
2004-09-21,4.01845,
2004-09-22,2.57303,
2004-09-23,3.33453,
2004-09-24,3.88462,
2004-09-25,.,No value available
2004-09-26,.,No value available
2004-09-27,5.44650,
2004-09-28,6.05240,
2004-09-29,2.79327,
2004-09-30,3.20751,
2004-10-01,2.70502,
2004-10-02,.,No value available
2004-10-03,.,No value available
2004-10-04,2.49365,
2004-10-05,2.75237,
2004-10-06,2.66749,
2004-10-07,4.12300,
2004-10-08,2.32783,
2004-10-09,.,No value available
2004-10-10,.,No value available
2004-10-11,2.04547,
2004-10-12,3.04376,
2004-10-13,2.04271,
2004-10-14,2.00000,
2004-10-15,2.00000,
2004-10-16,.,No value available
2004-10-17,.,No value available
2004-10-18,2.00000,
2004-10-19,2.00000,
2004-10-20,2.40269,
2004-10-21,2.02974,
2004-10-22,2.37350,
2004-10-23,.,No value available
2004-10-24,.,No value available
2004-10-25,2.44434,
2004-10-26,2.00000,
2004-10-27,2.45278,
2004-10-28,2.00000,
2004-10-29,2.00000,
2004-10-30,.,No value available
2004-10-31,.,No value available
2004-11-01,2.07454,
2004-11-02,2.00000,
2004-11-03,2.12339,
2004-11-04,2.35959,
2004-11-05,2.38138,
2004-11-06,.,No value available
2004-11-07,.,No value available
2004-11-08,2.65713,
2004-11-09,2.39608,
2004-11-10,2.30170,
2004-11-11,2.36377,
2004-11-12,2.39149,
2004-11-13,.,No value available
2004-11-14,.,No value available
2004-11-15,2.36410,
2004-11-16,2.39064,
2004-11-17,2.15891,
2004-11-18,2.70967,
2004-11-19,2.00000,
2004-11-20,.,No value available
2004-11-21,.,No value available
2004-11-22,2.37977,
2004-11-23,1.73581,
2004-11-24,2.42769,
2004-11-25,2.40384,
2004-11-26,1.92528,
2004-11-27,.,No value available
2004-11-28,.,No value available
2004-11-29,2.02470,
2004-11-30,2.35380,
2004-12-01,1.89741,
2004-12-02,2.38231,
2004-12-03,2.56174,
2004-12-04,.,No value available
2004-12-05,.,No value available
2004-12-06,2.32548,
2004-12-07,2.16822,
2004-12-08,2.52507,
2004-12-09,3.27644,
2004-12-10,2.33993,
2004-12-11,.,No value available
2004-12-12,.,No value available
2004-12-13,3.28377,
2004-12-14,2.10407,
2004-12-15,2.00000,
2004-12-16,1.72956,
2004-12-17,5.43497,
2004-12-18,.,No value available
2004-12-19,.,No value available
2004-12-20,2.21574,
2004-12-21,2.92884,
2004-12-22,3.19155,
2004-12-23,2.97724,
2004-12-24,.,No value available
2004-12-25,.,No value available
2004-12-26,.,No value available
2004-12-27,3.08737,
2004-12-28,3.37441,
2004-12-29,2.91273,
2004-12-30,3.92665,
2004-12-31,.,No value available
2005-01-01,.,No value available
2005-01-02,.,No value available
2005-01-03,2.04210,
2005-01-04,6.84197,
2005-01-05,2.83288,
2005-01-06,3.58953,
2005-01-07,2.38404,
2005-01-08,.,No value available
2005-01-09,.,No value available
2005-01-10,3.00175,
2005-01-11,2.39706,
2005-01-12,5.80572,
2005-01-13,2.48632,
2005-01-14,2.58763,
2005-01-15,.,No value available
2005-01-16,.,No value available
2005-01-17,1.94807,
2005-01-18,2.71661,
2005-01-19,2.09614,
2005-01-20,2.83279,
2005-01-21,3.96265,
2005-01-22,.,No value available
2005-01-23,.,No value available
2005-01-24,2.34119,
2005-01-25,10.65704,
2005-01-26,2.19547,
2005-01-27,1.24073,
2005-01-28,1.08479,
2005-01-29,.,No value available
2005-01-30,.,No value available
2005-01-31,2.40145,
2005-02-01,0.84672,
2005-02-02,0.90580,
2005-02-03,2.15970,
2005-02-04,2.38933,
2005-02-05,.,No value available
2005-02-06,.,No value available
2005-02-07,1.12358,
2005-02-08,2.28811,
2005-02-09,0.71312,
2005-02-10,0.89025,
2005-02-11,2.42325,
2005-02-12,.,No value available
2005-02-13,.,No value available
2005-02-14,1.92123,
2005-02-15,2.22448,
2005-02-16,4.50060,
2005-02-17,3.88594,
2005-02-18,1.97640,
2005-02-19,.,No value available
2005-02-20,.,No value available
2005-02-21,2.25411,
2005-02-22,1.87607,
2005-02-23,2.71478,
2005-02-24,1.50323,
2005-02-25,1.85502,
2005-02-26,.,No value available
2005-02-27,.,No value available
2005-02-28,0.58487,
2005-03-01,1.88976,
2005-03-02,2.60937,
2005-03-03,1.28726,
2005-03-04,0.74078,
2005-03-05,.,No value available
2005-03-06,.,No value available
2005-03-07,2.15065,
2005-03-08,2.12218,
2005-03-09,2.10916,
2005-03-10,2.28622,
2005-03-11,2.27338,
2005-03-12,.,No value available
2005-03-13,.,No value available
2005-03-14,2.27569,
2005-03-15,1.96708,
2005-03-16,2.46528,
2005-03-17,1.82217,
2005-03-18,8.84488,
2005-03-19,.,No value available
2005-03-20,.,No value available
2005-03-21,1.78070,
2005-03-22,2.65415,
2005-03-23,5.26691,
2005-03-24,4.41873,
2005-03-25,.,No value available
2005-03-26,.,No value available
2005-03-27,.,No value available
2005-03-28,.,No value available
2005-03-29,7.69050,
2005-03-30,2.84769,
2005-03-31,8.41194,
2005-04-01,1.82353,
2005-04-02,.,No value available
2005-04-03,.,No value available
2005-04-04,2.62968,
2005-04-05,3.25913,
2005-04-06,2.30763,
2005-04-07,2.84888,
2005-04-08,3.33064,
2005-04-09,.,No value available
2005-04-10,.,No value available
2005-04-11,2.15667,
2005-04-12,3.09936,
2005-04-13,2.54302,
2005-04-14,1.60819,
2005-04-15,2.93196,
2005-04-16,.,No value available
2005-04-17,.,No value available
2005-04-18,2.08813,
2005-04-19,2.68832,
2005-04-20,1.93904,
2005-04-21,1.65947,
2005-04-22,2.85259,
2005-04-23,.,No value available
2005-04-24,.,No value available
2005-04-25,1.68165,
2005-04-26,1.76827,
2005-04-27,1.73182,
2005-04-28,2.48649,
2005-04-29,2.39563,
2005-04-30,.,No value available
2005-05-01,.,No value available
2005-05-02,1.39920,
2005-05-03,1.48105,
2005-05-04,1.55722,
2005-05-05,1.81829,
2005-05-06,1.45381,
2005-05-07,.,No value available
2005-05-08,.,No value available
2005-05-09,0.96874,
2005-05-10,1.74121,
2005-05-11,0.98184,
2005-05-12,1.86947,
2005-05-13,2.03145,
2005-05-14,.,No value available
2005-05-15,.,No value available
2005-05-16,1.72004,
2005-05-17,2.02607,
2005-05-18,2.04941,
2005-05-19,2.52087,
2005-05-20,2.62230,
2005-05-21,.,No value available
2005-05-22,.,No value available
2005-05-23,1.84538,
2005-05-24,2.03047,
2005-05-25,1.99936,
2005-05-26,1.58552,
2005-05-27,1.50259,
2005-05-28,.,No value available
2005-05-29,.,No value available
2005-05-30,2.16570,
2005-05-31,1.94731,
2005-06-01,1.08542,
2005-06-02,2.33489,
2005-06-03,1.65981,
2005-06-04,.,No value available
2005-06-05,.,No value available
2005-06-06,1.89597,
2005-06-07,1.78692,
2005-06-08,2.08758,
2005-06-09,2.05717,
2005-06-10,1.82148,
2005-06-11,.,No value available
2005-06-12,.,No value available
2005-06-13,2.19399,
2005-06-14,2.10177,
2005-06-15,1.59383,
2005-06-16,1.96526,
2005-06-17,4.73021,
2005-06-18,.,No value available
2005-06-19,.,No value available
2005-06-20,2.22434,
2005-06-21,1.73604,
2005-06-22,1.98653,
2005-06-23,2.03580,
2005-06-24,2.01704,
2005-06-25,.,No value available
2005-06-26,.,No value available
2005-06-27,2.08660,
2005-06-28,2.07176,
2005-06-29,2.04533,
2005-06-30,1.98593,
2005-07-01,2.10324,
2005-07-02,.,No value available
2005-07-03,.,No value available
2005-07-04,7.92953,
2005-07-05,1.97553,
2005-07-06,1.96460,
2005-07-07,1.98046,
2005-07-08,1.94685,
2005-07-09,.,No value available
2005-07-10,.,No value available
2005-07-11,1.95665,
2005-07-12,1.95177,
2005-07-13,2.11370,
2005-07-14,1.99959,
2005-07-15,2.00575,
2005-07-16,.,No value available
2005-07-17,.,No value available
2005-07-18,2.00671,
2005-07-19,2.01876,
2005-07-20,2.00546,
2005-07-21,2.44091,
2005-07-22,1.99872,
2005-07-23,.,No value available
2005-07-24,.,No value available
2005-07-25,2.00755,
2005-07-26,2.01861,
2005-07-27,2.02278,
2005-07-28,2.01663,
2005-07-29,2.02283,
2005-07-30,.,No value available
2005-07-31,.,No value available
2005-08-01,2.65255,
2005-08-02,2.65330,
2005-08-03,2.63805,
2005-08-04,1.91863,
2005-08-05,2.45658,
2005-08-06,.,No value available
2005-08-07,.,No value available
2005-08-08,2.45874,
2005-08-09,1.89636,
2005-08-10,2.56522,
2005-08-11,2.40154,
2005-08-12,3.29073,
2005-08-13,.,No value available
2005-08-14,.,No value available
2005-08-15,2.74127,
2005-08-16,2.29072,
2005-08-17,2.00597,
2005-08-18,1.99060,
2005-08-19,1.98832,
2005-08-20,.,No value available
2005-08-21,.,No value available
2005-08-22,1.99641,
2005-08-23,2.32696,
2005-08-24,2.64210,
2005-08-25,2.74144,
2005-08-26,2.76141,
2005-08-27,.,No value available
2005-08-28,.,No value available
2005-08-29,2.69652,
2005-08-30,2.94024,
2005-08-31,3.27680,
2005-09-01,2.75294,
2005-09-02,2.32601,
2005-09-03,.,No value available
2005-09-04,.,No value available
2005-09-05,2.26540,
2005-09-06,2.46256,
2005-09-07,2.48434,
2005-09-08,2.56680,
2005-09-09,2.83437,
2005-09-10,.,No value available
2005-09-11,.,No value available
2005-09-12,2.69515,
2005-09-13,2.85922,
2005-09-14,2.64068,
2005-09-15,7.20816,
2005-09-16,10.74911,
2005-09-17,.,No value available
2005-09-18,.,No value available
2005-09-19,2.76216,
2005-09-20,2.75749,
2005-09-21,2.66897,
2005-09-22,2.93668,
2005-09-23,2.71025,
2005-09-24,.,No value available
2005-09-25,.,No value available
2005-09-26,15.90535,
2005-09-27,3.81258,
2005-09-28,3.44346,
2005-09-29,2.30266,
2005-09-30,5.46577,
2005-10-01,.,No value available
2005-10-02,.,No value available
2005-10-03,3.36262,
2005-10-04,3.73981,
2005-10-05,3.12847,
2005-10-06,3.22114,
2005-10-07,3.42297,
2005-10-08,.,No value available
2005-10-09,.,No value available
2005-10-10,4.10207,
2005-10-11,2.90064,
2005-10-12,3.20808,
2005-10-13,2.94947,
2005-10-14,3.25155,
2005-10-15,.,No value available
2005-10-16,.,No value available
2005-10-17,3.78055,
2005-10-18,6.05017,
2005-10-19,6.70496,
2005-10-20,2.92779,
2005-10-21,2.86480,
2005-10-22,.,No value available
2005-10-23,.,No value available
2005-10-24,7.91300,
2005-10-25,3.01934,
2005-10-26,2.81588,
2005-10-27,2.91884,
2005-10-28,2.73276,
2005-10-29,.,No value available
2005-10-30,.,No value available
2005-10-31,2.65321,
2005-11-01,2.59550,
2005-11-02,1.39612,
2005-11-03,1.40910,
2005-11-04,1.35530,
2005-11-05,.,No value available
2005-11-06,.,No value available
2005-11-07,0.80579,
2005-11-08,0.52916,
2005-11-09,1.71592,
2005-11-10,0.54478,
2005-11-11,1.45417,
2005-11-12,.,No value available
2005-11-13,.,No value available
2005-11-14,1.68033,
2005-11-15,0.86220,
2005-11-16,1.53900,
2005-11-17,1.46614,
2005-11-18,1.43081,
2005-11-19,.,No value available
2005-11-20,.,No value available
2005-11-21,0.63171,
2005-11-22,1.40958,
2005-11-23,1.45332,
2005-11-24,3.78884,
2005-11-25,8.83607,
2005-11-26,.,No value available
2005-11-27,.,No value available
2005-11-28,5.54550,
2005-11-29,8.93199,
2005-11-30,5.08833,
2005-12-01,2.27362,
2005-12-02,3.69664,
2005-12-03,.,No value available
2005-12-04,.,No value available
2005-12-05,3.06063,
2005-12-06,5.01255,
2005-12-07,3.55000,
2005-12-08,4.85029,
2005-12-09,1.27055,
2005-12-10,.,No value available
2005-12-11,.,No value available
2005-12-12,1.43245,
2005-12-13,1.19157,
2005-12-14,0.76296,
2005-12-15,0.48333,
2005-12-16,0.45478,
2005-12-17,.,No value available
2005-12-18,.,No value available
2005-12-19,0.77221,
2005-12-20,0.92852,
2005-12-21,1.05904,
2005-12-22,1.37035,
2005-12-23,1.39905,
2005-12-24,.,No value available
2005-12-25,.,No value available
2005-12-26,.,No value available
2005-12-27,1.40275,
2005-12-28,1.38868,
2005-12-29,1.38396,
2005-12-30,5.42402,
2005-12-31,.,No value available
2006-01-01,.,No value available
2006-01-02,4.66492,
2006-01-03,3.54328,
2006-01-04,1.25856,
2006-01-05,1.26883,
2006-01-06,0.95152,
2006-01-07,.,No value available
2006-01-08,.,No value available
2006-01-09,1.07571,
2006-01-10,1.39634,
2006-01-11,3.18996,
2006-01-12,3.08072,
2006-01-13,1.39406,
2006-01-14,.,No value available
2006-01-15,.,No value available
2006-01-16,0.57816,
2006-01-17,0.61009,
2006-01-18,0.56408,
2006-01-19,0.53487,
2006-01-20,4.10725,
2006-01-21,.,No value available
2006-01-22,.,No value available
2006-01-23,0.72647,
2006-01-24,0.81436,
2006-01-25,0.82715,
2006-01-26,0.79746,
2006-01-27,0.83854,
2006-01-28,.,No value available
2006-01-29,.,No value available
2006-01-30,0.81917,
2006-01-31,1.26089,
2006-02-01,0.75408,
2006-02-02,0.68038,
2006-02-03,1.21642,
2006-02-04,.,No value available
2006-02-05,.,No value available
2006-02-06,1.64261,
2006-02-07,0.80809,
2006-02-08,0.83086,
2006-02-09,0.72563,
2006-02-10,0.77698,
2006-02-11,.,No value available
2006-02-12,.,No value available
2006-02-13,0.83426,
2006-02-14,0.83426,
2006-02-15,0.87458,
2006-02-16,0.88780,
2006-02-17,0.84743,
2006-02-18,.,No value available
2006-02-19,.,No value available
2006-02-20,1.20727,
2006-02-21,6.48159,
2006-02-22,1.69898,
2006-02-23,0.60977,
2006-02-24,0.81144,
2006-02-25,.,No value available
2006-02-26,.,No value available
2006-02-27,0.79785,
2006-02-28,0.70052,
2006-03-01,0.70052,
2006-03-02,1.31571,
2006-03-03,0.80241,
2006-03-04,.,No value available
2006-03-05,.,No value available
2006-03-06,0.80241,
2006-03-07,0.63551,
2006-03-08,0.65698,
2006-03-09,0.71659,
2006-03-10,0.71434,
2006-03-11,.,No value available
2006-03-12,.,No value available
2006-03-13,0.73134,
2006-03-14,0.70754,
2006-03-15,0.67603,
2006-03-16,0.69054,
2006-03-17,0.66814,
2006-03-18,.,No value available
2006-03-19,.,No value available
2006-03-20,0.66878,
2006-03-21,1.22600,
2006-03-22,0.70282,
2006-03-23,0.66349,
2006-03-24,0.67524,
2006-03-25,.,No value available
2006-03-26,.,No value available
2006-03-27,0.67676,
2006-03-28,0.68266,
2006-03-29,0.67266,
2006-03-30,0.54770,
2006-03-31,0.54770,
2006-04-01,.,No value available
2006-04-02,.,No value available
2006-04-03,0.57160,
2006-04-04,0.57834,
2006-04-05,0.56085,
2006-04-06,0.62907,
2006-04-07,0.75638,
2006-04-08,.,No value available
2006-04-09,.,No value available
2006-04-10,0.78314,
2006-04-11,0.74583,
2006-04-12,1.41415,
2006-04-13,0.68889,
2006-04-14,.,No value available
2006-04-15,.,No value available
2006-04-16,.,No value available
2006-04-17,.,No value available
2006-04-18,0.74288,
2006-04-19,0.58128,
2006-04-20,0.65194,
2006-04-21,0.66524,
2006-04-22,.,No value available
2006-04-23,.,No value available
2006-04-24,0.69485,
2006-04-25,0.76161,
2006-04-26,0.71412,
2006-04-27,0.61875,
2006-04-28,0.62182,
2006-04-29,.,No value available
2006-04-30,.,No value available
2006-05-01,.,No value available
2006-05-02,0.58184,
2006-05-03,0.58184,
2006-05-04,0.98655,
2006-05-05,0.59813,
2006-05-06,.,No value available
2006-05-07,.,No value available
2006-05-08,0.63205,
2006-05-09,0.59936,
2006-05-10,0.82544,
2006-05-11,0.97923,
2006-05-12,0.53839,
2006-05-13,.,No value available
2006-05-14,.,No value available
2006-05-15,0.56035,
2006-05-16,0.53204,
2006-05-17,0.53227,
2006-05-18,0.64659,
2006-05-19,0.57528,
2006-05-20,.,No value available
2006-05-21,.,No value available
2006-05-22,0.62683,
2006-05-23,0.63859,
2006-05-24,0.56346,
2006-05-25,0.58754,
2006-05-26,0.61030,
2006-05-27,.,No value available
2006-05-28,.,No value available
2006-05-29,0.60683,
2006-05-30,0.60344,
2006-05-31,0.59349,
2006-06-01,0.58255,
2006-06-02,0.73374,
2006-06-03,.,No value available
2006-06-04,.,No value available
2006-06-05,0.72278,
2006-06-06,0.60085,
2006-06-07,0.59951,
2006-06-08,0.60471,
2006-06-09,0.57259,
2006-06-10,.,No value available
2006-06-11,.,No value available
2006-06-12,0.67510,
2006-06-13,0.58820,
2006-06-14,0.60493,
2006-06-15,0.60343,
2006-06-16,5.44962,
2006-06-17,.,No value available
2006-06-18,.,No value available
2006-06-19,5.85197,
2006-06-20,0.60920,
2006-06-21,0.62529,
2006-06-22,0.59336,
2006-06-23,0.60890,
2006-06-24,.,No value available
2006-06-25,.,No value available
2006-06-26,0.55686,
2006-06-27,0.52954,
2006-06-28,0.50213,
2006-06-29,0.46782,
2006-06-30,0.46781,
2006-07-01,.,No value available
2006-07-02,.,No value available
2006-07-03,0.47676,
2006-07-04,0.47676,
2006-07-05,0.45394,
2006-07-06,0.47282,
2006-07-07,0.46146,
2006-07-08,.,No value available
2006-07-09,.,No value available
2006-07-10,0.45112,
2006-07-11,0.45503,
2006-07-12,0.45600,
2006-07-13,0.45894,
2006-07-14,0.48634,
2006-07-15,.,No value available
2006-07-16,.,No value available
2006-07-17,0.47731,
2006-07-18,0.50063,
2006-07-19,0.51298,
2006-07-20,0.48057,
2006-07-21,0.48889,
2006-07-22,.,No value available
2006-07-23,.,No value available
2006-07-24,0.51189,
2006-07-25,0.53100,
2006-07-26,0.52219,
2006-07-27,0.52726,
2006-07-28,0.52370,
2006-07-29,.,No value available
2006-07-30,.,No value available
2006-07-31,0.51264,
2006-08-01,0.50176,
2006-08-02,0.48541,
2006-08-03,0.49222,
2006-08-04,0.50477,
2006-08-05,.,No value available
2006-08-06,.,No value available
2006-08-07,0.44912,
2006-08-08,0.51149,
2006-08-09,0.45576,
2006-08-10,0.44730,
2006-08-11,0.48553,
2006-08-12,.,No value available
2006-08-13,.,No value available
2006-08-14,0.44413,
2006-08-15,0.44413,
2006-08-16,0.40335,
2006-08-17,0.41531,
2006-08-18,0.39770,
2006-08-19,.,No value available
2006-08-20,.,No value available
2006-08-21,0.37381,
2006-08-22,0.34788,
2006-08-23,0.34788,
2006-08-24,0.36427,
2006-08-25,0.34448,
2006-08-26,.,No value available
2006-08-27,.,No value available
2006-08-28,0.46703,
2006-08-29,0.31258,
2006-08-30,0.34918,
2006-08-31,0.34301,
2006-09-01,0.30247,
2006-09-02,.,No value available
2006-09-03,.,No value available
2006-09-04,0.28343,
2006-09-05,0.27749,
2006-09-06,0.30856,
2006-09-07,0.31272,
2006-09-08,0.30985,
2006-09-09,.,No value available
2006-09-10,.,No value available
2006-09-11,0.27157,
2006-09-12,0.27571,
2006-09-13,0.25323,
2006-09-14,0.21826,
2006-09-15,0.33138,
2006-09-16,.,No value available
2006-09-17,.,No value available
2006-09-18,0.29751,
2006-09-19,0.30493,
2006-09-20,0.26402,
2006-09-21,0.25927,
2006-09-22,0.22950,
2006-09-23,.,No value available
2006-09-24,.,No value available
2006-09-25,0.22342,
2006-09-26,0.20923,
2006-09-27,0.19903,
2006-09-28,0.22430,
2006-09-29,0.23057,
2006-09-30,.,No value available
2006-10-01,.,No value available
2006-10-02,0.24239,
2006-10-03,0.26318,
2006-10-04,0.28059,
2006-10-05,0.23405,
2006-10-06,0.27785,
2006-10-07,.,No value available
2006-10-08,.,No value available
2006-10-09,0.26845,
2006-10-10,0.26966,
2006-10-11,0.27198,
2006-10-12,0.25387,
2006-10-13,0.25443,
2006-10-14,.,No value available
2006-10-15,.,No value available
2006-10-16,0.26074,
2006-10-17,0.25254,
2006-10-18,3.71607,
2006-10-19,3.94044,
2006-10-20,3.98755,
2006-10-21,.,No value available
2006-10-22,.,No value available
2006-10-23,3.44186,
2006-10-24,3.43699,
2006-10-25,3.09355,
2006-10-26,0.20901,
2006-10-27,0.10670,
2006-10-28,.,No value available
2006-10-29,.,No value available
2006-10-30,0.09728,
2006-10-31,0.08770,
2006-11-01,0.06792,
2006-11-02,0.06858,
2006-11-03,0.28427,
2006-11-04,.,No value available
2006-11-05,.,No value available
2006-11-06,0.23720,
2006-11-07,0.28279,
2006-11-08,0.32021,
2006-11-09,0.27945,
2006-11-10,0.27648,
2006-11-11,.,No value available
2006-11-12,.,No value available
2006-11-13,0.26448,
2006-11-14,0.30281,
2006-11-15,0.21423,
2006-11-16,0.27840,
2006-11-17,0.25319,
2006-11-18,.,No value available
2006-11-19,.,No value available
2006-11-20,0.18167,
2006-11-21,0.18173,
2006-11-22,0.24552,
2006-11-23,0.24203,
2006-11-24,0.21163,
2006-11-25,.,No value available
2006-11-26,.,No value available
2006-11-27,0.18510,
2006-11-28,0.19136,
2006-11-29,0.22426,
2006-11-30,0.11744,
2006-12-01,0.11345,
2006-12-02,.,No value available
2006-12-03,.,No value available
2006-12-04,0.11904,
2006-12-05,0.23782,
2006-12-06,0.30255,
2006-12-07,0.30255,
2006-12-08,0.22553,
2006-12-09,.,No value available
2006-12-10,.,No value available
2006-12-11,0.24780,
2006-12-12,0.27910,
2006-12-13,0.27562,
2006-12-14,0.22667,
2006-12-15,0.21864,
2006-12-16,.,No value available
2006-12-17,.,No value available
2006-12-18,0.22978,
2006-12-19,0.20453,
2006-12-20,0.21303,
2006-12-21,0.20306,
2006-12-22,0.21276,
2006-12-23,.,No value available
2006-12-24,.,No value available
2006-12-25,.,No value available
2006-12-26,.,No value available
2006-12-27,0.45984,
2006-12-28,0.28032,
2006-12-29,0.28032,
2006-12-30,.,No value available
2006-12-31,.,No value available
2007-01-01,.,No value available
2007-01-02,0.21901,
2007-01-03,0.32919,
2007-01-04,0.32919,
2007-01-05,0.10097,
2007-01-06,.,No value available
2007-01-07,.,No value available
2007-01-08,0.13227,
2007-01-09,0.13227,
2007-01-10,0.24960,
2007-01-11,0.24845,
2007-01-12,0.29943,
2007-01-13,.,No value available
2007-01-14,.,No value available
2007-01-15,0.18663,
2007-01-16,0.38581,
2007-01-17,0.21665,
2007-01-18,0.22981,
2007-01-19,0.18630,
2007-01-20,.,No value available
2007-01-21,.,No value available
2007-01-22,0.17667,
2007-01-23,0.13625,
2007-01-24,0.19759,
2007-01-25,0.19179,
2007-01-26,0.22306,
2007-01-27,.,No value available
2007-01-28,.,No value available
2007-01-29,0.24729,
2007-01-30,0.25520,
2007-01-31,0.25524,
2007-02-01,0.22190,
2007-02-02,0.17557,
2007-02-03,.,No value available
2007-02-04,.,No value available
2007-02-05,0.39748,
2007-02-06,0.29930,
2007-02-07,0.25230,
2007-02-08,0.27543,
2007-02-09,0.21510,
2007-02-10,.,No value available
2007-02-11,.,No value available
2007-02-12,0.19331,
2007-02-13,0.32644,
2007-02-14,0.25072,
2007-02-15,0.27273,
2007-02-16,0.19743,
2007-02-17,.,No value available
2007-02-18,.,No value available
2007-02-19,0.20878,
2007-02-20,0.22668,
2007-02-21,0.20822,
2007-02-22,0.22681,
2007-02-23,0.22681,
2007-02-24,.,No value available
2007-02-25,.,No value available
2007-02-26,0.14776,
2007-02-27,0.15883,
2007-02-28,0.19255,
2007-03-01,0.18239,
2007-03-02,0.22202,
2007-03-03,.,No value available
2007-03-04,.,No value available
2007-03-05,0.33573,
2007-03-06,0.29075,
2007-03-07,0.28207,
2007-03-08,0.28804,
2007-03-09,0.15242,
2007-03-10,.,No value available
2007-03-11,.,No value available
2007-03-12,0.23207,
2007-03-13,0.14287,
2007-03-14,0.21730,
2007-03-15,0.21867,
2007-03-16,0.19626,
2007-03-17,.,No value available
2007-03-18,.,No value available
2007-03-19,0.22111,
2007-03-20,0.22111,
2007-03-21,0.21715,
2007-03-22,0.23865,
2007-03-23,0.33233,
2007-03-24,.,No value available
2007-03-25,.,No value available
2007-03-26,0.35524,
2007-03-27,0.37295,
2007-03-28,0.39412,
2007-03-29,0.42153,
2007-03-30,0.41211,
2007-03-31,.,No value available
2007-04-01,.,No value available
2007-04-02,0.43651,
2007-04-03,0.44936,
2007-04-04,0.42314,
2007-04-05,0.43115,
2007-04-06,.,No value available
2007-04-07,.,No value available
2007-04-08,.,No value available
2007-04-09,.,No value available
2007-04-10,0.40816,
2007-04-11,0.39378,
2007-04-12,0.42256,
2007-04-13,0.48588,
2007-04-14,.,No value available
2007-04-15,.,No value available
2007-04-16,0.46377,
2007-04-17,0.40148,
2007-04-18,0.42441,
2007-04-19,0.39798,
2007-04-20,0.41716,
2007-04-21,.,No value available
2007-04-22,.,No value available
2007-04-23,0.40547,
2007-04-24,0.38893,
2007-04-25,0.39140,
2007-04-26,0.40233,
2007-04-27,0.37694,
2007-04-28,.,No value available
2007-04-29,.,No value available
2007-04-30,0.37694,
2007-05-01,.,No value available
2007-05-02,0.36629,
2007-05-03,0.38051,
2007-05-04,0.38051,
2007-05-05,.,No value available
2007-05-06,.,No value available
2007-05-07,0.38271,
2007-05-08,0.38593,
2007-05-09,0.38593,
2007-05-10,0.40106,
2007-05-11,0.38483,
2007-05-12,.,No value available
2007-05-13,.,No value available
2007-05-14,0.43615,
2007-05-15,0.38765,
2007-05-16,0.38120,
2007-05-17,0.29085,
2007-05-18,0.30575,
2007-05-19,.,No value available
2007-05-20,.,No value available
2007-05-21,0.30575,
2007-05-22,0.34742,
2007-05-23,0.32679,
2007-05-24,0.33108,
2007-05-25,1.16282,
2007-05-26,.,No value available
2007-05-27,.,No value available
2007-05-28,.,No value available
2007-05-29,0.23440,
2007-05-30,0.23440,
2007-05-31,0.29086,
2007-06-01,0.34875,
2007-06-02,.,No value available
2007-06-03,.,No value available
2007-06-04,0.63438,
2007-06-05,0.23965,
2007-06-06,0.36627,
2007-06-07,0.35491,
2007-06-08,0.38315,
2007-06-09,.,No value available
2007-06-10,.,No value available
2007-06-11,0.45608,
2007-06-12,0.51080,
2007-06-13,0.47833,
2007-06-14,0.67363,
2007-06-15,0.65653,
2007-06-16,.,No value available
2007-06-17,.,No value available
2007-06-18,0.64692,
2007-06-19,0.65025,
2007-06-20,0.64924,
2007-06-21,0.61623,
2007-06-22,0.62081,
2007-06-23,.,No value available
2007-06-24,.,No value available
2007-06-25,0.64473,
2007-06-26,0.65755,
2007-06-27,0.50784,
2007-06-28,0.49014,
2007-06-29,0.43664,
2007-06-30,.,No value available
2007-07-01,.,No value available
2007-07-02,0.41038,
2007-07-03,0.42433,
2007-07-04,0.47643,
2007-07-05,0.49264,
2007-07-06,0.49567,
2007-07-07,.,No value available
2007-07-08,.,No value available
2007-07-09,0.49761,
2007-07-10,0.50257,
2007-07-11,0.41609,
2007-07-12,0.50803,
2007-07-13,0.50662,
2007-07-14,.,No value available
2007-07-15,.,No value available
2007-07-16,0.46711,
2007-07-17,0.41243,
2007-07-18,0.44559,
2007-07-19,0.49057,
2007-07-20,0.34118,
2007-07-21,.,No value available
2007-07-22,.,No value available
2007-07-23,0.21663,
2007-07-24,0.26955,
2007-07-25,0.25044,
2007-07-26,0.25174,
2007-07-27,0.13364,
2007-07-28,.,No value available
2007-07-29,.,No value available
2007-07-30,0.10614,
2007-07-31,0.08900,
2007-08-01,0.06091,
2007-08-02,0.08130,
2007-08-03,0.07749,
2007-08-04,.,No value available
2007-08-05,.,No value available
2007-08-06,0.08692,
2007-08-07,0.25251,
2007-08-08,0.51107,
2007-08-09,0.26204,
2007-08-10,0.92547,
2007-08-11,.,No value available
2007-08-12,.,No value available
2007-08-13,6.86515,
2007-08-14,7.27579,
2007-08-15,7.24427,
2007-08-16,0.16004,
2007-08-17,0.20193,
2007-08-18,.,No value available
2007-08-19,.,No value available
2007-08-20,0.18184,
2007-08-21,0.21505,
2007-08-22,0.18775,
2007-08-23,0.19083,
2007-08-24,0.23570,
2007-08-25,.,No value available
2007-08-26,.,No value available
2007-08-27,0.22910,
2007-08-28,0.30191,
2007-08-29,0.22343,
2007-08-30,0.26565,
2007-08-31,0.24906,
2007-09-01,.,No value available
2007-09-02,.,No value available
2007-09-03,0.23922,
2007-09-04,0.25914,
2007-09-05,0.22905,
2007-09-06,0.22986,
2007-09-07,0.24075,
2007-09-08,.,No value available
2007-09-09,.,No value available
2007-09-10,0.19625,
2007-09-11,0.23096,
2007-09-12,0.20148,
2007-09-13,0.18423,
2007-09-14,0.20660,
2007-09-15,.,No value available
2007-09-16,.,No value available
2007-09-17,0.17753,
2007-09-18,0.22119,
2007-09-19,0.14442,
2007-09-20,0.13191,
2007-09-21,0.10481,
2007-09-22,.,No value available
2007-09-23,.,No value available
2007-09-24,0.10082,
2007-09-25,0.13462,
2007-09-26,0.14439,
2007-09-27,0.14301,
2007-09-28,0.18324,
2007-09-29,.,No value available
2007-09-30,.,No value available
2007-10-01,0.25707,
2007-10-02,0.17725,
2007-10-03,0.33590,
2007-10-04,0.35007,
2007-10-05,0.28689,
2007-10-06,.,No value available
2007-10-07,.,No value available
2007-10-08,0.27390,
2007-10-09,0.79766,
2007-10-10,2.57936,
2007-10-11,2.46377,
2007-10-12,2.40537,
2007-10-13,.,No value available
2007-10-14,.,No value available
2007-10-15,2.08671,
2007-10-16,2.66798,
2007-10-17,2.45473,
2007-10-18,2.54884,
2007-10-19,2.17938,
2007-10-20,.,No value available
2007-10-21,.,No value available
2007-10-22,2.69971,
2007-10-23,4.21758,
2007-10-24,4.15257,
2007-10-25,4.08151,
2007-10-26,4.03493,
2007-10-27,.,No value available
2007-10-28,.,No value available
2007-10-29,4.01065,
2007-10-30,3.96204,
2007-10-31,4.34936,
2007-11-01,4.41556,
2007-11-02,3.37031,
2007-11-03,.,No value available
2007-11-04,.,No value available
2007-11-05,3.12871,
2007-11-06,2.85512,
2007-11-07,2.87692,
2007-11-08,2.65925,
2007-11-09,2.72269,
2007-11-10,.,No value available
2007-11-11,.,No value available
2007-11-12,2.80940,
2007-11-13,2.70200,
2007-11-14,1.35357,
2007-11-15,1.09394,
2007-11-16,1.06038,
2007-11-17,.,No value available
2007-11-18,.,No value available
2007-11-19,1.18596,
2007-11-20,1.21427,
2007-11-21,1.35650,
2007-11-22,1.34783,
2007-11-23,1.30831,
2007-11-24,.,No value available
2007-11-25,.,No value available
2007-11-26,3.75866,
2007-11-27,3.66011,
2007-11-28,3.93772,
2007-11-29,4.09802,
2007-11-30,3.73005,
2007-12-01,.,No value available
2007-12-02,.,No value available
2007-12-03,3.53024,
2007-12-04,3.25287,
2007-12-05,3.28553,
2007-12-06,3.35294,
2007-12-07,3.21814,
2007-12-08,.,No value available
2007-12-09,.,No value available
2007-12-10,3.06236,
2007-12-11,3.08083,
2007-12-12,3.47494,
2007-12-13,3.14317,
2007-12-14,2.90902,
2007-12-15,.,No value available
2007-12-16,.,No value available
2007-12-17,2.90279,
2007-12-18,3.06124,
2007-12-19,3.32352,
2007-12-20,3.32522,
2007-12-21,3.65799,
2007-12-22,.,No value available
2007-12-23,.,No value available
2007-12-24,.,No value available
2007-12-25,.,No value available
2007-12-26,.,No value available
2007-12-27,3.31075,
2007-12-28,14.57118,
2007-12-29,.,No value available
2007-12-30,.,No value available
2007-12-31,.,No value available
2008-01-01,.,No value available
2008-01-02,16.79885,
2008-01-03,18.99960,
2008-01-04,12.91078,
2008-01-05,.,No value available
2008-01-06,.,No value available
2008-01-07,13.26886,
2008-01-08,12.60469,
2008-01-09,19.04532,
2008-01-10,22.60228,
2008-01-11,23.82898,
2008-01-12,.,No value available
2008-01-13,.,No value available
2008-01-14,23.67792,
2008-01-15,2.94743,
2008-01-16,2.85857,
2008-01-17,2.93123,
2008-01-18,3.03936,
2008-01-19,.,No value available
2008-01-20,.,No value available
2008-01-21,2.87429,
2008-01-22,3.01996,
2008-01-23,0.94525,
2008-01-24,0.99204,
2008-01-25,0.90870,
2008-01-26,.,No value available
2008-01-27,.,No value available
2008-01-28,0.97116,
2008-01-29,1.02757,
2008-01-30,1.04467,
2008-01-31,1.04866,
2008-02-01,0.96815,
2008-02-02,.,No value available
2008-02-03,.,No value available
2008-02-04,1.06686,
2008-02-05,1.12591,
2008-02-06,1.10223,
2008-02-07,0.95894,
2008-02-08,0.80533,
2008-02-09,.,No value available
2008-02-10,.,No value available
2008-02-11,0.93432,
2008-02-12,0.94596,
2008-02-13,1.03074,
2008-02-14,1.01455,
2008-02-15,1.07270,
2008-02-16,.,No value available
2008-02-17,.,No value available
2008-02-18,1.07860,
2008-02-19,1.13551,
2008-02-20,1.16396,
2008-02-21,1.10247,
2008-02-22,1.09762,
2008-02-23,.,No value available
2008-02-24,.,No value available
2008-02-25,1.09057,
2008-02-26,1.16882,
2008-02-27,1.22188,
2008-02-28,1.08232,
2008-02-29,2.18363,
2008-03-01,.,No value available
2008-03-02,.,No value available
2008-03-03,2.17062,
2008-03-04,2.38930,
2008-03-05,2.32782,
2008-03-06,2.37005,
2008-03-07,2.45778,
2008-03-08,.,No value available
2008-03-09,.,No value available
2008-03-10,2.63879,
2008-03-11,2.70957,
2008-03-12,2.89402,
2008-03-13,2.89415,
2008-03-14,3.20725,
2008-03-15,.,No value available
2008-03-16,.,No value available
2008-03-17,2.78781,
2008-03-18,2.89279,
2008-03-19,2.85723,
2008-03-20,3.18960,
2008-03-21,.,No value available
2008-03-22,.,No value available
2008-03-23,.,No value available
2008-03-24,.,No value available
2008-03-25,3.65662,
2008-03-26,3.64550,
2008-03-27,4.24468,
2008-03-28,3.88379,
2008-03-29,.,No value available
2008-03-30,.,No value available
2008-03-31,3.79138,
2008-04-01,3.60492,
2008-04-02,5.10247,
2008-04-03,5.32955,
2008-04-04,4.77546,
2008-04-05,.,No value available
2008-04-06,.,No value available
2008-04-07,4.62304,
2008-04-08,4.63014,
2008-04-09,4.76209,
2008-04-10,5.11399,
2008-04-11,5.08482,
2008-04-12,.,No value available
2008-04-13,.,No value available
2008-04-14,15.02510,
2008-04-15,16.46844,
2008-04-16,17.97791,
2008-04-17,20.07085,
2008-04-18,21.61282,
2008-04-19,.,No value available
2008-04-20,.,No value available
2008-04-21,23.73260,
2008-04-22,26.10513,
2008-04-23,22.88204,
2008-04-24,21.23924,
2008-04-25,22.47654,
2008-04-26,.,No value available
2008-04-27,.,No value available
2008-04-28,21.32667,
2008-04-29,22.52589,
2008-04-30,19.39638,
2008-05-01,.,No value available
2008-05-02,17.74485,
2008-05-03,.,No value available
2008-05-04,.,No value available
2008-05-05,17.59925,
2008-05-06,18.45367,
2008-05-07,17.74088,
2008-05-08,17.13169,
2008-05-09,17.37654,
2008-05-10,.,No value available
2008-05-11,.,No value available
2008-05-12,19.11934,
2008-05-13,19.60910,
2008-05-14,20.16650,
2008-05-15,21.67880,
2008-05-16,21.90660,
2008-05-17,.,No value available
2008-05-18,.,No value available
2008-05-19,23.90743,
2008-05-20,3.66010,
2008-05-21,3.81593,
2008-05-22,3.74274,
2008-05-23,3.53997,
2008-05-24,.,No value available
2008-05-25,.,No value available
2008-05-26,2.55950,
2008-05-27,2.26444,
2008-05-28,2.18999,
2008-05-29,3.40379,
2008-05-30,3.24603,
2008-05-31,.,No value available
2008-06-01,.,No value available
2008-06-02,3.13614,
2008-06-03,3.16677,
2008-06-04,3.01891,
2008-06-05,2.80577,
2008-06-06,0.52316,
2008-06-07,.,No value available
2008-06-08,.,No value available
2008-06-09,0.11897,
2008-06-10,0.13024,
2008-06-11,0.13723,
2008-06-12,0.14359,
2008-06-13,0.14150,
2008-06-14,.,No value available
2008-06-15,.,No value available
2008-06-16,0.10343,
2008-06-17,0.09574,
2008-06-18,0.12929,
2008-06-19,0.12080,
2008-06-20,0.10062,
2008-06-21,.,No value available
2008-06-22,.,No value available
2008-06-23,0.08170,
2008-06-24,0.08384,
2008-06-25,0.09194,
2008-06-26,0.10814,
2008-06-27,0.10587,
2008-06-28,.,No value available
2008-06-29,.,No value available
2008-06-30,0.12174,
2008-07-01,0.09796,
2008-07-02,0.12507,
2008-07-03,0.12018,
2008-07-04,0.42692,
2008-07-05,.,No value available
2008-07-06,.,No value available
2008-07-07,0.43184,
2008-07-08,0.48169,
2008-07-09,0.49046,
2008-07-10,0.50038,
2008-07-11,0.52002,
2008-07-12,.,No value available
2008-07-13,.,No value available
2008-07-14,2.07236,
2008-07-15,8.88944,
2008-07-16,8.51697,
2008-07-17,9.30042,
2008-07-18,9.41340,
2008-07-19,.,No value available
2008-07-20,.,No value available
2008-07-21,0.47816,
2008-07-22,0.44958,
2008-07-23,0.38446,
2008-07-24,0.27456,
2008-07-25,0.22541,
2008-07-26,.,No value available
2008-07-27,.,No value available
2008-07-28,0.06523,
2008-07-29,0.06934,
2008-07-30,0.06624,
2008-07-31,9.11860,
2008-08-01,8.48246,
2008-08-02,.,No value available
2008-08-03,.,No value available
2008-08-04,8.24383,
2008-08-05,8.20822,
2008-08-06,8.50142,
2008-08-07,8.41966,
2008-08-08,7.83111,
2008-08-09,.,No value available
2008-08-10,.,No value available
2008-08-11,7.78384,
2008-08-12,7.51337,
2008-08-13,7.45069,
2008-08-14,7.42079,
2008-08-15,7.67944,
2008-08-16,.,No value available
2008-08-17,.,No value available
2008-08-18,10.19205,
2008-08-19,11.37611,
2008-08-20,7.98073,
2008-08-21,7.81010,
2008-08-22,8.03930,
2008-08-23,.,No value available
2008-08-24,.,No value available
2008-08-25,7.89429,
2008-08-26,7.92758,
2008-08-27,7.91823,
2008-08-28,8.49395,
2008-08-29,8.09498,
2008-08-30,.,No value available
2008-08-31,.,No value available
2008-09-01,8.19925,
2008-09-02,7.70920,
2008-09-03,7.57927,
2008-09-04,7.78219,
2008-09-05,7.74514,
2008-09-06,.,No value available
2008-09-07,.,No value available
2008-09-08,7.62794,
2008-09-09,7.52732,
2008-09-10,7.32222,
2008-09-11,7.23487,
2008-09-12,7.42409,
2008-09-13,.,No value available
2008-09-14,.,No value available
2008-09-15,8.74969,
2008-09-16,10.84055,
2008-09-17,8.72129,
2008-09-18,7.52819,
2008-09-19,8.07042,
2008-09-20,.,No value available
2008-09-21,.,No value available
2008-09-22,3.95345,
2008-09-23,4.34303,
2008-09-24,3.85770,
2008-09-25,4.32753,
2008-09-26,4.03601,
2008-09-27,.,No value available
2008-09-28,.,No value available
2008-09-29,3.06888,
2008-09-30,0.20286,
2008-10-01,0.07797,
2008-10-02,0.35941,
2008-10-03,0.57601,
2008-10-04,.,No value available
2008-10-05,.,No value available
2008-10-06,0.10741,
2008-10-07,0.30158,
2008-10-08,0.29074,
2008-10-09,0.09578,
2008-10-10,0.09634,
2008-10-11,.,No value available
2008-10-12,.,No value available
2008-10-13,0.34977,
2008-10-14,0.57769,
2008-10-15,1.47166,
2008-10-16,1.37789,
2008-10-17,1.60850,
2008-10-18,.,No value available
2008-10-19,.,No value available
2008-10-20,1.60779,
2008-10-21,8.91524,
2008-10-22,7.06304,
2008-10-23,7.15251,
2008-10-24,10.57176,
2008-10-25,.,No value available
2008-10-26,.,No value available
2008-10-27,11.11462,
2008-10-28,10.83178,
2008-10-29,11.18333,
2008-10-30,10.58222,
2008-10-31,10.28536,
2008-11-01,.,No value available
2008-11-02,.,No value available
2008-11-03,10.64556,
2008-11-04,10.30329,
2008-11-05,6.58988,
2008-11-06,6.49436,
2008-11-07,6.37681,
2008-11-08,.,No value available
2008-11-09,.,No value available
2008-11-10,6.54664,
2008-11-11,6.60165,
2008-11-12,6.77463,
2008-11-13,6.78619,
2008-11-14,6.85384,
2008-11-15,.,No value available
2008-11-16,.,No value available
2008-11-17,6.68555,
2008-11-18,6.70694,
2008-11-19,7.01226,
2008-11-20,7.42450,
2008-11-21,7.68653,
2008-11-22,.,No value available
2008-11-23,.,No value available
2008-11-24,7.91145,
2008-11-25,7.85910,
2008-11-26,7.44423,
2008-11-27,7.24291,
2008-11-28,5.56774,
2008-11-29,.,No value available
2008-11-30,.,No value available
2008-12-01,5.39783,
2008-12-02,5.24201,
2008-12-03,5.66306,
2008-12-04,5.46366,
2008-12-05,6.26083,
2008-12-06,.,No value available
2008-12-07,.,No value available
2008-12-08,7.16052,
2008-12-09,7.03621,
2008-12-10,7.08282,
2008-12-11,6.82808,
2008-12-12,6.53892,
2008-12-13,.,No value available
2008-12-14,.,No value available
2008-12-15,7.35576,
2008-12-16,7.11094,
2008-12-17,8.56784,
2008-12-18,8.10224,
2008-12-19,7.86744,
2008-12-20,.,No value available
2008-12-21,.,No value available
2008-12-22,7.89004,
2008-12-23,6.52382,
2008-12-24,.,No value available
2008-12-25,.,No value available
2008-12-26,.,No value available
2008-12-27,.,No value available
2008-12-28,.,No value available
2008-12-29,6.93230,
2008-12-30,6.75714,
2008-12-31,.,No value available
2009-01-01,.,No value available
2009-01-02,6.09054,
2009-01-03,.,No value available
2009-01-04,.,No value available
2009-01-05,6.21394,
2009-01-06,5.75466,
2009-01-07,5.61446,
2009-01-08,6.02264,
2009-01-09,5.61431,
2009-01-10,.,No value available
2009-01-11,.,No value available
2009-01-12,6.16095,
2009-01-13,6.00893,
2009-01-14,6.06260,
2009-01-15,6.12407,
2009-01-16,6.24783,
2009-01-17,.,No value available
2009-01-18,.,No value available
2009-01-19,6.39844,
2009-01-20,6.23233,
2009-01-21,6.18241,
2009-01-22,6.29414,
2009-01-23,6.02004,
2009-01-24,.,No value available
2009-01-25,.,No value available
2009-01-26,6.95090,
2009-01-27,7.63584,
2009-01-28,7.22618,
2009-01-29,6.95233,
2009-01-30,5.91836,
2009-01-31,.,No value available
2009-02-01,.,No value available
2009-02-02,5.54034,
2009-02-03,5.45119,
2009-02-04,5.51609,
2009-02-05,5.50690,
2009-02-06,5.19969,
2009-02-07,.,No value available
2009-02-08,.,No value available
2009-02-09,5.23141,
2009-02-10,5.15123,
2009-02-11,5.18564,
2009-02-12,5.17599,
2009-02-13,5.37686,
2009-02-14,.,No value available
2009-02-15,.,No value available
2009-02-16,4.98883,
2009-02-17,4.82454,
2009-02-18,4.81744,
2009-02-19,5.38908,
2009-02-20,5.26034,
2009-02-21,.,No value available
2009-02-22,.,No value available
2009-02-23,5.56535,
2009-02-24,5.48961,
2009-02-25,5.23395,
2009-02-26,5.39303,
2009-02-27,5.51996,
2009-02-28,.,No value available
2009-03-01,.,No value available
2009-03-02,5.27307,
2009-03-03,5.24130,
2009-03-04,5.01681,
2009-03-05,5.28625,
2009-03-06,5.47086,
2009-03-07,.,No value available
2009-03-08,.,No value available
2009-03-09,6.04380,
2009-03-10,6.32426,
2009-03-11,6.32186,
2009-03-12,6.59096,
2009-03-13,8.03302,
2009-03-14,.,No value available
2009-03-15,.,No value available
2009-03-16,8.23314,
2009-03-17,7.89978,
2009-03-18,8.21569,
2009-03-19,8.50111,
2009-03-20,8.68613,
2009-03-21,.,No value available
2009-03-22,.,No value available
2009-03-23,8.62878,
2009-03-24,8.88214,
2009-03-25,8.33735,
2009-03-26,9.20528,
2009-03-27,7.15206,
2009-03-28,.,No value available
2009-03-29,.,No value available
2009-03-30,6.84021,
2009-03-31,6.80433,
2009-04-01,6.92110,
2009-04-02,7.42627,
2009-04-03,8.77582,
2009-04-04,.,No value available
2009-04-05,.,No value available
2009-04-06,11.53800,
2009-04-07,11.81377,
2009-04-08,11.46382,
2009-04-09,11.34619,
2009-04-10,.,No value available
2009-04-11,.,No value available
2009-04-12,.,No value available
2009-04-13,.,No value available
2009-04-14,8.11821,
2009-04-15,8.20865,
2009-04-16,7.31136,
2009-04-17,7.28134,
2009-04-18,.,No value available
2009-04-19,.,No value available
2009-04-20,18.37264,
2009-04-21,18.91422,
2009-04-22,18.91899,
2009-04-23,18.22871,
2009-04-24,18.09101,
2009-04-25,.,No value available
2009-04-26,.,No value available
2009-04-27,18.35839,
2009-04-28,18.36263,
2009-04-29,17.77693,
2009-04-30,17.78746,
2009-05-01,.,No value available
2009-05-02,.,No value available
2009-05-03,.,No value available
2009-05-04,17.84494,
2009-05-05,17.52865,
2009-05-06,17.60415,
2009-05-07,14.74657,
2009-05-08,13.61643,
2009-05-09,.,No value available
2009-05-10,.,No value available
2009-05-11,14.93809,
2009-05-12,12.37329,
2009-05-13,16.70147,
2009-05-14,17.50755,
2009-05-15,17.72326,
2009-05-16,.,No value available
2009-05-17,.,No value available
2009-05-18,17.43311,
2009-05-19,16.86405,
2009-05-20,16.02068,
2009-05-21,17.54895,
2009-05-22,17.52871,
2009-05-23,.,No value available
2009-05-24,.,No value available
2009-05-25,16.39200,
2009-05-26,11.10603,
2009-05-27,10.86486,
2009-05-28,10.71677,
2009-05-29,10.71802,
2009-05-30,.,No value available
2009-05-31,.,No value available
2009-06-01,10.91684,
2009-06-02,10.74250,
2009-06-03,10.48457,
2009-06-04,10.44827,
2009-06-05,10.16654,
2009-06-06,.,No value available
2009-06-07,.,No value available
2009-06-08,10.13618,
2009-06-09,10.30132,
2009-06-10,10.61330,
2009-06-11,10.72903,
2009-06-12,11.32593,
2009-06-13,.,No value available
2009-06-14,.,No value available
2009-06-15,11.35165,
2009-06-16,11.50287,
2009-06-17,11.37359,
2009-06-18,11.33564,
2009-06-19,11.12059,
2009-06-20,.,No value available
2009-06-21,.,No value available
2009-06-22,11.40323,
2009-06-23,11.58664,
2009-06-24,11.63890,
2009-06-25,11.23649,
2009-06-26,11.19640,
2009-06-27,.,No value available
2009-06-28,.,No value available
2009-06-29,11.45911,
2009-06-30,11.11932,
2009-07-01,11.05138,
2009-07-02,11.04481,
2009-07-03,11.01586,
2009-07-04,.,No value available
2009-07-05,.,No value available
2009-07-06,10.85097,
2009-07-07,10.97825,
2009-07-08,11.38768,
2009-07-09,11.40805,
2009-07-10,11.34653,
2009-07-11,.,No value available
2009-07-12,.,No value available
2009-07-13,11.34310,
2009-07-14,11.10882,
2009-07-15,11.05888,
2009-07-16,10.85345,
2009-07-17,11.08690,
2009-07-18,.,No value available
2009-07-19,.,No value available
2009-07-20,11.15229,
2009-07-21,11.37454,
2009-07-22,11.43733,
2009-07-23,11.23553,
2009-07-24,11.04419,
2009-07-25,.,No value available
2009-07-26,.,No value available
2009-07-27,11.09787,
2009-07-28,11.04039,
2009-07-29,11.22465,
2009-07-30,11.26150,
2009-07-31,11.36572,
2009-08-01,.,No value available
2009-08-02,.,No value available
2009-08-03,11.40016,
2009-08-04,11.77892,
2009-08-05,11.81508,
2009-08-06,11.78023,
2009-08-07,11.79100,
2009-08-08,.,No value available
2009-08-09,.,No value available
2009-08-10,11.53805,
2009-08-11,11.24189,
2009-08-12,11.42043,
2009-08-13,11.35330,
2009-08-14,11.46136,
2009-08-15,.,No value available
2009-08-16,.,No value available
2009-08-17,11.57443,
2009-08-18,0.63381,
2009-08-19,0.64869,
2009-08-20,0.63438,
2009-08-21,0.58940,
2009-08-22,.,No value available
2009-08-23,.,No value available
2009-08-24,0.51819,
2009-08-25,0.58715,
2009-08-26,0.57518,
2009-08-27,0.61433,
2009-08-28,0.61361,
2009-08-29,.,No value available
2009-08-30,.,No value available
2009-08-31,0.62689,
2009-09-01,0.65925,
2009-09-02,0.69838,
2009-09-03,0.72257,
2009-09-04,0.72736,
2009-09-05,.,No value available
2009-09-06,.,No value available
2009-09-07,0.77078,
2009-09-08,0.75972,
2009-09-09,0.81246,
2009-09-10,0.90504,
2009-09-11,0.92511,
2009-09-12,.,No value available
2009-09-13,.,No value available
2009-09-14,0.81649,
2009-09-15,0.86823,
2009-09-16,0.82836,
2009-09-17,0.80186,
2009-09-18,0.84177,
2009-09-19,.,No value available
2009-09-20,.,No value available
2009-09-21,0.85546,
2009-09-22,0.85158,
2009-09-23,0.77387,
2009-09-24,0.83724,
2009-09-25,0.89343,
2009-09-26,.,No value available
2009-09-27,.,No value available
2009-09-28,0.86564,
2009-09-29,0.86783,
2009-09-30,0.82249,
2009-10-01,0.86955,
2009-10-02,2.66752,
2009-10-03,.,No value available
2009-10-04,.,No value available
2009-10-05,10.78462,
2009-10-06,10.71416,
2009-10-07,10.57901,
2009-10-08,10.87672,
2009-10-09,10.85109,
2009-10-10,.,No value available
2009-10-11,.,No value available
2009-10-12,10.87532,
2009-10-13,11.04297,
2009-10-14,11.11085,
2009-10-15,10.83648,
2009-10-16,10.93094,
2009-10-17,.,No value available
2009-10-18,.,No value available
2009-10-19,11.01211,
2009-10-20,11.07200,
2009-10-21,11.18535,
2009-10-22,11.03805,
2009-10-23,11.01449,
2009-10-24,.,No value available
2009-10-25,.,No value available
2009-10-26,10.80956,
2009-10-27,10.88120,
2009-10-28,10.95321,
2009-10-29,10.86817,
2009-10-30,10.85911,
2009-10-31,.,No value available
2009-11-01,.,No value available
2009-11-02,11.02794,
2009-11-03,10.96560,
2009-11-04,10.75218,
2009-11-05,10.76754,
2009-11-06,10.68711,
2009-11-07,.,No value available
2009-11-08,.,No value available
2009-11-09,10.45575,
2009-11-10,10.73904,
2009-11-11,10.75868,
2009-11-12,11.28237,
2009-11-13,11.17491,
2009-11-14,.,No value available
2009-11-15,.,No value available
2009-11-16,11.13663,
2009-11-17,11.13646,
2009-11-18,11.12855,
2009-11-19,11.06468,
2009-11-20,11.04056,
2009-11-21,.,No value available
2009-11-22,.,No value available
2009-11-23,11.23636,
2009-11-24,11.30621,
2009-11-25,11.47028,
2009-11-26,11.60869,
2009-11-27,11.58498,
2009-11-28,.,No value available
2009-11-29,.,No value available
2009-11-30,11.42208,
2009-12-01,11.22988,
2009-12-02,11.06295,
2009-12-03,11.15646,
2009-12-04,11.17889,
2009-12-05,.,No value available
2009-12-06,.,No value available
2009-12-07,11.24733,
2009-12-08,11.04319,
2009-12-09,11.12776,
2009-12-10,11.16296,
2009-12-11,11.09699,
2009-12-12,.,No value available
2009-12-13,.,No value available
2009-12-14,11.11553,
2009-12-15,10.94500,
2009-12-16,10.79833,
2009-12-17,10.73492,
2009-12-18,10.70098,
2009-12-19,.,No value available
2009-12-20,.,No value available
2009-12-21,10.65661,
2009-12-22,10.27501,
2009-12-23,10.29371,
2009-12-24,.,No value available
2009-12-25,.,No value available
2009-12-26,.,No value available
2009-12-27,.,No value available
2009-12-28,10.09570,
2009-12-29,10.28839,
2009-12-30,10.44532,
2009-12-31,.,No value available
2010-01-01,.,No value available
2010-01-02,.,No value available
2010-01-03,.,No value available
2010-01-04,10.51716,
2010-01-05,10.48109,
2010-01-06,10.40775,
2010-01-07,10.40150,
2010-01-08,10.40827,
2010-01-09,.,No value available
2010-01-10,.,No value available
2010-01-11,10.51316,
2010-01-12,10.54678,
2010-01-13,10.68853,
2010-01-14,10.49960,
2010-01-15,10.44821,
2010-01-16,.,No value available
2010-01-17,.,No value available
2010-01-18,10.41817,
2010-01-19,10.35766,
2010-01-20,10.62204,
2010-01-21,10.61875,
2010-01-22,10.55886,
2010-01-23,.,No value available
2010-01-24,.,No value available
2010-01-25,10.50543,
2010-01-26,10.54706,
2010-01-27,10.62165,
2010-01-28,10.39608,
2010-01-29,10.38895,
2010-01-30,.,No value available
2010-01-31,.,No value available
2010-02-01,10.42974,
2010-02-02,10.35972,
2010-02-03,10.36083,
2010-02-04,10.38821,
2010-02-05,10.73008,
2010-02-06,.,No value available
2010-02-07,.,No value available
2010-02-08,10.12250,
2010-02-09,10.13142,
2010-02-10,8.04291,
2010-02-11,10.14524,
2010-02-12,10.15828,
2010-02-13,.,No value available
2010-02-14,.,No value available
2010-02-15,10.25041,
2010-02-16,10.28293,
2010-02-17,10.40108,
2010-02-18,10.33500,
2010-02-19,9.97430,
2010-02-20,.,No value available
2010-02-21,.,No value available
2010-02-22,10.07925,
2010-02-23,9.93582,
2010-02-24,10.12337,
2010-02-25,10.31310,
2010-02-26,10.19336,
2010-02-27,.,No value available
2010-02-28,.,No value available
2010-03-01,10.16779,
2010-03-02,10.28357,
2010-03-03,10.25638,
2010-03-04,10.36766,
2010-03-05,10.50991,
2010-03-06,.,No value available
2010-03-07,.,No value available
2010-03-08,10.41541,
2010-03-09,10.56124,
2010-03-10,10.56813,
2010-03-11,9.71005,
2010-03-12,10.10963,
2010-03-13,.,No value available
2010-03-14,.,No value available
2010-03-15,10.03024,
2010-03-16,9.84521,
2010-03-17,10.43285,
2010-03-18,10.62908,
2010-03-19,10.61829,
2010-03-20,.,No value available
2010-03-21,.,No value available
2010-03-22,10.66032,
2010-03-23,10.61491,
2010-03-24,10.78983,
2010-03-25,10.38505,
2010-03-26,9.78392,
2010-03-27,.,No value available
2010-03-28,.,No value available
2010-03-29,9.83761,
2010-03-30,10.11238,
2010-03-31,9.04829,
2010-04-01,8.80250,
2010-04-02,.,No value available
2010-04-03,.,No value available
2010-04-04,.,No value available
2010-04-05,.,No value available
2010-04-06,8.23144,
2010-04-07,7.87351,
2010-04-08,8.59423,
2010-04-09,8.19706,
2010-04-10,.,No value available
2010-04-11,.,No value available
2010-04-12,7.81413,
2010-04-13,7.41159,
2010-04-14,7.84841,
2010-04-15,7.51997,
2010-04-16,7.37587,
2010-04-17,.,No value available
2010-04-18,.,No value available
2010-04-19,8.02759,
2010-04-20,1.64499,
2010-04-21,1.70170,
2010-04-22,1.57051,
2010-04-23,1.58254,
2010-04-24,.,No value available
2010-04-25,.,No value available
2010-04-26,1.53416,
2010-04-27,1.60363,
2010-04-28,1.59138,
2010-04-29,1.59679,
2010-04-30,1.52000,
2010-05-01,.,No value available
2010-05-02,.,No value available
2010-05-03,1.63755,
2010-05-04,1.63858,
2010-05-05,1.59050,
2010-05-06,1.60478,
2010-05-07,1.70994,
2010-05-08,.,No value available
2010-05-09,.,No value available
2010-05-10,1.53616,
2010-05-11,1.69792,
2010-05-12,1.70772,
2010-05-13,1.96679,
2010-05-14,2.05202,
2010-05-15,.,No value available
2010-05-16,.,No value available
2010-05-17,1.87981,
2010-05-18,2.07230,
2010-05-19,1.96989,
2010-05-20,2.22693,
2010-05-21,2.11522,
2010-05-22,.,No value available
2010-05-23,.,No value available
2010-05-24,2.25954,
2010-05-25,2.61508,
2010-05-26,2.26650,
2010-05-27,2.31032,
2010-05-28,2.07513,
2010-05-29,.,No value available
2010-05-30,.,No value available
2010-05-31,2.09323,
2010-06-01,2.33534,
2010-06-02,2.10831,
2010-06-03,2.23414,
2010-06-04,2.26648,
2010-06-05,.,No value available
2010-06-06,.,No value available
2010-06-07,2.40573,
2010-06-08,2.22698,
2010-06-09,2.42832,
2010-06-10,2.27714,
2010-06-11,2.29058,
2010-06-12,.,No value available
2010-06-13,.,No value available
2010-06-14,2.28380,
2010-06-15,2.80090,
2010-06-16,2.52988,
2010-06-17,2.35713,
2010-06-18,2.91162,
2010-06-19,.,No value available
2010-06-20,.,No value available
2010-06-21,3.07376,
2010-06-22,2.78869,
2010-06-23,2.91756,
2010-06-24,2.91658,
2010-06-25,2.92918,
2010-06-26,.,No value available
2010-06-27,.,No value available
2010-06-28,3.53964,
2010-06-29,3.55640,
2010-06-30,3.36303,
2010-07-01,3.79628,
2010-07-02,4.00299,
2010-07-03,.,No value available
2010-07-04,.,No value available
2010-07-05,3.92078,
2010-07-06,3.80615,
2010-07-07,3.53946,
2010-07-08,3.57127,
2010-07-09,3.85164,
2010-07-10,.,No value available
2010-07-11,.,No value available
2010-07-12,3.73393,
2010-07-13,3.54423,
2010-07-14,5.04877,
2010-07-15,4.88227,
2010-07-16,4.25868,
2010-07-17,.,No value available
2010-07-18,.,No value available
2010-07-19,0.15422,
2010-07-20,0.14926,
2010-07-21,0.15080,
2010-07-22,0.14301,
2010-07-23,0.13832,
2010-07-24,.,No value available
2010-07-25,.,No value available
2010-07-26,0.12856,
2010-07-27,6.11164,
2010-07-28,6.37412,
2010-07-29,7.08838,
2010-07-30,7.83565,
2010-07-31,.,No value available
2010-08-01,.,No value available
2010-08-02,7.27164,
2010-08-03,7.33480,
2010-08-04,6.82976,
2010-08-05,5.97819,
2010-08-06,5.94713,
2010-08-07,.,No value available
2010-08-08,.,No value available
2010-08-09,6.80453,
2010-08-10,6.99819,
2010-08-11,6.70842,
2010-08-12,7.40867,
2010-08-13,7.66396,
2010-08-14,.,No value available
2010-08-15,.,No value available
2010-08-16,9.14162,
2010-08-17,8.66525,
2010-08-18,7.34518,
2010-08-19,8.35086,
2010-08-20,9.15336,
2010-08-21,.,No value available
2010-08-22,.,No value available
2010-08-23,9.06126,
2010-08-24,9.28814,
2010-08-25,10.14877,
2010-08-26,7.91719,
2010-08-27,6.93011,
2010-08-28,.,No value available
2010-08-29,.,No value available
2010-08-30,6.46029,
2010-08-31,8.66708,
2010-09-01,7.75377,
2010-09-02,10.42180,
2010-09-03,9.02325,
2010-09-04,.,No value available
2010-09-05,.,No value available
2010-09-06,9.08236,
2010-09-07,8.19397,
2010-09-08,8.42662,
2010-09-09,9.13132,
2010-09-10,7.59488,
2010-09-11,.,No value available
2010-09-12,.,No value available
2010-09-13,8.69750,
2010-09-14,2.53404,
2010-09-15,2.30006,
2010-09-16,2.09380,
2010-09-17,2.21859,
2010-09-18,.,No value available
2010-09-19,.,No value available
2010-09-20,2.23352,
2010-09-21,2.46591,
2010-09-22,2.60743,
2010-09-23,2.38484,
2010-09-24,2.35837,
2010-09-25,.,No value available
2010-09-26,.,No value available
2010-09-27,2.37576,
2010-09-28,2.34201,
2010-09-29,2.48490,
2010-09-30,2.71163,
2010-10-01,1.94250,
2010-10-02,.,No value available
2010-10-03,.,No value available
2010-10-04,2.10227,
2010-10-05,2.13940,
2010-10-06,1.99513,
2010-10-07,2.21581,
2010-10-08,2.21861,
2010-10-09,.,No value available
2010-10-10,.,No value available
2010-10-11,2.23714,
2010-10-12,2.37187,
2010-10-13,2.41528,
2010-10-14,2.40052,
2010-10-15,2.41602,
2010-10-16,.,No value available
2010-10-17,.,No value available
2010-10-18,2.53713,
2010-10-19,2.39090,
2010-10-20,2.36014,
2010-10-21,2.34682,
2010-10-22,2.39179,
2010-10-23,.,No value available
2010-10-24,.,No value available
2010-10-25,2.35762,
2010-10-26,2.25077,
2010-10-27,2.20053,
2010-10-28,2.21171,
2010-10-29,2.06458,
2010-10-30,.,No value available
2010-10-31,.,No value available
2010-11-01,10.02004,
2010-11-02,9.95256,
2010-11-03,9.46359,
2010-11-04,9.45364,
2010-11-05,8.99135,
2010-11-06,.,No value available
2010-11-07,.,No value available
2010-11-08,8.96691,
2010-11-09,8.11285,
2010-11-10,8.38980,
2010-11-11,7.29019,
2010-11-12,8.12564,
2010-11-13,.,No value available
2010-11-14,.,No value available
2010-11-15,8.37997,
2010-11-16,7.94478,
2010-11-17,8.56557,
2010-11-18,9.30476,
2010-11-19,9.27954,
2010-11-20,.,No value available
2010-11-21,.,No value available
2010-11-22,8.84633,
2010-11-23,9.31467,
2010-11-24,9.34003,
2010-11-25,8.58935,
2010-11-26,9.27211,
2010-11-27,.,No value available
2010-11-28,.,No value available
2010-11-29,8.18128,
2010-11-30,7.45669,
2010-12-01,8.08470,
2010-12-02,7.85375,
2010-12-03,2.13252,
2010-12-04,.,No value available
2010-12-05,.,No value available
2010-12-06,2.30742,
2010-12-07,2.30841,
2010-12-08,2.00785,
2010-12-09,2.05428,
2010-12-10,2.08337,
2010-12-11,.,No value available
2010-12-12,.,No value available
2010-12-13,2.31448,
2010-12-14,1.94081,
2010-12-15,1.67840,
2010-12-16,1.72610,
2010-12-17,1.75799,
2010-12-18,.,No value available
2010-12-19,.,No value available
2010-12-20,1.75806,
2010-12-21,1.95586,
2010-12-22,2.02010,
2010-12-23,2.02019,
2010-12-24,.,No value available
2010-12-25,.,No value available
2010-12-26,.,No value available
2010-12-27,1.93866,
2010-12-28,1.83138,
2010-12-29,1.94282,
2010-12-30,2.00809,
2010-12-31,.,No value available
2011-01-01,.,No value available
2011-01-02,.,No value available
2011-01-03,1.72470,
2011-01-04,2.07628,
2011-01-05,1.65211,
2011-01-06,1.81399,
2011-01-07,1.86177,
2011-01-08,.,No value available
2011-01-09,.,No value available
2011-01-10,1.81310,
2011-01-11,9.13527,
2011-01-12,9.10161,
2011-01-13,8.97155,
2011-01-14,9.04246,
2011-01-15,.,No value available
2011-01-16,.,No value available
2011-01-17,9.18204,
2011-01-18,9.02284,
2011-01-19,9.15948,
2011-01-20,9.04588,
2011-01-21,9.29436,
2011-01-22,.,No value available
2011-01-23,.,No value available
2011-01-24,9.41293,
2011-01-25,9.49981,
2011-01-26,9.61028,
2011-01-27,1.75484,
2011-01-28,2.15977,
2011-01-29,.,No value available
2011-01-30,.,No value available
2011-01-31,1.92940,
2011-02-01,2.05581,
2011-02-02,2.11730,
2011-02-03,6.16373,
2011-02-04,2.62161,
2011-02-05,.,No value available
2011-02-06,.,No value available
2011-02-07,4.03499,
2011-02-08,2.05213,
2011-02-09,6.49054,
2011-02-10,6.98691,
2011-02-11,6.91338,
2011-02-12,.,No value available
2011-02-13,.,No value available
2011-02-14,6.81577,
2011-02-15,6.90543,
2011-02-16,6.58757,
2011-02-17,6.71758,
2011-02-18,6.50933,
2011-02-19,.,No value available
2011-02-20,.,No value available
2011-02-21,7.01245,
2011-02-22,6.90770,
2011-02-23,7.58763,
2011-02-24,7.74448,
2011-02-25,7.29822,
2011-02-26,.,No value available
2011-02-27,.,No value available
2011-02-28,7.20843,
2011-03-01,7.57179,
2011-03-02,7.75871,
2011-03-03,8.56533,
2011-03-04,8.75570,
2011-03-05,.,No value available
2011-03-06,.,No value available
2011-03-07,10.49172,
2011-03-08,10.63070,
2011-03-09,10.66898,
2011-03-10,10.58643,
2011-03-11,10.54610,
2011-03-12,.,No value available
2011-03-13,.,No value available
2011-03-14,10.32081,
2011-03-15,10.39385,
2011-03-16,9.80620,
2011-03-17,10.06754,
2011-03-18,10.13195,
2011-03-19,.,No value available
2011-03-20,.,No value available
2011-03-21,10.14281,
2011-03-22,10.05123,
2011-03-23,10.73609,
2011-03-24,10.78814,
2011-03-25,11.01209,
2011-03-26,.,No value available
2011-03-27,.,No value available
2011-03-28,10.92048,
2011-03-29,10.80604,
2011-03-30,10.76099,
2011-03-31,10.72192,
2011-04-01,10.64801,
2011-04-02,.,No value available
2011-04-03,.,No value available
2011-04-04,10.72161,
2011-04-05,10.72616,
2011-04-06,10.84645,
2011-04-07,10.69304,
2011-04-08,10.79841,
2011-04-09,.,No value available
2011-04-10,.,No value available
2011-04-11,10.99944,
2011-04-12,10.93918,
2011-04-13,10.84950,
2011-04-14,10.93441,
2011-04-15,10.90706,
2011-04-16,.,No value available
2011-04-17,.,No value available
2011-04-18,11.03958,
2011-04-19,11.20365,
2011-04-20,11.38318,
2011-04-21,11.40921,
2011-04-22,.,No value available
2011-04-23,.,No value available
2011-04-24,.,No value available
2011-04-25,.,No value available
2011-04-26,11.22957,
2011-04-27,11.22306,
2011-04-28,11.40898,
2011-04-29,11.55940,
2011-04-30,.,No value available
2011-05-01,.,No value available
2011-05-02,11.53085,
2011-05-03,11.54753,
2011-05-04,11.97367,
2011-05-05,12.14550,
2011-05-06,11.29337,
2011-05-07,.,No value available
2011-05-08,.,No value available
2011-05-09,11.26239,
2011-05-10,11.34739,
2011-05-11,11.17020,
2011-05-12,11.28046,
2011-05-13,11.22047,
2011-05-14,.,No value available
2011-05-15,.,No value available
2011-05-16,11.45166,
2011-05-17,11.53025,
2011-05-18,11.57636,
2011-05-19,11.47426,
2011-05-20,11.40283,
2011-05-21,.,No value available
2011-05-22,.,No value available
2011-05-23,11.57333,
2011-05-24,11.44420,
2011-05-25,11.22989,
2011-05-26,11.27751,
2011-05-27,11.34643,
2011-05-28,.,No value available
2011-05-29,.,No value available
2011-05-30,11.20083,
2011-05-31,11.27994,
2011-06-01,11.28872,
2011-06-02,11.57856,
2011-06-03,11.65418,
2011-06-04,.,No value available
2011-06-05,.,No value available
2011-06-06,11.62193,
2011-06-07,11.57388,
2011-06-08,11.58047,
2011-06-09,11.53156,
2011-06-10,11.39152,
2011-06-11,.,No value available
2011-06-12,.,No value available
2011-06-13,7.39689,
2011-06-14,7.43275,
2011-06-15,7.48931,
2011-06-16,6.88705,
2011-06-17,7.27922,
2011-06-18,.,No value available
2011-06-19,.,No value available
2011-06-20,7.32595,
2011-06-21,7.41233,
2011-06-22,7.61430,
2011-06-23,7.48509,
2011-06-24,7.01809,
2011-06-25,.,No value available
2011-06-26,.,No value available
2011-06-27,7.32767,
2011-06-28,7.31073,
2011-06-29,7.76442,
2011-06-30,8.28212,
2011-07-01,7.42396,
2011-07-02,.,No value available
2011-07-03,.,No value available
2011-07-04,7.63743,
2011-07-05,7.47546,
2011-07-06,6.80060,
2011-07-07,6.87425,
2011-07-08,6.69986,
2011-07-09,.,No value available
2011-07-10,.,No value available
2011-07-11,6.22921,
2011-07-12,5.88551,
2011-07-13,3.94136,
2011-07-14,5.61548,
2011-07-15,4.99219,
2011-07-16,.,No value available
2011-07-17,.,No value available
2011-07-18,4.11510,
2011-07-19,5.51885,
2011-07-20,6.32340,
2011-07-21,6.29331,
2011-07-22,6.61385,
2011-07-23,.,No value available
2011-07-24,.,No value available
2011-07-25,6.26099,
2011-07-26,6.08274,
2011-07-27,6.08479,
2011-07-28,5.99557,
2011-07-29,6.15813,
2011-07-30,.,No value available
2011-07-31,.,No value available
2011-08-01,6.10404,
2011-08-02,5.63655,
2011-08-03,11.85847,
2011-08-04,11.68410,
2011-08-05,11.47600,
2011-08-06,.,No value available
2011-08-07,.,No value available
2011-08-08,10.75736,
2011-08-09,11.33486,
2011-08-10,11.24782,
2011-08-11,11.37856,
2011-08-12,11.41712,
2011-08-13,.,No value available
2011-08-14,.,No value available
2011-08-15,11.11939,
2011-08-16,11.44788,
2011-08-17,11.75872,
2011-08-18,11.84260,
2011-08-19,12.01728,
2011-08-20,.,No value available
2011-08-21,.,No value available
2011-08-22,11.94281,
2011-08-23,11.85707,
2011-08-24,11.92055,
2011-08-25,12.20614,
2011-08-26,12.20037,
2011-08-27,.,No value available
2011-08-28,.,No value available
2011-08-29,12.13830,
2011-08-30,12.34940,
2011-08-31,12.47693,
2011-09-01,12.51721,
2011-09-02,12.73645,
2011-09-03,.,No value available
2011-09-04,.,No value available
2011-09-05,13.41907,
2011-09-06,14.02433,
2011-09-07,8.03250,
2011-09-08,8.01220,
2011-09-09,7.85561,
2011-09-10,.,No value available
2011-09-11,.,No value available
2011-09-12,6.51272,
2011-09-13,6.59850,
2011-09-14,6.62642,
2011-09-15,7.25671,
2011-09-16,6.90689,
2011-09-17,.,No value available
2011-09-18,.,No value available
2011-09-19,6.44648,
2011-09-20,6.72272,
2011-09-21,6.61055,
2011-09-22,6.66750,
2011-09-23,6.74667,
2011-09-24,.,No value available
2011-09-25,.,No value available
2011-09-26,6.74425,
2011-09-27,8.16095,
2011-09-28,8.30220,
2011-09-29,8.05106,
2011-09-30,8.16520,
2011-10-01,.,No value available
2011-10-02,.,No value available
2011-10-03,8.02515,
2011-10-04,7.81693,
2011-10-05,7.72919,
2011-10-06,7.84782,
2011-10-07,7.92918,
2011-10-08,.,No value available
2011-10-09,.,No value available
2011-10-10,6.36905,
2011-10-11,6.19286,
2011-10-12,6.35243,
2011-10-13,6.31036,
2011-10-14,6.24695,
2011-10-15,.,No value available
2011-10-16,.,No value available
2011-10-17,6.01565,
2011-10-18,6.07633,
2011-10-19,6.02195,
2011-10-20,6.50116,
2011-10-21,6.17380,
2011-10-22,.,No value available
2011-10-23,.,No value available
2011-10-24,6.15414,
2011-10-25,6.06754,
2011-10-26,5.67764,
2011-10-27,5.61252,
2011-10-28,5.82231,
2011-10-29,.,No value available
2011-10-30,.,No value available
2011-10-31,5.58257,
2011-11-01,5.71206,
2011-11-02,5.81244,
2011-11-03,5.72543,
2011-11-04,5.61039,
2011-11-05,.,No value available
2011-11-06,.,No value available
2011-11-07,5.72452,
2011-11-08,5.79337,
2011-11-09,5.79773,
2011-11-10,5.91273,
2011-11-11,5.83296,
2011-11-12,.,No value available
2011-11-13,.,No value available
2011-11-14,5.74797,
2011-11-15,5.61451,
2011-11-16,5.73123,
2011-11-17,5.78194,
2011-11-18,5.54921,
2011-11-19,.,No value available
2011-11-20,.,No value available
2011-11-21,5.49475,
2011-11-22,5.51520,
2011-11-23,5.40991,
2011-11-24,5.61792,
2011-11-25,5.59034,
2011-11-26,.,No value available
2011-11-27,.,No value available
2011-11-28,5.32246,
2011-11-29,5.55080,
2011-11-30,5.48779,
2011-12-01,5.03650,
2011-12-02,4.99164,
2011-12-03,.,No value available
2011-12-04,.,No value available
2011-12-05,4.99275,
2011-12-06,4.89112,
2011-12-07,4.97358,
2011-12-08,5.00016,
2011-12-09,5.06894,
2011-12-10,.,No value available
2011-12-11,.,No value available
2011-12-12,4.83255,
2011-12-13,4.82260,
2011-12-14,4.81126,
2011-12-15,4.84218,
2011-12-16,4.87017,
2011-12-17,.,No value available
2011-12-18,.,No value available
2011-12-19,4.92387,
2011-12-20,4.86148,
2011-12-21,4.91293,
2011-12-22,4.97817,
2011-12-23,5.00858,
2011-12-24,.,No value available
2011-12-25,.,No value available
2011-12-26,.,No value available
2011-12-27,4.89968,
2011-12-28,4.81535,
2011-12-29,4.84251,
2011-12-30,4.91703,
2011-12-31,.,No value available
2012-01-01,.,No value available
2012-01-02,4.96864,
2012-01-03,4.94595,
2012-01-04,4.99533,
2012-01-05,5.00450,
2012-01-06,5.03883,
2012-01-07,.,No value available
2012-01-08,.,No value available
2012-01-09,5.08110,
2012-01-10,4.98298,
2012-01-11,4.99602,
2012-01-12,4.90884,
2012-01-13,4.78979,
2012-01-14,.,No value available
2012-01-15,.,No value available
2012-01-16,4.79899,
2012-01-17,4.79331,
2012-01-18,4.95556,
2012-01-19,4.97093,
2012-01-20,4.96898,
2012-01-21,.,No value available
2012-01-22,.,No value available
2012-01-23,4.80890,
2012-01-24,4.77447,
2012-01-25,4.76150,
2012-01-26,4.76073,
2012-01-27,4.81881,
2012-01-28,.,No value available
2012-01-29,.,No value available
2012-01-30,4.90659,
2012-01-31,4.90606,
2012-02-01,4.82864,
2012-02-02,4.80059,
2012-02-03,4.88573,
2012-02-04,.,No value available
2012-02-05,.,No value available
2012-02-06,4.81714,
2012-02-07,4.75652,
2012-02-08,4.73076,
2012-02-09,4.82215,
2012-02-10,4.83849,
2012-02-11,.,No value available
2012-02-12,.,No value available
2012-02-13,4.87050,
2012-02-14,4.84517,
2012-02-15,4.77885,
2012-02-16,4.74579,
2012-02-17,4.80593,
2012-02-18,.,No value available
2012-02-19,.,No value available
2012-02-20,4.81673,
2012-02-21,4.77288,
2012-02-22,4.78662,
2012-02-23,4.85193,
2012-02-24,4.81876,
2012-02-25,.,No value available
2012-02-26,.,No value available
2012-02-27,4.76753,
2012-02-28,4.77638,
2012-02-29,4.87251,
2012-03-01,4.80319,
2012-03-02,4.79357,
2012-03-03,.,No value available
2012-03-04,.,No value available
2012-03-05,4.84110,
2012-03-06,4.79058,
2012-03-07,4.82035,
2012-03-08,4.73852,
2012-03-09,4.74595,
2012-03-10,.,No value available
2012-03-11,.,No value available
2012-03-12,4.76948,
2012-03-13,4.79141,
2012-03-14,4.76360,
2012-03-15,4.93148,
2012-03-16,4.98474,
2012-03-17,.,No value available
2012-03-18,.,No value available
2012-03-19,5.03540,
2012-03-20,5.00091,
2012-03-21,4.92753,
2012-03-22,4.94476,
2012-03-23,4.88342,
2012-03-24,.,No value available
2012-03-25,.,No value available
2012-03-26,4.84616,
2012-03-27,4.83810,
2012-03-28,4.84469,
2012-03-29,4.89569,
2012-03-30,4.90101,
2012-03-31,.,No value available
2012-04-01,.,No value available
2012-04-02,4.87562,
2012-04-03,4.84690,
2012-04-04,4.79922,
2012-04-05,4.68215,
2012-04-06,.,No value available
2012-04-07,.,No value available
2012-04-08,.,No value available
2012-04-09,.,No value available
2012-04-10,4.75587,
2012-04-11,4.77145,
2012-04-12,4.80752,
2012-04-13,4.85696,
2012-04-14,.,No value available
2012-04-15,.,No value available
2012-04-16,4.89345,
2012-04-17,4.93688,
2012-04-18,4.91239,
2012-04-19,4.97932,
2012-04-20,5.02390,
2012-04-21,.,No value available
2012-04-22,.,No value available
2012-04-23,4.98953,
2012-04-24,5.10605,
2012-04-25,5.06360,
2012-04-26,4.96977,
2012-04-27,4.99286,
2012-04-28,.,No value available
2012-04-29,.,No value available
2012-04-30,4.93510,
2012-05-01,.,No value available
2012-05-02,4.97051,
2012-05-03,5.02641,
2012-05-04,5.04428,
2012-05-05,.,No value available
2012-05-06,.,No value available
2012-05-07,5.05722,
2012-05-08,5.07626,
2012-05-09,5.10558,
2012-05-10,5.05100,
2012-05-11,5.02703,
2012-05-12,.,No value available
2012-05-13,.,No value available
2012-05-14,5.03031,
2012-05-15,5.06135,
2012-05-16,5.09506,
2012-05-17,5.08361,
2012-05-18,5.08778,
2012-05-19,.,No value available
2012-05-20,.,No value available
2012-05-21,5.10436,
2012-05-22,5.07107,
2012-05-23,5.04197,
2012-05-24,4.97336,
2012-05-25,5.07561,
2012-05-26,.,No value available
2012-05-27,.,No value available
2012-05-28,5.04203,
2012-05-29,4.96323,
2012-05-30,4.89710,
2012-05-31,4.99508,
2012-06-01,5.00902,
2012-06-02,.,No value available
2012-06-03,.,No value available
2012-06-04,4.97275,
2012-06-05,5.00930,
2012-06-06,5.03847,
2012-06-07,5.06983,
2012-06-08,5.09304,
2012-06-09,.,No value available
2012-06-10,.,No value available
2012-06-11,5.11083,
2012-06-12,5.23210,
2012-06-13,5.33098,
2012-06-14,5.34314,
2012-06-15,5.27275,
2012-06-16,.,No value available
2012-06-17,.,No value available
2012-06-18,5.01131,
2012-06-19,5.12253,
2012-06-20,5.11796,
2012-06-21,5.20361,
2012-06-22,4.97674,
2012-06-23,.,No value available
2012-06-24,.,No value available
2012-06-25,5.02716,
2012-06-26,5.18323,
2012-06-27,5.25061,
2012-06-28,5.27245,
2012-06-29,5.26936,
2012-06-30,.,No value available
2012-07-01,.,No value available
2012-07-02,5.24935,
2012-07-03,5.35501,
2012-07-04,5.34495,
2012-07-05,5.47304,
2012-07-06,5.39215,
2012-07-07,.,No value available
2012-07-08,.,No value available
2012-07-09,5.46355,
2012-07-10,5.32835,
2012-07-11,5.31770,
2012-07-12,5.35767,
2012-07-13,5.22119,
2012-07-14,.,No value available
2012-07-15,.,No value available
2012-07-16,5.13061,
2012-07-17,5.19414,
2012-07-18,5.16619,
2012-07-19,5.14053,
2012-07-20,5.16073,
2012-07-21,.,No value available
2012-07-22,.,No value available
2012-07-23,5.43744,
2012-07-24,5.20705,
2012-07-25,5.02078,
2012-07-26,5.17416,
2012-07-27,5.00112,
2012-07-28,.,No value available
2012-07-29,.,No value available
2012-07-30,4.49989,
2012-07-31,4.85873,
2012-08-01,4.74975,
2012-08-02,4.71879,
2012-08-03,4.83276,
2012-08-04,.,No value available
2012-08-05,.,No value available
2012-08-06,4.62492,
2012-08-07,4.53451,
2012-08-08,4.50236,
2012-08-09,4.60949,
2012-08-10,4.62313,
2012-08-11,.,No value available
2012-08-12,.,No value available
2012-08-13,4.68008,
2012-08-14,4.65138,
2012-08-15,4.48762,
2012-08-16,4.38452,
2012-08-17,4.25609,
2012-08-18,.,No value available
2012-08-19,.,No value available
2012-08-20,4.31331,
2012-08-21,4.37231,
2012-08-22,4.42977,
2012-08-23,4.65680,
2012-08-24,4.67531,
2012-08-25,.,No value available
2012-08-26,.,No value available
2012-08-27,4.84448,
2012-08-28,4.77897,
2012-08-29,4.55917,
2012-08-30,4.81697,
2012-08-31,4.71873,
2012-09-01,.,No value available
2012-09-02,.,No value available
2012-09-03,4.61042,
2012-09-04,4.53846,
2012-09-05,4.57474,
2012-09-06,4.75294,
2012-09-07,4.87061,
2012-09-08,.,No value available
2012-09-09,.,No value available
2012-09-10,4.97077,
2012-09-11,6.24411,
2012-09-12,5.93929,
2012-09-13,6.10303,
2012-09-14,6.51499,
2012-09-15,.,No value available
2012-09-16,.,No value available
2012-09-17,5.92239,
2012-09-18,7.15297,
2012-09-19,5.57708,
2012-09-20,5.86086,
2012-09-21,4.81427,
2012-09-22,.,No value available
2012-09-23,.,No value available
2012-09-24,4.94934,
2012-09-25,4.97716,
2012-09-26,5.12730,
2012-09-27,5.12906,
2012-09-28,5.20732,
2012-09-29,.,No value available
2012-09-30,.,No value available
2012-10-01,5.05557,
2012-10-02,4.97855,
2012-10-03,4.98840,
2012-10-04,4.88694,
2012-10-05,4.95828,
2012-10-06,.,No value available
2012-10-07,.,No value available
2012-10-08,4.92453,
2012-10-09,4.92453,
2012-10-10,4.92453,
2012-10-11,4.86737,
2012-10-12,4.81164,
2012-10-13,.,No value available
2012-10-14,.,No value available
2012-10-15,4.87657,
2012-10-16,4.88672,
2012-10-17,4.74420,
2012-10-18,4.78094,
2012-10-19,5.94483,
2012-10-20,.,No value available
2012-10-21,.,No value available
2012-10-22,5.94483,
2012-10-23,5.94483,
2012-10-24,6.07967,
2012-10-25,5.96649,
2012-10-26,5.96740,
2012-10-27,.,No value available
2012-10-28,.,No value available
2012-10-29,5.96827,
2012-10-30,5.94558,
2012-10-31,5.89218,
2012-11-01,5.87148,
2012-11-02,5.90426,
2012-11-03,.,No value available
2012-11-04,.,No value available
2012-11-05,5.81654,
2012-11-06,5.84368,
2012-11-07,5.85293,
2012-11-08,6.03906,
2012-11-09,6.24396,
2012-11-10,.,No value available
2012-11-11,.,No value available
2012-11-12,6.21919,
2012-11-13,6.25984,
2012-11-14,6.20777,
2012-11-15,6.35893,
2012-11-16,6.38779,
2012-11-17,.,No value available
2012-11-18,.,No value available
2012-11-19,6.33901,
2012-11-20,6.18188,
2012-11-21,6.17867,
2012-11-22,6.08607,
2012-11-23,6.10286,
2012-11-24,.,No value available
2012-11-25,.,No value available
2012-11-26,6.10286,
2012-11-27,6.12744,
2012-11-28,7.99807,
2012-11-29,6.27332,
2012-11-30,6.46820,
2012-12-01,.,No value available
2012-12-02,.,No value available
2012-12-03,6.44277,
2012-12-04,6.56737,
2012-12-05,6.47863,
2012-12-06,6.67284,
2012-12-07,6.52707,
2012-12-08,.,No value available
2012-12-09,.,No value available
2012-12-10,6.69821,
2012-12-11,6.55401,
2012-12-12,6.39518,
2012-12-13,6.07582,
2012-12-14,6.09402,
2012-12-15,.,No value available
2012-12-16,.,No value available
2012-12-17,5.98714,
2012-12-18,6.05479,
2012-12-19,5.94006,
2012-12-20,6.25030,
2012-12-21,6.10393,
2012-12-22,.,No value available
2012-12-23,.,No value available
2012-12-24,.,No value available
2012-12-25,.,No value available
2012-12-26,.,No value available
2012-12-27,6.41838,
2012-12-28,6.27840,
2012-12-29,.,No value available
2012-12-30,.,No value available
2012-12-31,.,No value available
2013-01-01,.,No value available
2013-01-02,5.95943,
2013-01-03,5.99629,
2013-01-04,5.99026,
2013-01-05,.,No value available
2013-01-06,.,No value available
2013-01-07,6.00530,
2013-01-08,5.91506,
2013-01-09,6.01337,
2013-01-10,5.99549,
2013-01-11,6.02954,
2013-01-12,.,No value available
2013-01-13,.,No value available
2013-01-14,6.22783,
2013-01-15,6.30882,
2013-01-16,7.29449,
2013-01-17,7.55515,
2013-01-18,7.53436,
2013-01-19,.,No value available
2013-01-20,.,No value available
2013-01-21,7.54596,
2013-01-22,7.63204,
2013-01-23,7.54680,
2013-01-24,7.56363,
2013-01-25,7.67574,
2013-01-26,.,No value available
2013-01-27,.,No value available
2013-01-28,7.87320,
2013-01-29,7.86982,
2013-01-30,7.91570,
2013-01-31,7.60604,
2013-02-01,7.54987,
2013-02-02,.,No value available
2013-02-03,.,No value available
2013-02-04,7.44977,
2013-02-05,7.51983,
2013-02-06,7.50833,
2013-02-07,7.53874,
2013-02-08,7.42817,
2013-02-09,.,No value available
2013-02-10,.,No value available
2013-02-11,7.47565,
2013-02-12,7.52953,
2013-02-13,6.51664,
2013-02-14,6.54202,
2013-02-15,6.53577,
2013-02-16,.,No value available
2013-02-17,.,No value available
2013-02-18,6.49953,
2013-02-19,6.59640,
2013-02-20,6.60346,
2013-02-21,7.09155,
2013-02-22,7.13211,
2013-02-23,.,No value available
2013-02-24,.,No value available
2013-02-25,6.63780,
2013-02-26,6.87927,
2013-02-27,6.99910,
2013-02-28,6.94503,
2013-03-01,6.93541,
2013-03-02,.,No value available
2013-03-03,.,No value available
2013-03-04,6.95036,
2013-03-05,6.94787,
2013-03-06,6.90658,
2013-03-07,6.90355,
2013-03-08,6.93872,
2013-03-09,.,No value available
2013-03-10,.,No value available
2013-03-11,6.91177,
2013-03-12,6.99912,
2013-03-13,6.88412,
2013-03-14,6.91146,
2013-03-15,6.97566,
2013-03-16,.,No value available
2013-03-17,.,No value available
2013-03-18,6.95628,
2013-03-19,6.93256,
2013-03-20,6.90493,
2013-03-21,6.94339,
2013-03-22,6.93330,
2013-03-23,.,No value available
2013-03-24,.,No value available
2013-03-25,6.96750,
2013-03-26,7.04296,
2013-03-27,7.01754,
2013-03-28,7.05460,
2013-03-29,.,No value available
2013-03-30,.,No value available
2013-03-31,.,No value available
2013-04-01,.,No value available
2013-04-02,7.17664,
2013-04-03,5.44118,
2013-04-04,5.49973,
2013-04-05,5.50165,
2013-04-06,.,No value available
2013-04-07,.,No value available
2013-04-08,5.49016,
2013-04-09,5.57047,
2013-04-10,7.21940,
2013-04-11,7.27384,
2013-04-12,7.24846,
2013-04-13,.,No value available
2013-04-14,.,No value available
2013-04-15,7.33371,
2013-04-16,7.28418,
2013-04-17,7.28709,
2013-04-18,7.41936,
2013-04-19,7.37174,
2013-04-20,.,No value available
2013-04-21,.,No value available
2013-04-22,7.35347,
2013-04-23,7.38612,
2013-04-24,7.14433,
2013-04-25,7.21990,
2013-04-26,7.29978,
2013-04-27,.,No value available
2013-04-28,.,No value available
2013-04-29,7.32554,
2013-04-30,7.34347,
2013-05-01,.,No value available
2013-05-02,7.35699,
2013-05-03,7.32972,
2013-05-04,.,No value available
2013-05-05,.,No value available
2013-05-06,7.36095,
2013-05-07,7.28713,
2013-05-08,7.32880,
2013-05-09,7.31277,
2013-05-10,7.23331,
2013-05-11,.,No value available
2013-05-12,.,No value available
2013-05-13,7.18875,
2013-05-14,7.19841,
2013-05-15,7.13751,
2013-05-16,7.11373,
2013-05-17,7.10093,
2013-05-18,.,No value available
2013-05-19,.,No value available
2013-05-20,7.03604,
2013-05-21,7.08815,
2013-05-22,7.18636,
2013-05-23,7.08593,
2013-05-24,7.01666,
2013-05-25,.,No value available
2013-05-26,.,No value available
2013-05-27,7.07793,
2013-05-28,7.02429,
2013-05-29,7.10941,
2013-05-30,7.14711,
2013-05-31,7.13920,
2013-06-01,.,No value available
2013-06-02,.,No value available
2013-06-03,7.20390,
2013-06-04,7.22099,
2013-06-05,7.21111,
2013-06-06,7.20541,
2013-06-07,7.35025,
2013-06-08,.,No value available
2013-06-09,.,No value available
2013-06-10,7.42384,
2013-06-11,5.91518,
2013-06-12,5.78418,
2013-06-13,5.77618,
2013-06-14,5.69473,
2013-06-15,.,No value available
2013-06-16,.,No value available
2013-06-17,5.71372,
2013-06-18,5.74918,
2013-06-19,5.82411,
2013-06-20,6.00795,
2013-06-21,5.96994,
2013-06-22,.,No value available
2013-06-23,.,No value available
2013-06-24,5.71193,
2013-06-25,5.46002,
2013-06-26,5.37531,
2013-06-27,5.40962,
2013-06-28,5.41013,
2013-06-29,.,No value available
2013-06-30,.,No value available
2013-07-01,5.43519,
2013-07-02,5.49212,
2013-07-03,5.44192,
2013-07-04,5.50579,
2013-07-05,5.33649,
2013-07-06,.,No value available
2013-07-07,.,No value available
2013-07-08,5.21182,
2013-07-09,5.21896,
2013-07-10,5.21254,
2013-07-11,5.35748,
2013-07-12,5.38279,
2013-07-13,.,No value available
2013-07-14,.,No value available
2013-07-15,5.46081,
2013-07-16,5.40380,
2013-07-17,5.38180,
2013-07-18,5.39585,
2013-07-19,5.38882,
2013-07-20,.,No value available
2013-07-21,.,No value available
2013-07-22,5.42082,
2013-07-23,5.46487,
2013-07-24,5.50569,
2013-07-25,5.38623,
2013-07-26,5.43122,
2013-07-27,.,No value available
2013-07-28,.,No value available
2013-07-29,5.43122,
2013-07-30,5.45170,
2013-07-31,5.40747,
2013-08-01,5.34915,
2013-08-02,5.42629,
2013-08-03,.,No value available
2013-08-04,.,No value available
2013-08-05,5.46224,
2013-08-06,5.39951,
2013-08-07,5.37289,
2013-08-08,5.37289,
2013-08-09,5.37289,
2013-08-10,.,No value available
2013-08-11,.,No value available
2013-08-12,5.36258,
2013-08-13,5.39773,
2013-08-14,5.40791,
2013-08-15,5.42562,
2013-08-16,5.29724,
2013-08-17,.,No value available
2013-08-18,.,No value available
2013-08-19,5.29724,
2013-08-20,5.31320,
2013-08-21,5.17782,
2013-08-22,5.11171,
2013-08-23,5.28663,
2013-08-24,.,No value available
2013-08-25,.,No value available
2013-08-26,5.00758,
2013-08-27,4.30931,
2013-08-28,4.33943,
2013-08-29,4.56816,
2013-08-30,5.23207,
2013-08-31,.,No value available
2013-09-01,.,No value available
2013-09-02,4.53515,
2013-09-03,4.65550,
2013-09-04,5.26237,
2013-09-05,5.21090,
2013-09-06,5.19817,
2013-09-07,.,No value available
2013-09-08,.,No value available
2013-09-09,5.19697,
2013-09-10,5.15225,
2013-09-11,5.09598,
2013-09-12,5.07194,
2013-09-13,5.07591,
2013-09-14,.,No value available
2013-09-15,.,No value available
2013-09-16,5.09613,
2013-09-17,5.13816,
2013-09-18,5.11164,
2013-09-19,5.12685,
2013-09-20,5.13660,
2013-09-21,.,No value available
2013-09-22,.,No value available
2013-09-23,5.08733,
2013-09-24,5.08665,
2013-09-25,5.15268,
2013-09-26,5.17489,
2013-09-27,5.12631,
2013-09-28,.,No value available
2013-09-29,.,No value available
2013-09-30,5.15841,
2013-10-01,5.33265,
2013-10-02,5.30664,
2013-10-03,5.28126,
2013-10-04,5.32982,
2013-10-05,.,No value available
2013-10-06,.,No value available
2013-10-07,5.30327,
2013-10-08,5.33858,
2013-10-09,5.36309,
2013-10-10,5.34933,
2013-10-11,5.29248,
2013-10-12,.,No value available
2013-10-13,.,No value available
2013-10-14,5.28091,
2013-10-15,5.29722,
2013-10-16,5.28790,
2013-10-17,5.32747,
2013-10-18,5.30258,
2013-10-19,.,No value available
2013-10-20,.,No value available
2013-10-21,5.34900,
2013-10-22,5.32888,
2013-10-23,5.31489,
2013-10-24,5.35171,
2013-10-25,5.39128,
2013-10-26,.,No value available
2013-10-27,.,No value available
2013-10-28,5.42872,
2013-10-29,5.41579,
2013-10-30,5.37711,
2013-10-31,5.35617,
2013-11-01,5.23034,
2013-11-02,.,No value available
2013-11-03,.,No value available
2013-11-04,5.22824,
2013-11-05,5.29979,
2013-11-06,5.28479,
2013-11-07,5.26359,
2013-11-08,5.21723,
2013-11-09,.,No value available
2013-11-10,.,No value available
2013-11-11,5.12724,
2013-11-12,5.08506,
2013-11-13,5.10164,
2013-11-14,5.14006,
2013-11-15,5.17247,
2013-11-16,.,No value available
2013-11-17,.,No value available
2013-11-18,5.18954,
2013-11-19,5.18954,
2013-11-20,5.14650,
2013-11-21,5.09323,
2013-11-22,5.08179,
2013-11-23,.,No value available
2013-11-24,.,No value available
2013-11-25,5.12106,
2013-11-26,5.12106,
2013-11-27,5.16808,
2013-11-28,5.17267,
2013-11-29,5.13506,
2013-11-30,.,No value available
2013-12-01,.,No value available
2013-12-02,5.08159,
2013-12-03,5.05529,
2013-12-04,5.05529,
2013-12-05,5.06977,
2013-12-06,5.14026,
2013-12-07,.,No value available
2013-12-08,.,No value available
2013-12-09,5.14026,
2013-12-10,5.16865,
2013-12-11,5.16865,
2013-12-12,5.16865,
2013-12-13,5.10349,
2013-12-14,.,No value available
2013-12-15,.,No value available
2013-12-16,5.10349,
2013-12-17,5.10349,
2013-12-18,5.01751,
2013-12-19,4.94622,
2013-12-20,4.16637,
2013-12-21,.,No value available
2013-12-22,.,No value available
2013-12-23,4.17250,
2013-12-24,.,No value available
2013-12-25,.,No value available
2013-12-26,.,No value available
2013-12-27,4.13156,
2013-12-28,.,No value available
2013-12-29,.,No value available
2013-12-30,3.43549,
2013-12-31,.,No value available
2014-01-01,.,No value available
2014-01-02,3.36290,
2014-01-03,3.52422,
2014-01-04,.,No value available
2014-01-05,.,No value available
2014-01-06,3.74184,
2014-01-07,4.16608,
2014-01-08,4.13635,
2014-01-09,3.83420,
2014-01-10,3.76678,
2014-01-11,.,No value available
2014-01-12,.,No value available
2014-01-13,4.08553,
2014-01-14,4.46706,
2014-01-15,4.47466,
2014-01-16,4.67930,
2014-01-17,4.96219,
2014-01-18,.,No value available
2014-01-19,.,No value available
2014-01-20,4.90240,
2014-01-21,4.90240,
2014-01-22,4.90240,
2014-01-23,4.90240,
2014-01-24,5.03674,
2014-01-25,.,No value available
2014-01-26,.,No value available
2014-01-27,5.03674,
2014-01-28,4.91553,
2014-01-29,4.68717,
2014-01-30,4.88467,
2014-01-31,4.92369,
2014-02-01,.,No value available
2014-02-02,.,No value available
2014-02-03,4.92369,
2014-02-04,5.02961,
2014-02-05,4.94695,
2014-02-06,5.16450,
2014-02-07,5.16450,
2014-02-08,.,No value available
2014-02-09,.,No value available
2014-02-10,5.16450,
2014-02-11,5.16450,
2014-02-12,4.92416,
2014-02-13,4.99997,
2014-02-14,4.99997,
2014-02-15,.,No value available
2014-02-16,.,No value available
2014-02-17,5.08022,
2014-02-18,5.03791,
2014-02-19,5.13730,
2014-02-20,7.29613,
2014-02-21,7.29613,
2014-02-22,.,No value available
2014-02-23,.,No value available
2014-02-24,7.29613,
2014-02-25,6.91867,
2014-02-26,6.22316,
2014-02-27,6.34932,
2014-02-28,6.45131,
2014-03-01,.,No value available
2014-03-02,.,No value available
2014-03-03,6.39617,
2014-03-04,6.38488,
2014-03-05,6.31068,
2014-03-06,6.30914,
2014-03-07,6.46304,
2014-03-08,.,No value available
2014-03-09,.,No value available
2014-03-10,6.61667,
2014-03-11,6.51232,
2014-03-12,6.56344,
2014-03-13,6.65059,
2014-03-14,6.68283,
2014-03-15,.,No value available
2014-03-16,.,No value available
2014-03-17,6.77055,
2014-03-18,6.66533,
2014-03-19,6.64372,
2014-03-20,6.41622,
2014-03-21,6.59732,
2014-03-22,.,No value available
2014-03-23,.,No value available
2014-03-24,6.44956,
2014-03-25,6.60299,
2014-03-26,6.60636,
2014-03-27,6.74999,
2014-03-28,6.56609,
2014-03-29,.,No value available
2014-03-30,.,No value available
2014-03-31,6.58910,
2014-04-01,6.47557,
2014-04-02,6.38252,
2014-04-03,6.37182,
2014-04-04,6.52914,
2014-04-05,.,No value available
2014-04-06,.,No value available
2014-04-07,6.71856,
2014-04-08,6.76392,
2014-04-09,6.50963,
2014-04-10,6.70671,
2014-04-11,5.26647,
2014-04-12,.,No value available
2014-04-13,.,No value available
2014-04-14,5.24989,
2014-04-15,5.21614,
2014-04-16,5.20650,
2014-04-17,5.27887,
2014-04-18,.,No value available
2014-04-19,.,No value available
2014-04-20,.,No value available
2014-04-21,.,No value available
2014-04-22,5.34620,
2014-04-23,5.29170,
2014-04-24,5.37862,
2014-04-25,5.30434,
2014-04-26,.,No value available
2014-04-27,.,No value available
2014-04-28,5.30654,
2014-04-29,5.22636,
2014-04-30,5.24104,
2014-05-01,.,No value available
2014-05-02,5.22379,
2014-05-03,.,No value available
2014-05-04,.,No value available
2014-05-05,5.15121,
2014-05-06,5.21883,
2014-05-07,5.21876,
2014-05-08,5.24387,
2014-05-09,5.14917,
2014-05-10,.,No value available
2014-05-11,.,No value available
2014-05-12,5.27847,
2014-05-13,5.26527,
2014-05-14,5.27948,
2014-05-15,5.45100,
2014-05-16,5.46372,
2014-05-17,.,No value available
2014-05-18,.,No value available
2014-05-19,5.44388,
2014-05-20,5.42493,
2014-05-21,5.32850,
2014-05-22,5.29692,
2014-05-23,5.26506,
2014-05-24,.,No value available
2014-05-25,.,No value available
2014-05-26,5.26621,
2014-05-27,5.27440,
2014-05-28,5.35909,
2014-05-29,5.50175,
2014-05-30,5.51725,
2014-05-31,.,No value available
2014-06-01,.,No value available
2014-06-02,5.52728,
2014-06-03,5.51816,
2014-06-04,5.43065,
2014-06-05,5.43525,
2014-06-06,5.53172,
2014-06-07,.,No value available
2014-06-08,.,No value available
2014-06-09,5.58357,
2014-06-10,5.58273,
2014-06-11,5.51390,
2014-06-12,5.51769,
2014-06-13,5.59998,
2014-06-14,.,No value available
2014-06-15,.,No value available
2014-06-16,5.57813,
2014-06-17,5.61002,
2014-06-18,5.56066,
2014-06-19,5.60519,
2014-06-20,5.61330,
2014-06-21,.,No value available
2014-06-22,.,No value available
2014-06-23,5.63262,
2014-06-24,5.66554,
2014-06-25,5.65802,
2014-06-26,5.71541,
2014-06-27,5.74731,
2014-06-28,.,No value available
2014-06-29,.,No value available
2014-06-30,5.77017,
2014-07-01,5.68955,
2014-07-02,5.70227,
2014-07-03,5.64453,
2014-07-04,5.67067,
2014-07-05,.,No value available
2014-07-06,.,No value available
2014-07-07,5.70374,
2014-07-08,5.72062,
2014-07-09,5.69671,
2014-07-10,5.74360,
2014-07-11,5.70346,
2014-07-12,.,No value available
2014-07-13,.,No value available
2014-07-14,5.72230,
2014-07-15,5.73279,
2014-07-16,5.71153,
2014-07-17,5.78137,
2014-07-18,5.84202,
2014-07-19,.,No value available
2014-07-20,.,No value available
2014-07-21,5.81629,
2014-07-22,5.87629,
2014-07-23,5.84248,
2014-07-24,5.83494,
2014-07-25,5.83255,
2014-07-26,.,No value available
2014-07-27,.,No value available
2014-07-28,5.87980,
2014-07-29,5.90008,
2014-07-30,5.89820,
2014-07-31,5.87688,
2014-08-01,5.84108,
2014-08-02,.,No value available
2014-08-03,.,No value available
2014-08-04,5.91117,
2014-08-05,5.85323,
2014-08-06,5.87003,
2014-08-07,5.86249,
2014-08-08,7.58115,
2014-08-09,.,No value available
2014-08-10,.,No value available
2014-08-11,7.58741,
2014-08-12,7.62330,
2014-08-13,7.62877,
2014-08-14,7.65283,
2014-08-15,7.63965,
2014-08-16,.,No value available
2014-08-17,.,No value available
2014-08-18,7.63770,
2014-08-19,7.59367,
2014-08-20,7.59304,
2014-08-21,7.54852,
2014-08-22,7.58298,
2014-08-23,.,No value available
2014-08-24,.,No value available
2014-08-25,7.63796,
2014-08-26,7.65525,
2014-08-27,7.70498,
2014-08-28,7.75480,
2014-08-29,7.80643,
2014-08-30,.,No value available
2014-08-31,.,No value available
2014-09-01,7.74962,
2014-09-02,7.79150,
2014-09-03,7.77785,
2014-09-04,7.81459,
2014-09-05,7.88084,
2014-09-06,.,No value available
2014-09-07,.,No value available
2014-09-08,7.86902,
2014-09-09,7.87599,
2014-09-10,7.78091,
2014-09-11,7.80400,
2014-09-12,7.72116,
2014-09-13,.,No value available
2014-09-14,.,No value available
2014-09-15,7.68922,
2014-09-16,7.77234,
2014-09-17,7.79957,
2014-09-18,7.71320,
2014-09-19,7.75478,
2014-09-20,.,No value available
2014-09-21,.,No value available
2014-09-22,7.87613,
2014-09-23,7.80746,
2014-09-24,7.74953,
2014-09-25,7.83778,
2014-09-26,7.88104,
2014-09-27,.,No value available
2014-09-28,.,No value available
2014-09-29,7.74299,
2014-09-30,7.78930,
2014-10-01,7.75154,
2014-10-02,7.81946,
2014-10-03,.,No value available
2014-10-04,.,No value available
2014-10-05,.,No value available
2014-10-06,7.79820,
2014-10-07,7.83752,
2014-10-08,7.87859,
2014-10-09,7.94440,
2014-10-10,7.92844,
2014-10-11,.,No value available
2014-10-12,.,No value available
2014-10-13,8.00196,
2014-10-14,8.09155,
2014-10-15,1.85067,
2014-10-16,1.85635,
2014-10-17,1.85282,
2014-10-18,.,No value available
2014-10-19,.,No value available
2014-10-20,1.89352,
2014-10-21,1.66571,
2014-10-22,1.67443,
2014-10-23,1.65064,
2014-10-24,1.65388,
2014-10-25,.,No value available
2014-10-26,.,No value available
2014-10-27,1.65170,
2014-10-28,1.64921,
2014-10-29,1.66524,
2014-10-30,1.63145,
2014-10-31,1.64856,
2014-11-01,.,No value available
2014-11-02,.,No value available
2014-11-03,1.62123,
2014-11-04,1.64880,
2014-11-05,1.66283,
2014-11-06,1.66573,
2014-11-07,1.66637,
2014-11-08,.,No value available
2014-11-09,.,No value available
2014-11-10,1.65761,
2014-11-11,1.66022,
2014-11-12,1.67054,
2014-11-13,1.67024,
2014-11-14,1.86222,
2014-11-15,.,No value available
2014-11-16,.,No value available
2014-11-17,1.87642,
2014-11-18,1.87593,
2014-11-19,1.87834,
2014-11-20,1.90450,
2014-11-21,1.90061,
2014-11-22,.,No value available
2014-11-23,.,No value available
2014-11-24,1.90847,
2014-11-25,1.95043,
2014-11-26,1.95063,
2014-11-27,1.95429,
2014-11-28,1.96866,
2014-11-29,.,No value available
2014-11-30,.,No value available
2014-12-01,1.97822,
2014-12-02,1.97511,
2014-12-03,1.96634,
2014-12-04,1.75388,
2014-12-05,1.73007,
2014-12-06,.,No value available
2014-12-07,.,No value available
2014-12-08,1.75440,
2014-12-09,1.79789,
2014-12-10,1.75367,
2014-12-11,1.76740,
2014-12-12,1.78322,
2014-12-13,.,No value available
2014-12-14,.,No value available
2014-12-15,1.79989,
2014-12-16,1.80993,
2014-12-17,1.85664,
2014-12-18,1.87160,
2014-12-19,1.85469,
2014-12-20,.,No value available
2014-12-21,.,No value available
2014-12-22,1.86907,
2014-12-23,1.87016,
2014-12-24,.,No value available
2014-12-25,.,No value available
2014-12-26,.,No value available
2014-12-27,.,No value available
2014-12-28,.,No value available
2014-12-29,1.83665,
2014-12-30,1.82970,
2014-12-31,.,No value available
2015-01-01,.,No value available
2015-01-02,2.03720,
2015-01-03,.,No value available
2015-01-04,.,No value available
2015-01-05,2.11719,
2015-01-06,2.08168,
2015-01-07,2.09168,
2015-01-08,2.09736,
2015-01-09,2.01846,
2015-01-10,.,No value available
2015-01-11,.,No value available
2015-01-12,2.13607,
2015-01-13,2.11508,
2015-01-14,2.04046,
2015-01-15,2.16326,
2015-01-16,2.02768,
2015-01-17,.,No value available
2015-01-18,.,No value available
2015-01-19,2.05159,
2015-01-20,2.06289,
2015-01-21,2.11490,
2015-01-22,2.02983,
2015-01-23,2.14904,
2015-01-24,.,No value available
2015-01-25,.,No value available
2015-01-26,2.29205,
2015-01-27,2.35440,
2015-01-28,2.35440,
2015-01-29,2.17275,
2015-01-30,2.19592,
2015-01-31,.,No value available
2015-02-01,.,No value available
2015-02-02,2.11188,
2015-02-03,2.25077,
2015-02-04,0.42850,
2015-02-05,0.38194,
2015-02-06,0.36800,
2015-02-07,.,No value available
2015-02-08,.,No value available
2015-02-09,0.36967,
2015-02-10,0.36207,
2015-02-11,0.36207,
2015-02-12,0.36207,
2015-02-13,0.42814,
2015-02-14,.,No value available
2015-02-15,.,No value available
2015-02-16,0.43239,
2015-02-17,0.43239,
2015-02-18,0.45621,
2015-02-19,0.44597,
2015-02-20,0.44094,
2015-02-21,.,No value available
2015-02-22,.,No value available
2015-02-23,0.44746,
2015-02-24,0.46390,
2015-02-25,6.10075,
2015-02-26,7.97139,
2015-02-27,7.88265,
2015-02-28,.,No value available
2015-03-01,.,No value available
2015-03-02,8.06661,
2015-03-03,8.08337,
2015-03-04,7.87426,
2015-03-05,7.87610,
2015-03-06,7.74641,
2015-03-07,.,No value available
2015-03-08,.,No value available
2015-03-09,7.82776,
2015-03-10,8.58506,
2015-03-11,11.16034,
2015-03-12,8.77579,
2015-03-13,2.47625,
2015-03-14,.,No value available
2015-03-15,.,No value available
2015-03-16,2.41267,
2015-03-17,2.12930,
2015-03-18,2.06854,
2015-03-19,2.05847,
2015-03-20,2.46462,
2015-03-21,.,No value available
2015-03-22,.,No value available
2015-03-23,2.10592,
2015-03-24,2.06805,
2015-03-25,2.06805,
2015-03-26,2.02030,
2015-03-27,1.92781,
2015-03-28,.,No value available
2015-03-29,.,No value available
2015-03-30,2.01202,
2015-03-31,1.95895,
2015-04-01,2.08174,
2015-04-02,2.08174,
2015-04-03,.,No value available
2015-04-04,.,No value available
2015-04-05,.,No value available
2015-04-06,.,No value available
2015-04-07,2.11476,
2015-04-08,2.15843,
2015-04-09,2.89841,
2015-04-10,2.89841,
2015-04-11,.,No value available
2015-04-12,.,No value available
2015-04-13,2.90422,
2015-04-14,2.92789,
2015-04-15,2.83257,
2015-04-16,12.25583,
2015-04-17,10.18697,
2015-04-18,.,No value available
2015-04-19,.,No value available
2015-04-20,10.18697,
2015-04-21,10.18697,
2015-04-22,8.55319,
2015-04-23,10.24276,
2015-04-24,10.63029,
2015-04-25,.,No value available
2015-04-26,.,No value available
2015-04-27,10.79609,
2015-04-28,3.58596,
2015-04-29,3.71177,
2015-04-30,3.29526,
2015-05-01,.,No value available
2015-05-02,.,No value available
2015-05-03,.,No value available
2015-05-04,3.40544,
2015-05-05,3.03323,
2015-05-06,2.83844,
2015-05-07,6.12462,
2015-05-08,5.24789,
2015-05-09,.,No value available
2015-05-10,.,No value available
2015-05-11,6.40254,
2015-05-12,5.09948,
2015-05-13,5.49729,
2015-05-14,6.74827,
2015-05-15,6.87325,
2015-05-16,.,No value available
2015-05-17,.,No value available
2015-05-18,6.87325,
2015-05-19,7.09848,
2015-05-20,6.11712,
2015-05-21,5.81002,
2015-05-22,6.09977,
2015-05-23,.,No value available
2015-05-24,.,No value available
2015-05-25,.,No value available
2015-05-26,7.32838,
2015-05-27,7.14803,
2015-05-28,6.59989,
2015-05-29,6.48595,
2015-05-30,.,No value available
2015-05-31,.,No value available
2015-06-01,6.83862,
2015-06-02,5.85800,
2015-06-03,5.97823,
2015-06-04,6.18890,
2015-06-05,5.34124,
2015-06-06,.,No value available
2015-06-07,.,No value available
2015-06-08,5.75249,
2015-06-09,6.86446,
2015-06-10,5.98895,
2015-06-11,5.87130,
2015-06-12,5.82606,
2015-06-13,.,No value available
2015-06-14,.,No value available
2015-06-15,5.75956,
2015-06-16,5.85727,
2015-06-17,5.83028,
2015-06-18,6.14878,
2015-06-19,5.83295,
2015-06-20,.,No value available
2015-06-21,.,No value available
2015-06-22,4.80103,
2015-06-23,5.26075,
2015-06-24,5.41094,
2015-06-25,5.43083,
2015-06-26,5.52395,
2015-06-27,.,No value available
2015-06-28,.,No value available
2015-06-29,5.50694,
2015-06-30,5.64995,
2015-07-01,4.53318,
2015-07-02,5.05325,
2015-07-03,5.13860,
2015-07-04,.,No value available
2015-07-05,.,No value available
2015-07-06,5.61658,
2015-07-07,5.57220,
2015-07-08,5.42337,
2015-07-09,5.23331,
2015-07-10,5.05485,
2015-07-11,.,No value available
2015-07-12,.,No value available
2015-07-13,5.24222,
2015-07-14,5.30473,
2015-07-15,5.30523,
2015-07-16,5.57298,
2015-07-17,5.49680,
2015-07-18,.,No value available
2015-07-19,.,No value available
2015-07-20,5.42865,
2015-07-21,5.42249,
2015-07-22,4.84712,
2015-07-23,5.44730,
2015-07-24,5.52177,
2015-07-25,.,No value available
2015-07-26,.,No value available
2015-07-27,5.56437,
2015-07-28,4.75387,
2015-07-29,4.96157,
2015-07-30,5.34719,
2015-07-31,4.78797,
2015-08-01,.,No value available
2015-08-02,.,No value available
2015-08-03,5.12912,
2015-08-04,5.37028,
2015-08-05,5.39513,
2015-08-06,5.12756,
2015-08-07,5.37494,
2015-08-08,.,No value available
2015-08-09,.,No value available
2015-08-10,5.46361,
2015-08-11,5.47632,
2015-08-12,4.53596,
2015-08-13,5.48129,
2015-08-14,5.48129,
2015-08-15,.,No value available
2015-08-16,.,No value available
2015-08-17,5.60759,
2015-08-18,5.85165,
2015-08-19,6.81085,
2015-08-20,7.14951,
2015-08-21,7.24583,
2015-08-22,.,No value available
2015-08-23,.,No value available
2015-08-24,7.24477,
2015-08-25,9.78553,
2015-08-26,8.04514,
2015-08-27,8.38679,
2015-08-28,8.49736,
2015-08-29,.,No value available
2015-08-30,.,No value available
2015-08-31,8.49736,
2015-09-01,7.12992,
2015-09-02,6.62532,
2015-09-03,6.49355,
2015-09-04,6.83575,
2015-09-05,.,No value available
2015-09-06,.,No value available
2015-09-07,7.14419,
2015-09-08,7.64353,
2015-09-09,7.60936,
2015-09-10,7.63835,
2015-09-11,7.78762,
2015-09-12,.,No value available
2015-09-13,.,No value available
2015-09-14,7.67091,
2015-09-15,7.62637,
2015-09-16,7.46067,
2015-09-17,7.53762,
2015-09-18,7.49971,
2015-09-19,.,No value available
2015-09-20,.,No value available
2015-09-21,7.49971,
2015-09-22,7.57837,
2015-09-23,7.56021,
2015-09-24,7.53329,
2015-09-25,7.56426,
2015-09-26,.,No value available
2015-09-27,.,No value available
2015-09-28,7.54068,
2015-09-29,7.56905,
2015-09-30,7.61921,
2015-10-01,7.84001,
2015-10-02,7.62744,
2015-10-03,.,No value available
2015-10-04,.,No value available
2015-10-05,7.67083,
2015-10-06,7.68773,
2015-10-07,7.67941,
2015-10-08,7.66485,
2015-10-09,7.71051,
2015-10-10,.,No value available
2015-10-11,.,No value available
2015-10-12,7.71051,
2015-10-13,7.70281,
2015-10-14,7.76490,
2015-10-15,7.77216,
2015-10-16,7.81951,
2015-10-17,.,No value available
2015-10-18,.,No value available
2015-10-19,7.69277,
2015-10-20,7.73708,
2015-10-21,7.76190,
2015-10-22,7.69199,
2015-10-23,7.58819,
2015-10-24,.,No value available
2015-10-25,.,No value available
2015-10-26,7.48619,
2015-10-27,7.67978,
2015-10-28,7.39984,
2015-10-29,7.42609,
2015-10-30,9.05896,
2015-10-31,.,No value available
2015-11-01,.,No value available
2015-11-02,7.62335,
2015-11-03,7.44014,
2015-11-04,7.63677,
2015-11-05,7.37184,
2015-11-06,7.56927,
2015-11-07,.,No value available
2015-11-08,.,No value available
2015-11-09,7.84418,
2015-11-10,9.34939,
2015-11-11,7.58504,
2015-11-12,9.38970,
2015-11-13,8.46677,
2015-11-14,.,No value available
2015-11-15,.,No value available
2015-11-16,8.46677,
2015-11-17,7.74442,
2015-11-18,7.73623,
2015-11-19,7.83628,
2015-11-20,7.92264,
2015-11-21,.,No value available
2015-11-22,.,No value available
2015-11-23,8.87346,
2015-11-24,8.12885,
2015-11-25,8.20685,
2015-11-26,8.05227,
2015-11-27,7.71144,
2015-11-28,.,No value available
2015-11-29,.,No value available
2015-11-30,7.42196,
2015-12-01,7.53429,
2015-12-02,7.53218,
2015-12-03,7.44000,
2015-12-04,7.62403,
2015-12-05,.,No value available
2015-12-06,.,No value available
2015-12-07,7.56696,
2015-12-08,7.61602,
2015-12-09,7.46222,
2015-12-10,7.49081,
2015-12-11,7.49423,
2015-12-12,.,No value available
2015-12-13,.,No value available
2015-12-14,7.33543,
2015-12-15,7.35190,
2015-12-16,7.18240,
2015-12-17,7.24051,
2015-12-18,7.21149,
2015-12-19,.,No value available
2015-12-20,.,No value available
2015-12-21,7.23034,
2015-12-22,7.51455,
2015-12-23,7.49051,
2015-12-24,.,No value available
2015-12-25,.,No value available
2015-12-26,.,No value available
2015-12-27,.,No value available
2015-12-28,7.57529,
2015-12-29,7.97995,
2015-12-30,7.76139,
2015-12-31,.,No value available
2016-01-01,.,No value available
2016-01-02,.,No value available
2016-01-03,.,No value available
2016-01-04,7.70281,
2016-01-05,7.79470,
2016-01-06,7.61012,
2016-01-07,7.58701,
2016-01-08,7.62134,
2016-01-09,.,No value available
2016-01-10,.,No value available
2016-01-11,7.54795,
2016-01-12,8.06148,
2016-01-13,7.39225,
2016-01-14,8.30734,
2016-01-15,8.24184,
2016-01-16,.,No value available
2016-01-17,.,No value available
2016-01-18,8.14760,
2016-01-19,7.71903,
2016-01-20,7.42656,
2016-01-21,7.34515,
2016-01-22,7.30155,
2016-01-23,.,No value available
2016-01-24,.,No value available
2016-01-25,7.31511,
2016-01-26,7.36650,
2016-01-27,7.23970,
2016-01-28,6.12207,
2016-01-29,6.07779,
2016-01-30,.,No value available
2016-01-31,.,No value available
2016-02-01,6.14147,
2016-02-02,6.18846,
2016-02-03,6.07200,
2016-02-04,6.07200,
2016-02-05,6.07200,
2016-02-06,.,No value available
2016-02-07,.,No value available
2016-02-08,6.16085,
2016-02-09,5.45976,
2016-02-10,7.86209,
2016-02-11,7.30125,
2016-02-12,6.97213,
2016-02-13,.,No value available
2016-02-14,.,No value available
2016-02-15,7.06776,
2016-02-16,7.17342,
2016-02-17,7.17342,
2016-02-18,7.17342,
2016-02-19,7.18762,
2016-02-20,.,No value available
2016-02-21,.,No value available
2016-02-22,7.07640,
2016-02-23,7.16271,
2016-02-24,7.08865,
2016-02-25,7.23110,
2016-02-26,7.13419,
2016-02-27,.,No value available
2016-02-28,.,No value available
2016-02-29,7.29171,
2016-03-01,7.29207,
2016-03-02,7.29013,
2016-03-03,7.23525,
2016-03-04,7.30859,
2016-03-05,.,No value available
2016-03-06,.,No value available
2016-03-07,7.29130,
2016-03-08,6.22669,
2016-03-09,6.32557,
2016-03-10,6.20596,
2016-03-11,6.73020,
2016-03-12,.,No value available
2016-03-13,.,No value available
2016-03-14,6.57022,
2016-03-15,6.59356,
2016-03-16,6.59226,
2016-03-17,6.75556,
2016-03-18,6.62882,
2016-03-19,.,No value available
2016-03-20,.,No value available
2016-03-21,6.63257,
2016-03-22,6.61143,
2016-03-23,6.59160,
2016-03-24,6.51055,
2016-03-25,.,No value available
2016-03-26,.,No value available
2016-03-27,.,No value available
2016-03-28,.,No value available
2016-03-29,6.58836,
2016-03-30,6.67643,
2016-03-31,6.64137,
2016-04-01,6.53163,
2016-04-02,.,No value available
2016-04-03,.,No value available
2016-04-04,2.52893,
2016-04-05,2.54989,
2016-04-06,1.73478,
2016-04-07,1.74979,
2016-04-08,1.76339,
2016-04-09,.,No value available
2016-04-10,.,No value available
2016-04-11,1.78112,
2016-04-12,1.65361,
2016-04-13,1.68466,
2016-04-14,1.75334,
2016-04-15,1.75368,
2016-04-16,.,No value available
2016-04-17,.,No value available
2016-04-18,1.75024,
2016-04-19,1.73417,
2016-04-20,1.74251,
2016-04-21,1.75653,
2016-04-22,1.72570,
2016-04-23,.,No value available
2016-04-24,.,No value available
2016-04-25,1.74882,
2016-04-26,1.72768,
2016-04-27,1.71212,
2016-04-28,1.77216,
2016-04-29,1.77300,
2016-04-30,.,No value available
2016-05-01,.,No value available
2016-05-02,1.72333,
2016-05-03,1.75032,
2016-05-04,1.77532,
2016-05-05,1.72732,
2016-05-06,1.51310,
2016-05-07,.,No value available
2016-05-08,.,No value available
2016-05-09,1.51310,
2016-05-10,1.71281,
2016-05-11,1.76844,
2016-05-12,1.75003,
2016-05-13,1.68589,
2016-05-14,.,No value available
2016-05-15,.,No value available
2016-05-16,.,No value available
2016-05-17,1.71002,
2016-05-18,1.82073,
2016-05-19,1.74139,
2016-05-20,1.75866,
2016-05-21,.,No value available
2016-05-22,.,No value available
2016-05-23,1.44118,
2016-05-24,1.69034,
2016-05-25,1.69034,
2016-05-26,1.81398,
2016-05-27,1.80999,
2016-05-28,.,No value available
2016-05-29,.,No value available
2016-05-30,1.80138,
2016-05-31,1.80138,
2016-06-01,1.84589,
2016-06-02,1.81160,
2016-06-03,1.65425,
2016-06-04,.,No value available
2016-06-05,.,No value available
2016-06-06,1.69674,
2016-06-07,1.69674,
2016-06-08,1.62510,
2016-06-09,1.40675,
2016-06-10,1.43618,
2016-06-11,.,No value available
2016-06-12,.,No value available
2016-06-13,1.34757,
2016-06-14,1.29109,
2016-06-15,1.32401,
2016-06-16,1.59806,
2016-06-17,1.64483,
2016-06-18,.,No value available
2016-06-19,.,No value available
2016-06-20,1.14481,
2016-06-21,1.44604,
2016-06-22,1.77065,
2016-06-23,1.77282,
2016-06-24,1.73072,
2016-06-25,.,No value available
2016-06-26,.,No value available
2016-06-27,1.78412,
2016-06-28,1.69922,
2016-06-29,1.78054,
2016-06-30,1.80380,
2016-07-01,1.82034,
2016-07-02,.,No value available
2016-07-03,.,No value available
2016-07-04,1.64169,
2016-07-05,1.82788,
2016-07-06,1.74191,
2016-07-07,1.74757,
2016-07-08,1.73965,
2016-07-09,.,No value available
2016-07-10,.,No value available
2016-07-11,1.59516,
2016-07-12,1.63804,
2016-07-13,1.67790,
2016-07-14,1.73956,
2016-07-15,1.73304,
2016-07-16,.,No value available
2016-07-17,.,No value available
2016-07-18,1.66765,
2016-07-19,1.76405,
2016-07-20,1.76414,
2016-07-21,1.74293,
2016-07-22,1.78621,
2016-07-23,.,No value available
2016-07-24,.,No value available
2016-07-25,1.74766,
2016-07-26,1.75135,
2016-07-27,1.70855,
2016-07-28,1.62621,
2016-07-29,0.70120,
2016-07-30,.,No value available
2016-07-31,.,No value available
2016-08-01,0.72733,
2016-08-02,0.69839,
2016-08-03,0.69263,
2016-08-04,2.23472,
2016-08-05,2.16528,
2016-08-06,.,No value available
2016-08-07,.,No value available
2016-08-08,1.96323,
2016-08-09,1.89517,
2016-08-10,1.90519,
2016-08-11,2.02889,
2016-08-12,1.97893,
2016-08-13,.,No value available
2016-08-14,.,No value available
2016-08-15,1.96938,
2016-08-16,1.96898,
2016-08-17,1.85334,
2016-08-18,1.92216,
2016-08-19,1.87314,
2016-08-20,.,No value available
2016-08-21,.,No value available
2016-08-22,2.02353,
2016-08-23,1.98848,
2016-08-24,2.03786,
2016-08-25,2.00402,
2016-08-26,1.99730,
2016-08-27,.,No value available
2016-08-28,.,No value available
2016-08-29,1.99334,
2016-08-30,1.97043,
2016-08-31,1.95991,
2016-09-01,1.96020,
2016-09-02,1.98175,
2016-09-03,.,No value available
2016-09-04,.,No value available
2016-09-05,2.02589,
2016-09-06,2.12594,
2016-09-07,2.06575,
2016-09-08,2.04620,
2016-09-09,2.16708,
2016-09-10,.,No value available
2016-09-11,.,No value available
2016-09-12,1.89004,
2016-09-13,2.01716,
2016-09-14,1.89459,
2016-09-15,1.88647,
2016-09-16,2.15337,
2016-09-17,.,No value available
2016-09-18,.,No value available
2016-09-19,2.05131,
2016-09-20,1.94878,
2016-09-21,1.95550,
2016-09-22,1.90867,
2016-09-23,2.18634,
2016-09-24,.,No value available
2016-09-25,.,No value available
2016-09-26,2.13093,
2016-09-27,1.99986,
2016-09-28,1.97957,
2016-09-29,1.96956,
2016-09-30,1.91671,
2016-10-01,.,No value available
2016-10-02,.,No value available
2016-10-03,.,No value available
2016-10-04,1.94370,
2016-10-05,2.25667,
2016-10-06,2.48743,
2016-10-07,2.60556,
2016-10-08,.,No value available
2016-10-09,.,No value available
2016-10-10,2.59041,
2016-10-11,2.51281,
2016-10-12,2.60644,
2016-10-13,2.45164,
2016-10-14,2.24982,
2016-10-15,.,No value available
2016-10-16,.,No value available
2016-10-17,2.08334,
2016-10-18,1.91067,
2016-10-19,1.97180,
2016-10-20,1.95469,
2016-10-21,1.92290,
2016-10-22,.,No value available
2016-10-23,.,No value available
2016-10-24,0.79604,
2016-10-25,0.79702,
2016-10-26,0.83115,
2016-10-27,0.82397,
2016-10-28,0.76270,
2016-10-29,.,No value available
2016-10-30,.,No value available
2016-10-31,0.70931,
2016-11-01,0.68959,
2016-11-02,0.58138,
2016-11-03,0.48868,
2016-11-04,0.49814,
2016-11-05,.,No value available
2016-11-06,.,No value available
2016-11-07,0.45904,
2016-11-08,0.43546,
2016-11-09,0.46102,
2016-11-10,1.61412,
2016-11-11,1.54605,
2016-11-12,.,No value available
2016-11-13,.,No value available
2016-11-14,1.54056,
2016-11-15,1.51896,
2016-11-16,1.56293,
2016-11-17,1.56646,
2016-11-18,1.56338,
2016-11-19,.,No value available
2016-11-20,.,No value available
2016-11-21,1.60374,
2016-11-22,1.55022,
2016-11-23,5.35769,
2016-11-24,5.18313,
2016-11-25,5.20050,
2016-11-26,.,No value available
2016-11-27,.,No value available
2016-11-28,5.51061,
2016-11-29,5.88454,
2016-11-30,5.62709,
2016-12-01,6.22419,
2016-12-02,1.54384,
2016-12-03,.,No value available
2016-12-04,.,No value available
2016-12-05,1.54973,
2016-12-06,1.47470,
2016-12-07,1.45484,
2016-12-08,1.45512,
2016-12-09,1.51880,
2016-12-10,.,No value available
2016-12-11,.,No value available
2016-12-12,1.50163,
2016-12-13,1.46890,
2016-12-14,1.49739,
2016-12-15,1.50161,
2016-12-16,1.46613,
2016-12-17,.,No value available
2016-12-18,.,No value available
2016-12-19,1.46391,
2016-12-20,1.45730,
2016-12-21,1.46831,
2016-12-22,1.44941,
2016-12-23,1.43878,
2016-12-24,.,No value available
2016-12-25,.,No value available
2016-12-26,.,No value available
2016-12-27,1.46126,
2016-12-28,1.45715,
2016-12-29,1.53641,
2016-12-30,1.53950,
2016-12-31,.,No value available
2017-01-01,.,No value available
2017-01-02,1.52058,
2017-01-03,1.50950,
2017-01-04,1.48694,
2017-01-05,1.53276,
2017-01-06,1.77831,
2017-01-07,.,No value available
2017-01-08,.,No value available
2017-01-09,1.56117,
2017-01-10,1.80840,
2017-01-11,1.72561,
2017-01-12,1.78145,
2017-01-13,1.70838,
2017-01-14,.,No value available
2017-01-15,.,No value available
2017-01-16,1.69249,
2017-01-17,1.66875,
2017-01-18,1.67365,
2017-01-19,1.66475,
2017-01-20,1.81480,
2017-01-21,.,No value available
2017-01-22,.,No value available
2017-01-23,1.72140,
2017-01-24,1.68517,
2017-01-25,1.66002,
2017-01-26,1.53178,
2017-01-27,1.51501,
2017-01-28,.,No value available
2017-01-29,.,No value available
2017-01-30,1.52206,
2017-01-31,1.51221,
2017-02-01,1.46477,
2017-02-02,1.51906,
2017-02-03,1.54998,
2017-02-04,.,No value available
2017-02-05,.,No value available
2017-02-06,1.54282,
2017-02-07,1.56732,
2017-02-08,4.68989,
2017-02-09,4.67270,
2017-02-10,4.80408,
2017-02-11,.,No value available
2017-02-12,.,No value available
2017-02-13,4.74681,
2017-02-14,4.69086,
2017-02-15,5.01002,
2017-02-16,5.08830,
2017-02-17,5.06072,
2017-02-18,.,No value available
2017-02-19,.,No value available
2017-02-20,0.78227,
2017-02-21,0.46309,
2017-02-22,1.54212,
2017-02-23,1.56918,
2017-02-24,1.57621,
2017-02-25,.,No value available
2017-02-26,.,No value available
2017-02-27,1.55321,
2017-02-28,1.56949,
2017-03-01,1.60762,
2017-03-02,1.60689,
2017-03-03,1.61487,
2017-03-04,.,No value available
2017-03-05,.,No value available
2017-03-06,1.55211,
2017-03-07,1.52935,
2017-03-08,1.56023,
2017-03-09,1.55270,
2017-03-10,1.53611,
2017-03-11,.,No value available
2017-03-12,.,No value available
2017-03-13,1.60597,
2017-03-14,1.62619,
2017-03-15,1.52570,
2017-03-16,1.63296,
2017-03-17,1.49504,
2017-03-18,.,No value available
2017-03-19,.,No value available
2017-03-20,1.53231,
2017-03-21,1.42494,
2017-03-22,1.54808,
2017-03-23,1.59944,
2017-03-24,1.65535,
2017-03-25,.,No value available
2017-03-26,.,No value available
2017-03-27,1.67182,
2017-03-28,1.68115,
2017-03-29,1.72885,
2017-03-30,1.71007,
2017-03-31,1.70136,
2017-04-01,.,No value available
2017-04-02,.,No value available
2017-04-03,1.67659,
2017-04-04,4.43090,
2017-04-05,0.52068,
2017-04-06,0.42566,
2017-04-07,0.40596,
2017-04-08,.,No value available
2017-04-09,.,No value available
2017-04-10,0.42838,
2017-04-11,0.47316,
2017-04-12,0.44608,
2017-04-13,0.43019,
2017-04-14,.,No value available
2017-04-15,.,No value available
2017-04-16,.,No value available
2017-04-17,.,No value available
2017-04-18,0.45878,
2017-04-19,0.49765,
2017-04-20,0.44202,
2017-04-21,0.54113,
2017-04-22,.,No value available
2017-04-23,.,No value available
2017-04-24,0.59289,
2017-04-25,0.54025,
2017-04-26,0.55315,
2017-04-27,0.56617,
2017-04-28,0.63335,
2017-04-29,.,No value available
2017-04-30,.,No value available
2017-05-01,.,No value available
2017-05-02,0.61393,
2017-05-03,0.67051,
2017-05-04,0.64470,
2017-05-05,0.60157,
2017-05-06,.,No value available
2017-05-07,.,No value available
2017-05-08,0.50346,
2017-05-09,0.49590,
2017-05-10,0.48845,
2017-05-11,0.43338,
2017-05-12,0.46299,
2017-05-13,.,No value available
2017-05-14,.,No value available
2017-05-15,0.46720,
2017-05-16,0.49671,
2017-05-17,0.50072,
2017-05-18,0.45683,
2017-05-19,0.48068,
2017-05-20,.,No value available
2017-05-21,.,No value available
2017-05-22,0.51728,
2017-05-23,0.44572,
2017-05-24,0.43974,
2017-05-25,0.44386,
2017-05-26,0.45629,
2017-05-27,.,No value available
2017-05-28,.,No value available
2017-05-29,0.45270,
2017-05-30,0.44575,
2017-05-31,0.45237,
2017-06-01,0.46134,
2017-06-02,0.45292,
2017-06-03,.,No value available
2017-06-04,.,No value available
2017-06-05,.,No value available
2017-06-06,0.46572,
2017-06-07,0.51780,
2017-06-08,0.51437,
2017-06-09,0.52402,
2017-06-10,.,No value available
2017-06-11,.,No value available
2017-06-12,0.52800,
2017-06-13,0.55469,
2017-06-14,1.88702,
2017-06-15,1.79771,
2017-06-16,1.90161,
2017-06-17,.,No value available
2017-06-18,.,No value available
2017-06-19,1.80654,
2017-06-20,1.87511,
2017-06-21,1.82696,
2017-06-22,1.83148,
2017-06-23,1.78956,
2017-06-24,.,No value available
2017-06-25,.,No value available
2017-06-26,1.83000,
2017-06-27,1.78497,
2017-06-28,1.81245,
2017-06-29,1.76797,
2017-06-30,1.71336,
2017-07-01,.,No value available
2017-07-02,.,No value available
2017-07-03,1.72062,
2017-07-04,1.79958,
2017-07-05,1.82835,
2017-07-06,5.34579,
2017-07-07,4.78326,
2017-07-08,.,No value available
2017-07-09,.,No value available
2017-07-10,4.70249,
2017-07-11,4.64100,
2017-07-12,4.36982,
2017-07-13,4.73287,
2017-07-14,4.08383,
2017-07-15,.,No value available
2017-07-16,.,No value available
2017-07-17,4.00763,
2017-07-18,3.95541,
2017-07-19,4.03475,
2017-07-20,4.03475,
2017-07-21,4.25117,
2017-07-22,.,No value available
2017-07-23,.,No value available
2017-07-24,5.45907,
2017-07-25,5.10205,
2017-07-26,4.28947,
2017-07-27,4.20350,
2017-07-28,4.47147,
2017-07-29,.,No value available
2017-07-30,.,No value available
2017-07-31,4.68211,
2017-08-01,4.27985,
2017-08-02,3.79996,
2017-08-03,3.79834,
2017-08-04,3.89882,
2017-08-05,.,No value available
2017-08-06,.,No value available
2017-08-07,3.99930,
2017-08-08,2.34872,
2017-08-09,2.32592,
2017-08-10,2.32592,
2017-08-11,2.36553,
2017-08-12,.,No value available
2017-08-13,.,No value available
2017-08-14,2.31301,
2017-08-15,2.31301,
2017-08-16,1.12873,
2017-08-17,1.03307,
2017-08-18,0.98198,
2017-08-19,.,No value available
2017-08-20,.,No value available
2017-08-21,0.98198,
2017-08-22,0.98198,
2017-08-23,1.02360,
2017-08-24,0.93317,
2017-08-25,0.97702,
2017-08-26,.,No value available
2017-08-27,.,No value available
2017-08-28,1.02075,
2017-08-29,0.98478,
2017-08-30,0.88595,
2017-08-31,0.91346,
2017-09-01,0.91346,
2017-09-02,.,No value available
2017-09-03,.,No value available
2017-09-04,0.93749,
2017-09-05,0.88514,
2017-09-06,0.87220,
2017-09-07,2.12817,
2017-09-08,1.97673,
2017-09-09,.,No value available
2017-09-10,.,No value available
2017-09-11,1.86604,
2017-09-12,1.81688,
2017-09-13,1.80445,
2017-09-14,1.77488,
2017-09-15,1.83512,
2017-09-16,.,No value available
2017-09-17,.,No value available
2017-09-18,2.47386,
2017-09-19,2.43452,
2017-09-20,2.29047,
2017-09-21,2.39480,
2017-09-22,2.41624,
2017-09-23,.,No value available
2017-09-24,.,No value available
2017-09-25,2.33169,
2017-09-26,2.48425,
2017-09-27,2.36585,
2017-09-28,2.33941,
2017-09-29,2.33709,
2017-09-30,.,No value available
2017-10-01,.,No value available
2017-10-02,2.31652,
2017-10-03,.,No value available
2017-10-04,2.33204,
2017-10-05,1.94047,
2017-10-06,1.99785,
2017-10-07,.,No value available
2017-10-08,.,No value available
2017-10-09,1.88968,
2017-10-10,1.89177,
2017-10-11,4.77893,
2017-10-12,4.52443,
2017-10-13,5.33493,
2017-10-14,.,No value available
2017-10-15,.,No value available
2017-10-16,4.40041,
2017-10-17,4.39054,
2017-10-18,4.38127,
2017-10-19,4.39234,
2017-10-20,4.38569,
2017-10-21,.,No value available
2017-10-22,.,No value available
2017-10-23,4.58109,
2017-10-24,4.54468,
2017-10-25,4.18027,
2017-10-26,4.49521,
2017-10-27,4.96436,
2017-10-28,.,No value available
2017-10-29,.,No value available
2017-10-30,4.53295,
2017-10-31,.,No value available
2017-11-01,4.43006,
2017-11-02,4.27217,
2017-11-03,4.09834,
2017-11-04,.,No value available
2017-11-05,.,No value available
2017-11-06,4.15843,
2017-11-07,4.10490,
2017-11-08,4.09126,
2017-11-09,4.16197,
2017-11-10,3.82369,
2017-11-11,.,No value available
2017-11-12,.,No value available
2017-11-13,3.80859,
2017-11-14,3.94330,
2017-11-15,4.03396,
2017-11-16,4.05583,
2017-11-17,4.06724,
2017-11-18,.,No value available
2017-11-19,.,No value available
2017-11-20,3.98684,
2017-11-21,4.00983,
2017-11-22,3.85524,
2017-11-23,3.89254,
2017-11-24,3.92872,
2017-11-25,.,No value available
2017-11-26,.,No value available
2017-11-27,3.89007,
2017-11-28,3.75084,
2017-11-29,3.46970,
2017-11-30,3.53360,
2017-12-01,4.07315,
2017-12-02,.,No value available
2017-12-03,.,No value available
2017-12-04,4.10486,
2017-12-05,1.96560,
2017-12-06,2.48120,
2017-12-07,2.44997,
2017-12-08,2.45797,
2017-12-09,.,No value available
2017-12-10,.,No value available
2017-12-11,2.61582,
2017-12-12,2.64478,
2017-12-13,2.66895,
2017-12-14,2.65035,
2017-12-15,2.59269,
2017-12-16,.,No value available
2017-12-17,.,No value available
2017-12-18,2.69750,
2017-12-19,2.77939,
2017-12-20,2.86876,
2017-12-21,2.69967,
2017-12-22,2.82361,
2017-12-23,.,No value available
2017-12-24,.,No value available
2017-12-25,.,No value available
2017-12-26,.,No value available
2017-12-27,2.85934,
2017-12-28,2.96505,
2017-12-29,2.90092,
2017-12-30,.,No value available
2017-12-31,.,No value available
2018-01-01,.,No value available
2018-01-02,2.80038,
2018-01-03,2.61470,
2018-01-04,2.62716,
2018-01-05,2.55880,
2018-01-06,.,No value available
2018-01-07,.,No value available
2018-01-08,2.62604,
2018-01-09,2.56887,
2018-01-10,2.46773,
2018-01-11,2.47925,
2018-01-12,2.42048,
2018-01-13,.,No value available
2018-01-14,.,No value available
2018-01-15,2.45041,
2018-01-16,8.53865,
2018-01-17,0.79271,
2018-01-18,0.78001,
2018-01-19,0.74017,
2018-01-20,.,No value available
2018-01-21,.,No value available
2018-01-22,0.73086,
2018-01-23,0.74065,
2018-01-24,0.76237,
2018-01-25,0.79716,
2018-01-26,1.01979,
2018-01-27,.,No value available
2018-01-28,.,No value available
2018-01-29,1.12530,
2018-01-30,0.95274,
2018-01-31,0.86700,
2018-02-01,0.80903,
2018-02-02,0.68167,
2018-02-03,.,No value available
2018-02-04,.,No value available
2018-02-05,0.62651,
2018-02-06,0.61384,
2018-02-07,0.66666,
2018-02-08,0.60655,
2018-02-09,0.67661,
2018-02-10,.,No value available
2018-02-11,.,No value available
2018-02-12,1.70362,
2018-02-13,1.66636,
2018-02-14,1.58964,
2018-02-15,1.57774,
2018-02-16,1.64850,
2018-02-17,.,No value available
2018-02-18,.,No value available
2018-02-19,1.56526,
2018-02-20,1.59273,
2018-02-21,1.54526,
2018-02-22,1.69171,
2018-02-23,1.55823,
2018-02-24,.,No value available
2018-02-25,.,No value available
2018-02-26,1.58874,
2018-02-27,1.60823,
2018-02-28,1.60823,
2018-03-01,1.61289,
2018-03-02,1.68080,
2018-03-03,.,No value available
2018-03-04,.,No value available
2018-03-05,1.63747,
2018-03-06,2.02529,
2018-03-07,2.04523,
2018-03-08,2.26042,
2018-03-09,1.53089,
2018-03-10,.,No value available
2018-03-11,.,No value available
2018-03-12,1.92630,
2018-03-13,2.17983,
2018-03-14,5.31454,
2018-03-15,10.81399,
2018-03-16,11.80531,
2018-03-17,.,No value available
2018-03-18,.,No value available
2018-03-19,11.80531,
2018-03-20,1.36238,
2018-03-21,1.98593,
2018-03-22,2.04576,
2018-03-23,2.10200,
2018-03-24,.,No value available
2018-03-25,.,No value available
2018-03-26,2.13093,
2018-03-27,2.17440,
2018-03-28,2.23642,
2018-03-29,2.17563,
2018-03-30,.,No value available
2018-03-31,.,No value available
2018-04-01,.,No value available
2018-04-02,.,No value available
2018-04-03,2.38931,
2018-04-04,2.17732,
2018-04-05,2.19533,
2018-04-06,3.34516,
2018-04-07,.,No value available
2018-04-08,.,No value available
2018-04-09,1.47915,
2018-04-10,5.03009,
2018-04-11,2.19543,
2018-04-12,2.34016,
2018-04-13,2.29746,
2018-04-14,.,No value available
2018-04-15,.,No value available
2018-04-16,2.25841,
2018-04-17,2.25688,
2018-04-18,2.29126,
2018-04-19,2.27912,
2018-04-20,2.19908,
2018-04-21,.,No value available
2018-04-22,.,No value available
2018-04-23,2.13955,
2018-04-24,2.40611,
2018-04-25,2.07868,
2018-04-26,2.11646,
2018-04-27,2.15493,
2018-04-28,.,No value available
2018-04-29,.,No value available
2018-04-30,2.15493,
2018-05-01,.,No value available
2018-05-02,2.15512,
2018-05-03,2.16583,
2018-05-04,2.18040,
2018-05-05,.,No value available
2018-05-06,.,No value available
2018-05-07,2.18040,
2018-05-08,2.12457,
2018-05-09,2.11728,
2018-05-10,2.12959,
2018-05-11,2.67251,
2018-05-12,.,No value available
2018-05-13,.,No value available
2018-05-14,2.22296,
2018-05-15,2.08360,
2018-05-16,1.39550,
2018-05-17,2.29509,
2018-05-18,2.47409,
2018-05-19,.,No value available
2018-05-20,.,No value available
2018-05-21,.,No value available
2018-05-22,2.19869,
2018-05-23,2.68333,
2018-05-24,2.17823,
2018-05-25,1.09869,
2018-05-26,.,No value available
2018-05-27,.,No value available
2018-05-28,2.31707,
2018-05-29,2.60897,
2018-05-30,2.09097,
2018-05-31,0.78365,
2018-06-01,1.18208,
2018-06-02,.,No value available
2018-06-03,.,No value available
2018-06-04,0.86895,
2018-06-05,0.47634,
2018-06-06,0.65450,
2018-06-07,0.64234,
2018-06-08,0.79208,
2018-06-09,.,No value available
2018-06-10,.,No value available
2018-06-11,0.74487,
2018-06-12,0.83188,
2018-06-13,0.78455,
2018-06-14,0.80330,
2018-06-15,0.68493,
2018-06-16,.,No value available
2018-06-17,.,No value available
2018-06-18,0.69929,
2018-06-19,0.76386,
2018-06-20,0.68438,
2018-06-21,0.59020,
2018-06-22,0.82027,
2018-06-23,.,No value available
2018-06-24,.,No value available
2018-06-25,1.31875,
2018-06-26,1.12864,
2018-06-27,2.45237,
2018-06-28,2.34639,
2018-06-29,2.33863,
2018-06-30,.,No value available
2018-07-01,.,No value available
2018-07-02,2.29819,
2018-07-03,2.35236,
2018-07-04,2.25500,
2018-07-05,2.32868,
2018-07-06,2.36172,
2018-07-07,.,No value available
2018-07-08,.,No value available
2018-07-09,2.37214,
2018-07-10,5.38736,
2018-07-11,2.42206,
2018-07-12,2.43312,
2018-07-13,2.49388,
2018-07-14,.,No value available
2018-07-15,.,No value available
2018-07-16,2.54774,
2018-07-17,2.49211,
2018-07-18,2.53673,
2018-07-19,2.75961,
2018-07-20,2.73862,
2018-07-21,.,No value available
2018-07-22,.,No value available
2018-07-23,2.64699,
2018-07-24,2.90127,
2018-07-25,3.20820,
2018-07-26,3.29387,
2018-07-27,3.27500,
2018-07-28,.,No value available
2018-07-29,.,No value available
2018-07-30,3.29615,
2018-07-31,3.24725,
2018-08-01,2.90524,
2018-08-02,3.27209,
2018-08-03,2.67760,
2018-08-04,.,No value available
2018-08-05,.,No value available
2018-08-06,2.75473,
2018-08-07,2.86165,
2018-08-08,2.84177,
2018-08-09,2.86373,
2018-08-10,4.10278,
2018-08-11,.,No value available
2018-08-12,.,No value available
2018-08-13,0.61130,
2018-08-14,2.28345,
2018-08-15,2.26089,
2018-08-16,2.26914,
2018-08-17,2.26764,
2018-08-18,.,No value available
2018-08-19,.,No value available
2018-08-20,2.23006,
2018-08-21,2.31032,
2018-08-22,2.23689,
2018-08-23,2.28749,
2018-08-24,2.34306,
2018-08-25,.,No value available
2018-08-26,.,No value available
2018-08-27,2.33375,
2018-08-28,2.36663,
2018-08-29,2.38375,
2018-08-30,2.34003,
2018-08-31,2.37444,
2018-09-01,.,No value available
2018-09-02,.,No value available
2018-09-03,2.42070,
2018-09-04,2.39044,
2018-09-05,2.42292,
2018-09-06,2.33894,
2018-09-07,2.40603,
2018-09-08,.,No value available
2018-09-09,.,No value available
2018-09-10,2.41886,
2018-09-11,2.42480,
2018-09-12,2.42480,
2018-09-13,2.41655,
2018-09-14,2.41968,
2018-09-15,.,No value available
2018-09-16,.,No value available
2018-09-17,2.39609,
2018-09-18,2.39609,
2018-09-19,2.35428,
2018-09-20,2.49232,
2018-09-21,2.52510,
2018-09-22,.,No value available
2018-09-23,.,No value available
2018-09-24,2.46721,
2018-09-25,2.47115,
2018-09-26,2.52402,
2018-09-27,2.55066,
2018-09-28,2.38108,
2018-09-29,.,No value available
2018-09-30,.,No value available
2018-10-01,2.47839,
2018-10-02,2.66537,
2018-10-03,.,No value available
2018-10-04,2.22527,
2018-10-05,2.30674,
2018-10-06,.,No value available
2018-10-07,.,No value available
2018-10-08,2.29643,
2018-10-09,2.35428,
2018-10-10,2.36296,
2018-10-11,2.37458,
2018-10-12,2.30139,
2018-10-13,.,No value available
2018-10-14,.,No value available
2018-10-15,2.39855,
2018-10-16,2.31694,
2018-10-17,2.41446,
2018-10-18,2.41446,
2018-10-19,2.49505,
2018-10-20,.,No value available
2018-10-21,.,No value available
2018-10-22,2.51585,
2018-10-23,2.53876,
2018-10-24,2.70315,
2018-10-25,2.70315,
2018-10-26,2.71443,
2018-10-27,.,No value available
2018-10-28,.,No value available
2018-10-29,2.68225,
2018-10-30,2.70582,
2018-10-31,2.70582,
2018-11-01,2.59800,
2018-11-02,2.59456,
2018-11-03,.,No value available
2018-11-04,.,No value available
2018-11-05,2.50608,
2018-11-06,2.48123,
2018-11-07,2.50640,
2018-11-08,2.46140,
2018-11-09,2.44036,
2018-11-10,.,No value available
2018-11-11,.,No value available
2018-11-12,2.52080,
2018-11-13,2.52080,
2018-11-14,2.58157,
2018-11-15,2.65082,
2018-11-16,2.56298,
2018-11-17,.,No value available
2018-11-18,.,No value available
2018-11-19,2.57878,
2018-11-20,2.63004,
2018-11-21,2.64409,
2018-11-22,2.65331,
2018-11-23,2.65331,
2018-11-24,.,No value available
2018-11-25,.,No value available
2018-11-26,2.65331,
2018-11-27,2.65331,
2018-11-28,2.63753,
2018-11-29,2.63753,
2018-11-30,2.57667,
2018-12-01,.,No value available
2018-12-02,.,No value available
2018-12-03,2.57965,
2018-12-04,2.62198,
2018-12-05,2.51614,
2018-12-06,14.09553,
2018-12-07,0.89401,
2018-12-08,.,No value available
2018-12-09,.,No value available
2018-12-10,0.72607,
2018-12-11,0.73285,
2018-12-12,0.76417,
2018-12-13,0.79265,
2018-12-14,2.54857,
2018-12-15,.,No value available
2018-12-16,.,No value available
2018-12-17,2.62621,
2018-12-18,2.62599,
2018-12-19,2.67816,
2018-12-20,2.75906,
2018-12-21,2.55517,
2018-12-22,.,No value available
2018-12-23,.,No value available
2018-12-24,.,No value available
2018-12-25,.,No value available
2018-12-26,.,No value available
2018-12-27,2.58057,
2018-12-28,2.51503,
2018-12-29,.,No value available
2018-12-30,.,No value available
2018-12-31,.,No value available
2019-01-01,.,No value available
2019-01-02,5.03503,
2019-01-03,5.73148,
2019-01-04,5.43423,
2019-01-05,.,No value available
2019-01-06,.,No value available
2019-01-07,4.87222,
2019-01-08,4.38151,
2019-01-09,4.42113,
2019-01-10,5.01469,
2019-01-11,0.92047,
2019-01-12,.,No value available
2019-01-13,.,No value available
2019-01-14,1.04800,
2019-01-15,2.87653,
2019-01-16,2.54597,
2019-01-17,4.43375,
2019-01-18,2.50984,
2019-01-19,.,No value available
2019-01-20,.,No value available
2019-01-21,2.54272,
2019-01-22,2.56661,
2019-01-23,4.84150,
2019-01-24,5.55304,
2019-01-25,2.92626,
2019-01-26,.,No value available
2019-01-27,.,No value available
2019-01-28,2.63163,
2019-01-29,2.68801,
2019-01-30,2.74242,
2019-01-31,2.85921,
2019-02-01,2.81680,
2019-02-02,.,No value available
2019-02-03,.,No value available
2019-02-04,2.74621,
2019-02-05,0.95519,
2019-02-06,4.90306,
2019-02-07,5.70851,
2019-02-08,5.81926,
2019-02-09,.,No value available
2019-02-10,.,No value available
2019-02-11,6.00161,
2019-02-12,5.94373,
2019-02-13,5.94373,
2019-02-14,6.76803,
2019-02-15,6.76803,
2019-02-16,.,No value available
2019-02-17,.,No value available
2019-02-18,5.24715,
2019-02-19,5.55668,
2019-02-20,5.55668,
2019-02-21,5.96191,
2019-02-22,5.96191,
2019-02-23,.,No value available
2019-02-24,.,No value available
2019-02-25,6.48215,
2019-02-26,1.41144,
2019-02-27,1.27719,
2019-02-28,1.39725,
2019-03-01,1.49120,
2019-03-02,.,No value available
2019-03-03,.,No value available
2019-03-04,2.84784,
2019-03-05,3.06178,
2019-03-06,1.65189,
2019-03-07,3.36644,
2019-03-08,11.28181,
2019-03-09,.,No value available
2019-03-10,.,No value available
2019-03-11,11.44639,
2019-03-12,12.41054,
2019-03-13,12.09122,
2019-03-14,12.09122,
2019-03-15,12.58293,
2019-03-16,.,No value available
2019-03-17,.,No value available
2019-03-18,12.58293,
2019-03-19,12.58293,
2019-03-20,13.71016,
2019-03-21,12.38756,
2019-03-22,12.27368,
2019-03-23,.,No value available
2019-03-24,.,No value available
2019-03-25,12.27368,
2019-03-26,14.30545,
2019-03-27,14.71497,
2019-03-28,13.03936,
2019-03-29,3.57753,
2019-03-30,.,No value available
2019-03-31,.,No value available
2019-04-01,5.86359,
2019-04-02,5.86359,
2019-04-03,8.74036,
2019-04-04,8.74036,
2019-04-05,7.43002,
2019-04-06,.,No value available
2019-04-07,.,No value available
2019-04-08,7.43002,
2019-04-09,7.43002,
2019-04-10,7.40438,
2019-04-11,5.63245,
2019-04-12,5.83845,
2019-04-13,.,No value available
2019-04-14,.,No value available
2019-04-15,5.68613,
2019-04-16,3.76704,
2019-04-17,3.60795,
2019-04-18,1.46564,
2019-04-19,.,No value available
2019-04-20,.,No value available
2019-04-21,.,No value available
2019-04-22,.,No value available
2019-04-23,5.99123,
2019-04-24,5.49108,
2019-04-25,7.83296,
2019-04-26,4.18725,
2019-04-27,.,No value available
2019-04-28,.,No value available
2019-04-29,3.62828,
2019-04-30,2.05164,
2019-05-01,.,No value available
2019-05-02,3.71085,
2019-05-03,4.13801,
2019-05-04,.,No value available
2019-05-05,.,No value available
2019-05-06,3.58493,
2019-05-07,3.41110,
2019-05-08,2.98649,
2019-05-09,3.32443,
2019-05-10,3.34136,
2019-05-11,.,No value available
2019-05-12,.,No value available
2019-05-13,3.41510,
2019-05-14,3.95942,
2019-05-15,3.52482,
2019-05-16,1.16121,
2019-05-17,1.14729,
2019-05-18,.,No value available
2019-05-19,.,No value available
2019-05-20,1.16576,
2019-05-21,1.16576,
2019-05-22,1.10053,
2019-05-23,1.10851,
2019-05-24,1.10851,
2019-05-25,.,No value available
2019-05-26,.,No value available
2019-05-27,1.21630,
2019-05-28,1.20990,
2019-05-29,1.20990,
2019-05-30,1.20990,
2019-05-31,1.23964,
2019-06-01,.,No value available
2019-06-02,.,No value available
2019-06-03,3.40863,
2019-06-04,1.11818,
2019-06-05,1.11818,
2019-06-06,1.04691,
2019-06-07,1.09074,
2019-06-08,.,No value available
2019-06-09,.,No value available
2019-06-10,.,No value available
2019-06-11,1.07510,
2019-06-12,1.07510,
2019-06-13,1.16141,
2019-06-14,1.20375,
2019-06-15,.,No value available
2019-06-16,.,No value available
2019-06-17,3.26753,
2019-06-18,3.21293,
2019-06-19,2.99876,
2019-06-20,2.83597,
2019-06-21,2.83597,
2019-06-22,.,No value available
2019-06-23,.,No value available
2019-06-24,3.24809,
2019-06-25,3.24809,
2019-06-26,3.43589,
2019-06-27,3.19422,
2019-06-28,3.11396,
2019-06-29,.,No value available
2019-06-30,.,No value available
2019-07-01,3.12186,
2019-07-02,3.26199,
2019-07-03,3.42582,
2019-07-04,3.46435,
2019-07-05,3.36018,
2019-07-06,.,No value available
2019-07-07,.,No value available
2019-07-08,3.38709,
2019-07-09,3.34868,
2019-07-10,3.34025,
2019-07-11,3.29733,
2019-07-12,3.26847,
2019-07-13,.,No value available
2019-07-14,.,No value available
2019-07-15,3.27465,
2019-07-16,3.31100,
2019-07-17,3.55969,
2019-07-18,3.36800,
2019-07-19,3.52496,
2019-07-20,.,No value available
2019-07-21,.,No value available
2019-07-22,3.42414,
2019-07-23,3.50660,
2019-07-24,2.26496,
2019-07-25,1.70464,
2019-07-26,1.72443,
2019-07-27,.,No value available
2019-07-28,.,No value available
2019-07-29,3.69620,
2019-07-30,3.82267,
2019-07-31,3.78412,
2019-08-01,3.40857,
2019-08-02,3.51006,
2019-08-03,.,No value available
2019-08-04,.,No value available
2019-08-05,3.56920,
2019-08-06,3.45965,
2019-08-07,3.40264,
2019-08-08,3.41061,
2019-08-09,3.52817,
2019-08-10,.,No value available
2019-08-11,.,No value available
2019-08-12,3.44561,
2019-08-13,3.54698,
2019-08-14,3.35610,
2019-08-15,5.89305,
2019-08-16,4.38571,
2019-08-17,.,No value available
2019-08-18,.,No value available
2019-08-19,3.84830,
2019-08-20,3.34431,
2019-08-21,3.70425,
2019-08-22,4.00094,
2019-08-23,4.06732,
2019-08-24,.,No value available
2019-08-25,.,No value available
2019-08-26,3.95134,
2019-08-27,3.84689,
2019-08-28,3.88484,
2019-08-29,3.76497,
2019-08-30,3.72013,
2019-08-31,.,No value available
2019-09-01,.,No value available
2019-09-02,3.56167,
2019-09-03,3.75736,
2019-09-04,3.83116,
2019-09-05,13.37200,
2019-09-06,10.53253,
2019-09-07,.,No value available
2019-09-08,.,No value available
2019-09-09,9.91505,
2019-09-10,10.06119,
2019-09-11,3.71939,
2019-09-12,3.28343,
2019-09-13,3.53023,
2019-09-14,.,No value available
2019-09-15,.,No value available
2019-09-16,3.38325,
2019-09-17,3.49673,
2019-09-18,3.56730,
2019-09-19,3.78680,
2019-09-20,3.84048,
2019-09-21,.,No value available
2019-09-22,.,No value available
2019-09-23,4.07162,
2019-09-24,4.14783,
2019-09-25,4.11482,
2019-09-26,3.70370,
2019-09-27,4.60831,
2019-09-28,.,No value available
2019-09-29,.,No value available
2019-09-30,4.42419,
2019-10-01,4.38978,
2019-10-02,4.30584,
2019-10-03,.,No value available
2019-10-04,3.84719,
2019-10-05,.,No value available
2019-10-06,.,No value available
2019-10-07,3.80639,
2019-10-08,3.65962,
2019-10-09,3.74945,
2019-10-10,3.91071,
2019-10-11,3.60637,
2019-10-12,.,No value available
2019-10-13,.,No value available
2019-10-14,3.51952,
2019-10-15,3.67868,
2019-10-16,4.12816,
2019-10-17,3.03705,
2019-10-18,3.69945,
2019-10-19,.,No value available
2019-10-20,.,No value available
2019-10-21,3.50636,
2019-10-22,3.67090,
2019-10-23,4.04602,
2019-10-24,3.62693,
2019-10-25,3.83722,
2019-10-26,.,No value available
2019-10-27,.,No value available
2019-10-28,3.63029,
2019-10-29,3.79709,
2019-10-30,3.94012,
2019-10-31,4.69813,
2019-11-01,3.15768,
2019-11-02,.,No value available
2019-11-03,.,No value available
2019-11-04,2.13040,
2019-11-05,1.58544,
2019-11-06,1.76712,
2019-11-07,1.76397,
2019-11-08,3.07886,
2019-11-09,.,No value available
2019-11-10,.,No value available
2019-11-11,3.64173,
2019-11-12,3.49744,
2019-11-13,1.69162,
2019-11-14,2.42901,
2019-11-15,2.02712,
2019-11-16,.,No value available
2019-11-17,.,No value available
2019-11-18,2.26046,
2019-11-19,2.46334,
2019-11-20,2.43711,
2019-11-21,3.46571,
2019-11-22,2.08763,
2019-11-23,.,No value available
2019-11-24,.,No value available
2019-11-25,2.16615,
2019-11-26,1.83293,
2019-11-27,3.86091,
2019-11-28,3.75930,
2019-11-29,3.68522,
2019-11-30,.,No value available
2019-12-01,.,No value available
2019-12-02,3.09216,
2019-12-03,2.69760,
2019-12-04,2.55004,
2019-12-05,2.44272,
2019-12-06,2.44272,
2019-12-07,.,No value available
2019-12-08,.,No value available
2019-12-09,2.37254,
2019-12-10,2.28700,
2019-12-11,2.51570,
2019-12-12,3.21826,
2019-12-13,2.13560,
2019-12-14,.,No value available
2019-12-15,.,No value available
2019-12-16,1.59899,
2019-12-17,5.64317,
2019-12-18,5.76665,
2019-12-19,0.61820,
2019-12-20,0.60286,
2019-12-21,.,No value available
2019-12-22,.,No value available
2019-12-23,0.47541,
2019-12-24,.,No value available
2019-12-25,.,No value available
2019-12-26,.,No value available
2019-12-27,0.45045,
2019-12-28,.,No value available
2019-12-29,.,No value available
2019-12-30,0.60503,
2019-12-31,.,No value available
2020-01-01,.,No value available
2020-01-02,2.94907,
2020-01-03,2.53638,
2020-01-04,.,No value available
2020-01-05,.,No value available
2020-01-06,3.45066,
2020-01-07,3.71353,
2020-01-08,3.60553,
2020-01-09,3.60705,
2020-01-10,3.25866,
2020-01-11,.,No value available
2020-01-12,.,No value available
2020-01-13,4.35358,
2020-01-14,3.28757,
2020-01-15,3.41071,
2020-01-16,3.24787,
2020-01-17,3.65021,
2020-01-18,.,No value available
2020-01-19,.,No value available
2020-01-20,3.65021,
2020-01-21,3.80341,
2020-01-22,2.50755,
2020-01-23,3.03296,
2020-01-24,3.15251,
2020-01-25,.,No value available
2020-01-26,.,No value available
2020-01-27,4.53917,
2020-01-28,2.65374,
2020-01-29,5.48941,
2020-01-30,4.76365,
2020-01-31,7.28383,
2020-02-01,.,No value available
2020-02-02,.,No value available
2020-02-03,10.69091,
2020-02-04,10.77334,
2020-02-05,10.33957,
2020-02-06,3.90268,
2020-02-07,3.64322,
2020-02-08,.,No value available
2020-02-09,.,No value available
2020-02-10,3.20234,
2020-02-11,3.17676,
2020-02-12,3.17676,
2020-02-13,3.75720,
2020-02-14,4.13694,
2020-02-15,.,No value available
2020-02-16,.,No value available
2020-02-17,2.07793,
2020-02-18,2.26893,
2020-02-19,2.26893,
2020-02-20,3.91469,
2020-02-21,3.50981,
2020-02-22,.,No value available
2020-02-23,.,No value available
2020-02-24,3.92108,
2020-02-25,5.12091,
2020-02-26,4.83077,
2020-02-27,4.71449,
2020-02-28,5.14781,
2020-02-29,.,No value available
2020-03-01,.,No value available
2020-03-02,3.56150,
2020-03-03,3.50443,
2020-03-04,3.55241,
2020-03-05,3.28375,
2020-03-06,3.44557,
2020-03-07,.,No value available
2020-03-08,.,No value available
2020-03-09,6.01288,
2020-03-10,4.64505,
2020-03-11,8.69533,
2020-03-12,2.27615,
2020-03-13,2.28658,
2020-03-14,.,No value available
2020-03-15,.,No value available
2020-03-16,7.47551,
2020-03-17,2.16182,
2020-03-18,1.40393,
2020-03-19,2.48481,
2020-03-20,3.55562,
2020-03-21,.,No value available
2020-03-22,.,No value available
2020-03-23,0.49372,
2020-03-24,1.49524,
2020-03-25,0.70555,
2020-03-26,1.03685,
2020-03-27,3.73816,
2020-03-28,.,No value available
2020-03-29,.,No value available
2020-03-30,4.26078,
2020-03-31,3.85498,
2020-04-01,3.82783,
2020-04-02,3.94436,
2020-04-03,3.97122,
2020-04-04,.,No value available
2020-04-05,.,No value available
2020-04-06,3.19119,
2020-04-07,2.42363,
2020-04-08,1.26378,
2020-04-09,1.40068,
2020-04-10,.,No value available
2020-04-11,.,No value available
2020-04-12,.,No value available
2020-04-13,.,No value available
2020-04-14,1.92772,
2020-04-15,1.43046,
2020-04-16,1.03334,
2020-04-17,5.73464,
2020-04-18,.,No value available
2020-04-19,.,No value available
2020-04-20,5.73137,
2020-04-21,5.95425,
2020-04-22,5.50895,
2020-04-23,10.26621,
2020-04-24,8.41813,
2020-04-25,.,No value available
2020-04-26,.,No value available
2020-04-27,3.83193,
2020-04-28,4.06045,
2020-04-29,3.38782,
2020-04-30,3.19904,
2020-05-01,.,No value available
2020-05-02,.,No value available
2020-05-03,.,No value available
2020-05-04,3.00523,
2020-05-05,3.18366,
2020-05-06,3.48583,
2020-05-07,3.02866,
2020-05-08,3.26925,
2020-05-09,.,No value available
2020-05-10,.,No value available
2020-05-11,3.03974,
2020-05-12,3.04685,
2020-05-13,2.90448,
2020-05-14,3.09985,
2020-05-15,3.04577,
2020-05-16,.,No value available
2020-05-17,.,No value available
2020-05-18,3.18320,
2020-05-19,3.00650,
2020-05-20,2.71414,
2020-05-21,2.93296,
2020-05-22,3.00732,
2020-05-23,.,No value available
2020-05-24,.,No value available
2020-05-25,2.98242,
2020-05-26,3.07950,
2020-05-27,2.53199,
2020-05-28,2.26286,
2020-05-29,2.26892,
2020-05-30,.,No value available
2020-05-31,.,No value available
2020-06-01,.,No value available
2020-06-02,2.39605,
2020-06-03,2.14672,
2020-06-04,2.14720,
2020-06-05,2.14659,
2020-06-06,.,No value available
2020-06-07,.,No value available
2020-06-08,2.13638,
2020-06-09,2.29735,
2020-06-10,2.18782,
2020-06-11,2.27614,
2020-06-12,2.23036,
2020-06-13,.,No value available
2020-06-14,.,No value available
2020-06-15,2.40090,
2020-06-16,2.77042,
2020-06-17,2.74845,
2020-06-18,2.84654,
2020-06-19,2.81723,
2020-06-20,.,No value available
2020-06-21,.,No value available
2020-06-22,2.79099,
2020-06-23,2.78354,
2020-06-24,2.72673,
2020-06-25,2.81411,
2020-06-26,2.85672,
2020-06-27,.,No value available
2020-06-28,.,No value available
2020-06-29,2.83283,
2020-06-30,2.95077,
2020-07-01,3.16520,
2020-07-02,2.94719,
2020-07-03,2.89866,
2020-07-04,.,No value available
2020-07-05,.,No value available
2020-07-06,2.92128,
2020-07-07,3.03922,
2020-07-08,3.13496,
2020-07-09,3.07447,
2020-07-10,2.91301,
2020-07-11,.,No value available
2020-07-12,.,No value available
2020-07-13,3.03962,
2020-07-14,3.20622,
2020-07-15,3.58699,
2020-07-16,3.43937,
2020-07-17,3.39537,
2020-07-18,.,No value available
2020-07-19,.,No value available
2020-07-20,3.47811,
2020-07-21,3.37385,
2020-07-22,3.35694,
2020-07-23,3.34271,
2020-07-24,3.49757,
2020-07-25,.,No value available
2020-07-26,.,No value available
2020-07-27,3.35699,
2020-07-28,3.33701,
2020-07-29,3.35589,
2020-07-30,3.40197,
2020-07-31,3.37615,
2020-08-01,.,No value available
2020-08-02,.,No value available
2020-08-03,3.31510,
2020-08-04,3.25747,
2020-08-05,3.31911,
2020-08-06,3.40544,
2020-08-07,3.29953,
2020-08-08,.,No value available
2020-08-09,.,No value available
2020-08-10,3.26874,
2020-08-11,3.42239,
2020-08-12,3.32901,
2020-08-13,3.48689,
2020-08-14,3.30943,
2020-08-15,.,No value available
2020-08-16,.,No value available
2020-08-17,3.36594,
2020-08-18,3.40719,
2020-08-19,3.47136,
2020-08-20,3.40089,
2020-08-21,3.32272,
2020-08-22,.,No value available
2020-08-23,.,No value available
2020-08-24,3.51376,
2020-08-25,3.69934,
2020-08-26,1.68861,
2020-08-27,1.86603,
2020-08-28,1.92463,
2020-08-29,.,No value available
2020-08-30,.,No value available
2020-08-31,1.94677,
2020-09-01,1.98323,
2020-09-02,0.94239,
2020-09-03,0.88453,
2020-09-04,0.97075,
2020-09-05,.,No value available
2020-09-06,.,No value available
2020-09-07,0.87720,
2020-09-08,0.85781,
2020-09-09,0.74532,
2020-09-10,0.68674,
2020-09-11,3.26820,
2020-09-12,.,No value available
2020-09-13,.,No value available
2020-09-14,3.26798,
2020-09-15,3.27246,
2020-09-16,3.36663,
2020-09-17,3.37098,
2020-09-18,3.29818,
2020-09-19,.,No value available
2020-09-20,.,No value available
2020-09-21,3.32737,
2020-09-22,3.28429,
2020-09-23,3.30814,
2020-09-24,3.24496,
2020-09-25,3.41577,
2020-09-26,.,No value available
2020-09-27,.,No value available
2020-09-28,3.41577,
2020-09-29,3.38359,
2020-09-30,3.39902,
2020-10-01,3.25194,
2020-10-02,3.35699,
2020-10-03,.,No value available
2020-10-04,.,No value available
2020-10-05,3.35699,
2020-10-06,3.16362,
2020-10-07,3.16362,
2020-10-08,2.76132,
2020-10-09,2.49375,
2020-10-10,.,No value available
2020-10-11,.,No value available
2020-10-12,2.49375,
2020-10-13,2.49375,
2020-10-14,2.47420,
2020-10-15,2.47781,
2020-10-16,3.98196,
2020-10-17,.,No value available
2020-10-18,.,No value available
2020-10-19,3.98196,
2020-10-20,3.75322,
2020-10-21,3.62217,
2020-10-22,3.62217,
2020-10-23,2.57459,
2020-10-24,.,No value available
2020-10-25,.,No value available
2020-10-26,2.72866,
2020-10-27,2.52135,
2020-10-28,6.54810,
2020-10-29,2.18782,
2020-10-30,2.18782,
2020-10-31,.,No value available
2020-11-01,.,No value available
2020-11-02,2.56624,
2020-11-03,1.62706,
2020-11-04,1.31803,
2020-11-05,8.83943,
2020-11-06,1.94807,
2020-11-07,.,No value available
2020-11-08,.,No value available
2020-11-09,1.94807,
2020-11-10,1.85210,
2020-11-11,1.11162,
2020-11-12,1.17882,
2020-11-13,1.12846,
2020-11-14,.,No value available
2020-11-15,.,No value available
2020-11-16,1.20006,
2020-11-17,1.20006,
2020-11-18,1.20006,
2020-11-19,1.03934,
2020-11-20,1.03934,
2020-11-21,.,No value available
2020-11-22,.,No value available
2020-11-23,1.12415,
2020-11-24,1.12415,
2020-11-25,1.12415,
2020-11-26,1.12415,
2020-11-27,1.12415,
2020-11-28,.,No value available
2020-11-29,.,No value available
2020-11-30,1.12415,
2020-12-01,0.75008,
2020-12-02,0.78841,
2020-12-03,0.70524,
2020-12-04,0.65316,
2020-12-05,.,No value available
2020-12-06,.,No value available
2020-12-07,0.73071,
2020-12-08,0.86071,
2020-12-09,0.86071,
2020-12-10,0.88151,
2020-12-11,0.89324,
2020-12-12,.,No value available
2020-12-13,.,No value available
2020-12-14,0.73835,
2020-12-15,0.73835,
2020-12-16,0.86691,
2020-12-17,0.84801,
2020-12-18,0.74543,
2020-12-19,.,No value available
2020-12-20,.,No value available
2020-12-21,0.74693,
2020-12-22,0.67807,
2020-12-23,3.94047,
2020-12-24,.,No value available
2020-12-25,.,No value available
2020-12-26,.,No value available
2020-12-27,.,No value available
2020-12-28,3.82298,
2020-12-29,3.79057,
2020-12-30,3.76681,
2020-12-31,.,No value available
2021-01-01,.,No value available
2021-01-02,.,No value available
2021-01-03,.,No value available
2021-01-04,3.98578,
2021-01-05,3.51745,
2021-01-06,3.69425,
2021-01-07,3.61392,
2021-01-08,3.46135,
2021-01-09,.,No value available
2021-01-10,.,No value available
2021-01-11,2.18684,
2021-01-12,7.06931,
2021-01-13,6.76477,
2021-01-14,2.99112,
2021-01-15,3.59872,
2021-01-16,.,No value available
2021-01-17,.,No value available
2021-01-18,3.53535,
2021-01-19,3.57916,
2021-01-20,2.82386,
2021-01-21,2.82386,
2021-01-22,2.88714,
2021-01-23,.,No value available
2021-01-24,.,No value available
2021-01-25,3.20683,
2021-01-26,3.24318,
2021-01-27,3.64364,
2021-01-28,3.35765,
2021-01-29,3.39840,
2021-01-30,.,No value available
2021-01-31,.,No value available
2021-02-01,2.02499,
2021-02-02,5.25741,
2021-02-03,5.53330,
2021-02-04,5.53330,
2021-02-05,5.65861,
2021-02-06,.,No value available
2021-02-07,.,No value available
2021-02-08,4.42114,
2021-02-09,5.55626,
2021-02-10,4.40567,
2021-02-11,3.17893,
2021-02-12,3.17893,
2021-02-13,.,No value available
2021-02-14,.,No value available
2021-02-15,3.01667,
2021-02-16,3.01667,
2021-02-17,2.93642,
2021-02-18,2.93642,
2021-02-19,2.90413,
2021-02-20,.,No value available
2021-02-21,.,No value available
2021-02-22,3.31001,
2021-02-23,3.15631,
2021-02-24,3.15631,
2021-02-25,2.93145,
2021-02-26,2.73607,
2021-02-27,.,No value available
2021-02-28,.,No value available
2021-03-01,2.69768,
2021-03-02,2.71337,
2021-03-03,2.56057,
2021-03-04,2.53025,
2021-03-05,2.53025,
2021-03-06,.,No value available
2021-03-07,.,No value available
2021-03-08,2.53025,
2021-03-09,2.58844,
2021-03-10,4.64849,
2021-03-11,3.04842,
2021-03-12,2.62609,
2021-03-13,.,No value available
2021-03-14,.,No value available
2021-03-15,2.62609,
2021-03-16,2.32758,
2021-03-17,2.06350,
2021-03-18,1.93603,
2021-03-19,1.95932,
2021-03-20,.,No value available
2021-03-21,.,No value available
2021-03-22,2.13519,
2021-03-23,2.12734,
2021-03-24,2.85404,
2021-03-25,2.85404,
2021-03-26,2.85404,
2021-03-27,.,No value available
2021-03-28,.,No value available
2021-03-29,2.81159,
2021-03-30,2.68680,
2021-03-31,2.68680,
2021-04-01,2.64569,
2021-04-02,.,No value available
2021-04-03,.,No value available
2021-04-04,.,No value available
2021-04-05,.,No value available
2021-04-06,2.64569,
2021-04-07,2.68925,
2021-04-08,2.68925,
2021-04-09,2.68043,
2021-04-10,.,No value available
2021-04-11,.,No value available
2021-04-12,2.73976,
2021-04-13,2.65998,
2021-04-14,2.65998,
2021-04-15,2.72383,
2021-04-16,2.72383,
2021-04-17,.,No value available
2021-04-18,.,No value available
2021-04-19,2.72383,
2021-04-20,2.63908,
2021-04-21,2.66709,
2021-04-22,2.70006,
2021-04-23,2.70006,
2021-04-24,.,No value available
2021-04-25,.,No value available
2021-04-26,2.66284,
2021-04-27,2.66284,
2021-04-28,2.66814,
2021-04-29,2.66814,
2021-04-30,2.64027,
2021-05-01,.,No value available
2021-05-02,.,No value available
2021-05-03,2.57531,
2021-05-04,2.64297,
2021-05-05,2.65025,
2021-05-06,2.65025,
2021-05-07,2.65025,
2021-05-08,.,No value available
2021-05-09,.,No value available
2021-05-10,2.65772,
2021-05-11,2.44674,
2021-05-12,2.60866,
2021-05-13,2.54645,
2021-05-14,2.58343,
2021-05-15,.,No value available
2021-05-16,.,No value available
2021-05-17,2.58343,
2021-05-18,2.46431,
2021-05-19,2.45002,
2021-05-20,2.53839,
2021-05-21,2.47129,
2021-05-22,.,No value available
2021-05-23,.,No value available
2021-05-24,.,No value available
2021-05-25,2.55195,
2021-05-26,2.64151,
2021-05-27,2.62066,
2021-05-28,2.57915,
2021-05-29,.,No value available
2021-05-30,.,No value available
2021-05-31,2.42195,
2021-06-01,2.27905,
2021-06-02,2.27905,
2021-06-03,2.27905,
2021-06-04,2.41707,
2021-06-05,.,No value available
2021-06-06,.,No value available
2021-06-07,2.11752,
2021-06-08,1.92853,
2021-06-09,1.83607,
2021-06-10,1.86845,
2021-06-11,2.55208,
2021-06-12,.,No value available
2021-06-13,.,No value available
2021-06-14,2.56927,
2021-06-15,2.52856,
2021-06-16,2.46261,
2021-06-17,2.46480,
2021-06-18,2.46227,
2021-06-19,.,No value available
2021-06-20,.,No value available
2021-06-21,2.48546,
2021-06-22,2.53916,
2021-06-23,2.56386,
2021-06-24,2.55673,
2021-06-25,2.64261,
2021-06-26,.,No value available
2021-06-27,.,No value available
2021-06-28,2.63651,
2021-06-29,2.05267,
2021-06-30,2.04837,
2021-07-01,2.15738,
2021-07-02,2.17720,
2021-07-03,.,No value available
2021-07-04,.,No value available
2021-07-05,2.13156,
2021-07-06,2.11735,
2021-07-07,2.07129,
2021-07-08,2.15890,
2021-07-09,2.12287,
2021-07-10,.,No value available
2021-07-11,.,No value available
2021-07-12,2.07824,
2021-07-13,2.04448,
2021-07-14,2.03333,
2021-07-15,2.36641,
2021-07-16,2.24612,
2021-07-17,.,No value available
2021-07-18,.,No value available
2021-07-19,2.20587,
2021-07-20,2.09032,
2021-07-21,2.12121,
2021-07-22,2.04646,
2021-07-23,2.12810,
2021-07-24,.,No value available
2021-07-25,.,No value available
2021-07-26,2.09927,
2021-07-27,2.03339,
2021-07-28,2.05794,
2021-07-29,2.08220,
2021-07-30,2.08352,
2021-07-31,.,No value available
2021-08-01,.,No value available
2021-08-02,2.10190,
2021-08-03,2.15211,
2021-08-04,2.19011,
2021-08-05,2.13508,
2021-08-06,2.14087,
2021-08-07,.,No value available
2021-08-08,.,No value available
2021-08-09,4.23115,
2021-08-10,4.18858,
2021-08-11,4.45098,
2021-08-12,4.58690,
2021-08-13,4.85339,
2021-08-14,.,No value available
2021-08-15,.,No value available
2021-08-16,4.90207,
2021-08-17,5.03209,
2021-08-18,5.24603,
2021-08-19,1.87649,
2021-08-20,1.92925,
2021-08-21,.,No value available
2021-08-22,.,No value available
2021-08-23,2.03214,
2021-08-24,2.20520,
2021-08-25,2.32283,
2021-08-26,2.12842,
2021-08-27,2.14172,
2021-08-28,.,No value available
2021-08-29,.,No value available
2021-08-30,2.16239,
2021-08-31,2.19408,
2021-09-01,1.99697,
2021-09-02,4.65283,
2021-09-03,5.48755,
2021-09-04,.,No value available
2021-09-05,.,No value available
2021-09-06,2.55465,
2021-09-07,2.31992,
2021-09-08,2.08427,
2021-09-09,2.12987,
2021-09-10,2.11621,
2021-09-11,.,No value available
2021-09-12,.,No value available
2021-09-13,2.12971,
2021-09-14,2.11283,
2021-09-15,2.12908,
2021-09-16,2.11603,
2021-09-17,2.04152,
2021-09-18,.,No value available
2021-09-19,.,No value available
2021-09-20,2.09310,
2021-09-21,2.01869,
2021-09-22,2.06952,
2021-09-23,2.07964,
2021-09-24,2.69169,
2021-09-25,.,No value available
2021-09-26,.,No value available
2021-09-27,2.64713,
2021-09-28,2.58190,
2021-09-29,2.57876,
2021-09-30,2.56662,
2021-10-01,2.55292,
2021-10-02,.,No value available
2021-10-03,.,No value available
2021-10-04,2.51724,
2021-10-05,2.50898,
2021-10-06,2.40638,
2021-10-07,2.50487,
2021-10-08,2.42627,
2021-10-09,.,No value available
2021-10-10,.,No value available
2021-10-11,2.39187,
2021-10-12,2.46390,
2021-10-13,2.41753,
2021-10-14,2.42544,
2021-10-15,2.49605,
2021-10-16,.,No value available
2021-10-17,.,No value available
2021-10-18,2.40870,
2021-10-19,2.44418,
2021-10-20,2.32531,
2021-10-21,2.40685,
2021-10-22,2.11716,
2021-10-23,.,No value available
2021-10-24,.,No value available
2021-10-25,2.27785,
2021-10-26,2.41643,
2021-10-27,2.53093,
2021-10-28,2.21306,
2021-10-29,1.92279,
2021-10-30,.,No value available
2021-10-31,.,No value available
2021-11-01,1.92094,
2021-11-02,2.02051,
2021-11-03,2.22744,
2021-11-04,2.31779,
2021-11-05,2.36451,
2021-11-06,.,No value available
2021-11-07,.,No value available
2021-11-08,2.47830,
2021-11-09,2.59389,
2021-11-10,2.51541,
2021-11-11,2.69453,
2021-11-12,2.77542,
2021-11-13,.,No value available
2021-11-14,.,No value available
2021-11-15,2.74884,
2021-11-16,2.85727,
2021-11-17,2.91383,
2021-11-18,3.11290,
2021-11-19,3.30654,
2021-11-20,.,No value available
2021-11-21,.,No value available
2021-11-22,3.60508,
2021-11-23,3.04932,
2021-11-24,3.01106,
2021-11-25,2.78911,
2021-11-26,2.89612,
2021-11-27,.,No value available
2021-11-28,.,No value available
2021-11-29,2.90942,
2021-11-30,2.50931,
2021-12-01,2.45279,
2021-12-02,2.89247,
2021-12-03,2.66351,
2021-12-04,.,No value available
2021-12-05,.,No value available
2021-12-06,2.73145,
2021-12-07,2.46024,
2021-12-08,2.38653,
2021-12-09,2.65285,
2021-12-10,2.81790,
2021-12-11,.,No value available
2021-12-12,.,No value available
2021-12-13,3.04486,
2021-12-14,3.03291,
2021-12-15,3.02138,
2021-12-16,2.87023,
2021-12-17,2.83862,
2021-12-18,.,No value available
2021-12-19,.,No value available
2021-12-20,2.85011,
2021-12-21,2.99985,
2021-12-22,2.84267,
2021-12-23,2.78609,
2021-12-24,.,No value available
2021-12-25,.,No value available
2021-12-26,.,No value available
2021-12-27,2.65182,
2021-12-28,2.83769,
2021-12-29,2.87002,
2021-12-30,2.93927,
2021-12-31,.,No value available
2022-01-01,.,No value available
2022-01-02,.,No value available
2022-01-03,2.70271,
2022-01-04,2.01986,
2022-01-05,2.26168,
2022-01-06,2.39492,
2022-01-07,2.88984,
2022-01-08,.,No value available
2022-01-09,.,No value available
2022-01-10,2.84764,
2022-01-11,4.09068,
2022-01-12,4.46450,
2022-01-13,2.64146,
2022-01-14,2.60163,
2022-01-15,.,No value available
2022-01-16,.,No value available
2022-01-17,2.69513,
2022-01-18,2.68086,
2022-01-19,2.68253,
2022-01-20,2.59504,
2022-01-21,2.05184,
2022-01-22,.,No value available
2022-01-23,.,No value available
2022-01-24,1.95205,
2022-01-25,2.28441,
2022-01-26,1.87674,
2022-01-27,1.87876,
2022-01-28,1.68185,
2022-01-29,.,No value available
2022-01-30,.,No value available
2022-01-31,1.13037,
2022-02-01,0.79651,
2022-02-02,0.85065,
2022-02-03,0.76450,
2022-02-04,0.78969,
2022-02-05,.,No value available
2022-02-06,.,No value available
2022-02-07,0.69143,
2022-02-08,0.77146,
2022-02-09,0.80452,
2022-02-10,0.86406,
2022-02-11,0.93839,
2022-02-12,.,No value available
2022-02-13,.,No value available
2022-02-14,0.66327,
2022-02-15,0.66229,
2022-02-16,0.60289,
2022-02-17,0.68616,
2022-02-18,0.66530,
2022-02-19,.,No value available
2022-02-20,.,No value available
2022-02-21,0.72756,
2022-02-22,0.73743,
2022-02-23,0.74422,
2022-02-24,0.73590,
2022-02-25,0.81722,
2022-02-26,.,No value available
2022-02-27,.,No value available
2022-02-28,0.91373,
2022-03-01,2.88180,
2022-03-02,1.21716,
2022-03-03,1.75341,
2022-03-04,1.23738,
2022-03-05,.,No value available
2022-03-06,.,No value available
2022-03-07,0.30719,
2022-03-08,1.13896,
2022-03-09,1.96604,
2022-03-10,2.30077,
2022-03-11,1.89347,
2022-03-12,.,No value available
2022-03-13,.,No value available
2022-03-14,0.63930,
2022-03-15,0.59908,
2022-03-16,0.64175,
2022-03-17,0.58189,
2022-03-18,0.64097,
2022-03-19,.,No value available
2022-03-20,.,No value available
2022-03-21,0.59857,
2022-03-22,0.59096,
2022-03-23,0.58897,
2022-03-24,0.56177,
2022-03-25,0.54660,
2022-03-26,.,No value available
2022-03-27,.,No value available
2022-03-28,0.53156,
2022-03-29,0.50553,
2022-03-30,0.79440,
2022-03-31,0.80216,
2022-04-01,1.12245,
2022-04-02,.,No value available
2022-04-03,.,No value available
2022-04-04,1.01104,
2022-04-05,0.62851,
2022-04-06,0.62902,
2022-04-07,0.49000,
2022-04-08,0.48304,
2022-04-09,.,No value available
2022-04-10,.,No value available
2022-04-11,0.45594,
2022-04-12,0.49826,
2022-04-13,0.72502,
2022-04-14,1.40680,
2022-04-15,.,No value available
2022-04-16,.,No value available
2022-04-17,.,No value available
2022-04-18,.,No value available
2022-04-19,1.44944,
2022-04-20,0.49616,
2022-04-21,0.43411,
2022-04-22,0.40563,
2022-04-23,.,No value available
2022-04-24,.,No value available
2022-04-25,0.38805,
2022-04-26,0.50050,
2022-04-27,1.28891,
2022-04-28,1.40666,
2022-04-29,1.24819,
2022-04-30,.,No value available
2022-05-01,.,No value available
2022-05-02,1.21420,
2022-05-03,0.38888,
2022-05-04,0.42993,
2022-05-05,0.43187,
2022-05-06,0.41032,
2022-05-07,.,No value available
2022-05-08,.,No value available
2022-05-09,0.45807,
2022-05-10,0.74836,
2022-05-11,1.20847,
2022-05-12,1.09388,
2022-05-13,0.88382,
2022-05-14,.,No value available
2022-05-15,.,No value available
2022-05-16,0.98199,
2022-05-17,0.99741,
2022-05-18,1.13811,
2022-05-19,1.01222,
2022-05-20,1.08093,
2022-05-21,.,No value available
2022-05-22,.,No value available
2022-05-23,1.14818,
2022-05-24,1.09899,
2022-05-25,1.03149,
2022-05-26,0.92229,
2022-05-27,1.01957,
2022-05-28,.,No value available
2022-05-29,.,No value available
2022-05-30,1.08907,
2022-05-31,1.12861,
2022-06-01,1.09353,
2022-06-02,1.16529,
2022-06-03,1.23710,
2022-06-04,.,No value available
2022-06-05,.,No value available
2022-06-06,1.17717,
2022-06-07,1.18884,
2022-06-08,1.23981,
2022-06-09,1.12269,
2022-06-10,1.18700,
2022-06-11,.,No value available
2022-06-12,.,No value available
2022-06-13,1.29891,
2022-06-14,1.22134,
2022-06-15,1.23215,
2022-06-16,1.29751,
2022-06-17,1.14602,
2022-06-18,.,No value available
2022-06-19,.,No value available
2022-06-20,1.20879,
2022-06-21,1.17209,
2022-06-22,1.11582,
2022-06-23,0.94494,
2022-06-24,0.93353,
2022-06-25,.,No value available
2022-06-26,.,No value available
2022-06-27,1.04649,
2022-06-28,0.92641,
2022-06-29,0.91130,
2022-06-30,0.68569,
2022-07-01,0.59493,
2022-07-02,.,No value available
2022-07-03,.,No value available
2022-07-04,0.67558,
2022-07-05,0.53438,
2022-07-06,0.14515,
2022-07-07,1.24431,
2022-07-08,1.14654,
2022-07-09,.,No value available
2022-07-10,.,No value available
2022-07-11,0.90885,
2022-07-12,1.16787,
2022-07-13,12.42043,
2022-07-14,11.85371,
2022-07-15,12.53610,
2022-07-16,.,No value available
2022-07-17,.,No value available
2022-07-18,12.52112,
2022-07-19,12.29322,
2022-07-20,12.44003,
2022-07-21,12.04106,
2022-07-22,12.67755,
2022-07-23,.,No value available
2022-07-24,.,No value available
2022-07-25,12.48401,
2022-07-26,12.75416,
2022-07-27,12.60063,
2022-07-28,12.02639,
2022-07-29,11.74560,
2022-07-30,.,No value available
2022-07-31,.,No value available
2022-08-01,11.57284,
2022-08-02,11.63758,
2022-08-03,12.13660,
2022-08-04,11.78535,
2022-08-05,12.08212,
2022-08-06,.,No value available
2022-08-07,.,No value available
2022-08-08,12.65616,
2022-08-09,12.18368,
2022-08-10,12.44484,
2022-08-11,12.71327,
2022-08-12,12.80043,
2022-08-13,.,No value available
2022-08-14,.,No value available
2022-08-15,13.15951,
2022-08-16,13.39507,
2022-08-17,13.40387,
2022-08-18,13.83789,
2022-08-19,12.87307,
2022-08-20,.,No value available
2022-08-21,.,No value available
2022-08-22,12.87458,
2022-08-23,12.40879,
2022-08-24,11.97353,
2022-08-25,11.69309,
2022-08-26,11.94580,
2022-08-27,.,No value available
2022-08-28,.,No value available
2022-08-29,11.26098,
2022-08-30,11.03656,
2022-08-31,10.74690,
2022-09-01,10.53296,
2022-09-02,11.89597,
2022-09-03,.,No value available
2022-09-04,.,No value available
2022-09-05,11.90638,
2022-09-06,12.29934,
2022-09-07,11.80611,
2022-09-08,11.97197,
2022-09-09,11.93919,
2022-09-10,.,No value available
2022-09-11,.,No value available
2022-09-12,12.11598,
2022-09-13,12.73756,
2022-09-14,12.73243,
2022-09-15,12.17564,
2022-09-16,11.74090,
2022-09-17,.,No value available
2022-09-18,.,No value available
2022-09-19,11.57721,
2022-09-20,11.61649,
2022-09-21,0.07518,
2022-09-22,0.14584,
2022-09-23,0.23214,
2022-09-24,.,No value available
2022-09-25,.,No value available
2022-09-26,0.28057,
2022-09-27,0.20534,
2022-09-28,0.16453,
2022-09-29,0.16501,
2022-09-30,0.14788,
2022-10-01,.,No value available
2022-10-02,.,No value available
2022-10-03,0.18745,
2022-10-04,0.22853,
2022-10-05,0.26585,
2022-10-06,0.25212,
2022-10-07,0.27394,
2022-10-08,.,No value available
2022-10-09,.,No value available
2022-10-10,0.27968,
2022-10-11,0.29207,
2022-10-12,0.31154,
2022-10-13,0.31281,
2022-10-14,0.33611,
2022-10-15,.,No value available
2022-10-16,.,No value available
2022-10-17,0.37054,
2022-10-18,0.39602,
2022-10-19,0.44166,
2022-10-20,0.49155,
2022-10-21,0.38661,
2022-10-22,.,No value available
2022-10-23,.,No value available
2022-10-24,0.39518,
2022-10-25,0.43789,
2022-10-26,0.41052,
2022-10-27,0.38924,
2022-10-28,0.36140,
2022-10-29,.,No value available
2022-10-30,.,No value available
2022-10-31,0.34218,
2022-11-01,0.37808,
2022-11-02,0.40918,
2022-11-03,0.39609,
2022-11-04,0.44089,
2022-11-05,.,No value available
2022-11-06,.,No value available
2022-11-07,0.46735,
2022-11-08,0.28526,
2022-11-09,0.28536,
2022-11-10,0.27939,
2022-11-11,0.42441,
2022-11-12,.,No value available
2022-11-13,.,No value available
2022-11-14,0.36019,
2022-11-15,0.37569,
2022-11-16,0.44087,
2022-11-17,0.54797,
2022-11-18,0.53247,
2022-11-19,.,No value available
2022-11-20,.,No value available
2022-11-21,0.51694,
2022-11-22,0.60753,
2022-11-23,0.67842,
2022-11-24,0.64019,
2022-11-25,0.66869,
2022-11-26,.,No value available
2022-11-27,.,No value available
2022-11-28,0.69400,
2022-11-29,0.65054,
2022-11-30,0.72262,
2022-12-01,0.65295,
2022-12-02,0.74241,
2022-12-03,.,No value available
2022-12-04,.,No value available
2022-12-05,0.79584,
2022-12-06,0.80375,
2022-12-07,0.77727,
2022-12-08,0.77659,
2022-12-09,0.81041,
2022-12-10,.,No value available
2022-12-11,.,No value available
2022-12-12,0.76790,
2022-12-13,0.84613,
2022-12-14,0.78281,
2022-12-15,0.83837,
2022-12-16,0.84419,
2022-12-17,.,No value available
2022-12-18,.,No value available
2022-12-19,0.81004,
2022-12-20,0.87677,
2022-12-21,0.91545,
2022-12-22,0.95824,
2022-12-23,0.94755,
2022-12-24,.,No value available
2022-12-25,.,No value available
2022-12-26,.,No value available
2022-12-27,0.97741,
2022-12-28,0.88687,
2022-12-29,0.95223,
2022-12-30,0.82692,
2022-12-31,.,No value available
2023-01-01,.,No value available
2023-01-02,0.82070,
2023-01-03,0.72182,
2023-01-04,0.64368,
2023-01-05,0.71040,
2023-01-06,0.68472,
2023-01-07,.,No value available
2023-01-08,.,No value available
2023-01-09,0.70389,
2023-01-10,0.75785,
2023-01-11,0.70055,
2023-01-12,0.82329,
2023-01-13,0.79536,
2023-01-14,.,No value available
2023-01-15,.,No value available
2023-01-16,0.80159,
2023-01-17,0.75385,
2023-01-18,0.79101,
2023-01-19,0.84137,
2023-01-20,0.87667,
2023-01-21,.,No value available
2023-01-22,.,No value available
2023-01-23,0.92010,
2023-01-24,0.93225,
2023-01-25,0.90235,
2023-01-26,0.88192,
2023-01-27,0.87751,
2023-01-28,.,No value available
2023-01-29,.,No value available
2023-01-30,0.82377,
2023-01-31,0.84303,
2023-02-01,0.92732,
2023-02-02,0.89386,
2023-02-03,0.84430,
2023-02-04,.,No value available
2023-02-05,.,No value available
2023-02-06,0.80586,
2023-02-07,0.78216,
2023-02-08,0.82498,
2023-02-09,0.77749,
2023-02-10,0.76661,
2023-02-11,.,No value available
2023-02-12,.,No value available
2023-02-13,0.79357,
2023-02-14,0.81847,
2023-02-15,0.85540,
2023-02-16,0.92923,
2023-02-17,0.86751,
2023-02-18,.,No value available
2023-02-19,.,No value available
2023-02-20,0.91637,
2023-02-21,0.85209,
2023-02-22,0.86766,
2023-02-23,0.80295,
2023-02-24,0.84813,
2023-02-25,.,No value available
2023-02-26,.,No value available
2023-02-27,0.84373,
2023-02-28,0.87335,
2023-03-01,0.89032,
2023-03-02,0.82884,
2023-03-03,0.87865,
2023-03-04,.,No value available
2023-03-05,.,No value available
2023-03-06,0.86752,
2023-03-07,0.89095,
2023-03-08,0.92496,
2023-03-09,0.90020,
2023-03-10,0.92697,
2023-03-11,.,No value available
2023-03-12,.,No value available
2023-03-13,0.83017,
2023-03-14,0.66952,
2023-03-15,0.80021,
2023-03-16,1.16026,
2023-03-17,1.13131,
2023-03-18,.,No value available
2023-03-19,.,No value available
2023-03-20,8.13834,
2023-03-21,8.10639,
2023-03-22,8.25668,
2023-03-23,7.90813,
2023-03-24,6.01733,
2023-03-25,.,No value available
2023-03-26,.,No value available
2023-03-27,7.52302,
2023-03-28,7.82454,
2023-03-29,7.70217,
2023-03-30,8.13919,
2023-03-31,8.44256,
2023-04-01,.,No value available
2023-04-02,.,No value available
2023-04-03,8.33708,
2023-04-04,8.17299,
2023-04-05,7.93305,
2023-04-06,7.50191,
2023-04-07,.,No value available
2023-04-08,.,No value available
2023-04-09,.,No value available
2023-04-10,.,No value available
2023-04-11,7.97186,
2023-04-12,7.99083,
2023-04-13,8.00396,
2023-04-14,7.96014,
2023-04-15,.,No value available
2023-04-16,.,No value available
2023-04-17,1.39575,
2023-04-18,1.24810,
2023-04-19,1.24334,
2023-04-20,1.45904,
2023-04-21,1.53555,
2023-04-22,.,No value available
2023-04-23,.,No value available
2023-04-24,1.29018,
2023-04-25,1.16903,
2023-04-26,1.27030,
2023-04-27,1.20548,
2023-04-28,1.21935,
2023-04-29,.,No value available
2023-04-30,.,No value available
2023-05-01,.,No value available
2023-05-02,1.28386,
2023-05-03,1.30156,
2023-05-04,1.27345,
2023-05-05,5.90586,
2023-05-06,.,No value available
2023-05-07,.,No value available
2023-05-08,6.17755,
2023-05-09,7.40290,
2023-05-10,7.27717,
2023-05-11,1.43570,
2023-05-12,1.28205,
2023-05-13,.,No value available
2023-05-14,.,No value available
2023-05-15,5.67478,
2023-05-16,5.78357,
2023-05-17,5.94958,
2023-05-18,6.27495,
2023-05-19,6.30970,
2023-05-20,.,No value available
2023-05-21,.,No value available
2023-05-22,7.59830,
2023-05-23,7.78052,
2023-05-24,7.70407,
2023-05-25,7.81941,
2023-05-26,7.64968,
2023-05-27,.,No value available
2023-05-28,.,No value available
2023-05-29,7.76399,
2023-05-30,1.18210,
2023-05-31,6.82899,
2023-06-01,6.19161,
2023-06-02,6.17228,
2023-06-03,.,No value available
2023-06-04,.,No value available
2023-06-05,1.15755,
2023-06-06,1.17713,
2023-06-07,1.18143,
2023-06-08,1.28374,
2023-06-09,1.25886,
2023-06-10,.,No value available
2023-06-11,.,No value available
2023-06-12,1.26996,
2023-06-13,1.27198,
2023-06-14,7.49262,
2023-06-15,7.75524,
2023-06-16,7.89789,
2023-06-17,.,No value available
2023-06-18,.,No value available
2023-06-19,1.22173,
2023-06-20,1.30523,
2023-06-21,1.23613,
2023-06-22,1.15796,
2023-06-23,1.23296,
2023-06-24,.,No value available
2023-06-25,.,No value available
2023-06-26,1.23484,
2023-06-27,1.24570,
2023-06-28,1.33685,
2023-06-29,1.27498,
2023-06-30,1.25564,
2023-07-01,.,No value available
2023-07-02,.,No value available
2023-07-03,1.25411,
2023-07-04,1.22328,
2023-07-05,1.31074,
2023-07-06,1.25809,
2023-07-07,1.17674,
2023-07-08,.,No value available
2023-07-09,.,No value available
2023-07-10,1.21501,
2023-07-11,1.26805,
2023-07-12,1.20975,
2023-07-13,1.26151,
2023-07-14,1.18017,
2023-07-15,.,No value available
2023-07-16,.,No value available
2023-07-17,0.91835,
2023-07-18,0.90674,
2023-07-19,0.87380,
2023-07-20,0.88723,
2023-07-21,0.90332,
2023-07-22,.,No value available
2023-07-23,.,No value available
2023-07-24,0.89243,
2023-07-25,0.90518,
2023-07-26,0.88228,
2023-07-27,0.86910,
2023-07-28,0.86886,
2023-07-29,.,No value available
2023-07-30,.,No value available
2023-07-31,0.83894,
2023-08-01,0.82855,
2023-08-02,0.78992,
2023-08-03,0.79156,
2023-08-04,0.81902,
2023-08-05,.,No value available
2023-08-06,.,No value available
2023-08-07,0.77116,
2023-08-08,0.79068,
2023-08-09,0.78007,
2023-08-10,0.81308,
2023-08-11,0.78183,
2023-08-12,.,No value available
2023-08-13,.,No value available
2023-08-14,0.79609,
2023-08-15,0.81313,
2023-08-16,0.79985,
2023-08-17,0.81017,
2023-08-18,0.81330,
2023-08-19,.,No value available
2023-08-20,.,No value available
2023-08-21,0.79371,
2023-08-22,0.80797,
2023-08-23,0.75668,
2023-08-24,0.77561,
2023-08-25,0.78979,
2023-08-26,.,No value available
2023-08-27,.,No value available
2023-08-28,0.82059,
2023-08-29,0.77207,
2023-08-30,0.80777,
2023-08-31,0.78391,
2023-09-01,0.76276,
2023-09-02,.,No value available
2023-09-03,.,No value available
2023-09-04,0.73573,
2023-09-05,0.72527,
2023-09-06,0.72838,
2023-09-07,0.76614,
2023-09-08,0.76437,
2023-09-09,.,No value available
2023-09-10,.,No value available
2023-09-11,0.78316,
2023-09-12,0.78008,
2023-09-13,0.66624,
2023-09-14,0.70350,
2023-09-15,0.70430,
2023-09-16,.,No value available
2023-09-17,.,No value available
2023-09-18,0.70141,
2023-09-19,0.73218,
2023-09-20,0.73368,
2023-09-21,0.77907,
2023-09-22,0.71328,
2023-09-23,.,No value available
2023-09-24,.,No value available
2023-09-25,0.66753,
2023-09-26,0.65522,
2023-09-27,0.65897,
2023-09-28,0.56151,
2023-09-29,0.57297,
2023-09-30,.,No value available
2023-10-01,.,No value available
2023-10-02,0.61683,
2023-10-03,0.63147,
2023-10-04,0.62556,
2023-10-05,0.61582,
2023-10-06,0.58210,
2023-10-07,.,No value available
2023-10-08,.,No value available
2023-10-09,0.58637,
2023-10-10,0.58503,
2023-10-11,0.63075,
2023-10-12,0.64833,
2023-10-13,0.64612,
2023-10-14,.,No value available
2023-10-15,.,No value available
2023-10-16,0.64367,
2023-10-17,0.65860,
2023-10-18,0.65967,
2023-10-19,0.66007,
2023-10-20,0.62038,
2023-10-21,.,No value available
2023-10-22,.,No value available
2023-10-23,0.58756,
2023-10-24,0.61695,
2023-10-25,0.58872,
2023-10-26,0.58831,
2023-10-27,0.55499,
2023-10-28,.,No value available
2023-10-29,.,No value available
2023-10-30,0.53688,
2023-10-31,0.54841,
2023-11-01,0.52406,
2023-11-02,0.54356,
2023-11-03,0.56501,
2023-11-04,.,No value available
2023-11-05,.,No value available
2023-11-06,0.57274,
2023-11-07,0.59411,
2023-11-08,0.61848,
2023-11-09,0.61754,
2023-11-10,0.61208,
2023-11-11,.,No value available
2023-11-12,.,No value available
2023-11-13,0.65126,
2023-11-14,0.65272,
2023-11-15,0.65123,
2023-11-16,5.04217,
2023-11-17,4.74325,
2023-11-18,.,No value available
2023-11-19,.,No value available
2023-11-20,4.88330,
2023-11-21,4.82926,
2023-11-22,4.83643,
2023-11-23,4.80792,
2023-11-24,4.91160,
2023-11-25,.,No value available
2023-11-26,.,No value available
2023-11-27,4.99763,
2023-11-28,4.59636,
2023-11-29,4.31936,
2023-11-30,4.04266,
2023-12-01,2.91990,
2023-12-02,.,No value available
2023-12-03,.,No value available
2023-12-04,2.34674,
2023-12-05,2.13645,
2023-12-06,2.00605,
2023-12-07,2.08321,
2023-12-08,2.42468,
2023-12-09,.,No value available
2023-12-10,.,No value available
2023-12-11,2.51523,
2023-12-12,2.69001,
2023-12-13,2.36735,
2023-12-14,1.90781,
2023-12-15,1.95139,
2023-12-16,.,No value available
2023-12-17,.,No value available
2023-12-18,1.76401,
2023-12-19,1.93439,
2023-12-20,1.76460,
2023-12-21,1.82905,
2023-12-22,1.76194,
2023-12-23,.,No value available
2023-12-24,.,No value available
2023-12-25,.,No value available
2023-12-26,.,No value available
2023-12-27,1.77582,
2023-12-28,1.67775,
2023-12-29,1.66332,
2023-12-30,.,No value available
2023-12-31,.,No value available
2024-01-01,.,No value available
2024-01-02,1.65728,
2024-01-03,1.60420,
2024-01-04,1.64476,
2024-01-05,1.71437,
2024-01-06,.,No value available
2024-01-07,.,No value available
2024-01-08,1.76068,
2024-01-09,1.73578,
2024-01-10,1.81042,
2024-01-11,1.91844,
2024-01-12,1.65029,
2024-01-13,.,No value available
2024-01-14,.,No value available
2024-01-15,1.57909,
2024-01-16,1.52924,
2024-01-17,1.46295,
2024-01-18,1.36908,
2024-01-19,1.40377,
2024-01-20,.,No value available
2024-01-21,.,No value available
2024-01-22,1.47598,
2024-01-23,1.48533,
2024-01-24,1.54942,
2024-01-25,1.49411,
2024-01-26,1.42506,
2024-01-27,.,No value available
2024-01-28,.,No value available
2024-01-29,1.35517,
2024-01-30,1.41850,
2024-01-31,1.53976,
2024-02-01,1.50875,
2024-02-02,1.51213,
2024-02-03,.,No value available
2024-02-04,.,No value available
2024-02-05,1.66002,
2024-02-06,1.58197,
2024-02-07,1.71156,
2024-02-08,1.62124,
2024-02-09,1.66887,
2024-02-10,.,No value available
2024-02-11,.,No value available
2024-02-12,1.44076,
2024-02-13,1.41448,
2024-02-14,1.63671,
2024-02-15,1.60143,
2024-02-16,1.75611,
2024-02-17,.,No value available
2024-02-18,.,No value available
2024-02-19,1.91216,
2024-02-20,1.94887,
2024-02-21,1.84421,
2024-02-22,2.12352,
2024-02-23,2.59028,
2024-02-24,.,No value available
2024-02-25,.,No value available
2024-02-26,2.30646,
2024-02-27,2.49736,
2024-02-28,2.37703,
2024-02-29,2.83187,
2024-03-01,2.29966,
2024-03-02,.,No value available
2024-03-03,.,No value available
2024-03-04,1.88072,
2024-03-05,2.23513,
2024-03-06,2.41521,
2024-03-07,1.86868,
2024-03-08,1.84105,
2024-03-09,.,No value available
2024-03-10,.,No value available
2024-03-11,1.85605,
2024-03-12,1.98734,
2024-03-13,1.83786,
2024-03-14,2.02323,
2024-03-15,2.08042,
2024-03-16,.,No value available
2024-03-17,.,No value available
2024-03-18,2.16756,
2024-03-19,2.10857,
2024-03-20,2.58594,
2024-03-21,2.18352,
2024-03-22,2.37128,
2024-03-23,.,No value available
2024-03-24,.,No value available
2024-03-25,2.27419,
2024-03-26,2.32689,
2024-03-27,2.44035,
2024-03-28,2.77008,
2024-03-29,.,No value available
2024-03-30,.,No value available
2024-03-31,.,No value available
2024-04-01,.,No value available
2024-04-02,2.28160,
2024-04-03,2.21664,
2024-04-04,2.23880,
2024-04-05,2.57034,
2024-04-06,.,No value available
2024-04-07,.,No value available
2024-04-08,3.10508,
2024-04-09,3.13080,
2024-04-10,2.73636,
2024-04-11,3.62781,
2024-04-12,2.99332,
2024-04-13,.,No value available
2024-04-14,.,No value available
2024-04-15,2.42836,
2024-04-16,2.41141,
2024-04-17,2.85765,
2024-04-18,3.13657,
2024-04-19,3.29834,
2024-04-20,.,No value available
2024-04-21,.,No value available
2024-04-22,3.55107,
2024-04-23,3.44811,
2024-04-24,3.67421,
2024-04-25,3.76289,
2024-04-26,4.43887,
2024-04-27,.,No value available
2024-04-28,.,No value available
2024-04-29,4.49860,
2024-04-30,4.66512,
2024-05-01,.,No value available
2024-05-02,4.70689,
2024-05-03,4.65380,
2024-05-04,.,No value available
2024-05-05,.,No value available
2024-05-06,4.38489,
2024-05-07,4.04574,
2024-05-08,4.23997,
2024-05-09,3.66610,
2024-05-10,3.80446,
2024-05-11,.,No value available
2024-05-12,.,No value available
2024-05-13,4.00920,
2024-05-14,3.17972,
2024-05-15,3.62259,
2024-05-16,3.53355,
2024-05-17,4.32264,
2024-05-18,.,No value available
2024-05-19,.,No value available
2024-05-20,4.59169,
2024-05-21,4.47064,
2024-05-22,5.00865,
2024-05-23,5.38955,
2024-05-24,5.42415,
2024-05-25,.,No value available
2024-05-26,.,No value available
2024-05-27,5.69253,
2024-05-28,5.50254,
2024-05-29,5.35862,
2024-05-30,5.54171,
2024-05-31,5.76378,
2024-06-01,.,No value available
2024-06-02,.,No value available
2024-06-03,5.25325,
2024-06-04,5.22689,
2024-06-05,5.29681,
2024-06-06,5.40075,
2024-06-07,4.99066,
2024-06-08,.,No value available
2024-06-09,.,No value available
2024-06-10,5.62380,
2024-06-11,5.55984,
2024-06-12,5.38005,
2024-06-13,5.39172,
2024-06-14,4.66123,
2024-06-15,.,No value available
2024-06-16,.,No value available
2024-06-17,4.46465,
2024-06-18,5.03977,
2024-06-19,4.94961,
2024-06-20,4.37209,
2024-06-21,4.80278,
2024-06-22,.,No value available
2024-06-23,.,No value available
2024-06-24,4.73818,
2024-06-25,4.78065,
2024-06-26,5.04046,
2024-06-27,4.88032,
2024-06-28,4.63818,
2024-06-29,.,No value available
2024-06-30,.,No value available
2024-07-01,5.20956,
2024-07-02,5.01976,
2024-07-03,5.18088,
2024-07-04,5.12159,
2024-07-05,5.33159,
2024-07-06,.,No value available
2024-07-07,.,No value available
2024-07-08,5.30907,
2024-07-09,5.40955,
2024-07-10,5.22053,
2024-07-11,4.86522,
2024-07-12,4.36688,
2024-07-13,.,No value available
2024-07-14,.,No value available
2024-07-15,4.83786,
2024-07-16,4.54059,
2024-07-17,12.99113,
2024-07-18,12.86961,
2024-07-19,14.05818,
2024-07-20,.,No value available
2024-07-21,.,No value available
2024-07-22,12.25146,
2024-07-23,3.35629,
2024-07-24,2.49952,
2024-07-25,2.05644,
2024-07-26,2.12674,
2024-07-27,.,No value available
2024-07-28,.,No value available
2024-07-29,1.90985,
2024-07-30,2.21412,
2024-07-31,1.89308,
2024-08-01,1.39556,
2024-08-02,1.33678,
2024-08-03,.,No value available
2024-08-04,.,No value available
2024-08-05,1.44186,
2024-08-06,1.30635,
2024-08-07,1.20392,
2024-08-08,1.12990,
2024-08-09,1.18927,
2024-08-10,.,No value available
2024-08-11,.,No value available
2024-08-12,4.80944,
2024-08-13,1.18649,
2024-08-14,1.16509,
2024-08-15,1.18119,
2024-08-16,1.27737,
2024-08-17,.,No value available
2024-08-18,.,No value available
2024-08-19,1.17000,
2024-08-20,1.21657,
2024-08-21,1.16103,
2024-08-22,1.05060,
2024-08-23,1.12554,
2024-08-24,.,No value available
2024-08-25,.,No value available
2024-08-26,1.02409,
2024-08-27,1.07017,
2024-08-28,1.02562,
2024-08-29,1.05140,
2024-08-30,0.98790,
2024-08-31,.,No value available
2024-09-01,.,No value available
2024-09-02,1.06019,
2024-09-03,1.05979,
2024-09-04,1.02228,
2024-09-05,0.99027,
2024-09-06,0.94612,
2024-09-07,.,No value available
2024-09-08,.,No value available
2024-09-09,0.89759,
2024-09-10,0.80656,
2024-09-11,0.76685,
2024-09-12,0.84372,
2024-09-13,0.86499,
2024-09-14,.,No value available
2024-09-15,.,No value available
2024-09-16,0.86198,
2024-09-17,0.82197,
2024-09-18,0.83018,
2024-09-19,0.82984,
2024-09-20,0.77006,
2024-09-21,.,No value available
2024-09-22,.,No value available
2024-09-23,0.76568,
2024-09-24,0.80518,
2024-09-25,0.81164,
2024-09-26,0.79204,
2024-09-27,0.79602,
2024-09-28,.,No value available
2024-09-29,.,No value available
2024-09-30,0.78940,
2024-10-01,0.84438,
2024-10-02,0.80076,
2024-10-03,0.78695,
2024-10-04,0.78788,
2024-10-05,.,No value available
2024-10-06,.,No value available
2024-10-07,0.95662,
2024-10-08,0.90791,
2024-10-09,0.89477,
2024-10-10,0.96293,
2024-10-11,0.93561,
2024-10-12,.,No value available
2024-10-13,.,No value available
2024-10-14,0.89848,
2024-10-15,0.85146,
2024-10-16,0.85002,
2024-10-17,0.87176,
2024-10-18,0.76573,
2024-10-19,.,No value available
2024-10-20,.,No value available
2024-10-21,0.78895,
2024-10-22,0.88366,
2024-10-23,0.85728,
2024-10-24,0.83577,
2024-10-25,0.89496,
2024-10-26,.,No value available
2024-10-27,.,No value available
2024-10-28,0.86219,
2024-10-29,0.86997,
2024-10-30,0.92747,
2024-10-31,1.00113,
2024-11-01,0.91950,
2024-11-02,.,No value available
2024-11-03,.,No value available
2024-11-04,0.94123,
2024-11-05,0.94062,
2024-11-06,0.85887,
2024-11-07,0.79876,
2024-11-08,0.82166,
2024-11-09,.,No value available
2024-11-10,.,No value available
2024-11-11,0.71205,
2024-11-12,0.69032,
2024-11-13,0.66221,
2024-11-14,0.49274,
2024-11-15,0.51476,
2024-11-16,.,No value available
2024-11-17,.,No value available
2024-11-18,0.51709,
2024-11-19,0.55364,
2024-11-20,0.56170,
2024-11-21,0.55620,
2024-11-22,0.53496,
2024-11-23,.,No value available
2024-11-24,.,No value available
2024-11-25,0.55609,
2024-11-26,0.58081,
2024-11-27,0.62756,
2024-11-28,0.67044,
2024-11-29,0.71470,
2024-11-30,.,No value available
2024-12-01,.,No value available
2024-12-02,0.58558,
2024-12-03,0.65821,
2024-12-04,0.64916,
2024-12-05,0.60478,
2024-12-06,0.70873,
2024-12-07,.,No value available
2024-12-08,.,No value available
2024-12-09,0.68714,
2024-12-10,0.78123,
2024-12-11,0.69044,
2024-12-12,0.71494,
2024-12-13,0.80003,
2024-12-14,.,No value available
2024-12-15,.,No value available
2024-12-16,0.78071,
2024-12-17,0.78414,
2024-12-18,0.71937,
2024-12-19,0.65858,
2024-12-20,0.61487,
2024-12-21,.,No value available
2024-12-22,.,No value available
2024-12-23,0.62538,
2024-12-24,.,No value available
2024-12-25,.,No value available
2024-12-26,.,No value available
2024-12-27,0.68714,
2024-12-28,.,No value available
2024-12-29,.,No value available
2024-12-30,0.65046,
2024-12-31,.,No value available
2025-01-01,.,No value available
2025-01-02,0.62749,
2025-01-03,0.77696,
2025-01-04,.,No value available
2025-01-05,.,No value available
2025-01-06,0.81979,
2025-01-07,0.76573,
2025-01-08,0.77636,
2025-01-09,0.77558,
2025-01-10,0.82516,
2025-01-11,.,No value available
2025-01-12,.,No value available
2025-01-13,0.79152,
2025-01-14,0.68173,
2025-01-15,0.62428,
2025-01-16,0.74932,
2025-01-17,0.69336,
2025-01-18,.,No value available
2025-01-19,.,No value available
2025-01-20,0.77218,
2025-01-21,0.89601,
2025-01-22,0.97127,
2025-01-23,0.99522,
2025-01-24,1.07773,
2025-01-25,.,No value available
2025-01-26,.,No value available
2025-01-27,1.11884,
2025-01-28,1.19432,
2025-01-29,1.18094,
2025-01-30,1.14443,
2025-01-31,1.06622,
2025-02-01,.,No value available
2025-02-02,.,No value available
2025-02-03,0.83183,
2025-02-04,0.91953,
2025-02-05,0.88449,
2025-02-06,1.00333,
2025-02-07,0.93708,
2025-02-08,.,No value available
2025-02-09,.,No value available
2025-02-10,0.89130,
2025-02-11,0.83473,
2025-02-12,0.94822,
2025-02-13,1.01368,
2025-02-14,0.95493,
2025-02-15,.,No value available
2025-02-16,.,No value available
2025-02-17,1.07556,
2025-02-18,1.03212,
2025-02-19,1.14334,
2025-02-20,1.13614,
2025-02-21,1.05191,
2025-02-22,.,No value available
2025-02-23,.,No value available
2025-02-24,0.92465,
2025-02-25,0.85309,
2025-02-26,0.96868,
2025-02-27,1.02041,
2025-02-28,1.02825,
2025-03-01,.,No value available
2025-03-02,.,No value available
2025-03-03,1.22701,
2025-03-04,1.20144,
2025-03-05,1.43303,
2025-03-06,0.85069,
2025-03-07,0.90509,
2025-03-08,.,No value available
2025-03-09,.,No value available
2025-03-10,0.99731,
2025-03-11,1.01062,
2025-03-12,0.90315,
2025-03-13,0.91179,
2025-03-14,0.91975,
2025-03-15,.,No value available
2025-03-16,.,No value available
2025-03-17,0.75710,
2025-03-18,0.87918,
2025-03-19,1.00992,
2025-03-20,1.03759,
2025-03-21,1.18739,
2025-03-22,.,No value available
2025-03-23,.,No value available
2025-03-24,3.61122,
2025-03-25,3.57740,
2025-03-26,3.55105,
2025-03-27,3.47128,
2025-03-28,2.62989,
2025-03-29,.,No value available
2025-03-30,.,No value available
2025-03-31,2.10371,
2025-04-01,2.26441,
2025-04-02,2.22894,
2025-04-03,1.89582,
2025-04-04,1.35159,
2025-04-05,.,No value available
2025-04-06,.,No value available
2025-04-07,1.56518,
2025-04-08,2.09494,
2025-04-09,2.17445,
2025-04-10,1.30589,
2025-04-11,1.21607,
2025-04-12,.,No value available
2025-04-13,.,No value available
2025-04-14,1.49121,
2025-04-15,1.04252,
2025-04-16,1.14270,
2025-04-17,1.25765,
2025-04-18,.,No value available
2025-04-19,.,No value available
2025-04-20,.,No value available
2025-04-21,.,No value available
2025-04-22,0.86085,
2025-04-23,0.87160,
2025-04-24,0.76053,
2025-04-25,0.78038,
2025-04-26,.,No value available
2025-04-27,.,No value available
2025-04-28,0.72222,
2025-04-29,0.69697,
2025-04-30,0.73800,
2025-05-01,.,No value available
2025-05-02,0.78308,
2025-05-03,.,No value available
2025-05-04,.,No value available
2025-05-05,0.80229,
2025-05-06,0.73988,
2025-05-07,0.73066,
2025-05-08,0.79060,
2025-05-09,0.82203,
2025-05-10,.,No value available
2025-05-11,.,No value available
2025-05-12,1.01153,
2025-05-13,1.01203,
2025-05-14,0.96980,
2025-05-15,0.84290,
2025-05-16,0.71905,
2025-05-17,.,No value available
2025-05-18,.,No value available
2025-05-19,0.81806,
2025-05-20,0.80993,
2025-05-21,0.79012,
2025-05-22,0.80181,
2025-05-23,0.80270,
2025-05-24,.,No value available
2025-05-25,.,No value available
2025-05-26,0.78367,
2025-05-27,0.83434,
2025-05-28,0.94175,
2025-05-29,0.87227,
2025-05-30,0.86689,
2025-05-31,.,No value available
2025-06-01,.,No value available
2025-06-02,0.56349,
2025-06-03,0.64319,
2025-06-04,0.66530,
2025-06-05,0.63303,
2025-06-06,0.67508,
2025-06-07,.,No value available
2025-06-08,.,No value available
2025-06-09,0.94146,
2025-06-10,0.95786,
2025-06-11,0.97898,
2025-06-12,1.03752,
2025-06-13,0.55133,
2025-06-14,.,No value available
2025-06-15,.,No value available
2025-06-16,0.72908,
2025-06-17,0.59836,
2025-06-18,0.68329,
2025-06-19,0.61105,
2025-06-20,0.55999,
2025-06-21,.,No value available
2025-06-22,.,No value available
2025-06-23,0.45878,
2025-06-24,0.69640,
2025-06-25,0.50370,
2025-06-26,0.45443,
2025-06-27,0.63362,
2025-06-28,.,No value available
2025-06-29,.,No value available
2025-06-30,0.53420,
2025-07-01,0.59889,
2025-07-02,0.59965,
2025-07-03,0.70411,
2025-07-04,0.79195,
2025-07-05,.,No value available
2025-07-06,.,No value available
2025-07-07,0.76147,
2025-07-08,0.41576,
2025-07-09,0.75726,
2025-07-10,0.77847,
2025-07-11,0.93390,
2025-07-12,.,No value available
2025-07-13,.,No value available
2025-07-14,0.88169,
2025-07-15,0.84488,
2025-07-16,0.81563,
2025-07-17,0.90816,
2025-07-18,3.52783,
2025-07-19,.,No value available
2025-07-20,.,No value available
2025-07-21,3.41150,
2025-07-22,3.53685,
2025-07-23,3.51680,
2025-07-24,3.93784,
2025-07-25,4.35380,
2025-07-26,.,No value available
2025-07-27,.,No value available
2025-07-28,4.32739,
2025-07-29,4.26040,
2025-07-30,4.43894,
2025-07-31,4.67519,
2025-08-01,4.49647,
2025-08-02,.,No value available
2025-08-03,.,No value available
2025-08-04,4.29623,
2025-08-05,4.45065,
2025-08-06,4.39026,
2025-08-07,4.38365,
2025-08-08,4.59845,
2025-08-09,.,No value available
2025-08-10,.,No value available
2025-08-11,4.60738,
2025-08-12,4.59586,
2025-08-13,4.38995,
2025-08-14,4.38756,
2025-08-15,4.33721,
2025-08-16,.,No value available
2025-08-17,.,No value available
2025-08-18,4.38685,
2025-08-19,4.47008,
2025-08-20,4.44073,
2025-08-21,4.61945,
2025-08-22,4.75695,
2025-08-23,.,No value available
2025-08-24,.,No value available
2025-08-25,4.73649,
2025-08-26,4.49651,
2025-08-27,4.52658,
2025-08-28,4.53781,
2025-08-29,4.54794,
2025-08-30,.,No value available
2025-08-31,.,No value available
2025-09-01,4.41209,
2025-09-02,4.55926,
2025-09-03,4.39105,
2025-09-04,4.39490,
2025-09-05,4.65758,
2025-09-06,.,No value available
2025-09-07,.,No value available
2025-09-08,4.59585,
2025-09-09,4.58578,
2025-09-10,4.80157,
2025-09-11,5.03336,
2025-09-12,5.42029,
2025-09-13,.,No value available
2025-09-14,.,No value available
2025-09-15,5.29015,
2025-09-16,5.39750,
2025-09-17,5.04339,
2025-09-18,5.04049,
2025-09-19,5.01776,
2025-09-20,.,No value available
2025-09-21,.,No value available
2025-09-22,5.04497,
2025-09-23,5.08158,
2025-09-24,5.10254,
2025-09-25,5.10692,
2025-09-26,5.21095,
2025-09-27,.,No value available
2025-09-28,.,No value available
2025-09-29,5.21591,
2025-09-30,5.27285,
2025-10-01,5.29890,
2025-10-02,5.45330,
2025-10-03,5.34346,
2025-10-04,.,No value available
2025-10-05,.,No value available
2025-10-06,4.82367,
2025-10-07,4.87265,
2025-10-08,4.96131,
2025-10-09,4.95404,
2025-10-10,5.14579,
2025-10-11,.,No value available
2025-10-12,.,No value available
2025-10-13,5.23670,
2025-10-14,4.91593,
2025-10-15,5.05363,
2025-10-16,5.22741,
2025-10-17,4.76436,
2025-10-18,.,No value available
2025-10-19,.,No value available
2025-10-20,5.03620,
2025-10-21,5.12201,
2025-10-22,5.20711,
2025-10-23,5.12060,
2025-10-24,5.31109,
2025-10-25,.,No value available
2025-10-26,.,No value available
2025-10-27,5.38373,
2025-10-28,5.45904,
2025-10-29,5.47818,
2025-10-30,5.68071,
2025-10-31,5.59868,
2025-11-01,.,No value available
2025-11-02,.,No value available
2025-11-03,5.51603,
2025-11-04,5.42183,
2025-11-05,5.42352,
2025-11-06,5.41343,
2025-11-07,5.44661,
2025-11-08,.,No value available
2025-11-09,.,No value available
2025-11-10,5.45862,
2025-11-11,5.42610,
2025-11-12,5.54106,
2025-11-13,5.41589,
2025-11-14,5.00341,
2025-11-15,.,No value available
2025-11-16,.,No value available
2025-11-17,5.13564,
2025-11-18,5.11083,
2025-11-19,4.93906,
2025-11-20,4.94867,
2025-11-21,4.83068,
2025-11-22,.,No value available
2025-11-23,.,No value available
2025-11-24,5.04883,
2025-11-25,5.29043,
2025-11-26,5.34427,
2025-11-27,5.71225,
2025-11-28,5.90800,
2025-11-29,.,No value available
2025-11-30,.,No value available
2025-12-01,5.89743,
2025-12-02,5.85603,
2025-12-03,5.60249,
2025-12-04,5.40439,
2025-12-05,5.37177,
2025-12-06,.,No value available
2025-12-07,.,No value available
2025-12-08,5.83137,
2025-12-09,6.24720,
2025-12-10,6.38031,
2025-12-11,6.80860,
2025-12-12,6.82560,
2025-12-13,.,No value available
2025-12-14,.,No value available
2025-12-15,6.53932,
2025-12-16,6.52465,
2025-12-17,6.04106,
2025-12-18,6.01899,
2025-12-19,5.95697,
2025-12-20,.,No value available
2025-12-21,.,No value available
2025-12-22,5.93641,
2025-12-23,6.08529,
2025-12-24,.,No value available
2025-12-25,.,No value available
2025-12-26,.,No value available
2025-12-27,.,No value available
2025-12-28,.,No value available
2025-12-29,6.08394,
2025-12-30,5.93075,
2025-12-31,.,No value available
2026-01-01,.,No value available
2026-01-02,5.91431,
2026-01-03,.,No value available
2026-01-04,.,No value available
2026-01-05,5.56126,
2026-01-06,5.35774,
2026-01-07,5.38781,
2026-01-08,5.64941,
2026-01-09,5.91844,
2026-01-10,.,No value available
2026-01-11,.,No value available
2026-01-12,5.78355,
2026-01-13,5.75667,
2026-01-14,5.68453,
2026-01-15,5.69755,
2026-01-16,5.99462,
2026-01-17,.,No value available
2026-01-18,.,No value available
2026-01-19,5.50745,
2026-01-20,5.24286,
2026-01-21,5.07416,
2026-01-22,5.59008,
2026-01-23,5.92918,
2026-01-24,.,No value available
2026-01-25,.,No value available
2026-01-26,5.89763,
2026-01-27,5.85512,
2026-01-28,5.30591,
2026-01-29,5.40511,
2026-01-30,5.38050,
2026-01-31,.,No value available
2026-02-01,.,No value available
2026-02-02,5.40878,
2026-02-03,5.58926,
2026-02-04,5.56730,
2026-02-05,5.39278,
2026-02-06,5.27148,
2026-02-07,.,No value available
2026-02-08,.,No value available
2026-02-09,5.33561,
2026-02-10,5.34366,
2026-02-11,5.40895,
2026-02-12,5.44541,
2026-02-13,5.39053,
2026-02-14,.,No value available
2026-02-15,.,No value available
2026-02-16,5.39614,
2026-02-17,5.19042,
2026-02-18,5.24181,
2026-02-19,5.46573,
2026-02-20,5.49765,
2026-02-21,.,No value available
2026-02-22,.,No value available
2026-02-23,5.48345,
2026-02-24,5.42141,
2026-02-25,5.51629,
2026-02-26,5.42484,
2026-02-27,5.36867,
2026-02-28,.,No value available
2026-03-01,.,No value available
2026-03-02,5.47174,
2026-03-03,7.74155,
2026-03-04,7.82980,
2026-03-05,7.63084,
2026-03-06,8.77247,
2026-03-07,.,No value available
2026-03-08,.,No value available
2026-03-09,10.81045,
2026-03-10,9.21697,
2026-03-11,9.92508,
2026-03-12,10.27902,
2026-03-13,10.25867,
2026-03-14,.,No value available
2026-03-15,.,No value available
2026-03-16,10.45129,
2026-03-17,10.39858,
2026-03-18,9.97927,
2026-03-19,1.42320,
2026-03-20,0.36175,
2026-03-21,.,No value available
2026-03-22,.,No value available
2026-03-23,0.29980,
2026-03-24,0.36679,
2026-03-25,1.15932,
2026-03-26,1.29191,
2026-03-27,1.25383,
2026-03-28,.,No value available
2026-03-29,.,No value available
2026-03-30,1.24635,
2026-03-31,1.02463,
2026-04-01,1.34438,
2026-04-02,1.31301,
2026-04-03,.,No value available
2026-04-04,.,No value available
2026-04-05,.,No value available
2026-04-06,.,No value available
2026-04-07,0.94990,
2026-04-08,1.44224,
2026-04-09,1.38251,
2026-04-10,0.48203,
2026-04-11,.,No value available
2026-04-12,.,No value available
2026-04-13,1.28729,
2026-04-14,1.31871,
2026-04-15,1.31252,
2026-04-16,1.45291,
2026-04-17,1.48225,
2026-04-18,.,No value available
2026-04-19,.,No value available
2026-04-20,1.52004,
2026-04-21,1.53205,
2026-04-22,1.49529,
2026-04-23,1.47633,
2026-04-24,0.53795,
2026-04-25,.,No value available
2026-04-26,.,No value available
2026-04-27,1.45090,
2026-04-28,1.41507,
2026-04-29,1.38867,
2026-04-30,1.18900,
2026-05-01,.,No value available
2026-05-02,.,No value available
2026-05-03,.,No value available
2026-05-04,1.02498,
2026-05-05,1.36508,
2026-05-06,1.40867,
2026-05-07,1.46119,
2026-05-08,1.44776,
2026-05-09,.,No value available
2026-05-10,.,No value available
2026-05-11,1.42629,
2026-05-12,1.39979,
2026-05-13,1.18900,
2026-05-14,1.41321,
2026-05-15,1.41386,
2026-05-16,.,No value available
2026-05-17,.,No value available
2026-05-18,1.40805,
2026-05-19,1.45464,
2026-05-20,1.45020,
2026-05-21,1.52502,
2026-05-22,1.50768,
2026-05-23,.,No value available
2026-05-24,.,No value available
2026-05-25,1.58719,
2026-05-26,1.56250,
2026-05-27,1.57203,
2026-05-28,1.53498,
2026-05-29,1.60343,
2026-05-30,.,No value available
2026-05-31,.,No value available
2026-06-01,1.57318,
2026-06-02,1.55743,
2026-06-03,1.53389,
2026-06-04,1.52249,
2026-06-05,1.53218,
2026-06-06,.,No value available
2026-06-07,.,No value available
2026-06-08,1.49430,
2026-06-09,1.54932,
2026-06-10,1.54620,
2026-06-11,1.53144,
2026-06-12,1.57443,
2026-06-13,.,No value available
2026-06-14,.,No value available
2026-06-15,1.62165,
