"",BBSIS.D.I.ZST.T2.EUR.S1311.B.A604._Z.R.A.A._Z._Z.A,BBSIS.D.I.ZST.T2.EUR.S1311.B.A604._Z.R.A.A._Z._Z.A_FLAGS
"",Term structure of interest rates on listed Federalsecurities (method by Svensson) / Parameter Tau2 /daily data,
Comment,Monatsreihe siehe WZ9806. Bis Juli 1997 liegen lediglich Ultimowerte vor.,
Decimals,5,
Time format code,P1D,
category,ZRZS,
unit,,
unit multiplier,One,
last update,2026-06-15 12:11:40,
1997-08-01,.,No value available
1997-08-02,.,No value available
1997-08-03,.,No value available
1997-08-04,.,No value available
1997-08-05,.,No value available
1997-08-06,.,No value available
1997-08-07,1.54800,
1997-08-08,1.22700,
1997-08-09,.,No value available
1997-08-10,.,No value available
1997-08-11,1.57219,
1997-08-12,1.51546,
1997-08-13,1.75185,
1997-08-14,5.24099,
1997-08-15,5.53113,
1997-08-16,.,No value available
1997-08-17,.,No value available
1997-08-18,1.64502,
1997-08-19,1.88337,
1997-08-20,3.34807,
1997-08-21,5.84764,
1997-08-22,4.22715,
1997-08-23,.,No value available
1997-08-24,.,No value available
1997-08-25,5.07719,
1997-08-26,4.66330,
1997-08-27,5.97778,
1997-08-28,7.48815,
1997-08-29,2.07338,
1997-08-30,.,No value available
1997-08-31,.,No value available
1997-09-01,0.83496,
1997-09-02,2.75693,
1997-09-03,0.39870,
1997-09-04,10.68761,
1997-09-05,4.33326,
1997-09-06,.,No value available
1997-09-07,.,No value available
1997-09-08,10.13935,
1997-09-09,1.74638,
1997-09-10,1.83088,
1997-09-11,1.95217,
1997-09-12,1.81520,
1997-09-13,.,No value available
1997-09-14,.,No value available
1997-09-15,5.10512,
1997-09-16,0.55881,
1997-09-17,0.01505,
1997-09-18,2.24241,
1997-09-19,0.00010,
1997-09-20,.,No value available
1997-09-21,.,No value available
1997-09-22,2.08437,
1997-09-23,1.24739,
1997-09-24,2.07274,
1997-09-25,2.23036,
1997-09-26,0.00010,
1997-09-27,.,No value available
1997-09-28,.,No value available
1997-09-29,15.34778,
1997-09-30,2.82603,
1997-10-01,3.52286,
1997-10-02,2.23776,
1997-10-03,.,No value available
1997-10-04,.,No value available
1997-10-05,.,No value available
1997-10-06,3.62109,
1997-10-07,2.18212,
1997-10-08,2.71625,
1997-10-09,2.54207,
1997-10-10,2.30517,
1997-10-11,.,No value available
1997-10-12,.,No value available
1997-10-13,1.56760,
1997-10-14,3.40963,
1997-10-15,2.16171,
1997-10-16,2.36855,
1997-10-17,2.02889,
1997-10-18,.,No value available
1997-10-19,.,No value available
1997-10-20,2.52158,
1997-10-21,2.45346,
1997-10-22,2.88154,
1997-10-23,2.66644,
1997-10-24,2.53151,
1997-10-25,.,No value available
1997-10-26,.,No value available
1997-10-27,2.33824,
1997-10-28,6.71489,
1997-10-29,5.72491,
1997-10-30,2.44641,
1997-10-31,3.65331,
1997-11-01,.,No value available
1997-11-02,.,No value available
1997-11-03,3.07439,
1997-11-04,3.09539,
1997-11-05,7.21183,
1997-11-06,11.39154,
1997-11-07,10.52222,
1997-11-08,.,No value available
1997-11-09,.,No value available
1997-11-10,6.80456,
1997-11-11,4.02260,
1997-11-12,8.54163,
1997-11-13,10.71891,
1997-11-14,10.99445,
1997-11-15,.,No value available
1997-11-16,.,No value available
1997-11-17,7.85092,
1997-11-18,9.80260,
1997-11-19,9.36490,
1997-11-20,6.24811,
1997-11-21,12.26993,
1997-11-22,.,No value available
1997-11-23,.,No value available
1997-11-24,6.54955,
1997-11-25,11.29829,
1997-11-26,9.87930,
1997-11-27,6.37000,
1997-11-28,7.55748,
1997-11-29,.,No value available
1997-11-30,.,No value available
1997-12-01,7.23961,
1997-12-02,6.33581,
1997-12-03,7.81282,
1997-12-04,5.93384,
1997-12-05,5.07507,
1997-12-06,.,No value available
1997-12-07,.,No value available
1997-12-08,7.45779,
1997-12-09,6.48950,
1997-12-10,4.61321,
1997-12-11,5.36095,
1997-12-12,4.21745,
1997-12-13,.,No value available
1997-12-14,.,No value available
1997-12-15,8.50679,
1997-12-16,3.27841,
1997-12-17,7.24464,
1997-12-18,8.91527,
1997-12-19,4.38347,
1997-12-20,.,No value available
1997-12-21,.,No value available
1997-12-22,17.83854,
1997-12-23,3.72923,
1997-12-24,.,No value available
1997-12-25,.,No value available
1997-12-26,.,No value available
1997-12-27,.,No value available
1997-12-28,.,No value available
1997-12-29,7.38367,
1997-12-30,3.29497,
1997-12-31,.,No value available
1998-01-01,.,No value available
1998-01-02,6.18944,
1998-01-03,.,No value available
1998-01-04,.,No value available
1998-01-05,3.56605,
1998-01-06,5.15100,
1998-01-07,5.74583,
1998-01-08,3.08560,
1998-01-09,2.24987,
1998-01-10,.,No value available
1998-01-11,.,No value available
1998-01-12,0.99561,
1998-01-13,9.91056,
1998-01-14,4.39906,
1998-01-15,11.21151,
1998-01-16,10.40444,
1998-01-17,.,No value available
1998-01-18,.,No value available
1998-01-19,9.40533,
1998-01-20,3.29299,
1998-01-21,2.92065,
1998-01-22,11.58346,
1998-01-23,1.92840,
1998-01-24,.,No value available
1998-01-25,.,No value available
1998-01-26,2.68173,
1998-01-27,2.00964,
1998-01-28,2.30161,
1998-01-29,5.27765,
1998-01-30,13.82633,
1998-01-31,.,No value available
1998-02-01,.,No value available
1998-02-02,3.63465,
1998-02-03,20.12264,
1998-02-04,9.48871,
1998-02-05,2.58856,
1998-02-06,6.58334,
1998-02-07,.,No value available
1998-02-08,.,No value available
1998-02-09,16.78753,
1998-02-10,1.58966,
1998-02-11,6.50768,
1998-02-12,3.19191,
1998-02-13,3.34470,
1998-02-14,.,No value available
1998-02-15,.,No value available
1998-02-16,5.13930,
1998-02-17,4.19403,
1998-02-18,8.92129,
1998-02-19,4.16079,
1998-02-20,8.86617,
1998-02-21,.,No value available
1998-02-22,.,No value available
1998-02-23,4.41094,
1998-02-24,4.38188,
1998-02-25,4.62747,
1998-02-26,4.26988,
1998-02-27,3.92625,
1998-02-28,.,No value available
1998-03-01,.,No value available
1998-03-02,10.25993,
1998-03-03,6.24907,
1998-03-04,8.45051,
1998-03-05,7.34444,
1998-03-06,10.35946,
1998-03-07,.,No value available
1998-03-08,.,No value available
1998-03-09,5.80572,
1998-03-10,6.58162,
1998-03-11,7.00108,
1998-03-12,6.89205,
1998-03-13,8.06566,
1998-03-14,.,No value available
1998-03-15,.,No value available
1998-03-16,5.15180,
1998-03-17,5.26413,
1998-03-18,9.00688,
1998-03-19,5.45327,
1998-03-20,4.43752,
1998-03-21,.,No value available
1998-03-22,.,No value available
1998-03-23,2.68009,
1998-03-24,5.44008,
1998-03-25,2.80526,
1998-03-26,1.95012,
1998-03-27,3.93692,
1998-03-28,.,No value available
1998-03-29,.,No value available
1998-03-30,18.23378,
1998-03-31,4.28586,
1998-04-01,9.24582,
1998-04-02,6.13546,
1998-04-03,4.35249,
1998-04-04,.,No value available
1998-04-05,.,No value available
1998-04-06,1.94945,
1998-04-07,5.59840,
1998-04-08,4.59046,
1998-04-09,5.80718,
1998-04-10,.,No value available
1998-04-11,.,No value available
1998-04-12,.,No value available
1998-04-13,.,No value available
1998-04-14,4.59036,
1998-04-15,5.96595,
1998-04-16,5.82908,
1998-04-17,4.51502,
1998-04-18,.,No value available
1998-04-19,.,No value available
1998-04-20,8.00096,
1998-04-21,4.29373,
1998-04-22,6.49247,
1998-04-23,4.21994,
1998-04-24,6.91123,
1998-04-25,.,No value available
1998-04-26,.,No value available
1998-04-27,6.24108,
1998-04-28,8.74972,
1998-04-29,7.25657,
1998-04-30,7.50667,
1998-05-01,.,No value available
1998-05-02,.,No value available
1998-05-03,.,No value available
1998-05-04,4.35060,
1998-05-05,5.72247,
1998-05-06,5.91258,
1998-05-07,3.95629,
1998-05-08,3.03079,
1998-05-09,.,No value available
1998-05-10,.,No value available
1998-05-11,0.36226,
1998-05-12,1.95486,
1998-05-13,1.95217,
1998-05-14,2.31755,
1998-05-15,4.54001,
1998-05-16,.,No value available
1998-05-17,.,No value available
1998-05-18,9.61131,
1998-05-19,5.35734,
1998-05-20,3.70512,
1998-05-21,.,No value available
1998-05-22,5.55048,
1998-05-23,.,No value available
1998-05-24,.,No value available
1998-05-25,5.54498,
1998-05-26,5.31202,
1998-05-27,4.35318,
1998-05-28,5.03125,
1998-05-29,7.78009,
1998-05-30,.,No value available
1998-05-31,.,No value available
1998-06-01,.,No value available
1998-06-02,8.15933,
1998-06-03,4.02776,
1998-06-04,4.18507,
1998-06-05,4.01168,
1998-06-06,.,No value available
1998-06-07,.,No value available
1998-06-08,4.29583,
1998-06-09,4.04725,
1998-06-10,4.15134,
1998-06-11,.,No value available
1998-06-12,3.11898,
1998-06-13,.,No value available
1998-06-14,.,No value available
1998-06-15,3.01722,
1998-06-16,2.56120,
1998-06-17,2.74478,
1998-06-18,2.66487,
1998-06-19,2.69587,
1998-06-20,.,No value available
1998-06-21,.,No value available
1998-06-22,2.58442,
1998-06-23,2.64439,
1998-06-24,2.82357,
1998-06-25,2.68244,
1998-06-26,2.53749,
1998-06-27,.,No value available
1998-06-28,.,No value available
1998-06-29,2.46907,
1998-06-30,1.50116,
1998-07-01,2.42487,
1998-07-02,1.44435,
1998-07-03,2.40651,
1998-07-04,.,No value available
1998-07-05,.,No value available
1998-07-06,1.42213,
1998-07-07,1.45437,
1998-07-08,1.41552,
1998-07-09,2.45637,
1998-07-10,3.90927,
1998-07-11,.,No value available
1998-07-12,.,No value available
1998-07-13,3.59860,
1998-07-14,5.23566,
1998-07-15,5.48007,
1998-07-16,4.37858,
1998-07-17,5.27698,
1998-07-18,.,No value available
1998-07-19,.,No value available
1998-07-20,5.01435,
1998-07-21,4.20198,
1998-07-22,3.44809,
1998-07-23,6.16480,
1998-07-24,6.67731,
1998-07-25,.,No value available
1998-07-26,.,No value available
1998-07-27,5.91847,
1998-07-28,6.30927,
1998-07-29,3.69264,
1998-07-30,4.59637,
1998-07-31,5.02364,
1998-08-01,.,No value available
1998-08-02,.,No value available
1998-08-03,7.53529,
1998-08-04,4.73788,
1998-08-05,3.65212,
1998-08-06,3.36062,
1998-08-07,4.02001,
1998-08-08,.,No value available
1998-08-09,.,No value available
1998-08-10,6.00786,
1998-08-11,1.35766,
1998-08-12,6.81550,
1998-08-13,3.52394,
1998-08-14,3.67471,
1998-08-15,.,No value available
1998-08-16,.,No value available
1998-08-17,2.50538,
1998-08-18,0.44225,
1998-08-19,27.74850,
1998-08-20,9.53132,
1998-08-21,4.69611,
1998-08-22,.,No value available
1998-08-23,.,No value available
1998-08-24,0.31629,
1998-08-25,4.20061,
1998-08-26,24.05909,
1998-08-27,7.73968,
1998-08-28,2.18654,
1998-08-29,.,No value available
1998-08-30,.,No value available
1998-08-31,1.52450,
1998-09-01,1.71092,
1998-09-02,3.48217,
1998-09-03,3.33015,
1998-09-04,3.64853,
1998-09-05,.,No value available
1998-09-06,.,No value available
1998-09-07,3.21485,
1998-09-08,3.19868,
1998-09-09,2.15605,
1998-09-10,2.51864,
1998-09-11,3.66873,
1998-09-12,.,No value available
1998-09-13,.,No value available
1998-09-14,2.05703,
1998-09-15,2.50975,
1998-09-16,5.62370,
1998-09-17,0.00132,
1998-09-18,0.31249,
1998-09-19,.,No value available
1998-09-20,.,No value available
1998-09-21,2.40489,
1998-09-22,6.73198,
1998-09-23,9.07940,
1998-09-24,0.25976,
1998-09-25,6.64046,
1998-09-26,.,No value available
1998-09-27,.,No value available
1998-09-28,1.89136,
1998-09-29,0.26391,
1998-09-30,0.14107,
1998-10-01,1.54696,
1998-10-02,1.65536,
1998-10-03,.,No value available
1998-10-04,.,No value available
1998-10-05,1.42579,
1998-10-06,1.46639,
1998-10-07,0.19086,
1998-10-08,8.46925,
1998-10-09,0.97690,
1998-10-10,.,No value available
1998-10-11,.,No value available
1998-10-12,9.81021,
1998-10-13,1.23614,
1998-10-14,1.51512,
1998-10-15,1.70051,
1998-10-16,1.86692,
1998-10-17,.,No value available
1998-10-18,.,No value available
1998-10-19,1.88698,
1998-10-20,2.01692,
1998-10-21,1.63218,
1998-10-22,1.52364,
1998-10-23,1.52311,
1998-10-24,.,No value available
1998-10-25,.,No value available
1998-10-26,7.73715,
1998-10-27,1.45917,
1998-10-28,1.38861,
1998-10-29,1.43017,
1998-10-30,1.36985,
1998-10-31,.,No value available
1998-11-01,.,No value available
1998-11-02,8.12082,
1998-11-03,1.38438,
1998-11-04,0.19334,
1998-11-05,1.43753,
1998-11-06,0.18217,
1998-11-07,.,No value available
1998-11-08,.,No value available
1998-11-09,0.18555,
1998-11-10,0.18452,
1998-11-11,0.16402,
1998-11-12,1.29029,
1998-11-13,0.16490,
1998-11-14,.,No value available
1998-11-15,.,No value available
1998-11-16,0.16168,
1998-11-17,0.15336,
1998-11-18,1.13641,
1998-11-19,1.29991,
1998-11-20,1.38350,
1998-11-21,.,No value available
1998-11-22,.,No value available
1998-11-23,0.15815,
1998-11-24,1.44238,
1998-11-25,1.42986,
1998-11-26,1.59509,
1998-11-27,7.56255,
1998-11-28,.,No value available
1998-11-29,.,No value available
1998-11-30,1.70346,
1998-12-01,1.90282,
1998-12-02,1.93829,
1998-12-03,2.22020,
1998-12-04,2.41700,
1998-12-05,.,No value available
1998-12-06,.,No value available
1998-12-07,2.16909,
1998-12-08,2.14317,
1998-12-09,2.35562,
1998-12-10,2.00558,
1998-12-11,1.95830,
1998-12-12,.,No value available
1998-12-13,.,No value available
1998-12-14,1.39821,
1998-12-15,2.02103,
1998-12-16,2.35328,
1998-12-17,3.84825,
1998-12-18,4.05639,
1998-12-19,.,No value available
1998-12-20,.,No value available
1998-12-21,2.68061,
1998-12-22,3.89752,
1998-12-23,3.84999,
1998-12-24,.,No value available
1998-12-25,.,No value available
1998-12-26,.,No value available
1998-12-27,.,No value available
1998-12-28,3.79035,
1998-12-29,4.20832,
1998-12-30,30.00000,
1998-12-31,.,No value available
1999-01-01,.,No value available
1999-01-02,.,No value available
1999-01-03,.,No value available
1999-01-04,0.53906,
1999-01-05,3.75588,
1999-01-06,3.67255,
1999-01-07,0.49055,
1999-01-08,4.17594,
1999-01-09,.,No value available
1999-01-10,.,No value available
1999-01-11,1.14192,
1999-01-12,4.23872,
1999-01-13,5.02631,
1999-01-14,1.47712,
1999-01-15,1.33870,
1999-01-16,.,No value available
1999-01-17,.,No value available
1999-01-18,1.43093,
1999-01-19,1.49662,
1999-01-20,1.34981,
1999-01-21,1.15320,
1999-01-22,1.08998,
1999-01-23,.,No value available
1999-01-24,.,No value available
1999-01-25,1.18950,
1999-01-26,1.40486,
1999-01-27,1.38044,
1999-01-28,1.58098,
1999-01-29,5.21071,
1999-01-30,.,No value available
1999-01-31,.,No value available
1999-02-01,0.19219,
1999-02-02,0.18807,
1999-02-03,1.57716,
1999-02-04,1.54621,
1999-02-05,0.20485,
1999-02-06,.,No value available
1999-02-07,.,No value available
1999-02-08,0.19850,
1999-02-09,1.26952,
1999-02-10,1.53630,
1999-02-11,2.59051,
1999-02-12,1.75034,
1999-02-13,.,No value available
1999-02-14,.,No value available
1999-02-15,1.45727,
1999-02-16,2.01923,
1999-02-17,1.46916,
1999-02-18,1.78555,
1999-02-19,1.55344,
1999-02-20,.,No value available
1999-02-21,.,No value available
1999-02-22,1.45361,
1999-02-23,1.44362,
1999-02-24,1.52281,
1999-02-25,6.16393,
1999-02-26,0.12060,
1999-02-27,.,No value available
1999-02-28,.,No value available
1999-03-01,1.23274,
1999-03-02,1.14760,
1999-03-03,1.14009,
1999-03-04,5.61448,
1999-03-05,6.39277,
1999-03-06,.,No value available
1999-03-07,.,No value available
1999-03-08,1.25176,
1999-03-09,1.39504,
1999-03-10,1.27571,
1999-03-11,1.31007,
1999-03-12,1.54979,
1999-03-13,.,No value available
1999-03-14,.,No value available
1999-03-15,1.46167,
1999-03-16,6.40549,
1999-03-17,1.42774,
1999-03-18,1.63512,
1999-03-19,0.22383,
1999-03-20,.,No value available
1999-03-21,.,No value available
1999-03-22,1.78754,
1999-03-23,7.40777,
1999-03-24,1.66140,
1999-03-25,7.13010,
1999-03-26,1.54911,
1999-03-27,.,No value available
1999-03-28,.,No value available
1999-03-29,1.62461,
1999-03-30,0.00733,
1999-03-31,1.65913,
1999-04-01,10.09957,
1999-04-02,.,No value available
1999-04-03,.,No value available
1999-04-04,.,No value available
1999-04-05,.,No value available
1999-04-06,1.69604,
1999-04-07,1.79039,
1999-04-08,7.99775,
1999-04-09,1.95381,
1999-04-10,.,No value available
1999-04-11,.,No value available
1999-04-12,8.13377,
1999-04-13,0.20318,
1999-04-14,0.03201,
1999-04-15,0.06686,
1999-04-16,1.33917,
1999-04-17,.,No value available
1999-04-18,.,No value available
1999-04-19,1.59156,
1999-04-20,5.77268,
1999-04-21,1.39575,
1999-04-22,1.46130,
1999-04-23,1.59089,
1999-04-24,.,No value available
1999-04-25,.,No value available
1999-04-26,1.80307,
1999-04-27,2.02576,
1999-04-28,1.94252,
1999-04-29,3.08259,
1999-04-30,3.34890,
1999-05-01,.,No value available
1999-05-02,.,No value available
1999-05-03,2.81428,
1999-05-04,3.25913,
1999-05-05,2.56020,
1999-05-06,2.65185,
1999-05-07,4.56134,
1999-05-08,.,No value available
1999-05-09,.,No value available
1999-05-10,13.86149,
1999-05-11,0.01168,
1999-05-12,2.69039,
1999-05-13,.,No value available
1999-05-14,1.92550,
1999-05-15,.,No value available
1999-05-16,.,No value available
1999-05-17,1.51064,
1999-05-18,0.12606,
1999-05-19,0.94328,
1999-05-20,1.38555,
1999-05-21,1.51913,
1999-05-22,.,No value available
1999-05-23,.,No value available
1999-05-24,.,No value available
1999-05-25,2.79424,
1999-05-26,4.74152,
1999-05-27,7.60384,
1999-05-28,2.47886,
1999-05-29,.,No value available
1999-05-30,.,No value available
1999-05-31,2.03453,
1999-06-01,1.76907,
1999-06-02,4.65026,
1999-06-03,.,No value available
1999-06-04,1.68204,
1999-06-05,.,No value available
1999-06-06,.,No value available
1999-06-07,5.16106,
1999-06-08,2.42201,
1999-06-09,2.10003,
1999-06-10,2.82272,
1999-06-11,1.30457,
1999-06-12,.,No value available
1999-06-13,.,No value available
1999-06-14,2.93273,
1999-06-15,3.61303,
1999-06-16,2.35409,
1999-06-17,5.67726,
1999-06-18,6.66119,
1999-06-19,.,No value available
1999-06-20,.,No value available
1999-06-21,3.16973,
1999-06-22,3.34292,
1999-06-23,7.59092,
1999-06-24,0.20995,
1999-06-25,5.78496,
1999-06-26,.,No value available
1999-06-27,.,No value available
1999-06-28,6.08665,
1999-06-29,6.11931,
1999-06-30,7.34956,
1999-07-01,0.02321,
1999-07-02,9.16800,
1999-07-03,.,No value available
1999-07-04,.,No value available
1999-07-05,9.39723,
1999-07-06,8.12032,
1999-07-07,0.00027,
1999-07-08,7.80416,
1999-07-09,7.00015,
1999-07-10,.,No value available
1999-07-11,.,No value available
1999-07-12,5.87065,
1999-07-13,5.43235,
1999-07-14,7.67586,
1999-07-15,5.54909,
1999-07-16,6.07330,
1999-07-17,.,No value available
1999-07-18,.,No value available
1999-07-19,5.53836,
1999-07-20,6.34754,
1999-07-21,6.09126,
1999-07-22,0.30590,
1999-07-23,5.42547,
1999-07-24,.,No value available
1999-07-25,.,No value available
1999-07-26,0.21733,
1999-07-27,0.21029,
1999-07-28,3.91420,
1999-07-29,6.04490,
1999-07-30,5.07297,
1999-07-31,.,No value available
1999-08-01,.,No value available
1999-08-02,4.75943,
1999-08-03,4.74116,
1999-08-04,4.88831,
1999-08-05,6.07174,
1999-08-06,6.27674,
1999-08-07,.,No value available
1999-08-08,.,No value available
1999-08-09,6.66343,
1999-08-10,6.51775,
1999-08-11,5.54762,
1999-08-12,5.66532,
1999-08-13,5.85421,
1999-08-14,.,No value available
1999-08-15,.,No value available
1999-08-16,5.56923,
1999-08-17,5.44758,
1999-08-18,4.08048,
1999-08-19,5.63338,
1999-08-20,5.35802,
1999-08-21,.,No value available
1999-08-22,.,No value available
1999-08-23,5.42405,
1999-08-24,5.67017,
1999-08-25,5.09976,
1999-08-26,4.07758,
1999-08-27,5.01971,
1999-08-28,.,No value available
1999-08-29,.,No value available
1999-08-30,4.17991,
1999-08-31,4.75522,
1999-09-01,5.06842,
1999-09-02,7.11274,
1999-09-03,6.06614,
1999-09-04,.,No value available
1999-09-05,.,No value available
1999-09-06,4.45111,
1999-09-07,6.36994,
1999-09-08,5.99210,
1999-09-09,7.31148,
1999-09-10,4.78800,
1999-09-11,.,No value available
1999-09-12,.,No value available
1999-09-13,4.56534,
1999-09-14,7.09485,
1999-09-15,7.40870,
1999-09-16,5.57306,
1999-09-17,6.09894,
1999-09-18,.,No value available
1999-09-19,.,No value available
1999-09-20,6.31259,
1999-09-21,5.80214,
1999-09-22,5.64884,
1999-09-23,8.45939,
1999-09-24,5.37700,
1999-09-25,.,No value available
1999-09-26,.,No value available
1999-09-27,9.80059,
1999-09-28,5.37166,
1999-09-29,9.15237,
1999-09-30,7.60971,
1999-10-01,5.49255,
1999-10-02,.,No value available
1999-10-03,.,No value available
1999-10-04,6.12145,
1999-10-05,5.02656,
1999-10-06,5.13372,
1999-10-07,5.79709,
1999-10-08,5.54051,
1999-10-09,.,No value available
1999-10-10,.,No value available
1999-10-11,6.09257,
1999-10-12,6.33972,
1999-10-13,5.52296,
1999-10-14,6.23958,
1999-10-15,6.49779,
1999-10-16,.,No value available
1999-10-17,.,No value available
1999-10-18,5.66780,
1999-10-19,4.17142,
1999-10-20,7.58597,
1999-10-21,7.51356,
1999-10-22,8.34625,
1999-10-23,.,No value available
1999-10-24,.,No value available
1999-10-25,5.02808,
1999-10-26,8.72263,
1999-10-27,9.28591,
1999-10-28,8.54269,
1999-10-29,9.33041,
1999-10-30,.,No value available
1999-10-31,.,No value available
1999-11-01,8.68715,
1999-11-02,5.27816,
1999-11-03,5.55762,
1999-11-04,9.32665,
1999-11-05,9.36401,
1999-11-06,.,No value available
1999-11-07,.,No value available
1999-11-08,10.16002,
1999-11-09,7.19372,
1999-11-10,9.73004,
1999-11-11,0.14639,
1999-11-12,6.56971,
1999-11-13,.,No value available
1999-11-14,.,No value available
1999-11-15,6.96912,
1999-11-16,6.94824,
1999-11-17,8.88981,
1999-11-18,8.82731,
1999-11-19,8.77676,
1999-11-20,.,No value available
1999-11-21,.,No value available
1999-11-22,9.07655,
1999-11-23,9.13483,
1999-11-24,6.52552,
1999-11-25,8.73004,
1999-11-26,6.43515,
1999-11-27,.,No value available
1999-11-28,.,No value available
1999-11-29,8.63845,
1999-11-30,8.96417,
1999-12-01,9.07923,
1999-12-02,8.81125,
1999-12-03,8.87018,
1999-12-04,.,No value available
1999-12-05,.,No value available
1999-12-06,9.06023,
1999-12-07,6.58998,
1999-12-08,9.10533,
1999-12-09,6.08228,
1999-12-10,9.61815,
1999-12-11,.,No value available
1999-12-12,.,No value available
1999-12-13,5.97199,
1999-12-14,7.11425,
1999-12-15,7.25871,
1999-12-16,5.68705,
1999-12-17,6.78573,
1999-12-18,.,No value available
1999-12-19,.,No value available
1999-12-20,7.63773,
1999-12-21,6.95190,
1999-12-22,5.85877,
1999-12-23,5.76096,
1999-12-24,.,No value available
1999-12-25,.,No value available
1999-12-26,.,No value available
1999-12-27,5.12092,
1999-12-28,6.12925,
1999-12-29,4.77981,
1999-12-30,5.96785,
1999-12-31,.,No value available
2000-01-01,.,No value available
2000-01-02,.,No value available
2000-01-03,7.45352,
2000-01-04,7.15108,
2000-01-05,6.01170,
2000-01-06,6.13108,
2000-01-07,5.10288,
2000-01-08,.,No value available
2000-01-09,.,No value available
2000-01-10,2.88344,
2000-01-11,3.59448,
2000-01-12,5.68047,
2000-01-13,6.47204,
2000-01-14,7.55461,
2000-01-15,.,No value available
2000-01-16,.,No value available
2000-01-17,7.38904,
2000-01-18,7.26034,
2000-01-19,7.43593,
2000-01-20,4.74942,
2000-01-21,9.89951,
2000-01-22,.,No value available
2000-01-23,.,No value available
2000-01-24,9.48136,
2000-01-25,9.18356,
2000-01-26,9.27455,
2000-01-27,9.61406,
2000-01-28,8.82984,
2000-01-29,.,No value available
2000-01-30,.,No value available
2000-01-31,9.49469,
2000-02-01,9.55701,
2000-02-02,7.71181,
2000-02-03,7.87140,
2000-02-04,8.85186,
2000-02-05,.,No value available
2000-02-06,.,No value available
2000-02-07,10.07588,
2000-02-08,10.80817,
2000-02-09,11.10337,
2000-02-10,10.97132,
2000-02-11,5.97291,
2000-02-12,.,No value available
2000-02-13,.,No value available
2000-02-14,11.32731,
2000-02-15,11.45853,
2000-02-16,11.29269,
2000-02-17,5.92317,
2000-02-18,1.12261,
2000-02-19,.,No value available
2000-02-20,.,No value available
2000-02-21,1.31418,
2000-02-22,8.55313,
2000-02-23,9.60707,
2000-02-24,9.13211,
2000-02-25,9.57782,
2000-02-26,.,No value available
2000-02-27,.,No value available
2000-02-28,9.90487,
2000-02-29,9.07495,
2000-03-01,9.91709,
2000-03-02,9.30795,
2000-03-03,8.78504,
2000-03-04,.,No value available
2000-03-05,.,No value available
2000-03-06,7.15389,
2000-03-07,6.89542,
2000-03-08,5.65627,
2000-03-09,2.56244,
2000-03-10,6.28312,
2000-03-11,.,No value available
2000-03-12,.,No value available
2000-03-13,4.01563,
2000-03-14,6.96398,
2000-03-15,7.52314,
2000-03-16,8.56566,
2000-03-17,9.35305,
2000-03-18,.,No value available
2000-03-19,.,No value available
2000-03-20,7.98237,
2000-03-21,8.41112,
2000-03-22,9.71998,
2000-03-23,9.86546,
2000-03-24,9.06142,
2000-03-25,.,No value available
2000-03-26,.,No value available
2000-03-27,9.90234,
2000-03-28,9.49208,
2000-03-29,8.79953,
2000-03-30,9.39082,
2000-03-31,8.31068,
2000-04-01,.,No value available
2000-04-02,.,No value available
2000-04-03,7.67460,
2000-04-04,8.62594,
2000-04-05,11.53077,
2000-04-06,6.99251,
2000-04-07,5.75538,
2000-04-08,.,No value available
2000-04-09,.,No value available
2000-04-10,8.57397,
2000-04-11,8.15611,
2000-04-12,8.12771,
2000-04-13,7.88953,
2000-04-14,7.57290,
2000-04-15,.,No value available
2000-04-16,.,No value available
2000-04-17,8.66768,
2000-04-18,9.80632,
2000-04-19,6.13954,
2000-04-20,8.47008,
2000-04-21,.,No value available
2000-04-22,.,No value available
2000-04-23,.,No value available
2000-04-24,.,No value available
2000-04-25,7.04895,
2000-04-26,7.49425,
2000-04-27,6.54214,
2000-04-28,0.67126,
2000-04-29,.,No value available
2000-04-30,.,No value available
2000-05-01,.,No value available
2000-05-02,1.39671,
2000-05-03,1.67826,
2000-05-04,1.73572,
2000-05-05,3.56206,
2000-05-06,.,No value available
2000-05-07,.,No value available
2000-05-08,1.64612,
2000-05-09,1.52214,
2000-05-10,3.40138,
2000-05-11,4.08528,
2000-05-12,3.33102,
2000-05-13,.,No value available
2000-05-14,.,No value available
2000-05-15,2.19149,
2000-05-16,1.43061,
2000-05-17,0.94564,
2000-05-18,1.11101,
2000-05-19,0.80959,
2000-05-20,.,No value available
2000-05-21,.,No value available
2000-05-22,0.08049,
2000-05-23,1.00727,
2000-05-24,0.48903,
2000-05-25,1.09857,
2000-05-26,1.54150,
2000-05-27,.,No value available
2000-05-28,.,No value available
2000-05-29,1.89187,
2000-05-30,2.20750,
2000-05-31,2.05893,
2000-06-01,2.11444,
2000-06-02,1.98642,
2000-06-03,.,No value available
2000-06-04,.,No value available
2000-06-05,2.00196,
2000-06-06,2.04697,
2000-06-07,0.59648,
2000-06-08,2.16372,
2000-06-09,2.59171,
2000-06-10,.,No value available
2000-06-11,.,No value available
2000-06-12,2.69840,
2000-06-13,2.56498,
2000-06-14,0.11232,
2000-06-15,0.93343,
2000-06-16,0.68754,
2000-06-17,.,No value available
2000-06-18,.,No value available
2000-06-19,0.75142,
2000-06-20,0.70429,
2000-06-21,2.84363,
2000-06-22,2.07166,
2000-06-23,2.16598,
2000-06-24,.,No value available
2000-06-25,.,No value available
2000-06-26,2.18845,
2000-06-27,1.99349,
2000-06-28,2.29201,
2000-06-29,1.86551,
2000-06-30,2.25499,
2000-07-01,.,No value available
2000-07-02,.,No value available
2000-07-03,1.96291,
2000-07-04,0.71735,
2000-07-05,1.97752,
2000-07-06,0.08879,
2000-07-07,1.97351,
2000-07-08,.,No value available
2000-07-09,.,No value available
2000-07-10,2.59295,
2000-07-11,2.52885,
2000-07-12,2.75471,
2000-07-13,2.70865,
2000-07-14,3.10101,
2000-07-15,.,No value available
2000-07-16,.,No value available
2000-07-17,2.63271,
2000-07-18,3.03730,
2000-07-19,3.34722,
2000-07-20,3.34837,
2000-07-21,3.31084,
2000-07-22,.,No value available
2000-07-23,.,No value available
2000-07-24,3.36133,
2000-07-25,3.50081,
2000-07-26,3.43834,
2000-07-27,3.94238,
2000-07-28,3.34597,
2000-07-29,.,No value available
2000-07-30,.,No value available
2000-07-31,2.96045,
2000-08-01,2.81894,
2000-08-02,2.90611,
2000-08-03,2.92118,
2000-08-04,2.91231,
2000-08-05,.,No value available
2000-08-06,.,No value available
2000-08-07,2.52850,
2000-08-08,2.55221,
2000-08-09,3.48736,
2000-08-10,2.81867,
2000-08-11,3.04719,
2000-08-12,.,No value available
2000-08-13,.,No value available
2000-08-14,2.81804,
2000-08-15,4.13341,
2000-08-16,5.26700,
2000-08-17,4.83256,
2000-08-18,4.37811,
2000-08-19,.,No value available
2000-08-20,.,No value available
2000-08-21,4.32098,
2000-08-22,4.98722,
2000-08-23,4.31357,
2000-08-24,2.95568,
2000-08-25,5.29171,
2000-08-26,.,No value available
2000-08-27,.,No value available
2000-08-28,5.23646,
2000-08-29,4.60004,
2000-08-30,4.31382,
2000-08-31,5.66899,
2000-09-01,6.96938,
2000-09-02,.,No value available
2000-09-03,.,No value available
2000-09-04,7.25973,
2000-09-05,6.80340,
2000-09-06,7.29019,
2000-09-07,7.61383,
2000-09-08,6.07656,
2000-09-09,.,No value available
2000-09-10,.,No value available
2000-09-11,6.30042,
2000-09-12,6.73264,
2000-09-13,5.47667,
2000-09-14,5.21741,
2000-09-15,7.80639,
2000-09-16,.,No value available
2000-09-17,.,No value available
2000-09-18,7.04066,
2000-09-19,8.16155,
2000-09-20,8.27609,
2000-09-21,7.89553,
2000-09-22,6.71206,
2000-09-23,.,No value available
2000-09-24,.,No value available
2000-09-25,5.25197,
2000-09-26,4.52078,
2000-09-27,5.19527,
2000-09-28,7.90612,
2000-09-29,6.71730,
2000-09-30,.,No value available
2000-10-01,.,No value available
2000-10-02,9.41265,
2000-10-03,.,No value available
2000-10-04,29.74168,
2000-10-05,7.27164,
2000-10-06,7.42047,
2000-10-07,.,No value available
2000-10-08,.,No value available
2000-10-09,5.30343,
2000-10-10,6.59196,
2000-10-11,7.61606,
2000-10-12,9.96601,
2000-10-13,0.05299,
2000-10-14,.,No value available
2000-10-15,.,No value available
2000-10-16,5.60611,
2000-10-17,5.51776,
2000-10-18,6.99424,
2000-10-19,0.42354,
2000-10-20,5.75179,
2000-10-21,.,No value available
2000-10-22,.,No value available
2000-10-23,0.00010,
2000-10-24,0.00419,
2000-10-25,0.47537,
2000-10-26,0.48109,
2000-10-27,4.28366,
2000-10-28,.,No value available
2000-10-29,.,No value available
2000-10-30,0.01453,
2000-10-31,0.42137,
2000-11-01,5.18956,
2000-11-02,1.49432,
2000-11-03,5.42294,
2000-11-04,.,No value available
2000-11-05,.,No value available
2000-11-06,5.59562,
2000-11-07,6.20582,
2000-11-08,8.28912,
2000-11-09,3.49520,
2000-11-10,5.47699,
2000-11-11,.,No value available
2000-11-12,.,No value available
2000-11-13,1.99967,
2000-11-14,0.83328,
2000-11-15,0.88547,
2000-11-16,5.05406,
2000-11-17,2.32622,
2000-11-18,.,No value available
2000-11-19,.,No value available
2000-11-20,6.91814,
2000-11-21,1.06787,
2000-11-22,10.40079,
2000-11-23,5.73309,
2000-11-24,7.77585,
2000-11-25,.,No value available
2000-11-26,.,No value available
2000-11-27,4.24091,
2000-11-28,4.23773,
2000-11-29,5.05275,
2000-11-30,2.65618,
2000-12-01,2.93590,
2000-12-02,.,No value available
2000-12-03,.,No value available
2000-12-04,1.02317,
2000-12-05,1.07318,
2000-12-06,1.15806,
2000-12-07,1.31742,
2000-12-08,1.55500,
2000-12-09,.,No value available
2000-12-10,.,No value available
2000-12-11,2.08722,
2000-12-12,2.07019,
2000-12-13,1.17851,
2000-12-14,1.11903,
2000-12-15,1.27471,
2000-12-16,.,No value available
2000-12-17,.,No value available
2000-12-18,1.61958,
2000-12-19,1.62230,
2000-12-20,1.40168,
2000-12-21,5.34285,
2000-12-22,5.73787,
2000-12-23,.,No value available
2000-12-24,.,No value available
2000-12-25,.,No value available
2000-12-26,.,No value available
2000-12-27,1.07725,
2000-12-28,1.31627,
2000-12-29,1.13616,
2000-12-30,.,No value available
2000-12-31,.,No value available
2001-01-01,.,No value available
2001-01-02,1.05583,
2001-01-03,1.11359,
2001-01-04,0.88654,
2001-01-05,4.82170,
2001-01-06,.,No value available
2001-01-07,.,No value available
2001-01-08,4.56912,
2001-01-09,4.84671,
2001-01-10,4.60305,
2001-01-11,4.13051,
2001-01-12,5.42172,
2001-01-13,.,No value available
2001-01-14,.,No value available
2001-01-15,4.43152,
2001-01-16,4.36072,
2001-01-17,4.93167,
2001-01-18,3.87087,
2001-01-19,0.85767,
2001-01-20,.,No value available
2001-01-21,.,No value available
2001-01-22,4.54978,
2001-01-23,4.17082,
2001-01-24,4.11017,
2001-01-25,4.13076,
2001-01-26,3.87920,
2001-01-27,.,No value available
2001-01-28,.,No value available
2001-01-29,3.47692,
2001-01-30,4.35074,
2001-01-31,4.40320,
2001-02-01,4.14826,
2001-02-02,4.91426,
2001-02-03,.,No value available
2001-02-04,.,No value available
2001-02-05,4.19737,
2001-02-06,4.89282,
2001-02-07,4.12429,
2001-02-08,4.24365,
2001-02-09,4.25389,
2001-02-10,.,No value available
2001-02-11,.,No value available
2001-02-12,4.52713,
2001-02-13,4.92057,
2001-02-14,5.04205,
2001-02-15,4.31808,
2001-02-16,4.18488,
2001-02-17,.,No value available
2001-02-18,.,No value available
2001-02-19,4.70091,
2001-02-20,4.64912,
2001-02-21,4.54223,
2001-02-22,4.83056,
2001-02-23,1.27508,
2001-02-24,.,No value available
2001-02-25,.,No value available
2001-02-26,4.79098,
2001-02-27,0.87128,
2001-02-28,0.96034,
2001-03-01,0.87828,
2001-03-02,0.82668,
2001-03-03,.,No value available
2001-03-04,.,No value available
2001-03-05,4.62699,
2001-03-06,5.05914,
2001-03-07,0.98709,
2001-03-08,0.89277,
2001-03-09,0.90954,
2001-03-10,.,No value available
2001-03-11,.,No value available
2001-03-12,4.72988,
2001-03-13,4.81589,
2001-03-14,4.71714,
2001-03-15,0.82537,
2001-03-16,0.85332,
2001-03-17,.,No value available
2001-03-18,.,No value available
2001-03-19,0.77707,
2001-03-20,0.74710,
2001-03-21,0.71649,
2001-03-22,0.76486,
2001-03-23,0.71548,
2001-03-24,.,No value available
2001-03-25,.,No value available
2001-03-26,0.76229,
2001-03-27,0.72592,
2001-03-28,0.73438,
2001-03-29,0.78283,
2001-03-30,0.80846,
2001-03-31,.,No value available
2001-04-01,.,No value available
2001-04-02,0.84223,
2001-04-03,0.79109,
2001-04-04,0.68233,
2001-04-05,0.71017,
2001-04-06,0.69536,
2001-04-07,.,No value available
2001-04-08,.,No value available
2001-04-09,0.76427,
2001-04-10,0.77100,
2001-04-11,0.76775,
2001-04-12,3.90399,
2001-04-13,.,No value available
2001-04-14,.,No value available
2001-04-15,.,No value available
2001-04-16,.,No value available
2001-04-17,3.79882,
2001-04-18,0.68622,
2001-04-19,0.83916,
2001-04-20,1.14814,
2001-04-21,.,No value available
2001-04-22,.,No value available
2001-04-23,1.46504,
2001-04-24,3.14347,
2001-04-25,3.58594,
2001-04-26,1.45804,
2001-04-27,1.03333,
2001-04-28,.,No value available
2001-04-29,.,No value available
2001-04-30,5.38733,
2001-05-01,.,No value available
2001-05-02,1.03269,
2001-05-03,1.89518,
2001-05-04,3.72750,
2001-05-05,.,No value available
2001-05-06,.,No value available
2001-05-07,1.83416,
2001-05-08,1.53084,
2001-05-09,1.62681,
2001-05-10,1.00441,
2001-05-11,1.31634,
2001-05-12,.,No value available
2001-05-13,.,No value available
2001-05-14,1.19363,
2001-05-15,1.16988,
2001-05-16,3.55868,
2001-05-17,1.28039,
2001-05-18,0.86957,
2001-05-19,.,No value available
2001-05-20,.,No value available
2001-05-21,0.99007,
2001-05-22,1.01582,
2001-05-23,1.20930,
2001-05-24,1.38402,
2001-05-25,1.51859,
2001-05-26,.,No value available
2001-05-27,.,No value available
2001-05-28,1.43287,
2001-05-29,2.51206,
2001-05-30,1.03600,
2001-05-31,1.33468,
2001-06-01,0.99332,
2001-06-02,.,No value available
2001-06-03,.,No value available
2001-06-04,1.23985,
2001-06-05,1.38334,
2001-06-06,1.00120,
2001-06-07,0.97955,
2001-06-08,2.44617,
2001-06-09,.,No value available
2001-06-10,.,No value available
2001-06-11,1.21802,
2001-06-12,1.06326,
2001-06-13,0.46576,
2001-06-14,1.86807,
2001-06-15,4.93504,
2001-06-16,.,No value available
2001-06-17,.,No value available
2001-06-18,1.58850,
2001-06-19,1.29191,
2001-06-20,1.21180,
2001-06-21,1.17009,
2001-06-22,1.20721,
2001-06-23,.,No value available
2001-06-24,.,No value available
2001-06-25,1.09594,
2001-06-26,1.13202,
2001-06-27,0.00010,
2001-06-28,0.00010,
2001-06-29,2.08559,
2001-06-30,.,No value available
2001-07-01,.,No value available
2001-07-02,1.14862,
2001-07-03,1.26614,
2001-07-04,3.32224,
2001-07-05,0.00010,
2001-07-06,3.56385,
2001-07-07,.,No value available
2001-07-08,.,No value available
2001-07-09,2.10611,
2001-07-10,0.92830,
2001-07-11,1.19942,
2001-07-12,0.71674,
2001-07-13,0.00010,
2001-07-14,.,No value available
2001-07-15,.,No value available
2001-07-16,0.90428,
2001-07-17,2.47616,
2001-07-18,0.12195,
2001-07-19,0.00010,
2001-07-20,1.09661,
2001-07-21,.,No value available
2001-07-22,.,No value available
2001-07-23,0.00010,
2001-07-24,0.00010,
2001-07-25,0.00010,
2001-07-26,0.07908,
2001-07-27,0.00010,
2001-07-28,.,No value available
2001-07-29,.,No value available
2001-07-30,0.00010,
2001-07-31,0.08346,
2001-08-01,0.00010,
2001-08-02,0.72832,
2001-08-03,0.66973,
2001-08-04,.,No value available
2001-08-05,.,No value available
2001-08-06,0.16020,
2001-08-07,0.10814,
2001-08-08,1.41045,
2001-08-09,0.00713,
2001-08-10,0.65613,
2001-08-11,.,No value available
2001-08-12,.,No value available
2001-08-13,0.73649,
2001-08-14,0.84528,
2001-08-15,0.63314,
2001-08-16,0.77049,
2001-08-17,0.00010,
2001-08-18,.,No value available
2001-08-19,.,No value available
2001-08-20,0.74807,
2001-08-21,0.10359,
2001-08-22,1.07063,
2001-08-23,0.05689,
2001-08-24,0.13060,
2001-08-25,.,No value available
2001-08-26,.,No value available
2001-08-27,0.12802,
2001-08-28,0.12719,
2001-08-29,0.13787,
2001-08-30,0.03036,
2001-08-31,1.25387,
2001-09-01,.,No value available
2001-09-02,.,No value available
2001-09-03,1.06235,
2001-09-04,0.84463,
2001-09-05,0.68304,
2001-09-06,0.79740,
2001-09-07,0.99393,
2001-09-08,.,No value available
2001-09-09,.,No value available
2001-09-10,0.86949,
2001-09-11,1.11406,
2001-09-12,1.00825,
2001-09-13,0.96165,
2001-09-14,0.93402,
2001-09-15,.,No value available
2001-09-16,.,No value available
2001-09-17,0.98298,
2001-09-18,0.00370,
2001-09-19,0.99674,
2001-09-20,0.19484,
2001-09-21,0.00604,
2001-09-22,.,No value available
2001-09-23,.,No value available
2001-09-24,1.03062,
2001-09-25,1.14874,
2001-09-26,1.94104,
2001-09-27,0.03618,
2001-09-28,1.09778,
2001-09-29,.,No value available
2001-09-30,.,No value available
2001-10-01,0.93648,
2001-10-02,0.90716,
2001-10-03,0.98926,
2001-10-04,1.08572,
2001-10-05,0.99219,
2001-10-06,.,No value available
2001-10-07,.,No value available
2001-10-08,1.00101,
2001-10-09,1.04392,
2001-10-10,1.09548,
2001-10-11,0.99098,
2001-10-12,0.99956,
2001-10-13,.,No value available
2001-10-14,.,No value available
2001-10-15,1.20567,
2001-10-16,1.03138,
2001-10-17,0.99749,
2001-10-18,0.97454,
2001-10-19,0.93807,
2001-10-20,.,No value available
2001-10-21,.,No value available
2001-10-22,0.87387,
2001-10-23,0.95632,
2001-10-24,0.84984,
2001-10-25,0.93750,
2001-10-26,0.85160,
2001-10-27,.,No value available
2001-10-28,.,No value available
2001-10-29,0.93989,
2001-10-30,1.00907,
2001-10-31,0.99137,
2001-11-01,0.91686,
2001-11-02,0.90000,
2001-11-03,.,No value available
2001-11-04,.,No value available
2001-11-05,1.00538,
2001-11-06,2.14468,
2001-11-07,0.81817,
2001-11-08,0.93230,
2001-11-09,1.84887,
2001-11-10,.,No value available
2001-11-11,.,No value available
2001-11-12,1.87746,
2001-11-13,1.86100,
2001-11-14,1.58509,
2001-11-15,1.65960,
2001-11-16,0.68497,
2001-11-17,.,No value available
2001-11-18,.,No value available
2001-11-19,2.10186,
2001-11-20,2.05329,
2001-11-21,3.17195,
2001-11-22,3.04180,
2001-11-23,2.15724,
2001-11-24,.,No value available
2001-11-25,.,No value available
2001-11-26,2.66639,
2001-11-27,1.76603,
2001-11-28,3.11332,
2001-11-29,3.33314,
2001-11-30,3.31818,
2001-12-01,.,No value available
2001-12-02,.,No value available
2001-12-03,2.75546,
2001-12-04,1.74525,
2001-12-05,3.40705,
2001-12-06,2.09231,
2001-12-07,1.80181,
2001-12-08,.,No value available
2001-12-09,.,No value available
2001-12-10,2.06003,
2001-12-11,1.99365,
2001-12-12,1.81015,
2001-12-13,2.23186,
2001-12-14,1.52737,
2001-12-15,.,No value available
2001-12-16,.,No value available
2001-12-17,3.47201,
2001-12-18,2.42664,
2001-12-19,3.09218,
2001-12-20,2.85251,
2001-12-21,2.33276,
2001-12-22,.,No value available
2001-12-23,.,No value available
2001-12-24,.,No value available
2001-12-25,.,No value available
2001-12-26,.,No value available
2001-12-27,1.71984,
2001-12-28,1.63637,
2001-12-29,.,No value available
2001-12-30,.,No value available
2001-12-31,.,No value available
2002-01-01,.,No value available
2002-01-02,2.84078,
2002-01-03,1.50283,
2002-01-04,1.46571,
2002-01-05,.,No value available
2002-01-06,.,No value available
2002-01-07,1.58525,
2002-01-08,1.66421,
2002-01-09,1.57510,
2002-01-10,3.34542,
2002-01-11,3.00413,
2002-01-12,.,No value available
2002-01-13,.,No value available
2002-01-14,3.43859,
2002-01-15,2.88094,
2002-01-16,2.62165,
2002-01-17,3.19477,
2002-01-18,3.40492,
2002-01-19,.,No value available
2002-01-20,.,No value available
2002-01-21,3.16974,
2002-01-22,2.37621,
2002-01-23,2.25900,
2002-01-24,2.33757,
2002-01-25,1.92061,
2002-01-26,.,No value available
2002-01-27,.,No value available
2002-01-28,1.97968,
2002-01-29,1.92578,
2002-01-30,1.51824,
2002-01-31,2.25000,
2002-02-01,2.64237,
2002-02-02,.,No value available
2002-02-03,.,No value available
2002-02-04,1.59240,
2002-02-05,1.68795,
2002-02-06,1.76397,
2002-02-07,1.58349,
2002-02-08,2.93562,
2002-02-09,.,No value available
2002-02-10,.,No value available
2002-02-11,2.86631,
2002-02-12,3.17955,
2002-02-13,2.21243,
2002-02-14,1.75864,
2002-02-15,2.63351,
2002-02-16,.,No value available
2002-02-17,.,No value available
2002-02-18,3.13578,
2002-02-19,2.25077,
2002-02-20,5.48312,
2002-02-21,4.67129,
2002-02-22,3.34808,
2002-02-23,.,No value available
2002-02-24,.,No value available
2002-02-25,4.24575,
2002-02-26,4.79246,
2002-02-27,2.21352,
2002-02-28,3.12523,
2002-03-01,2.95105,
2002-03-02,.,No value available
2002-03-03,.,No value available
2002-03-04,2.52706,
2002-03-05,2.98575,
2002-03-06,2.11046,
2002-03-07,3.44640,
2002-03-08,1.30155,
2002-03-09,.,No value available
2002-03-10,.,No value available
2002-03-11,4.03802,
2002-03-12,3.95674,
2002-03-13,3.07389,
2002-03-14,2.73436,
2002-03-15,2.70589,
2002-03-16,.,No value available
2002-03-17,.,No value available
2002-03-18,3.70855,
2002-03-19,2.48078,
2002-03-20,2.70529,
2002-03-21,3.38674,
2002-03-22,3.80661,
2002-03-23,.,No value available
2002-03-24,.,No value available
2002-03-25,3.11775,
2002-03-26,3.50552,
2002-03-27,3.38638,
2002-03-28,3.88696,
2002-03-29,.,No value available
2002-03-30,.,No value available
2002-03-31,.,No value available
2002-04-01,.,No value available
2002-04-02,3.40885,
2002-04-03,4.21097,
2002-04-04,3.02786,
2002-04-05,2.83783,
2002-04-06,.,No value available
2002-04-07,.,No value available
2002-04-08,3.71005,
2002-04-09,3.85970,
2002-04-10,3.57177,
2002-04-11,3.08494,
2002-04-12,3.50651,
2002-04-13,.,No value available
2002-04-14,.,No value available
2002-04-15,3.33310,
2002-04-16,3.48870,
2002-04-17,3.76681,
2002-04-18,3.34739,
2002-04-19,3.51175,
2002-04-20,.,No value available
2002-04-21,.,No value available
2002-04-22,3.62971,
2002-04-23,4.51667,
2002-04-24,5.24511,
2002-04-25,3.69479,
2002-04-26,4.61898,
2002-04-27,.,No value available
2002-04-28,.,No value available
2002-04-29,3.33493,
2002-04-30,5.71017,
2002-05-01,.,No value available
2002-05-02,3.89213,
2002-05-03,3.92254,
2002-05-04,.,No value available
2002-05-05,.,No value available
2002-05-06,3.36426,
2002-05-07,6.42604,
2002-05-08,4.46224,
2002-05-09,3.05867,
2002-05-10,3.13882,
2002-05-11,.,No value available
2002-05-12,.,No value available
2002-05-13,2.56994,
2002-05-14,3.11086,
2002-05-15,2.25980,
2002-05-16,2.33674,
2002-05-17,1.83640,
2002-05-18,.,No value available
2002-05-19,.,No value available
2002-05-20,2.74138,
2002-05-21,2.77249,
2002-05-22,2.57251,
2002-05-23,2.30646,
2002-05-24,2.15193,
2002-05-25,.,No value available
2002-05-26,.,No value available
2002-05-27,3.15080,
2002-05-28,2.35551,
2002-05-29,2.19225,
2002-05-30,2.76473,
2002-05-31,2.17676,
2002-06-01,.,No value available
2002-06-02,.,No value available
2002-06-03,2.13649,
2002-06-04,2.71754,
2002-06-05,2.44587,
2002-06-06,2.57232,
2002-06-07,3.10020,
2002-06-08,.,No value available
2002-06-09,.,No value available
2002-06-10,2.99268,
2002-06-11,2.84913,
2002-06-12,2.61106,
2002-06-13,2.00940,
2002-06-14,2.62619,
2002-06-15,.,No value available
2002-06-16,.,No value available
2002-06-17,2.57157,
2002-06-18,2.37617,
2002-06-19,2.87091,
2002-06-20,2.48454,
2002-06-21,2.07971,
2002-06-22,.,No value available
2002-06-23,.,No value available
2002-06-24,2.06902,
2002-06-25,2.01265,
2002-06-26,1.56299,
2002-06-27,1.81053,
2002-06-28,2.20097,
2002-06-29,.,No value available
2002-06-30,.,No value available
2002-07-01,2.37641,
2002-07-02,2.44963,
2002-07-03,2.51090,
2002-07-04,1.86558,
2002-07-05,2.08003,
2002-07-06,.,No value available
2002-07-07,.,No value available
2002-07-08,2.43483,
2002-07-09,2.82799,
2002-07-10,2.11030,
2002-07-11,2.08069,
2002-07-12,2.43149,
2002-07-13,.,No value available
2002-07-14,.,No value available
2002-07-15,2.50306,
2002-07-16,2.16609,
2002-07-17,1.94384,
2002-07-18,2.19224,
2002-07-19,3.30082,
2002-07-20,.,No value available
2002-07-21,.,No value available
2002-07-22,2.73685,
2002-07-23,2.18174,
2002-07-24,2.09076,
2002-07-25,2.26775,
2002-07-26,2.07187,
2002-07-27,.,No value available
2002-07-28,.,No value available
2002-07-29,2.22116,
2002-07-30,2.39280,
2002-07-31,2.07633,
2002-08-01,2.14059,
2002-08-02,1.92064,
2002-08-03,.,No value available
2002-08-04,.,No value available
2002-08-05,2.12778,
2002-08-06,2.05348,
2002-08-07,2.20680,
2002-08-08,2.13308,
2002-08-09,2.51927,
2002-08-10,.,No value available
2002-08-11,.,No value available
2002-08-12,2.23649,
2002-08-13,2.29428,
2002-08-14,2.96366,
2002-08-15,2.78443,
2002-08-16,2.22625,
2002-08-17,.,No value available
2002-08-18,.,No value available
2002-08-19,2.44557,
2002-08-20,2.36224,
2002-08-21,2.78254,
2002-08-22,3.55239,
2002-08-23,2.43195,
2002-08-24,.,No value available
2002-08-25,.,No value available
2002-08-26,2.38687,
2002-08-27,2.29533,
2002-08-28,2.23696,
2002-08-29,2.31613,
2002-08-30,4.00585,
2002-08-31,.,No value available
2002-09-01,.,No value available
2002-09-02,2.86194,
2002-09-03,3.29473,
2002-09-04,1.88692,
2002-09-05,1.79632,
2002-09-06,1.89892,
2002-09-07,.,No value available
2002-09-08,.,No value available
2002-09-09,1.96825,
2002-09-10,2.25010,
2002-09-11,2.35633,
2002-09-12,2.31690,
2002-09-13,2.30094,
2002-09-14,.,No value available
2002-09-15,.,No value available
2002-09-16,3.52449,
2002-09-17,2.52994,
2002-09-18,1.64827,
2002-09-19,2.39519,
2002-09-20,1.64752,
2002-09-21,.,No value available
2002-09-22,.,No value available
2002-09-23,0.86892,
2002-09-24,0.61584,
2002-09-25,0.72557,
2002-09-26,1.81125,
2002-09-27,0.58369,
2002-09-28,.,No value available
2002-09-29,.,No value available
2002-09-30,0.83108,
2002-10-01,0.77517,
2002-10-02,0.63889,
2002-10-03,0.63111,
2002-10-04,0.60183,
2002-10-05,.,No value available
2002-10-06,.,No value available
2002-10-07,0.77137,
2002-10-08,0.80196,
2002-10-09,0.72172,
2002-10-10,0.64140,
2002-10-11,1.38374,
2002-10-12,.,No value available
2002-10-13,.,No value available
2002-10-14,0.93990,
2002-10-15,0.58795,
2002-10-16,2.21527,
2002-10-17,1.57339,
2002-10-18,2.35315,
2002-10-19,.,No value available
2002-10-20,.,No value available
2002-10-21,2.25791,
2002-10-22,0.77108,
2002-10-23,2.67149,
2002-10-24,2.57630,
2002-10-25,1.58727,
2002-10-26,.,No value available
2002-10-27,.,No value available
2002-10-28,1.57458,
2002-10-29,2.16400,
2002-10-30,1.01369,
2002-10-31,0.70739,
2002-11-01,1.35017,
2002-11-02,.,No value available
2002-11-03,.,No value available
2002-11-04,0.91952,
2002-11-05,1.45171,
2002-11-06,1.38609,
2002-11-07,0.96253,
2002-11-08,0.96236,
2002-11-09,.,No value available
2002-11-10,.,No value available
2002-11-11,2.01066,
2002-11-12,0.68281,
2002-11-13,0.74800,
2002-11-14,0.75877,
2002-11-15,0.67810,
2002-11-16,.,No value available
2002-11-17,.,No value available
2002-11-18,0.75656,
2002-11-19,0.89004,
2002-11-20,0.66180,
2002-11-21,0.81185,
2002-11-22,0.82928,
2002-11-23,.,No value available
2002-11-24,.,No value available
2002-11-25,0.60377,
2002-11-26,1.60553,
2002-11-27,1.81881,
2002-11-28,2.49948,
2002-11-29,1.59135,
2002-11-30,.,No value available
2002-12-01,.,No value available
2002-12-02,3.09200,
2002-12-03,2.30628,
2002-12-04,2.36592,
2002-12-05,2.54661,
2002-12-06,1.62068,
2002-12-07,.,No value available
2002-12-08,.,No value available
2002-12-09,1.12209,
2002-12-10,0.91238,
2002-12-11,0.90215,
2002-12-12,0.74895,
2002-12-13,1.34222,
2002-12-14,.,No value available
2002-12-15,.,No value available
2002-12-16,0.02736,
2002-12-17,0.92407,
2002-12-18,2.23857,
2002-12-19,0.47052,
2002-12-20,1.03597,
2002-12-21,.,No value available
2002-12-22,.,No value available
2002-12-23,1.14642,
2002-12-24,.,No value available
2002-12-25,.,No value available
2002-12-26,.,No value available
2002-12-27,0.82912,
2002-12-28,.,No value available
2002-12-29,.,No value available
2002-12-30,2.27326,
2002-12-31,.,No value available
2003-01-01,.,No value available
2003-01-02,1.06900,
2003-01-03,0.84849,
2003-01-04,.,No value available
2003-01-05,.,No value available
2003-01-06,1.15478,
2003-01-07,1.35062,
2003-01-08,0.91354,
2003-01-09,1.25896,
2003-01-10,1.82797,
2003-01-11,.,No value available
2003-01-12,.,No value available
2003-01-13,1.10570,
2003-01-14,1.88988,
2003-01-15,1.56550,
2003-01-16,1.42116,
2003-01-17,1.11533,
2003-01-18,.,No value available
2003-01-19,.,No value available
2003-01-20,1.26859,
2003-01-21,1.00167,
2003-01-22,0.10871,
2003-01-23,2.21322,
2003-01-24,1.26137,
2003-01-25,.,No value available
2003-01-26,.,No value available
2003-01-27,0.74746,
2003-01-28,1.26554,
2003-01-29,0.77810,
2003-01-30,0.75734,
2003-01-31,0.81673,
2003-02-01,.,No value available
2003-02-02,.,No value available
2003-02-03,0.94124,
2003-02-04,1.03756,
2003-02-05,1.56313,
2003-02-06,1.62039,
2003-02-07,1.53411,
2003-02-08,.,No value available
2003-02-09,.,No value available
2003-02-10,1.56850,
2003-02-11,1.62179,
2003-02-12,0.67416,
2003-02-13,0.86408,
2003-02-14,1.10482,
2003-02-15,.,No value available
2003-02-16,.,No value available
2003-02-17,1.02485,
2003-02-18,1.12643,
2003-02-19,1.28204,
2003-02-20,1.31676,
2003-02-21,1.06097,
2003-02-22,.,No value available
2003-02-23,.,No value available
2003-02-24,0.12209,
2003-02-25,1.03563,
2003-02-26,0.00010,
2003-02-27,1.28800,
2003-02-28,0.00010,
2003-03-01,.,No value available
2003-03-02,.,No value available
2003-03-03,1.18733,
2003-03-04,1.08772,
2003-03-05,0.08822,
2003-03-06,1.38480,
2003-03-07,1.09433,
2003-03-08,.,No value available
2003-03-09,.,No value available
2003-03-10,2.04424,
2003-03-11,2.45428,
2003-03-12,2.88081,
2003-03-13,1.02937,
2003-03-14,1.30935,
2003-03-15,.,No value available
2003-03-16,.,No value available
2003-03-17,1.76326,
2003-03-18,1.74657,
2003-03-19,1.84751,
2003-03-20,1.37392,
2003-03-21,1.66371,
2003-03-22,.,No value available
2003-03-23,.,No value available
2003-03-24,0.12508,
2003-03-25,2.02984,
2003-03-26,0.48669,
2003-03-27,1.79550,
2003-03-28,1.81148,
2003-03-29,.,No value available
2003-03-30,.,No value available
2003-03-31,0.89505,
2003-04-01,0.98997,
2003-04-02,0.56493,
2003-04-03,0.68030,
2003-04-04,1.51984,
2003-04-05,.,No value available
2003-04-06,.,No value available
2003-04-07,1.31668,
2003-04-08,0.66872,
2003-04-09,1.29440,
2003-04-10,1.49568,
2003-04-11,1.45802,
2003-04-12,.,No value available
2003-04-13,.,No value available
2003-04-14,1.56450,
2003-04-15,1.58789,
2003-04-16,1.60142,
2003-04-17,1.80595,
2003-04-18,.,No value available
2003-04-19,.,No value available
2003-04-20,.,No value available
2003-04-21,.,No value available
2003-04-22,1.62131,
2003-04-23,1.77053,
2003-04-24,1.67012,
2003-04-25,0.82208,
2003-04-26,.,No value available
2003-04-27,.,No value available
2003-04-28,1.70825,
2003-04-29,1.63500,
2003-04-30,1.65256,
2003-05-01,.,No value available
2003-05-02,0.44964,
2003-05-03,.,No value available
2003-05-04,.,No value available
2003-05-05,0.85875,
2003-05-06,0.86858,
2003-05-07,0.87588,
2003-05-08,0.07761,
2003-05-09,0.00010,
2003-05-10,.,No value available
2003-05-11,.,No value available
2003-05-12,0.89526,
2003-05-13,0.00010,
2003-05-14,1.00959,
2003-05-15,0.00010,
2003-05-16,0.00010,
2003-05-17,.,No value available
2003-05-18,.,No value available
2003-05-19,1.17947,
2003-05-20,0.00010,
2003-05-21,0.00010,
2003-05-22,1.97716,
2003-05-23,0.00010,
2003-05-24,.,No value available
2003-05-25,.,No value available
2003-05-26,0.61975,
2003-05-27,1.16857,
2003-05-28,0.11046,
2003-05-29,0.22257,
2003-05-30,0.00010,
2003-05-31,.,No value available
2003-06-01,.,No value available
2003-06-02,2.25033,
2003-06-03,2.14339,
2003-06-04,2.18301,
2003-06-05,2.21573,
2003-06-06,0.00074,
2003-06-07,.,No value available
2003-06-08,.,No value available
2003-06-09,0.00010,
2003-06-10,0.62931,
2003-06-11,1.78760,
2003-06-12,2.20933,
2003-06-13,0.60693,
2003-06-14,.,No value available
2003-06-15,.,No value available
2003-06-16,2.41890,
2003-06-17,1.03105,
2003-06-18,2.62522,
2003-06-19,1.07034,
2003-06-20,2.30730,
2003-06-21,.,No value available
2003-06-22,.,No value available
2003-06-23,1.00292,
2003-06-24,2.41200,
2003-06-25,2.36593,
2003-06-26,2.36709,
2003-06-27,2.44059,
2003-06-28,.,No value available
2003-06-29,.,No value available
2003-06-30,2.51704,
2003-07-01,2.39009,
2003-07-02,2.32238,
2003-07-03,0.91463,
2003-07-04,2.03211,
2003-07-05,.,No value available
2003-07-06,.,No value available
2003-07-07,2.48993,
2003-07-08,2.11947,
2003-07-09,2.32258,
2003-07-10,0.22168,
2003-07-11,2.36267,
2003-07-12,.,No value available
2003-07-13,.,No value available
2003-07-14,2.89842,
2003-07-15,2.97799,
2003-07-16,2.50629,
2003-07-17,2.85081,
2003-07-18,2.89549,
2003-07-19,.,No value available
2003-07-20,.,No value available
2003-07-21,2.82707,
2003-07-22,2.50651,
2003-07-23,2.37615,
2003-07-24,2.43005,
2003-07-25,2.42006,
2003-07-26,.,No value available
2003-07-27,.,No value available
2003-07-28,2.52996,
2003-07-29,2.18234,
2003-07-30,0.83296,
2003-07-31,2.45417,
2003-08-01,3.71436,
2003-08-02,.,No value available
2003-08-03,.,No value available
2003-08-04,0.43485,
2003-08-05,0.00010,
2003-08-06,7.22606,
2003-08-07,2.78985,
2003-08-08,2.56285,
2003-08-09,.,No value available
2003-08-10,.,No value available
2003-08-11,3.27265,
2003-08-12,5.21838,
2003-08-13,3.10193,
2003-08-14,1.76372,
2003-08-15,1.82850,
2003-08-16,.,No value available
2003-08-17,.,No value available
2003-08-18,0.00010,
2003-08-19,5.09182,
2003-08-20,1.04348,
2003-08-21,3.41655,
2003-08-22,3.70335,
2003-08-23,.,No value available
2003-08-24,.,No value available
2003-08-25,3.66192,
2003-08-26,3.48059,
2003-08-27,3.25335,
2003-08-28,3.82815,
2003-08-29,0.55949,
2003-08-30,.,No value available
2003-08-31,.,No value available
2003-09-01,0.63137,
2003-09-02,3.81056,
2003-09-03,8.38290,
2003-09-04,3.47136,
2003-09-05,6.52094,
2003-09-06,.,No value available
2003-09-07,.,No value available
2003-09-08,1.92242,
2003-09-09,1.83079,
2003-09-10,2.41602,
2003-09-11,2.47527,
2003-09-12,3.06622,
2003-09-13,.,No value available
2003-09-14,.,No value available
2003-09-15,2.37172,
2003-09-16,2.09979,
2003-09-17,2.02301,
2003-09-18,3.12557,
2003-09-19,2.81280,
2003-09-20,.,No value available
2003-09-21,.,No value available
2003-09-22,2.05331,
2003-09-23,2.32722,
2003-09-24,2.35168,
2003-09-25,1.95789,
2003-09-26,2.17348,
2003-09-27,.,No value available
2003-09-28,.,No value available
2003-09-29,2.20002,
2003-09-30,2.20910,
2003-10-01,5.05375,
2003-10-02,1.05783,
2003-10-03,2.90746,
2003-10-04,.,No value available
2003-10-05,.,No value available
2003-10-06,3.35671,
2003-10-07,1.41077,
2003-10-08,2.23037,
2003-10-09,1.98728,
2003-10-10,1.88191,
2003-10-11,.,No value available
2003-10-12,.,No value available
2003-10-13,2.81050,
2003-10-14,2.51849,
2003-10-15,1.23508,
2003-10-16,0.96510,
2003-10-17,2.57335,
2003-10-18,.,No value available
2003-10-19,.,No value available
2003-10-20,1.29559,
2003-10-21,0.03410,
2003-10-22,3.46677,
2003-10-23,3.76283,
2003-10-24,3.19524,
2003-10-25,.,No value available
2003-10-26,.,No value available
2003-10-27,4.11294,
2003-10-28,5.81640,
2003-10-29,2.95698,
2003-10-30,0.67326,
2003-10-31,0.59943,
2003-11-01,.,No value available
2003-11-02,.,No value available
2003-11-03,3.72054,
2003-11-04,2.65978,
2003-11-05,0.50348,
2003-11-06,8.09580,
2003-11-07,2.50954,
2003-11-08,.,No value available
2003-11-09,.,No value available
2003-11-10,2.78495,
2003-11-11,2.83295,
2003-11-12,2.42981,
2003-11-13,4.61872,
2003-11-14,0.02838,
2003-11-15,.,No value available
2003-11-16,.,No value available
2003-11-17,2.59301,
2003-11-18,2.58516,
2003-11-19,2.30853,
2003-11-20,2.35600,
2003-11-21,2.28846,
2003-11-22,.,No value available
2003-11-23,.,No value available
2003-11-24,2.92106,
2003-11-25,0.00010,
2003-11-26,6.75188,
2003-11-27,0.29671,
2003-11-28,1.50487,
2003-11-29,.,No value available
2003-11-30,.,No value available
2003-12-01,9.45764,
2003-12-02,2.71289,
2003-12-03,4.37648,
2003-12-04,4.55168,
2003-12-05,2.48287,
2003-12-06,.,No value available
2003-12-07,.,No value available
2003-12-08,0.00010,
2003-12-09,0.05193,
2003-12-10,4.15865,
2003-12-11,0.00010,
2003-12-12,0.00010,
2003-12-13,.,No value available
2003-12-14,.,No value available
2003-12-15,4.05291,
2003-12-16,2.42050,
2003-12-17,2.17851,
2003-12-18,1.80564,
2003-12-19,1.93763,
2003-12-20,.,No value available
2003-12-21,.,No value available
2003-12-22,1.70836,
2003-12-23,2.07514,
2003-12-24,.,No value available
2003-12-25,.,No value available
2003-12-26,.,No value available
2003-12-27,.,No value available
2003-12-28,.,No value available
2003-12-29,0.71782,
2003-12-30,2.38933,
2003-12-31,.,No value available
2004-01-01,.,No value available
2004-01-02,2.29067,
2004-01-03,.,No value available
2004-01-04,.,No value available
2004-01-05,1.66119,
2004-01-06,0.55004,
2004-01-07,1.05448,
2004-01-08,1.48084,
2004-01-09,1.96233,
2004-01-10,.,No value available
2004-01-11,.,No value available
2004-01-12,1.84711,
2004-01-13,1.82431,
2004-01-14,1.92395,
2004-01-15,1.45133,
2004-01-16,0.54621,
2004-01-17,.,No value available
2004-01-18,.,No value available
2004-01-19,0.63093,
2004-01-20,2.14135,
2004-01-21,0.70387,
2004-01-22,0.82098,
2004-01-23,0.62850,
2004-01-24,.,No value available
2004-01-25,.,No value available
2004-01-26,1.83038,
2004-01-27,1.48548,
2004-01-28,2.05300,
2004-01-29,0.90177,
2004-01-30,1.67291,
2004-01-31,.,No value available
2004-02-01,.,No value available
2004-02-02,1.55333,
2004-02-03,1.35497,
2004-02-04,1.77954,
2004-02-05,1.31618,
2004-02-06,1.18340,
2004-02-07,.,No value available
2004-02-08,.,No value available
2004-02-09,0.82343,
2004-02-10,1.30071,
2004-02-11,0.81637,
2004-02-12,1.29523,
2004-02-13,1.53349,
2004-02-14,.,No value available
2004-02-15,.,No value available
2004-02-16,0.01496,
2004-02-17,0.77475,
2004-02-18,1.75272,
2004-02-19,1.53608,
2004-02-20,1.73430,
2004-02-21,.,No value available
2004-02-22,.,No value available
2004-02-23,1.95661,
2004-02-24,1.99241,
2004-02-25,2.38358,
2004-02-26,1.01471,
2004-02-27,1.66716,
2004-02-28,.,No value available
2004-02-29,.,No value available
2004-03-01,1.12736,
2004-03-02,1.18699,
2004-03-03,1.98992,
2004-03-04,1.73905,
2004-03-05,0.08594,
2004-03-06,.,No value available
2004-03-07,.,No value available
2004-03-08,0.98584,
2004-03-09,1.85008,
2004-03-10,1.88688,
2004-03-11,0.99215,
2004-03-12,1.90634,
2004-03-13,.,No value available
2004-03-14,.,No value available
2004-03-15,1.19972,
2004-03-16,0.79916,
2004-03-17,1.12234,
2004-03-18,0.95808,
2004-03-19,1.44386,
2004-03-20,.,No value available
2004-03-21,.,No value available
2004-03-22,1.23444,
2004-03-23,1.00063,
2004-03-24,0.78301,
2004-03-25,0.00010,
2004-03-26,0.05431,
2004-03-27,.,No value available
2004-03-28,.,No value available
2004-03-29,0.10862,
2004-03-30,0.00010,
2004-03-31,1.80615,
2004-04-01,1.33484,
2004-04-02,0.00885,
2004-04-03,.,No value available
2004-04-04,.,No value available
2004-04-05,0.00015,
2004-04-06,0.66994,
2004-04-07,0.78984,
2004-04-08,0.81259,
2004-04-09,.,No value available
2004-04-10,.,No value available
2004-04-11,.,No value available
2004-04-12,.,No value available
2004-04-13,0.00010,
2004-04-14,0.00020,
2004-04-15,1.95398,
2004-04-16,1.82847,
2004-04-17,.,No value available
2004-04-18,.,No value available
2004-04-19,0.97172,
2004-04-20,2.17063,
2004-04-21,0.91754,
2004-04-22,2.11947,
2004-04-23,1.58318,
2004-04-24,.,No value available
2004-04-25,.,No value available
2004-04-26,2.01346,
2004-04-27,2.35911,
2004-04-28,2.03024,
2004-04-29,1.95875,
2004-04-30,0.68261,
2004-05-01,.,No value available
2004-05-02,.,No value available
2004-05-03,1.15193,
2004-05-04,1.26813,
2004-05-05,1.90052,
2004-05-06,0.91804,
2004-05-07,1.96618,
2004-05-08,.,No value available
2004-05-09,.,No value available
2004-05-10,2.39978,
2004-05-11,1.49555,
2004-05-12,2.31172,
2004-05-13,2.50062,
2004-05-14,1.46569,
2004-05-15,.,No value available
2004-05-16,.,No value available
2004-05-17,2.11476,
2004-05-18,1.65018,
2004-05-19,3.79412,
2004-05-20,0.95196,
2004-05-21,4.43507,
2004-05-22,.,No value available
2004-05-23,.,No value available
2004-05-24,0.00010,
2004-05-25,3.76317,
2004-05-26,1.85813,
2004-05-27,1.95979,
2004-05-28,2.13538,
2004-05-29,.,No value available
2004-05-30,.,No value available
2004-05-31,2.23815,
2004-06-01,2.72929,
2004-06-02,3.24096,
2004-06-03,3.82827,
2004-06-04,2.26407,
2004-06-05,.,No value available
2004-06-06,.,No value available
2004-06-07,3.11753,
2004-06-08,7.73523,
2004-06-09,3.49480,
2004-06-10,2.28529,
2004-06-11,0.00010,
2004-06-12,.,No value available
2004-06-13,.,No value available
2004-06-14,0.00457,
2004-06-15,0.00146,
2004-06-16,1.73523,
2004-06-17,0.00010,
2004-06-18,1.40295,
2004-06-19,.,No value available
2004-06-20,.,No value available
2004-06-21,0.00010,
2004-06-22,2.21639,
2004-06-23,1.97122,
2004-06-24,3.66979,
2004-06-25,0.65830,
2004-06-26,.,No value available
2004-06-27,.,No value available
2004-06-28,4.66575,
2004-06-29,2.48290,
2004-06-30,3.74085,
2004-07-01,1.96893,
2004-07-02,0.04186,
2004-07-03,.,No value available
2004-07-04,.,No value available
2004-07-05,2.61385,
2004-07-06,2.51218,
2004-07-07,4.22096,
2004-07-08,4.06068,
2004-07-09,3.18082,
2004-07-10,.,No value available
2004-07-11,.,No value available
2004-07-12,3.79785,
2004-07-13,0.06267,
2004-07-14,0.00010,
2004-07-15,0.02895,
2004-07-16,0.01284,
2004-07-17,.,No value available
2004-07-18,.,No value available
2004-07-19,3.96877,
2004-07-20,3.97809,
2004-07-21,0.00010,
2004-07-22,0.47741,
2004-07-23,0.02365,
2004-07-24,.,No value available
2004-07-25,.,No value available
2004-07-26,5.49735,
2004-07-27,3.45896,
2004-07-28,4.39636,
2004-07-29,3.62460,
2004-07-30,5.30721,
2004-07-31,.,No value available
2004-08-01,.,No value available
2004-08-02,0.67729,
2004-08-03,0.00010,
2004-08-04,0.82016,
2004-08-05,9.74241,
2004-08-06,12.93202,
2004-08-07,.,No value available
2004-08-08,.,No value available
2004-08-09,0.74738,
2004-08-10,2.04828,
2004-08-11,1.99577,
2004-08-12,1.98266,
2004-08-13,1.99285,
2004-08-14,.,No value available
2004-08-15,.,No value available
2004-08-16,2.03258,
2004-08-17,4.17237,
2004-08-18,2.91641,
2004-08-19,2.16167,
2004-08-20,2.20469,
2004-08-21,.,No value available
2004-08-22,.,No value available
2004-08-23,2.67893,
2004-08-24,6.39083,
2004-08-25,2.50248,
2004-08-26,3.28502,
2004-08-27,3.04561,
2004-08-28,.,No value available
2004-08-29,.,No value available
2004-08-30,4.71270,
2004-08-31,4.63942,
2004-09-01,2.68731,
2004-09-02,1.12752,
2004-09-03,9.73586,
2004-09-04,.,No value available
2004-09-05,.,No value available
2004-09-06,5.39243,
2004-09-07,5.37075,
2004-09-08,1.39371,
2004-09-09,4.59874,
2004-09-10,3.84500,
2004-09-11,.,No value available
2004-09-12,.,No value available
2004-09-13,0.98072,
2004-09-14,7.28124,
2004-09-15,2.53479,
2004-09-16,0.30996,
2004-09-17,3.47550,
2004-09-18,.,No value available
2004-09-19,.,No value available
2004-09-20,2.09821,
2004-09-21,3.02274,
2004-09-22,3.00637,
2004-09-23,2.07581,
2004-09-24,1.47757,
2004-09-25,.,No value available
2004-09-26,.,No value available
2004-09-27,0.06250,
2004-09-28,2.39298,
2004-09-29,3.08915,
2004-09-30,0.28123,
2004-10-01,2.75717,
2004-10-02,.,No value available
2004-10-03,.,No value available
2004-10-04,3.17606,
2004-10-05,2.85534,
2004-10-06,3.08066,
2004-10-07,3.82182,
2004-10-08,4.12846,
2004-10-09,.,No value available
2004-10-10,.,No value available
2004-10-11,4.98736,
2004-10-12,2.22135,
2004-10-13,5.17464,
2004-10-14,2.97192,
2004-10-15,2.92296,
2004-10-16,.,No value available
2004-10-17,.,No value available
2004-10-18,2.75333,
2004-10-19,2.75329,
2004-10-20,2.17882,
2004-10-21,2.58495,
2004-10-22,2.25018,
2004-10-23,.,No value available
2004-10-24,.,No value available
2004-10-25,2.21221,
2004-10-26,2.69355,
2004-10-27,2.18523,
2004-10-28,3.01580,
2004-10-29,2.87206,
2004-10-30,.,No value available
2004-10-31,.,No value available
2004-11-01,2.53443,
2004-11-02,2.78195,
2004-11-03,2.81089,
2004-11-04,2.16693,
2004-11-05,2.29271,
2004-11-06,.,No value available
2004-11-07,.,No value available
2004-11-08,1.72411,
2004-11-09,4.39273,
2004-11-10,4.36173,
2004-11-11,2.20914,
2004-11-12,2.03969,
2004-11-13,.,No value available
2004-11-14,.,No value available
2004-11-15,2.00284,
2004-11-16,2.17105,
2004-11-17,2.55665,
2004-11-18,2.04672,
2004-11-19,3.06620,
2004-11-20,.,No value available
2004-11-21,.,No value available
2004-11-22,2.42521,
2004-11-23,1.97424,
2004-11-24,2.16844,
2004-11-25,2.02486,
2004-11-26,2.40903,
2004-11-27,.,No value available
2004-11-28,.,No value available
2004-11-29,2.44856,
2004-11-30,2.07723,
2004-12-01,2.39755,
2004-12-02,2.02486,
2004-12-03,2.04516,
2004-12-04,.,No value available
2004-12-05,.,No value available
2004-12-06,2.00108,
2004-12-07,2.36211,
2004-12-08,2.31187,
2004-12-09,2.11102,
2004-12-10,2.74422,
2004-12-11,.,No value available
2004-12-12,.,No value available
2004-12-13,2.23828,
2004-12-14,2.80059,
2004-12-15,3.24608,
2004-12-16,2.98341,
2004-12-17,4.29143,
2004-12-18,.,No value available
2004-12-19,.,No value available
2004-12-20,4.36152,
2004-12-21,4.27947,
2004-12-22,2.07536,
2004-12-23,3.77894,
2004-12-24,.,No value available
2004-12-25,.,No value available
2004-12-26,.,No value available
2004-12-27,2.95774,
2004-12-28,3.77453,
2004-12-29,8.78664,
2004-12-30,7.50765,
2004-12-31,.,No value available
2005-01-01,.,No value available
2005-01-02,.,No value available
2005-01-03,3.72530,
2005-01-04,0.00010,
2005-01-05,4.16928,
2005-01-06,11.73980,
2005-01-07,3.35051,
2005-01-08,.,No value available
2005-01-09,.,No value available
2005-01-10,3.27883,
2005-01-11,3.57353,
2005-01-12,6.51782,
2005-01-13,3.68716,
2005-01-14,3.24127,
2005-01-15,.,No value available
2005-01-16,.,No value available
2005-01-17,3.67681,
2005-01-18,4.26403,
2005-01-19,6.16348,
2005-01-20,4.37216,
2005-01-21,2.91904,
2005-01-22,.,No value available
2005-01-23,.,No value available
2005-01-24,2.53497,
2005-01-25,0.00010,
2005-01-26,2.38267,
2005-01-27,2.15592,
2005-01-28,2.31615,
2005-01-29,.,No value available
2005-01-30,.,No value available
2005-01-31,2.79729,
2005-02-01,2.03577,
2005-02-02,2.12321,
2005-02-03,2.19798,
2005-02-04,2.88320,
2005-02-05,.,No value available
2005-02-06,.,No value available
2005-02-07,2.49285,
2005-02-08,3.35564,
2005-02-09,1.83416,
2005-02-10,1.87525,
2005-02-11,1.87673,
2005-02-12,.,No value available
2005-02-13,.,No value available
2005-02-14,2.25815,
2005-02-15,3.17121,
2005-02-16,3.75539,
2005-02-17,2.80196,
2005-02-18,2.97996,
2005-02-19,.,No value available
2005-02-20,.,No value available
2005-02-21,3.08700,
2005-02-22,2.05793,
2005-02-23,4.68862,
2005-02-24,2.05944,
2005-02-25,2.25362,
2005-02-26,.,No value available
2005-02-27,.,No value available
2005-02-28,1.93996,
2005-03-01,2.74392,
2005-03-02,1.66329,
2005-03-03,2.51549,
2005-03-04,1.95766,
2005-03-05,.,No value available
2005-03-06,.,No value available
2005-03-07,2.48262,
2005-03-08,2.48450,
2005-03-09,2.39524,
2005-03-10,1.96259,
2005-03-11,3.25049,
2005-03-12,.,No value available
2005-03-13,.,No value available
2005-03-14,3.25097,
2005-03-15,3.23635,
2005-03-16,2.98147,
2005-03-17,3.48457,
2005-03-18,10.40721,
2005-03-19,.,No value available
2005-03-20,.,No value available
2005-03-21,3.61418,
2005-03-22,2.68049,
2005-03-23,0.00010,
2005-03-24,0.00010,
2005-03-25,.,No value available
2005-03-26,.,No value available
2005-03-27,.,No value available
2005-03-28,.,No value available
2005-03-29,0.66380,
2005-03-30,0.01002,
2005-03-31,0.00010,
2005-04-01,3.12227,
2005-04-02,.,No value available
2005-04-03,.,No value available
2005-04-04,2.98484,
2005-04-05,2.56794,
2005-04-06,2.31484,
2005-04-07,17.60601,
2005-04-08,2.88189,
2005-04-09,.,No value available
2005-04-10,.,No value available
2005-04-11,2.47478,
2005-04-12,2.62592,
2005-04-13,2.54143,
2005-04-14,2.43608,
2005-04-15,0.42347,
2005-04-16,.,No value available
2005-04-17,.,No value available
2005-04-18,3.88356,
2005-04-19,1.82082,
2005-04-20,4.00993,
2005-04-21,4.39962,
2005-04-22,0.71555,
2005-04-23,.,No value available
2005-04-24,.,No value available
2005-04-25,4.25074,
2005-04-26,4.36730,
2005-04-27,4.39550,
2005-04-28,0.00010,
2005-04-29,0.62080,
2005-04-30,.,No value available
2005-05-01,.,No value available
2005-05-02,2.78304,
2005-05-03,2.69958,
2005-05-04,2.81843,
2005-05-05,4.00067,
2005-05-06,2.72465,
2005-05-07,.,No value available
2005-05-08,.,No value available
2005-05-09,2.41111,
2005-05-10,2.41230,
2005-05-11,2.28396,
2005-05-12,3.34144,
2005-05-13,3.53605,
2005-05-14,.,No value available
2005-05-15,.,No value available
2005-05-16,3.32813,
2005-05-17,3.36747,
2005-05-18,3.46125,
2005-05-19,2.74333,
2005-05-20,1.58105,
2005-05-21,.,No value available
2005-05-22,.,No value available
2005-05-23,2.74389,
2005-05-24,1.24672,
2005-05-25,3.16724,
2005-05-26,3.10123,
2005-05-27,2.79113,
2005-05-28,.,No value available
2005-05-29,.,No value available
2005-05-30,2.33345,
2005-05-31,3.38578,
2005-06-01,2.38889,
2005-06-02,2.24168,
2005-06-03,2.91833,
2005-06-04,.,No value available
2005-06-05,.,No value available
2005-06-06,2.56319,
2005-06-07,2.40485,
2005-06-08,1.99326,
2005-06-09,2.02301,
2005-06-10,2.43972,
2005-06-11,.,No value available
2005-06-12,.,No value available
2005-06-13,2.00008,
2005-06-14,2.13801,
2005-06-15,2.79979,
2005-06-16,2.49685,
2005-06-17,1.61796,
2005-06-18,.,No value available
2005-06-19,.,No value available
2005-06-20,1.82795,
2005-06-21,2.07694,
2005-06-22,1.67310,
2005-06-23,1.72368,
2005-06-24,1.85774,
2005-06-25,.,No value available
2005-06-26,.,No value available
2005-06-27,1.80886,
2005-06-28,1.87247,
2005-06-29,1.92595,
2005-06-30,1.99542,
2005-07-01,2.01730,
2005-07-02,.,No value available
2005-07-03,.,No value available
2005-07-04,1.10371,
2005-07-05,2.90177,
2005-07-06,2.80534,
2005-07-07,2.04995,
2005-07-08,2.65317,
2005-07-09,.,No value available
2005-07-10,.,No value available
2005-07-11,2.89533,
2005-07-12,3.00845,
2005-07-13,2.32628,
2005-07-14,3.43019,
2005-07-15,3.46096,
2005-07-16,.,No value available
2005-07-17,.,No value available
2005-07-18,3.17465,
2005-07-19,3.32918,
2005-07-20,3.20589,
2005-07-21,2.43558,
2005-07-22,3.04344,
2005-07-23,.,No value available
2005-07-24,.,No value available
2005-07-25,2.83912,
2005-07-26,3.04024,
2005-07-27,3.12471,
2005-07-28,3.51383,
2005-07-29,3.55984,
2005-07-30,.,No value available
2005-07-31,.,No value available
2005-08-01,3.18415,
2005-08-02,3.06506,
2005-08-03,2.77318,
2005-08-04,4.33121,
2005-08-05,2.97794,
2005-08-06,.,No value available
2005-08-07,.,No value available
2005-08-08,3.69920,
2005-08-09,2.92860,
2005-08-10,2.99713,
2005-08-11,2.92922,
2005-08-12,2.14928,
2005-08-13,.,No value available
2005-08-14,.,No value available
2005-08-15,1.72698,
2005-08-16,1.43909,
2005-08-17,3.25041,
2005-08-18,3.03148,
2005-08-19,3.28780,
2005-08-20,.,No value available
2005-08-21,.,No value available
2005-08-22,3.56798,
2005-08-23,11.56575,
2005-08-24,1.39422,
2005-08-25,2.82145,
2005-08-26,1.77100,
2005-08-27,.,No value available
2005-08-28,.,No value available
2005-08-29,1.52966,
2005-08-30,2.30718,
2005-08-31,6.45888,
2005-09-01,2.84581,
2005-09-02,2.78878,
2005-09-03,.,No value available
2005-09-04,.,No value available
2005-09-05,2.49164,
2005-09-06,0.71709,
2005-09-07,2.59253,
2005-09-08,2.20119,
2005-09-09,3.72009,
2005-09-10,.,No value available
2005-09-11,.,No value available
2005-09-12,1.70168,
2005-09-13,1.29121,
2005-09-14,1.74205,
2005-09-15,2.72244,
2005-09-16,1.04866,
2005-09-17,.,No value available
2005-09-18,.,No value available
2005-09-19,2.56078,
2005-09-20,0.09376,
2005-09-21,0.04439,
2005-09-22,3.14679,
2005-09-23,2.21024,
2005-09-24,.,No value available
2005-09-25,.,No value available
2005-09-26,0.00010,
2005-09-27,2.12367,
2005-09-28,2.26899,
2005-09-29,3.71946,
2005-09-30,5.03099,
2005-10-01,.,No value available
2005-10-02,.,No value available
2005-10-03,3.88350,
2005-10-04,3.78607,
2005-10-05,3.59757,
2005-10-06,4.07216,
2005-10-07,1.13910,
2005-10-08,.,No value available
2005-10-09,.,No value available
2005-10-10,23.88612,
2005-10-11,0.94518,
2005-10-12,0.73333,
2005-10-13,0.84120,
2005-10-14,1.12327,
2005-10-15,.,No value available
2005-10-16,.,No value available
2005-10-17,4.63663,
2005-10-18,4.90041,
2005-10-19,0.00010,
2005-10-20,0.80063,
2005-10-21,3.82914,
2005-10-22,.,No value available
2005-10-23,.,No value available
2005-10-24,14.61396,
2005-10-25,3.63087,
2005-10-26,3.54239,
2005-10-27,3.48773,
2005-10-28,3.57313,
2005-10-29,.,No value available
2005-10-30,.,No value available
2005-10-31,3.54189,
2005-11-01,3.52659,
2005-11-02,3.40599,
2005-11-03,3.36571,
2005-11-04,3.34124,
2005-11-05,.,No value available
2005-11-06,.,No value available
2005-11-07,1.84921,
2005-11-08,1.72535,
2005-11-09,2.07080,
2005-11-10,1.66318,
2005-11-11,2.59979,
2005-11-12,.,No value available
2005-11-13,.,No value available
2005-11-14,2.08701,
2005-11-15,1.68780,
2005-11-16,3.48243,
2005-11-17,3.49867,
2005-11-18,3.42985,
2005-11-19,.,No value available
2005-11-20,.,No value available
2005-11-21,1.80154,
2005-11-22,1.95620,
2005-11-23,3.51220,
2005-11-24,1.04788,
2005-11-25,7.46301,
2005-11-26,.,No value available
2005-11-27,.,No value available
2005-11-28,0.70400,
2005-11-29,0.00885,
2005-11-30,0.06756,
2005-12-01,2.44535,
2005-12-02,0.18748,
2005-12-03,.,No value available
2005-12-04,.,No value available
2005-12-05,0.05912,
2005-12-06,0.96858,
2005-12-07,0.53788,
2005-12-08,0.00010,
2005-12-09,3.40172,
2005-12-10,.,No value available
2005-12-11,.,No value available
2005-12-12,2.07738,
2005-12-13,2.24602,
2005-12-14,2.21564,
2005-12-15,1.68524,
2005-12-16,1.65604,
2005-12-17,.,No value available
2005-12-18,.,No value available
2005-12-19,2.45120,
2005-12-20,2.08972,
2005-12-21,2.24705,
2005-12-22,2.89652,
2005-12-23,2.84305,
2005-12-24,.,No value available
2005-12-25,.,No value available
2005-12-26,.,No value available
2005-12-27,2.15666,
2005-12-28,2.25837,
2005-12-29,2.82471,
2005-12-30,0.15000,
2005-12-31,.,No value available
2006-01-01,.,No value available
2006-01-02,0.10907,
2006-01-03,0.85863,
2006-01-04,2.17749,
2006-01-05,2.81095,
2006-01-06,2.08250,
2006-01-07,.,No value available
2006-01-08,.,No value available
2006-01-09,1.86857,
2006-01-10,2.88494,
2006-01-11,0.43590,
2006-01-12,0.10093,
2006-01-13,2.86053,
2006-01-14,.,No value available
2006-01-15,.,No value available
2006-01-16,2.10166,
2006-01-17,2.12488,
2006-01-18,2.09968,
2006-01-19,2.19381,
2006-01-20,0.78522,
2006-01-21,.,No value available
2006-01-22,.,No value available
2006-01-23,2.19134,
2006-01-24,2.22419,
2006-01-25,2.24908,
2006-01-26,2.17782,
2006-01-27,2.21444,
2006-01-28,.,No value available
2006-01-29,.,No value available
2006-01-30,2.21617,
2006-01-31,2.48733,
2006-02-01,2.19061,
2006-02-02,2.04411,
2006-02-03,1.86439,
2006-02-04,.,No value available
2006-02-05,.,No value available
2006-02-06,2.73196,
2006-02-07,2.14597,
2006-02-08,1.96666,
2006-02-09,1.93753,
2006-02-10,2.04767,
2006-02-11,.,No value available
2006-02-12,.,No value available
2006-02-13,1.98968,
2006-02-14,1.98968,
2006-02-15,2.05942,
2006-02-16,2.16727,
2006-02-17,2.11225,
2006-02-18,.,No value available
2006-02-19,.,No value available
2006-02-20,2.49205,
2006-02-21,2.14021,
2006-02-22,2.52186,
2006-02-23,2.02523,
2006-02-24,2.24356,
2006-02-25,.,No value available
2006-02-26,.,No value available
2006-02-27,2.22970,
2006-02-28,2.21845,
2006-03-01,2.21845,
2006-03-02,1.90160,
2006-03-03,1.98517,
2006-03-04,.,No value available
2006-03-05,.,No value available
2006-03-06,1.98517,
2006-03-07,1.93319,
2006-03-08,2.04154,
2006-03-09,2.11366,
2006-03-10,2.12708,
2006-03-11,.,No value available
2006-03-12,.,No value available
2006-03-13,2.32974,
2006-03-14,2.11665,
2006-03-15,2.15992,
2006-03-16,2.27161,
2006-03-17,2.26020,
2006-03-18,.,No value available
2006-03-19,.,No value available
2006-03-20,2.15531,
2006-03-21,2.05705,
2006-03-22,2.01897,
2006-03-23,2.13127,
2006-03-24,2.06804,
2006-03-25,.,No value available
2006-03-26,.,No value available
2006-03-27,2.04830,
2006-03-28,2.07105,
2006-03-29,2.06866,
2006-03-30,2.01832,
2006-03-31,2.01832,
2006-04-01,.,No value available
2006-04-02,.,No value available
2006-04-03,1.92806,
2006-04-04,1.76729,
2006-04-05,1.82233,
2006-04-06,1.92530,
2006-04-07,2.07213,
2006-04-08,.,No value available
2006-04-09,.,No value available
2006-04-10,2.15698,
2006-04-11,2.06789,
2006-04-12,1.90776,
2006-04-13,2.15181,
2006-04-14,.,No value available
2006-04-15,.,No value available
2006-04-16,.,No value available
2006-04-17,.,No value available
2006-04-18,1.85721,
2006-04-19,1.88382,
2006-04-20,1.80919,
2006-04-21,1.89574,
2006-04-22,.,No value available
2006-04-23,.,No value available
2006-04-24,1.91267,
2006-04-25,2.00943,
2006-04-26,1.99573,
2006-04-27,1.85313,
2006-04-28,1.82524,
2006-04-29,.,No value available
2006-04-30,.,No value available
2006-05-01,.,No value available
2006-05-02,1.75384,
2006-05-03,1.75384,
2006-05-04,1.56131,
2006-05-05,1.74589,
2006-05-06,.,No value available
2006-05-07,.,No value available
2006-05-08,1.84112,
2006-05-09,1.76197,
2006-05-10,1.65962,
2006-05-11,1.55626,
2006-05-12,1.58643,
2006-05-13,.,No value available
2006-05-14,.,No value available
2006-05-15,1.64870,
2006-05-16,1.57913,
2006-05-17,1.60585,
2006-05-18,1.83267,
2006-05-19,1.75871,
2006-05-20,.,No value available
2006-05-21,.,No value available
2006-05-22,1.86981,
2006-05-23,1.91306,
2006-05-24,1.81752,
2006-05-25,1.91481,
2006-05-26,1.95660,
2006-05-27,.,No value available
2006-05-28,.,No value available
2006-05-29,1.97459,
2006-05-30,2.03094,
2006-05-31,2.03539,
2006-06-01,1.88639,
2006-06-02,1.93913,
2006-06-03,.,No value available
2006-06-04,.,No value available
2006-06-05,2.00045,
2006-06-06,1.96658,
2006-06-07,1.97421,
2006-06-08,1.98775,
2006-06-09,1.87317,
2006-06-10,.,No value available
2006-06-11,.,No value available
2006-06-12,1.91476,
2006-06-13,1.90595,
2006-06-14,1.98018,
2006-06-15,1.98786,
2006-06-16,0.09170,
2006-06-17,.,No value available
2006-06-18,.,No value available
2006-06-19,0.09121,
2006-06-20,2.00319,
2006-06-21,2.05634,
2006-06-22,2.00633,
2006-06-23,2.03031,
2006-06-24,.,No value available
2006-06-25,.,No value available
2006-06-26,2.05600,
2006-06-27,2.02389,
2006-06-28,1.98992,
2006-06-29,1.90737,
2006-06-30,1.89480,
2006-07-01,.,No value available
2006-07-02,.,No value available
2006-07-03,1.90845,
2006-07-04,1.90845,
2006-07-05,1.88104,
2006-07-06,1.84124,
2006-07-07,1.91814,
2006-07-08,.,No value available
2006-07-09,.,No value available
2006-07-10,1.97531,
2006-07-11,1.97541,
2006-07-12,2.00926,
2006-07-13,2.00855,
2006-07-14,2.03640,
2006-07-15,.,No value available
2006-07-16,.,No value available
2006-07-17,2.02995,
2006-07-18,2.11431,
2006-07-19,2.24624,
2006-07-20,2.09207,
2006-07-21,2.11228,
2006-07-22,.,No value available
2006-07-23,.,No value available
2006-07-24,2.13021,
2006-07-25,2.11095,
2006-07-26,2.19878,
2006-07-27,2.18233,
2006-07-28,2.21473,
2006-07-29,.,No value available
2006-07-30,.,No value available
2006-07-31,2.20682,
2006-08-01,2.12329,
2006-08-02,2.04993,
2006-08-03,2.08718,
2006-08-04,2.17527,
2006-08-05,.,No value available
2006-08-06,.,No value available
2006-08-07,2.11020,
2006-08-08,2.03308,
2006-08-09,2.14757,
2006-08-10,2.09105,
2006-08-11,2.18791,
2006-08-12,.,No value available
2006-08-13,.,No value available
2006-08-14,2.16216,
2006-08-15,2.16216,
2006-08-16,2.24865,
2006-08-17,2.29270,
2006-08-18,2.30188,
2006-08-19,.,No value available
2006-08-20,.,No value available
2006-08-21,2.28620,
2006-08-22,2.14025,
2006-08-23,2.14025,
2006-08-24,2.08738,
2006-08-25,2.06908,
2006-08-26,.,No value available
2006-08-27,.,No value available
2006-08-28,2.08703,
2006-08-29,2.09179,
2006-08-30,2.10005,
2006-08-31,2.11196,
2006-09-01,2.14398,
2006-09-02,.,No value available
2006-09-03,.,No value available
2006-09-04,2.17225,
2006-09-05,2.16774,
2006-09-06,2.23701,
2006-09-07,2.19894,
2006-09-08,2.31967,
2006-09-09,.,No value available
2006-09-10,.,No value available
2006-09-11,2.37370,
2006-09-12,2.38960,
2006-09-13,2.38368,
2006-09-14,2.44765,
2006-09-15,2.36647,
2006-09-16,.,No value available
2006-09-17,.,No value available
2006-09-18,2.48556,
2006-09-19,2.46496,
2006-09-20,2.39728,
2006-09-21,2.42168,
2006-09-22,2.27972,
2006-09-23,.,No value available
2006-09-24,.,No value available
2006-09-25,2.05543,
2006-09-26,2.09085,
2006-09-27,2.10109,
2006-09-28,2.17148,
2006-09-29,2.21417,
2006-09-30,.,No value available
2006-10-01,.,No value available
2006-10-02,2.21166,
2006-10-03,2.26038,
2006-10-04,2.26235,
2006-10-05,2.18628,
2006-10-06,2.12008,
2006-10-07,.,No value available
2006-10-08,.,No value available
2006-10-09,2.15135,
2006-10-10,2.09112,
2006-10-11,2.15699,
2006-10-12,2.12401,
2006-10-13,2.05870,
2006-10-14,.,No value available
2006-10-15,.,No value available
2006-10-16,1.98608,
2006-10-17,1.97383,
2006-10-18,0.50934,
2006-10-19,0.50415,
2006-10-20,0.50474,
2006-10-21,.,No value available
2006-10-22,.,No value available
2006-10-23,0.54098,
2006-10-24,0.55570,
2006-10-25,0.54407,
2006-10-26,1.99033,
2006-10-27,1.97341,
2006-10-28,.,No value available
2006-10-29,.,No value available
2006-10-30,2.16286,
2006-10-31,2.12804,
2006-11-01,1.97846,
2006-11-02,2.14083,
2006-11-03,1.92786,
2006-11-04,.,No value available
2006-11-05,.,No value available
2006-11-06,2.19945,
2006-11-07,2.31188,
2006-11-08,2.30595,
2006-11-09,2.51022,
2006-11-10,2.31788,
2006-11-11,.,No value available
2006-11-12,.,No value available
2006-11-13,2.38089,
2006-11-14,2.28631,
2006-11-15,2.47378,
2006-11-16,2.41408,
2006-11-17,2.43508,
2006-11-18,.,No value available
2006-11-19,.,No value available
2006-11-20,2.34770,
2006-11-21,2.27541,
2006-11-22,2.32948,
2006-11-23,2.34083,
2006-11-24,2.42550,
2006-11-25,.,No value available
2006-11-26,.,No value available
2006-11-27,2.35822,
2006-11-28,2.25280,
2006-11-29,2.37861,
2006-11-30,2.40972,
2006-12-01,2.45065,
2006-12-02,.,No value available
2006-12-03,.,No value available
2006-12-04,2.12473,
2006-12-05,2.27092,
2006-12-06,2.52129,
2006-12-07,2.52129,
2006-12-08,2.52244,
2006-12-09,.,No value available
2006-12-10,.,No value available
2006-12-11,2.61487,
2006-12-12,2.59701,
2006-12-13,2.81683,
2006-12-14,2.90030,
2006-12-15,2.73329,
2006-12-16,.,No value available
2006-12-17,.,No value available
2006-12-18,2.59907,
2006-12-19,2.55961,
2006-12-20,2.39471,
2006-12-21,2.46442,
2006-12-22,2.50504,
2006-12-23,.,No value available
2006-12-24,.,No value available
2006-12-25,.,No value available
2006-12-26,.,No value available
2006-12-27,2.71803,
2006-12-28,2.49160,
2006-12-29,2.49160,
2006-12-30,.,No value available
2006-12-31,.,No value available
2007-01-01,.,No value available
2007-01-02,2.40629,
2007-01-03,2.27654,
2007-01-04,2.27654,
2007-01-05,2.25585,
2007-01-06,.,No value available
2007-01-07,.,No value available
2007-01-08,2.14108,
2007-01-09,2.14108,
2007-01-10,2.29214,
2007-01-11,2.24756,
2007-01-12,2.06957,
2007-01-13,.,No value available
2007-01-14,.,No value available
2007-01-15,1.98563,
2007-01-16,2.25635,
2007-01-17,2.16578,
2007-01-18,2.17192,
2007-01-19,2.10384,
2007-01-20,.,No value available
2007-01-21,.,No value available
2007-01-22,2.06525,
2007-01-23,2.03750,
2007-01-24,2.14300,
2007-01-25,2.00146,
2007-01-26,1.94588,
2007-01-27,.,No value available
2007-01-28,.,No value available
2007-01-29,1.94177,
2007-01-30,1.99860,
2007-01-31,2.06231,
2007-02-01,1.90627,
2007-02-02,1.92897,
2007-02-03,.,No value available
2007-02-04,.,No value available
2007-02-05,2.11834,
2007-02-06,2.02966,
2007-02-07,2.07422,
2007-02-08,2.02159,
2007-02-09,1.97794,
2007-02-10,.,No value available
2007-02-11,.,No value available
2007-02-12,1.81376,
2007-02-13,1.91622,
2007-02-14,1.94712,
2007-02-15,1.97233,
2007-02-16,2.03493,
2007-02-17,.,No value available
2007-02-18,.,No value available
2007-02-19,2.09658,
2007-02-20,2.02161,
2007-02-21,2.07285,
2007-02-22,2.06785,
2007-02-23,2.06785,
2007-02-24,.,No value available
2007-02-25,.,No value available
2007-02-26,2.10317,
2007-02-27,2.22527,
2007-02-28,2.06000,
2007-03-01,2.10002,
2007-03-02,2.11819,
2007-03-03,.,No value available
2007-03-04,.,No value available
2007-03-05,2.16242,
2007-03-06,2.29094,
2007-03-07,2.38574,
2007-03-08,2.41039,
2007-03-09,2.47465,
2007-03-10,.,No value available
2007-03-11,.,No value available
2007-03-12,2.55745,
2007-03-13,2.52100,
2007-03-14,2.60623,
2007-03-15,2.66393,
2007-03-16,2.70517,
2007-03-17,.,No value available
2007-03-18,.,No value available
2007-03-19,2.87139,
2007-03-20,2.87139,
2007-03-21,2.95636,
2007-03-22,2.84193,
2007-03-23,2.81495,
2007-03-24,.,No value available
2007-03-25,.,No value available
2007-03-26,2.79448,
2007-03-27,2.86074,
2007-03-28,2.81180,
2007-03-29,2.77719,
2007-03-30,2.89430,
2007-03-31,.,No value available
2007-04-01,.,No value available
2007-04-02,2.98757,
2007-04-03,2.98209,
2007-04-04,2.77650,
2007-04-05,2.83505,
2007-04-06,.,No value available
2007-04-07,.,No value available
2007-04-08,.,No value available
2007-04-09,.,No value available
2007-04-10,2.73988,
2007-04-11,2.80266,
2007-04-12,2.83203,
2007-04-13,2.85185,
2007-04-14,.,No value available
2007-04-15,.,No value available
2007-04-16,2.76984,
2007-04-17,2.80386,
2007-04-18,2.93032,
2007-04-19,2.93264,
2007-04-20,2.84229,
2007-04-21,.,No value available
2007-04-22,.,No value available
2007-04-23,2.81022,
2007-04-24,2.77326,
2007-04-25,2.78849,
2007-04-26,2.73283,
2007-04-27,2.79915,
2007-04-28,.,No value available
2007-04-29,.,No value available
2007-04-30,2.79915,
2007-05-01,.,No value available
2007-05-02,2.86968,
2007-05-03,2.85910,
2007-05-04,2.85910,
2007-05-05,.,No value available
2007-05-06,.,No value available
2007-05-07,2.95427,
2007-05-08,2.97942,
2007-05-09,2.97942,
2007-05-10,2.93425,
2007-05-11,2.79488,
2007-05-12,.,No value available
2007-05-13,.,No value available
2007-05-14,2.93964,
2007-05-15,2.84967,
2007-05-16,2.88850,
2007-05-17,2.91528,
2007-05-18,2.91906,
2007-05-19,.,No value available
2007-05-20,.,No value available
2007-05-21,2.91906,
2007-05-22,2.97819,
2007-05-23,3.05879,
2007-05-24,2.90772,
2007-05-25,2.12943,
2007-05-26,.,No value available
2007-05-27,.,No value available
2007-05-28,.,No value available
2007-05-29,3.27224,
2007-05-30,3.27224,
2007-05-31,3.38901,
2007-06-01,3.32250,
2007-06-02,.,No value available
2007-06-03,.,No value available
2007-06-04,5.26931,
2007-06-05,3.35304,
2007-06-06,3.43755,
2007-06-07,3.15827,
2007-06-08,2.88701,
2007-06-09,.,No value available
2007-06-10,.,No value available
2007-06-11,2.95589,
2007-06-12,3.10800,
2007-06-13,3.31901,
2007-06-14,3.21650,
2007-06-15,3.30380,
2007-06-16,.,No value available
2007-06-17,.,No value available
2007-06-18,3.30822,
2007-06-19,3.14795,
2007-06-20,3.34576,
2007-06-21,3.24380,
2007-06-22,2.79571,
2007-06-23,.,No value available
2007-06-24,.,No value available
2007-06-25,2.67627,
2007-06-26,2.95327,
2007-06-27,2.68392,
2007-06-28,2.85216,
2007-06-29,3.00852,
2007-06-30,.,No value available
2007-07-01,.,No value available
2007-07-02,2.90292,
2007-07-03,2.90619,
2007-07-04,3.12965,
2007-07-05,3.11689,
2007-07-06,3.10543,
2007-07-07,.,No value available
2007-07-08,.,No value available
2007-07-09,2.82735,
2007-07-10,2.92328,
2007-07-11,2.83772,
2007-07-12,3.23458,
2007-07-13,3.24035,
2007-07-14,.,No value available
2007-07-15,.,No value available
2007-07-16,3.32074,
2007-07-17,3.15487,
2007-07-18,3.46294,
2007-07-19,3.71032,
2007-07-20,3.40581,
2007-07-21,.,No value available
2007-07-22,.,No value available
2007-07-23,3.05578,
2007-07-24,3.26419,
2007-07-25,2.99209,
2007-07-26,3.08722,
2007-07-27,2.51235,
2007-07-28,.,No value available
2007-07-29,.,No value available
2007-07-30,2.48834,
2007-07-31,2.42184,
2007-08-01,2.36591,
2007-08-02,2.41436,
2007-08-03,2.35354,
2007-08-04,.,No value available
2007-08-05,.,No value available
2007-08-06,2.30496,
2007-08-07,2.51746,
2007-08-08,3.00386,
2007-08-09,2.33434,
2007-08-10,2.61621,
2007-08-11,.,No value available
2007-08-12,.,No value available
2007-08-13,9.35976,
2007-08-14,9.54409,
2007-08-15,8.35405,
2007-08-16,16.40084,
2007-08-17,15.47092,
2007-08-18,.,No value available
2007-08-19,.,No value available
2007-08-20,17.03370,
2007-08-21,16.26993,
2007-08-22,16.39900,
2007-08-23,19.29632,
2007-08-24,17.59313,
2007-08-25,.,No value available
2007-08-26,.,No value available
2007-08-27,19.59468,
2007-08-28,19.14075,
2007-08-29,20.28372,
2007-08-30,20.11551,
2007-08-31,21.33443,
2007-09-01,.,No value available
2007-09-02,.,No value available
2007-09-03,20.83418,
2007-09-04,20.24064,
2007-09-05,20.86280,
2007-09-06,21.72294,
2007-09-07,22.24026,
2007-09-08,.,No value available
2007-09-09,.,No value available
2007-09-10,21.27026,
2007-09-11,21.58458,
2007-09-12,22.93966,
2007-09-13,27.26308,
2007-09-14,28.43932,
2007-09-15,.,No value available
2007-09-16,.,No value available
2007-09-17,29.31630,
2007-09-18,29.85534,
2007-09-19,28.59695,
2007-09-20,29.99689,
2007-09-21,25.66992,
2007-09-22,.,No value available
2007-09-23,.,No value available
2007-09-24,24.19069,
2007-09-25,22.41467,
2007-09-26,21.12584,
2007-09-27,22.77673,
2007-09-28,21.40852,
2007-09-29,.,No value available
2007-09-30,.,No value available
2007-10-01,17.99458,
2007-10-02,20.67524,
2007-10-03,18.29251,
2007-10-04,18.71776,
2007-10-05,17.91313,
2007-10-06,.,No value available
2007-10-07,.,No value available
2007-10-08,18.97631,
2007-10-09,2.93158,
2007-10-10,2.06802,
2007-10-11,2.33155,
2007-10-12,1.93429,
2007-10-13,.,No value available
2007-10-14,.,No value available
2007-10-15,1.78521,
2007-10-16,1.74975,
2007-10-17,1.86806,
2007-10-18,1.81990,
2007-10-19,2.10926,
2007-10-20,.,No value available
2007-10-21,.,No value available
2007-10-22,2.57144,
2007-10-23,0.28200,
2007-10-24,0.24417,
2007-10-25,0.23216,
2007-10-26,0.25335,
2007-10-27,.,No value available
2007-10-28,.,No value available
2007-10-29,0.26333,
2007-10-30,0.28628,
2007-10-31,0.33905,
2007-11-01,0.52816,
2007-11-02,0.00010,
2007-11-03,.,No value available
2007-11-04,.,No value available
2007-11-05,0.00010,
2007-11-06,0.03995,
2007-11-07,0.01126,
2007-11-08,0.01540,
2007-11-09,0.01521,
2007-11-10,.,No value available
2007-11-11,.,No value available
2007-11-12,0.03718,
2007-11-13,0.08895,
2007-11-14,2.87286,
2007-11-15,2.76923,
2007-11-16,2.80218,
2007-11-17,.,No value available
2007-11-18,.,No value available
2007-11-19,2.79121,
2007-11-20,2.76852,
2007-11-21,2.78755,
2007-11-22,2.70358,
2007-11-23,2.85053,
2007-11-24,.,No value available
2007-11-25,.,No value available
2007-11-26,0.23796,
2007-11-27,0.23757,
2007-11-28,0.23675,
2007-11-29,0.23676,
2007-11-30,0.24107,
2007-12-01,.,No value available
2007-12-02,.,No value available
2007-12-03,0.23010,
2007-12-04,0.25052,
2007-12-05,0.25275,
2007-12-06,0.25312,
2007-12-07,0.27758,
2007-12-08,.,No value available
2007-12-09,.,No value available
2007-12-10,0.31429,
2007-12-11,0.33151,
2007-12-12,0.33403,
2007-12-13,0.35077,
2007-12-14,0.35874,
2007-12-15,.,No value available
2007-12-16,.,No value available
2007-12-17,0.34408,
2007-12-18,0.37912,
2007-12-19,0.30083,
2007-12-20,0.30919,
2007-12-21,0.31450,
2007-12-22,.,No value available
2007-12-23,.,No value available
2007-12-24,.,No value available
2007-12-25,.,No value available
2007-12-26,.,No value available
2007-12-27,0.34604,
2007-12-28,4.48022,
2007-12-29,.,No value available
2007-12-30,.,No value available
2007-12-31,.,No value available
2008-01-01,.,No value available
2008-01-02,3.00507,
2008-01-03,2.54871,
2008-01-04,2.72255,
2008-01-05,.,No value available
2008-01-06,.,No value available
2008-01-07,2.63674,
2008-01-08,2.95113,
2008-01-09,2.60825,
2008-01-10,2.48984,
2008-01-11,2.54398,
2008-01-12,.,No value available
2008-01-13,.,No value available
2008-01-14,2.33503,
2008-01-15,0.98434,
2008-01-16,0.83621,
2008-01-17,0.96356,
2008-01-18,1.09559,
2008-01-19,.,No value available
2008-01-20,.,No value available
2008-01-21,1.05837,
2008-01-22,1.05250,
2008-01-23,2.64754,
2008-01-24,2.77619,
2008-01-25,2.80924,
2008-01-26,.,No value available
2008-01-27,.,No value available
2008-01-28,2.85589,
2008-01-29,2.82674,
2008-01-30,2.77541,
2008-01-31,2.68120,
2008-02-01,2.65050,
2008-02-02,.,No value available
2008-02-03,.,No value available
2008-02-04,2.64627,
2008-02-05,2.59220,
2008-02-06,2.45554,
2008-02-07,2.31208,
2008-02-08,2.24276,
2008-02-09,.,No value available
2008-02-10,.,No value available
2008-02-11,2.25207,
2008-02-12,2.23006,
2008-02-13,2.27465,
2008-02-14,2.31843,
2008-02-15,2.33637,
2008-02-16,.,No value available
2008-02-17,.,No value available
2008-02-18,2.31376,
2008-02-19,2.40144,
2008-02-20,2.34186,
2008-02-21,2.36418,
2008-02-22,2.49191,
2008-02-23,.,No value available
2008-02-24,.,No value available
2008-02-25,2.38985,
2008-02-26,2.52212,
2008-02-27,2.23349,
2008-02-28,2.32719,
2008-02-29,1.33038,
2008-03-01,.,No value available
2008-03-02,.,No value available
2008-03-03,1.24330,
2008-03-04,1.37565,
2008-03-05,1.28179,
2008-03-06,1.41380,
2008-03-07,1.42443,
2008-03-08,.,No value available
2008-03-09,.,No value available
2008-03-10,0.21662,
2008-03-11,0.20574,
2008-03-12,0.22192,
2008-03-13,0.21264,
2008-03-14,0.21627,
2008-03-15,.,No value available
2008-03-16,.,No value available
2008-03-17,0.21051,
2008-03-18,0.20661,
2008-03-19,0.21346,
2008-03-20,0.21749,
2008-03-21,.,No value available
2008-03-22,.,No value available
2008-03-23,.,No value available
2008-03-24,.,No value available
2008-03-25,0.20840,
2008-03-26,0.23843,
2008-03-27,0.23063,
2008-03-28,0.23285,
2008-03-29,.,No value available
2008-03-30,.,No value available
2008-03-31,0.21983,
2008-04-01,0.23387,
2008-04-02,0.29148,
2008-04-03,0.29825,
2008-04-04,0.28341,
2008-04-05,.,No value available
2008-04-06,.,No value available
2008-04-07,0.28391,
2008-04-08,0.28023,
2008-04-09,0.29246,
2008-04-10,0.27740,
2008-04-11,0.28162,
2008-04-12,.,No value available
2008-04-13,.,No value available
2008-04-14,0.27717,
2008-04-15,0.28386,
2008-04-16,0.28629,
2008-04-17,0.30055,
2008-04-18,0.32319,
2008-04-19,.,No value available
2008-04-20,.,No value available
2008-04-21,0.34279,
2008-04-22,0.37762,
2008-04-23,0.35493,
2008-04-24,0.31151,
2008-04-25,0.31867,
2008-04-26,.,No value available
2008-04-27,.,No value available
2008-04-28,0.29123,
2008-04-29,0.28913,
2008-04-30,0.28360,
2008-05-01,.,No value available
2008-05-02,0.30281,
2008-05-03,.,No value available
2008-05-04,.,No value available
2008-05-05,0.30392,
2008-05-06,0.30082,
2008-05-07,0.29108,
2008-05-08,0.28402,
2008-05-09,0.28144,
2008-05-10,.,No value available
2008-05-11,.,No value available
2008-05-12,0.29484,
2008-05-13,0.29582,
2008-05-14,0.32483,
2008-05-15,0.36964,
2008-05-16,0.37176,
2008-05-17,.,No value available
2008-05-18,.,No value available
2008-05-19,0.34866,
2008-05-20,0.44677,
2008-05-21,0.51936,
2008-05-22,0.59863,
2008-05-23,0.68756,
2008-05-24,.,No value available
2008-05-25,.,No value available
2008-05-26,1.35149,
2008-05-27,1.73466,
2008-05-28,1.73052,
2008-05-29,0.14051,
2008-05-30,0.13342,
2008-05-31,.,No value available
2008-06-01,.,No value available
2008-06-02,0.13099,
2008-06-03,0.14040,
2008-06-04,0.14140,
2008-06-05,0.14153,
2008-06-06,3.37626,
2008-06-07,.,No value available
2008-06-08,.,No value available
2008-06-09,5.26545,
2008-06-10,3.87714,
2008-06-11,3.18025,
2008-06-12,3.29157,
2008-06-13,3.80035,
2008-06-14,.,No value available
2008-06-15,.,No value available
2008-06-16,3.81111,
2008-06-17,3.63690,
2008-06-18,4.28539,
2008-06-19,5.19627,
2008-06-20,4.45785,
2008-06-21,.,No value available
2008-06-22,.,No value available
2008-06-23,2.90623,
2008-06-24,2.90620,
2008-06-25,2.76595,
2008-06-26,2.74232,
2008-06-27,2.60159,
2008-06-28,.,No value available
2008-06-29,.,No value available
2008-06-30,2.91635,
2008-07-01,3.17877,
2008-07-02,3.04542,
2008-07-03,3.80880,
2008-07-04,2.67847,
2008-07-05,.,No value available
2008-07-06,.,No value available
2008-07-07,2.83497,
2008-07-08,2.82828,
2008-07-09,3.31236,
2008-07-10,3.14078,
2008-07-11,3.24396,
2008-07-12,.,No value available
2008-07-13,.,No value available
2008-07-14,2.34015,
2008-07-15,10.40145,
2008-07-16,10.07996,
2008-07-17,10.69837,
2008-07-18,10.85449,
2008-07-19,.,No value available
2008-07-20,.,No value available
2008-07-21,3.34663,
2008-07-22,3.02670,
2008-07-23,2.87107,
2008-07-24,2.30604,
2008-07-25,2.18256,
2008-07-26,.,No value available
2008-07-27,.,No value available
2008-07-28,1.97607,
2008-07-29,2.04051,
2008-07-30,2.20213,
2008-07-31,7.82854,
2008-08-01,7.00335,
2008-08-02,.,No value available
2008-08-03,.,No value available
2008-08-04,6.94560,
2008-08-05,6.89708,
2008-08-06,7.13962,
2008-08-07,7.06213,
2008-08-08,5.91607,
2008-08-09,.,No value available
2008-08-10,.,No value available
2008-08-11,5.98750,
2008-08-12,6.10525,
2008-08-13,6.04436,
2008-08-14,5.46162,
2008-08-15,5.32505,
2008-08-16,.,No value available
2008-08-17,.,No value available
2008-08-18,4.14216,
2008-08-19,3.60047,
2008-08-20,5.68182,
2008-08-21,6.14171,
2008-08-22,6.58139,
2008-08-23,.,No value available
2008-08-24,.,No value available
2008-08-25,6.44530,
2008-08-26,5.51558,
2008-08-27,5.64309,
2008-08-28,6.54903,
2008-08-29,6.68250,
2008-08-30,.,No value available
2008-08-31,.,No value available
2008-09-01,5.77079,
2008-09-02,6.34227,
2008-09-03,6.15050,
2008-09-04,6.33099,
2008-09-05,5.31719,
2008-09-06,.,No value available
2008-09-07,.,No value available
2008-09-08,6.14569,
2008-09-09,5.99699,
2008-09-10,5.80114,
2008-09-11,5.65266,
2008-09-12,5.70929,
2008-09-13,.,No value available
2008-09-14,.,No value available
2008-09-15,4.14940,
2008-09-16,3.52608,
2008-09-17,4.49415,
2008-09-18,5.80594,
2008-09-19,6.45384,
2008-09-20,.,No value available
2008-09-21,.,No value available
2008-09-22,0.44419,
2008-09-23,0.42582,
2008-09-24,0.40278,
2008-09-25,0.41774,
2008-09-26,0.42733,
2008-09-27,.,No value available
2008-09-28,.,No value available
2008-09-29,0.56449,
2008-09-30,2.04261,
2008-10-01,2.00797,
2008-10-02,2.15659,
2008-10-03,2.03609,
2008-10-04,.,No value available
2008-10-05,.,No value available
2008-10-06,1.85713,
2008-10-07,1.81724,
2008-10-08,1.48247,
2008-10-09,1.60293,
2008-10-10,1.37004,
2008-10-11,.,No value available
2008-10-12,.,No value available
2008-10-13,1.81052,
2008-10-14,1.92367,
2008-10-15,1.76862,
2008-10-16,1.65631,
2008-10-17,1.70982,
2008-10-18,.,No value available
2008-10-19,.,No value available
2008-10-20,0.18897,
2008-10-21,7.11105,
2008-10-22,5.54933,
2008-10-23,5.94216,
2008-10-24,0.36109,
2008-10-25,.,No value available
2008-10-26,.,No value available
2008-10-27,0.30157,
2008-10-28,0.30074,
2008-10-29,0.22316,
2008-10-30,0.34476,
2008-10-31,0.26575,
2008-11-01,.,No value available
2008-11-02,.,No value available
2008-11-03,0.33654,
2008-11-04,0.29195,
2008-11-05,5.35623,
2008-11-06,5.16768,
2008-11-07,5.05153,
2008-11-08,.,No value available
2008-11-09,.,No value available
2008-11-10,5.24809,
2008-11-11,5.25304,
2008-11-12,5.43820,
2008-11-13,5.39337,
2008-11-14,5.45789,
2008-11-15,.,No value available
2008-11-16,.,No value available
2008-11-17,5.27534,
2008-11-18,5.31887,
2008-11-19,5.64204,
2008-11-20,6.06570,
2008-11-21,6.40975,
2008-11-22,.,No value available
2008-11-23,.,No value available
2008-11-24,6.71598,
2008-11-25,6.66255,
2008-11-26,6.27882,
2008-11-27,6.07916,
2008-11-28,6.77960,
2008-11-29,.,No value available
2008-11-30,.,No value available
2008-12-01,6.65713,
2008-12-02,6.51997,
2008-12-03,6.82077,
2008-12-04,6.52014,
2008-12-05,7.36397,
2008-12-06,.,No value available
2008-12-07,.,No value available
2008-12-08,8.15985,
2008-12-09,8.21771,
2008-12-10,8.07755,
2008-12-11,7.94491,
2008-12-12,7.66691,
2008-12-13,.,No value available
2008-12-14,.,No value available
2008-12-15,8.48825,
2008-12-16,8.21080,
2008-12-17,6.56415,
2008-12-18,6.92241,
2008-12-19,6.58677,
2008-12-20,.,No value available
2008-12-21,.,No value available
2008-12-22,6.70879,
2008-12-23,7.77389,
2008-12-24,.,No value available
2008-12-25,.,No value available
2008-12-26,.,No value available
2008-12-27,.,No value available
2008-12-28,.,No value available
2008-12-29,8.09900,
2008-12-30,7.95692,
2008-12-31,.,No value available
2009-01-01,.,No value available
2009-01-02,7.35889,
2009-01-03,.,No value available
2009-01-04,.,No value available
2009-01-05,7.44741,
2009-01-06,7.07597,
2009-01-07,6.95372,
2009-01-08,7.33749,
2009-01-09,6.98688,
2009-01-10,.,No value available
2009-01-11,.,No value available
2009-01-12,7.51902,
2009-01-13,7.45303,
2009-01-14,7.53329,
2009-01-15,7.63166,
2009-01-16,7.73969,
2009-01-17,.,No value available
2009-01-18,.,No value available
2009-01-19,7.82666,
2009-01-20,7.64712,
2009-01-21,7.65004,
2009-01-22,7.66075,
2009-01-23,7.44156,
2009-01-24,.,No value available
2009-01-25,.,No value available
2009-01-26,8.24555,
2009-01-27,8.72397,
2009-01-28,8.32278,
2009-01-29,7.96866,
2009-01-30,7.01548,
2009-01-31,.,No value available
2009-02-01,.,No value available
2009-02-02,6.79426,
2009-02-03,6.66321,
2009-02-04,6.69036,
2009-02-05,6.69580,
2009-02-06,6.47412,
2009-02-07,.,No value available
2009-02-08,.,No value available
2009-02-09,6.47324,
2009-02-10,6.40263,
2009-02-11,6.44190,
2009-02-12,6.49251,
2009-02-13,6.69631,
2009-02-14,.,No value available
2009-02-15,.,No value available
2009-02-16,6.32847,
2009-02-17,6.19702,
2009-02-18,6.20096,
2009-02-19,6.76768,
2009-02-20,6.67850,
2009-02-21,.,No value available
2009-02-22,.,No value available
2009-02-23,6.92968,
2009-02-24,6.90618,
2009-02-25,6.66896,
2009-02-26,6.74022,
2009-02-27,6.84888,
2009-02-28,.,No value available
2009-03-01,.,No value available
2009-03-02,6.66163,
2009-03-03,6.64955,
2009-03-04,6.46566,
2009-03-05,6.69626,
2009-03-06,6.91606,
2009-03-07,.,No value available
2009-03-08,.,No value available
2009-03-09,7.40848,
2009-03-10,7.60032,
2009-03-11,7.55508,
2009-03-12,7.85100,
2009-03-13,6.75645,
2009-03-14,.,No value available
2009-03-15,.,No value available
2009-03-16,6.98968,
2009-03-17,6.59038,
2009-03-18,7.00420,
2009-03-19,7.34458,
2009-03-20,7.50294,
2009-03-21,.,No value available
2009-03-22,.,No value available
2009-03-23,7.49022,
2009-03-24,7.76306,
2009-03-25,7.17757,
2009-03-26,8.27422,
2009-03-27,8.30996,
2009-03-28,.,No value available
2009-03-29,.,No value available
2009-03-30,8.06393,
2009-03-31,8.02731,
2009-04-01,8.14669,
2009-04-02,8.57669,
2009-04-03,9.51369,
2009-04-04,.,No value available
2009-04-05,.,No value available
2009-04-06,1.09699,
2009-04-07,1.14499,
2009-04-08,0.98962,
2009-04-09,1.03393,
2009-04-10,.,No value available
2009-04-11,.,No value available
2009-04-12,.,No value available
2009-04-13,.,No value available
2009-04-14,6.99629,
2009-04-15,7.07133,
2009-04-16,8.42791,
2009-04-17,8.36848,
2009-04-18,.,No value available
2009-04-19,.,No value available
2009-04-20,30.00000,
2009-04-21,30.00000,
2009-04-22,30.00000,
2009-04-23,30.00000,
2009-04-24,30.00000,
2009-04-25,.,No value available
2009-04-26,.,No value available
2009-04-27,30.00000,
2009-04-28,30.00000,
2009-04-29,30.00000,
2009-04-30,30.00000,
2009-05-01,.,No value available
2009-05-02,.,No value available
2009-05-03,.,No value available
2009-05-04,30.00000,
2009-05-05,30.00000,
2009-05-06,30.00000,
2009-05-07,30.00000,
2009-05-08,30.00000,
2009-05-09,.,No value available
2009-05-10,.,No value available
2009-05-11,30.00000,
2009-05-12,30.00000,
2009-05-13,30.00000,
2009-05-14,30.00000,
2009-05-15,30.00000,
2009-05-16,.,No value available
2009-05-17,.,No value available
2009-05-18,30.00000,
2009-05-19,30.00000,
2009-05-20,30.00000,
2009-05-21,30.00000,
2009-05-22,30.00000,
2009-05-23,.,No value available
2009-05-24,.,No value available
2009-05-25,30.00000,
2009-05-26,0.56131,
2009-05-27,0.66722,
2009-05-28,0.64832,
2009-05-29,0.68740,
2009-05-30,.,No value available
2009-05-31,.,No value available
2009-06-01,0.62151,
2009-06-02,0.61573,
2009-06-03,0.74893,
2009-06-04,0.64349,
2009-06-05,0.44444,
2009-06-06,.,No value available
2009-06-07,.,No value available
2009-06-08,0.30779,
2009-06-09,0.32162,
2009-06-10,0.38573,
2009-06-11,0.35927,
2009-06-12,0.36614,
2009-06-13,.,No value available
2009-06-14,.,No value available
2009-06-15,0.36572,
2009-06-16,0.36130,
2009-06-17,0.38523,
2009-06-18,0.40159,
2009-06-19,0.39753,
2009-06-20,.,No value available
2009-06-21,.,No value available
2009-06-22,0.40766,
2009-06-23,0.42892,
2009-06-24,0.42799,
2009-06-25,0.42128,
2009-06-26,0.40473,
2009-06-27,.,No value available
2009-06-28,.,No value available
2009-06-29,0.39138,
2009-06-30,0.36927,
2009-07-01,0.40553,
2009-07-02,0.40366,
2009-07-03,0.44607,
2009-07-04,.,No value available
2009-07-05,.,No value available
2009-07-06,0.46594,
2009-07-07,0.44561,
2009-07-08,0.46828,
2009-07-09,0.41127,
2009-07-10,0.41775,
2009-07-11,.,No value available
2009-07-12,.,No value available
2009-07-13,0.40914,
2009-07-14,0.36766,
2009-07-15,0.37907,
2009-07-16,0.37344,
2009-07-17,0.38387,
2009-07-18,.,No value available
2009-07-19,.,No value available
2009-07-20,0.35238,
2009-07-21,0.36793,
2009-07-22,0.36312,
2009-07-23,0.35456,
2009-07-24,0.33047,
2009-07-25,.,No value available
2009-07-26,.,No value available
2009-07-27,0.31576,
2009-07-28,0.30739,
2009-07-29,0.32662,
2009-07-30,0.33868,
2009-07-31,0.32366,
2009-08-01,.,No value available
2009-08-02,.,No value available
2009-08-03,0.34564,
2009-08-04,0.31496,
2009-08-05,0.29599,
2009-08-06,0.28459,
2009-08-07,0.28103,
2009-08-08,.,No value available
2009-08-09,.,No value available
2009-08-10,0.26742,
2009-08-11,0.28082,
2009-08-12,0.29803,
2009-08-13,0.30731,
2009-08-14,0.30323,
2009-08-15,.,No value available
2009-08-16,.,No value available
2009-08-17,0.31275,
2009-08-18,14.28203,
2009-08-19,14.44279,
2009-08-20,14.44645,
2009-08-21,14.57507,
2009-08-22,.,No value available
2009-08-23,.,No value available
2009-08-24,14.53158,
2009-08-25,14.91538,
2009-08-26,15.28244,
2009-08-27,15.03662,
2009-08-28,14.92341,
2009-08-29,.,No value available
2009-08-30,.,No value available
2009-08-31,14.97950,
2009-09-01,14.75931,
2009-09-02,15.06050,
2009-09-03,14.95514,
2009-09-04,14.97334,
2009-09-05,.,No value available
2009-09-06,.,No value available
2009-09-07,14.95121,
2009-09-08,15.33792,
2009-09-09,15.33052,
2009-09-10,14.46703,
2009-09-11,14.55693,
2009-09-12,.,No value available
2009-09-13,.,No value available
2009-09-14,14.79120,
2009-09-15,14.38889,
2009-09-16,14.23012,
2009-09-17,13.97114,
2009-09-18,14.57808,
2009-09-19,.,No value available
2009-09-20,.,No value available
2009-09-21,14.60894,
2009-09-22,14.43316,
2009-09-23,14.22106,
2009-09-24,14.17024,
2009-09-25,13.86759,
2009-09-26,.,No value available
2009-09-27,.,No value available
2009-09-28,13.89289,
2009-09-29,13.87310,
2009-09-30,13.73569,
2009-10-01,14.12223,
2009-10-02,12.67434,
2009-10-03,.,No value available
2009-10-04,.,No value available
2009-10-05,1.90222,
2009-10-06,1.75503,
2009-10-07,1.80859,
2009-10-08,1.59141,
2009-10-09,1.53890,
2009-10-10,.,No value available
2009-10-11,.,No value available
2009-10-12,1.55321,
2009-10-13,1.54171,
2009-10-14,1.49580,
2009-10-15,1.54972,
2009-10-16,1.51188,
2009-10-17,.,No value available
2009-10-18,.,No value available
2009-10-19,1.53326,
2009-10-20,1.54981,
2009-10-21,1.62068,
2009-10-22,1.60558,
2009-10-23,1.63814,
2009-10-24,.,No value available
2009-10-25,.,No value available
2009-10-26,1.70108,
2009-10-27,1.84336,
2009-10-28,1.73501,
2009-10-29,1.71295,
2009-10-30,1.75014,
2009-10-31,.,No value available
2009-11-01,.,No value available
2009-11-02,1.75777,
2009-11-03,1.81754,
2009-11-04,1.71468,
2009-11-05,1.79500,
2009-11-06,1.95945,
2009-11-07,.,No value available
2009-11-08,.,No value available
2009-11-09,2.15552,
2009-11-10,2.06159,
2009-11-11,2.05903,
2009-11-12,0.37511,
2009-11-13,0.38386,
2009-11-14,.,No value available
2009-11-15,.,No value available
2009-11-16,0.40389,
2009-11-17,0.40801,
2009-11-18,0.38846,
2009-11-19,0.39039,
2009-11-20,0.42534,
2009-11-21,.,No value available
2009-11-22,.,No value available
2009-11-23,0.35056,
2009-11-24,0.34186,
2009-11-25,0.32173,
2009-11-26,0.31274,
2009-11-27,0.43240,
2009-11-28,.,No value available
2009-11-29,.,No value available
2009-11-30,1.42803,
2009-12-01,1.32801,
2009-12-02,1.38372,
2009-12-03,1.24584,
2009-12-04,1.47204,
2009-12-05,.,No value available
2009-12-06,.,No value available
2009-12-07,1.50791,
2009-12-08,1.47058,
2009-12-09,1.27423,
2009-12-10,1.08427,
2009-12-11,1.35545,
2009-12-12,.,No value available
2009-12-13,.,No value available
2009-12-14,1.41592,
2009-12-15,1.32660,
2009-12-16,1.32014,
2009-12-17,1.34800,
2009-12-18,1.34001,
2009-12-19,.,No value available
2009-12-20,.,No value available
2009-12-21,2.18287,
2009-12-22,12.06596,
2009-12-23,26.51672,
2009-12-24,.,No value available
2009-12-25,.,No value available
2009-12-26,.,No value available
2009-12-27,.,No value available
2009-12-28,23.84249,
2009-12-29,1.40616,
2009-12-30,1.74273,
2009-12-31,.,No value available
2010-01-01,.,No value available
2010-01-02,.,No value available
2010-01-03,.,No value available
2010-01-04,1.56737,
2010-01-05,2.01381,
2010-01-06,1.96674,
2010-01-07,1.79237,
2010-01-08,2.02666,
2010-01-09,.,No value available
2010-01-10,.,No value available
2010-01-11,2.33818,
2010-01-12,2.19023,
2010-01-13,2.33292,
2010-01-14,2.13969,
2010-01-15,2.53746,
2010-01-16,.,No value available
2010-01-17,.,No value available
2010-01-18,2.53708,
2010-01-19,1.83052,
2010-01-20,2.04838,
2010-01-21,1.79959,
2010-01-22,1.55957,
2010-01-23,.,No value available
2010-01-24,.,No value available
2010-01-25,1.94552,
2010-01-26,1.66792,
2010-01-27,1.64291,
2010-01-28,1.21553,
2010-01-29,1.52011,
2010-01-30,.,No value available
2010-01-31,.,No value available
2010-02-01,1.62372,
2010-02-02,1.35028,
2010-02-03,2.00140,
2010-02-04,1.58553,
2010-02-05,3.18164,
2010-02-06,.,No value available
2010-02-07,.,No value available
2010-02-08,1.30696,
2010-02-09,1.45002,
2010-02-10,6.01724,
2010-02-11,0.90312,
2010-02-12,1.02079,
2010-02-13,.,No value available
2010-02-14,.,No value available
2010-02-15,0.96281,
2010-02-16,1.00127,
2010-02-17,0.93861,
2010-02-18,0.97054,
2010-02-19,0.92522,
2010-02-20,.,No value available
2010-02-21,.,No value available
2010-02-22,0.97026,
2010-02-23,1.15820,
2010-02-24,1.09965,
2010-02-25,1.01834,
2010-02-26,1.12263,
2010-02-27,.,No value available
2010-02-28,.,No value available
2010-03-01,1.10990,
2010-03-02,1.11527,
2010-03-03,1.13350,
2010-03-04,1.02655,
2010-03-05,0.97990,
2010-03-06,.,No value available
2010-03-07,.,No value available
2010-03-08,0.97121,
2010-03-09,0.95605,
2010-03-10,0.96138,
2010-03-11,0.97394,
2010-03-12,0.92264,
2010-03-13,.,No value available
2010-03-14,.,No value available
2010-03-15,0.93215,
2010-03-16,0.92243,
2010-03-17,0.98249,
2010-03-18,0.99263,
2010-03-19,0.94964,
2010-03-20,.,No value available
2010-03-21,.,No value available
2010-03-22,0.92624,
2010-03-23,0.91208,
2010-03-24,0.78018,
2010-03-25,0.83032,
2010-03-26,0.79883,
2010-03-27,.,No value available
2010-03-28,.,No value available
2010-03-29,0.84900,
2010-03-30,0.92285,
2010-03-31,1.07578,
2010-04-01,1.20916,
2010-04-02,.,No value available
2010-04-03,.,No value available
2010-04-04,.,No value available
2010-04-05,.,No value available
2010-04-06,1.33368,
2010-04-07,1.37407,
2010-04-08,1.31330,
2010-04-09,1.30487,
2010-04-10,.,No value available
2010-04-11,.,No value available
2010-04-12,1.25438,
2010-04-13,1.33881,
2010-04-14,1.26976,
2010-04-15,1.31469,
2010-04-16,1.34130,
2010-04-17,.,No value available
2010-04-18,.,No value available
2010-04-19,1.27425,
2010-04-20,10.67780,
2010-04-21,10.48089,
2010-04-22,11.21018,
2010-04-23,10.69548,
2010-04-24,.,No value available
2010-04-25,.,No value available
2010-04-26,11.18914,
2010-04-27,10.60035,
2010-04-28,10.02475,
2010-04-29,9.87465,
2010-04-30,10.26718,
2010-05-01,.,No value available
2010-05-02,.,No value available
2010-05-03,9.92254,
2010-05-04,9.82862,
2010-05-05,9.72059,
2010-05-06,9.43424,
2010-05-07,8.67072,
2010-05-08,.,No value available
2010-05-09,.,No value available
2010-05-10,10.59976,
2010-05-11,9.72743,
2010-05-12,10.42213,
2010-05-13,8.11195,
2010-05-14,6.95903,
2010-05-15,.,No value available
2010-05-16,.,No value available
2010-05-17,8.05645,
2010-05-18,7.15721,
2010-05-19,7.46564,
2010-05-20,5.93696,
2010-05-21,6.79003,
2010-05-22,.,No value available
2010-05-23,.,No value available
2010-05-24,6.16046,
2010-05-25,4.81827,
2010-05-26,6.55663,
2010-05-27,5.75306,
2010-05-28,6.98916,
2010-05-29,.,No value available
2010-05-30,.,No value available
2010-05-31,6.77921,
2010-06-01,5.22528,
2010-06-02,5.93572,
2010-06-03,5.92106,
2010-06-04,6.20150,
2010-06-05,.,No value available
2010-06-06,.,No value available
2010-06-07,6.25925,
2010-06-08,7.76682,
2010-06-09,6.98736,
2010-06-10,7.09763,
2010-06-11,6.81409,
2010-06-12,.,No value available
2010-06-13,.,No value available
2010-06-14,6.83202,
2010-06-15,4.62610,
2010-06-16,5.59839,
2010-06-17,6.41082,
2010-06-18,4.57447,
2010-06-19,.,No value available
2010-06-20,.,No value available
2010-06-21,4.23013,
2010-06-22,4.76424,
2010-06-23,4.51128,
2010-06-24,4.86831,
2010-06-25,4.74024,
2010-06-26,.,No value available
2010-06-27,.,No value available
2010-06-28,4.12711,
2010-06-29,4.16876,
2010-06-30,4.07697,
2010-07-01,4.44549,
2010-07-02,4.71878,
2010-07-03,.,No value available
2010-07-04,.,No value available
2010-07-05,4.56169,
2010-07-06,4.38942,
2010-07-07,4.42986,
2010-07-08,4.14070,
2010-07-09,4.43333,
2010-07-10,.,No value available
2010-07-11,.,No value available
2010-07-12,4.28211,
2010-07-13,4.06163,
2010-07-14,3.33620,
2010-07-15,3.54458,
2010-07-16,3.50317,
2010-07-17,.,No value available
2010-07-18,.,No value available
2010-07-19,1.31103,
2010-07-20,1.29544,
2010-07-21,1.26416,
2010-07-22,1.25109,
2010-07-23,1.21911,
2010-07-24,.,No value available
2010-07-25,.,No value available
2010-07-26,1.21706,
2010-07-27,2.59487,
2010-07-28,2.53630,
2010-07-29,2.43086,
2010-07-30,2.20831,
2010-07-31,.,No value available
2010-08-01,.,No value available
2010-08-02,2.40777,
2010-08-03,2.31030,
2010-08-04,2.52402,
2010-08-05,2.90751,
2010-08-06,2.80759,
2010-08-07,.,No value available
2010-08-08,.,No value available
2010-08-09,2.52300,
2010-08-10,2.53197,
2010-08-11,2.81988,
2010-08-12,2.38056,
2010-08-13,2.39792,
2010-08-14,.,No value available
2010-08-15,.,No value available
2010-08-16,2.18105,
2010-08-17,2.26323,
2010-08-18,2.54676,
2010-08-19,2.43484,
2010-08-20,2.22234,
2010-08-21,.,No value available
2010-08-22,.,No value available
2010-08-23,2.05667,
2010-08-24,2.06153,
2010-08-25,1.89497,
2010-08-26,2.32753,
2010-08-27,2.49287,
2010-08-28,.,No value available
2010-08-29,.,No value available
2010-08-30,2.60885,
2010-08-31,2.21116,
2010-09-01,2.29422,
2010-09-02,1.93091,
2010-09-03,2.17668,
2010-09-04,.,No value available
2010-09-05,.,No value available
2010-09-06,2.28750,
2010-09-07,2.49776,
2010-09-08,2.32722,
2010-09-09,2.02846,
2010-09-10,2.58117,
2010-09-11,.,No value available
2010-09-12,.,No value available
2010-09-13,2.37616,
2010-09-14,8.45304,
2010-09-15,9.86827,
2010-09-16,11.08799,
2010-09-17,10.86461,
2010-09-18,.,No value available
2010-09-19,.,No value available
2010-09-20,10.48755,
2010-09-21,9.61567,
2010-09-22,9.44479,
2010-09-23,10.43760,
2010-09-24,10.38201,
2010-09-25,.,No value available
2010-09-26,.,No value available
2010-09-27,10.45652,
2010-09-28,10.95058,
2010-09-29,10.47813,
2010-09-30,10.63013,
2010-10-01,11.08502,
2010-10-02,.,No value available
2010-10-03,.,No value available
2010-10-04,10.96905,
2010-10-05,11.03660,
2010-10-06,11.01894,
2010-10-07,10.85040,
2010-10-08,10.74567,
2010-10-09,.,No value available
2010-10-10,.,No value available
2010-10-11,10.73190,
2010-10-12,10.43021,
2010-10-13,10.31505,
2010-10-14,10.48122,
2010-10-15,10.28903,
2010-10-16,.,No value available
2010-10-17,.,No value available
2010-10-18,9.89618,
2010-10-19,10.38201,
2010-10-20,9.88936,
2010-10-21,10.08467,
2010-10-22,10.09193,
2010-10-23,.,No value available
2010-10-24,.,No value available
2010-10-25,10.04444,
2010-10-26,9.77050,
2010-10-27,9.55263,
2010-10-28,9.92552,
2010-10-29,10.08799,
2010-10-30,.,No value available
2010-10-31,.,No value available
2010-11-01,2.14148,
2010-11-02,2.14618,
2010-11-03,2.36948,
2010-11-04,2.57462,
2010-11-05,2.85170,
2010-11-06,.,No value available
2010-11-07,.,No value available
2010-11-08,2.88965,
2010-11-09,3.50554,
2010-11-10,3.31794,
2010-11-11,3.54668,
2010-11-12,3.10696,
2010-11-13,.,No value available
2010-11-14,.,No value available
2010-11-15,3.39598,
2010-11-16,3.56938,
2010-11-17,2.94558,
2010-11-18,2.49736,
2010-11-19,2.58653,
2010-11-20,.,No value available
2010-11-21,.,No value available
2010-11-22,2.60174,
2010-11-23,2.22452,
2010-11-24,2.10017,
2010-11-25,2.27179,
2010-11-26,2.09379,
2010-11-27,.,No value available
2010-11-28,.,No value available
2010-11-29,2.22182,
2010-11-30,2.28961,
2010-12-01,2.14506,
2010-12-02,1.96523,
2010-12-03,7.82748,
2010-12-04,.,No value available
2010-12-05,.,No value available
2010-12-06,6.84418,
2010-12-07,7.08324,
2010-12-08,8.47423,
2010-12-09,8.21548,
2010-12-10,8.13967,
2010-12-11,.,No value available
2010-12-12,.,No value available
2010-12-13,8.23327,
2010-12-14,9.13207,
2010-12-15,9.60361,
2010-12-16,9.48906,
2010-12-17,9.29947,
2010-12-18,.,No value available
2010-12-19,.,No value available
2010-12-20,9.64703,
2010-12-21,9.43988,
2010-12-22,9.31424,
2010-12-23,9.15452,
2010-12-24,.,No value available
2010-12-25,.,No value available
2010-12-26,.,No value available
2010-12-27,9.06154,
2010-12-28,8.83613,
2010-12-29,8.33107,
2010-12-30,8.75721,
2010-12-31,.,No value available
2011-01-01,.,No value available
2011-01-02,.,No value available
2011-01-03,9.32584,
2011-01-04,8.07643,
2011-01-05,9.38986,
2011-01-06,9.45358,
2011-01-07,9.33399,
2011-01-08,.,No value available
2011-01-09,.,No value available
2011-01-10,9.59009,
2011-01-11,1.79493,
2011-01-12,1.69953,
2011-01-13,1.77499,
2011-01-14,1.87109,
2011-01-15,.,No value available
2011-01-16,.,No value available
2011-01-17,1.78703,
2011-01-18,1.79544,
2011-01-19,1.91716,
2011-01-20,2.11209,
2011-01-21,1.89860,
2011-01-22,.,No value available
2011-01-23,.,No value available
2011-01-24,1.62108,
2011-01-25,1.60635,
2011-01-26,1.38186,
2011-01-27,10.21909,
2011-01-28,10.00140,
2011-01-29,.,No value available
2011-01-30,.,No value available
2011-01-31,10.31152,
2011-02-01,10.04863,
2011-02-02,10.07131,
2011-02-03,7.76319,
2011-02-04,9.46960,
2011-02-05,.,No value available
2011-02-06,.,No value available
2011-02-07,8.86131,
2011-02-08,10.05173,
2011-02-09,8.29638,
2011-02-10,7.78101,
2011-02-11,7.66729,
2011-02-12,.,No value available
2011-02-13,.,No value available
2011-02-14,7.59603,
2011-02-15,7.66804,
2011-02-16,7.42302,
2011-02-17,7.60377,
2011-02-18,7.37917,
2011-02-19,.,No value available
2011-02-20,.,No value available
2011-02-21,7.77614,
2011-02-22,7.71917,
2011-02-23,8.27348,
2011-02-24,8.37408,
2011-02-25,8.02442,
2011-02-26,.,No value available
2011-02-27,.,No value available
2011-02-28,7.95202,
2011-03-01,8.29291,
2011-03-02,8.37434,
2011-03-03,9.02083,
2011-03-04,8.61878,
2011-03-05,.,No value available
2011-03-06,.,No value available
2011-03-07,0.12812,
2011-03-08,0.13413,
2011-03-09,0.14488,
2011-03-10,0.13198,
2011-03-11,0.12572,
2011-03-12,.,No value available
2011-03-13,.,No value available
2011-03-14,0.16382,
2011-03-15,0.06665,
2011-03-16,0.54134,
2011-03-17,0.56574,
2011-03-18,0.66675,
2011-03-19,.,No value available
2011-03-20,.,No value available
2011-03-21,0.83977,
2011-03-22,0.97726,
2011-03-23,0.16135,
2011-03-24,0.15963,
2011-03-25,0.17784,
2011-03-26,.,No value available
2011-03-27,.,No value available
2011-03-28,0.16720,
2011-03-29,0.17647,
2011-03-30,0.18093,
2011-03-31,0.15866,
2011-04-01,0.15740,
2011-04-02,.,No value available
2011-04-03,.,No value available
2011-04-04,0.15133,
2011-04-05,0.15097,
2011-04-06,0.15874,
2011-04-07,0.15381,
2011-04-08,0.16894,
2011-04-09,.,No value available
2011-04-10,.,No value available
2011-04-11,0.17539,
2011-04-12,0.16946,
2011-04-13,0.15531,
2011-04-14,0.13041,
2011-04-15,0.15090,
2011-04-16,.,No value available
2011-04-17,.,No value available
2011-04-18,0.13075,
2011-04-19,0.13640,
2011-04-20,0.15048,
2011-04-21,0.16017,
2011-04-22,.,No value available
2011-04-23,.,No value available
2011-04-24,.,No value available
2011-04-25,.,No value available
2011-04-26,0.15098,
2011-04-27,0.16161,
2011-04-28,0.17334,
2011-04-29,0.16991,
2011-04-30,.,No value available
2011-05-01,.,No value available
2011-05-02,0.17428,
2011-05-03,0.16086,
2011-05-04,0.18480,
2011-05-05,0.15052,
2011-05-06,1.11081,
2011-05-07,.,No value available
2011-05-08,.,No value available
2011-05-09,0.90007,
2011-05-10,0.84755,
2011-05-11,0.88534,
2011-05-12,0.71057,
2011-05-13,0.71494,
2011-05-14,.,No value available
2011-05-15,.,No value available
2011-05-16,0.68097,
2011-05-17,0.79630,
2011-05-18,0.74482,
2011-05-19,0.78113,
2011-05-20,0.74276,
2011-05-21,.,No value available
2011-05-22,.,No value available
2011-05-23,0.56225,
2011-05-24,0.56157,
2011-05-25,0.45759,
2011-05-26,0.48621,
2011-05-27,0.39448,
2011-05-28,.,No value available
2011-05-29,.,No value available
2011-05-30,0.38333,
2011-05-31,0.43039,
2011-06-01,0.41303,
2011-06-02,0.41324,
2011-06-03,0.44808,
2011-06-04,.,No value available
2011-06-05,.,No value available
2011-06-06,0.46249,
2011-06-07,0.41649,
2011-06-08,0.40163,
2011-06-09,0.36301,
2011-06-10,0.31722,
2011-06-11,.,No value available
2011-06-12,.,No value available
2011-06-13,6.16146,
2011-06-14,6.22139,
2011-06-15,6.23563,
2011-06-16,5.64367,
2011-06-17,5.96830,
2011-06-18,.,No value available
2011-06-19,.,No value available
2011-06-20,6.02449,
2011-06-21,6.10021,
2011-06-22,6.27816,
2011-06-23,6.14516,
2011-06-24,5.72207,
2011-06-25,.,No value available
2011-06-26,.,No value available
2011-06-27,5.91114,
2011-06-28,5.75830,
2011-06-29,6.28462,
2011-06-30,6.95783,
2011-07-01,8.65812,
2011-07-02,.,No value available
2011-07-03,.,No value available
2011-07-04,8.80897,
2011-07-05,8.64780,
2011-07-06,8.11389,
2011-07-07,8.12712,
2011-07-08,7.98382,
2011-07-09,.,No value available
2011-07-10,.,No value available
2011-07-11,7.55600,
2011-07-12,7.26520,
2011-07-13,9.56754,
2011-07-14,7.32161,
2011-07-15,7.55907,
2011-07-16,.,No value available
2011-07-17,.,No value available
2011-07-18,9.10207,
2011-07-19,7.68185,
2011-07-20,7.73663,
2011-07-21,7.64825,
2011-07-22,7.92313,
2011-07-23,.,No value available
2011-07-24,.,No value available
2011-07-25,7.64327,
2011-07-26,7.48731,
2011-07-27,7.48009,
2011-07-28,7.40188,
2011-07-29,7.58384,
2011-07-30,.,No value available
2011-07-31,.,No value available
2011-08-01,7.54443,
2011-08-02,7.18002,
2011-08-03,0.36143,
2011-08-04,0.34631,
2011-08-05,0.33482,
2011-08-06,.,No value available
2011-08-07,.,No value available
2011-08-08,0.31505,
2011-08-09,0.30135,
2011-08-10,0.29377,
2011-08-11,0.30542,
2011-08-12,0.32533,
2011-08-13,.,No value available
2011-08-14,.,No value available
2011-08-15,0.32993,
2011-08-16,0.32507,
2011-08-17,0.32669,
2011-08-18,0.32083,
2011-08-19,0.31650,
2011-08-20,.,No value available
2011-08-21,.,No value available
2011-08-22,0.32667,
2011-08-23,0.31549,
2011-08-24,0.31688,
2011-08-25,0.33136,
2011-08-26,0.30477,
2011-08-27,.,No value available
2011-08-28,.,No value available
2011-08-29,0.30879,
2011-08-30,0.31444,
2011-08-31,0.31315,
2011-09-01,0.30168,
2011-09-02,0.29540,
2011-09-03,.,No value available
2011-09-04,.,No value available
2011-09-05,0.29583,
2011-09-06,0.28595,
2011-09-07,6.37798,
2011-09-08,6.37517,
2011-09-09,6.20031,
2011-09-10,.,No value available
2011-09-11,.,No value available
2011-09-12,8.14717,
2011-09-13,8.22828,
2011-09-14,8.19206,
2011-09-15,8.80692,
2011-09-16,8.42585,
2011-09-17,.,No value available
2011-09-18,.,No value available
2011-09-19,8.00206,
2011-09-20,8.21896,
2011-09-21,8.10115,
2011-09-22,8.11557,
2011-09-23,8.15571,
2011-09-24,.,No value available
2011-09-25,.,No value available
2011-09-26,8.07499,
2011-09-27,6.80478,
2011-09-28,6.94164,
2011-09-29,6.71004,
2011-09-30,6.86714,
2011-10-01,.,No value available
2011-10-02,.,No value available
2011-10-03,6.61454,
2011-10-04,6.37759,
2011-10-05,6.28274,
2011-10-06,6.43837,
2011-10-07,6.50811,
2011-10-08,.,No value available
2011-10-09,.,No value available
2011-10-10,7.76851,
2011-10-11,7.54601,
2011-10-12,7.71040,
2011-10-13,7.65480,
2011-10-14,7.58218,
2011-10-15,.,No value available
2011-10-16,.,No value available
2011-10-17,7.36937,
2011-10-18,7.51854,
2011-10-19,7.43121,
2011-10-20,7.92074,
2011-10-21,7.57060,
2011-10-22,.,No value available
2011-10-23,.,No value available
2011-10-24,7.54396,
2011-10-25,7.41173,
2011-10-26,7.07252,
2011-10-27,7.02757,
2011-10-28,7.21000,
2011-10-29,.,No value available
2011-10-30,.,No value available
2011-10-31,7.03923,
2011-11-01,7.21954,
2011-11-02,7.38681,
2011-11-03,7.27906,
2011-11-04,7.11873,
2011-11-05,.,No value available
2011-11-06,.,No value available
2011-11-07,7.30245,
2011-11-08,7.32250,
2011-11-09,7.31480,
2011-11-10,7.35050,
2011-11-11,7.29022,
2011-11-12,.,No value available
2011-11-13,.,No value available
2011-11-14,7.16699,
2011-11-15,7.06825,
2011-11-16,7.13198,
2011-11-17,7.18719,
2011-11-18,6.95065,
2011-11-19,.,No value available
2011-11-20,.,No value available
2011-11-21,6.88633,
2011-11-22,6.92040,
2011-11-23,6.86219,
2011-11-24,6.97360,
2011-11-25,6.97125,
2011-11-26,.,No value available
2011-11-27,.,No value available
2011-11-28,6.66107,
2011-11-29,6.87360,
2011-11-30,6.81766,
2011-12-01,6.44177,
2011-12-02,6.39244,
2011-12-03,.,No value available
2011-12-04,.,No value available
2011-12-05,6.40167,
2011-12-06,6.26482,
2011-12-07,6.33131,
2011-12-08,6.37234,
2011-12-09,6.45241,
2011-12-10,.,No value available
2011-12-11,.,No value available
2011-12-12,6.20650,
2011-12-13,6.17883,
2011-12-14,6.14806,
2011-12-15,6.18579,
2011-12-16,6.25279,
2011-12-17,.,No value available
2011-12-18,.,No value available
2011-12-19,6.30328,
2011-12-20,6.24045,
2011-12-21,6.29817,
2011-12-22,6.33089,
2011-12-23,6.35769,
2011-12-24,.,No value available
2011-12-25,.,No value available
2011-12-26,.,No value available
2011-12-27,6.23549,
2011-12-28,6.17288,
2011-12-29,6.20392,
2011-12-30,6.28888,
2011-12-31,.,No value available
2012-01-01,.,No value available
2012-01-02,6.35250,
2012-01-03,6.33867,
2012-01-04,6.38115,
2012-01-05,6.38315,
2012-01-06,6.42146,
2012-01-07,.,No value available
2012-01-08,.,No value available
2012-01-09,6.46924,
2012-01-10,6.37486,
2012-01-11,6.39420,
2012-01-12,6.33463,
2012-01-13,6.22450,
2012-01-14,.,No value available
2012-01-15,.,No value available
2012-01-16,6.25130,
2012-01-17,6.24561,
2012-01-18,6.42816,
2012-01-19,6.44306,
2012-01-20,6.41090,
2012-01-21,.,No value available
2012-01-22,.,No value available
2012-01-23,6.27345,
2012-01-24,6.25540,
2012-01-25,6.23135,
2012-01-26,6.23712,
2012-01-27,6.32509,
2012-01-28,.,No value available
2012-01-29,.,No value available
2012-01-30,6.41449,
2012-01-31,6.42517,
2012-02-01,6.35551,
2012-02-02,6.30320,
2012-02-03,6.37977,
2012-02-04,.,No value available
2012-02-05,.,No value available
2012-02-06,6.29521,
2012-02-07,6.22433,
2012-02-08,6.19498,
2012-02-09,6.28508,
2012-02-10,6.30950,
2012-02-11,.,No value available
2012-02-12,.,No value available
2012-02-13,6.34147,
2012-02-14,6.32808,
2012-02-15,6.25788,
2012-02-16,6.22853,
2012-02-17,6.26330,
2012-02-18,.,No value available
2012-02-19,.,No value available
2012-02-20,6.26005,
2012-02-21,6.21418,
2012-02-22,6.24139,
2012-02-23,6.30572,
2012-02-24,6.27964,
2012-02-25,.,No value available
2012-02-26,.,No value available
2012-02-27,6.23945,
2012-02-28,6.27002,
2012-02-29,6.35576,
2012-03-01,6.27486,
2012-03-02,6.26587,
2012-03-03,.,No value available
2012-03-04,.,No value available
2012-03-05,6.33013,
2012-03-06,6.29431,
2012-03-07,6.33784,
2012-03-08,6.23636,
2012-03-09,6.25950,
2012-03-10,.,No value available
2012-03-11,.,No value available
2012-03-12,6.28272,
2012-03-13,6.32245,
2012-03-14,6.27521,
2012-03-15,6.42109,
2012-03-16,6.43377,
2012-03-17,.,No value available
2012-03-18,.,No value available
2012-03-19,6.46649,
2012-03-20,6.40680,
2012-03-21,6.33895,
2012-03-22,6.37368,
2012-03-23,6.32438,
2012-03-24,.,No value available
2012-03-25,.,No value available
2012-03-26,6.29290,
2012-03-27,6.28817,
2012-03-28,6.31085,
2012-03-29,6.38150,
2012-03-30,6.38633,
2012-03-31,.,No value available
2012-04-01,.,No value available
2012-04-02,6.34549,
2012-04-03,6.32378,
2012-04-04,6.28762,
2012-04-05,6.20267,
2012-04-06,.,No value available
2012-04-07,.,No value available
2012-04-08,.,No value available
2012-04-09,.,No value available
2012-04-10,6.29977,
2012-04-11,6.32127,
2012-04-12,6.35922,
2012-04-13,6.40871,
2012-04-14,.,No value available
2012-04-15,.,No value available
2012-04-16,6.44285,
2012-04-17,6.48212,
2012-04-18,6.45088,
2012-04-19,6.51920,
2012-04-20,6.57881,
2012-04-21,.,No value available
2012-04-22,.,No value available
2012-04-23,6.55596,
2012-04-24,6.69727,
2012-04-25,6.62215,
2012-04-26,6.56053,
2012-04-27,6.59589,
2012-04-28,.,No value available
2012-04-29,.,No value available
2012-04-30,6.53430,
2012-05-01,.,No value available
2012-05-02,6.56391,
2012-05-03,6.63159,
2012-05-04,6.64946,
2012-05-05,.,No value available
2012-05-06,.,No value available
2012-05-07,6.67741,
2012-05-08,6.67340,
2012-05-09,6.71072,
2012-05-10,6.65175,
2012-05-11,6.61503,
2012-05-12,.,No value available
2012-05-13,.,No value available
2012-05-14,6.58331,
2012-05-15,6.62261,
2012-05-16,6.64988,
2012-05-17,6.64182,
2012-05-18,6.64443,
2012-05-19,.,No value available
2012-05-20,.,No value available
2012-05-21,6.63856,
2012-05-22,6.58193,
2012-05-23,6.57123,
2012-05-24,6.39897,
2012-05-25,6.57919,
2012-05-26,.,No value available
2012-05-27,.,No value available
2012-05-28,6.53954,
2012-05-29,6.42934,
2012-05-30,6.31970,
2012-05-31,6.37022,
2012-06-01,6.28792,
2012-06-02,.,No value available
2012-06-03,.,No value available
2012-06-04,6.26502,
2012-06-05,6.29106,
2012-06-06,6.37115,
2012-06-07,6.48848,
2012-06-08,6.49550,
2012-06-09,.,No value available
2012-06-10,.,No value available
2012-06-11,6.56970,
2012-06-12,6.72932,
2012-06-13,6.82780,
2012-06-14,6.87844,
2012-06-15,6.76229,
2012-06-16,.,No value available
2012-06-17,.,No value available
2012-06-18,6.36471,
2012-06-19,6.60956,
2012-06-20,6.49594,
2012-06-21,6.76251,
2012-06-22,6.12050,
2012-06-23,.,No value available
2012-06-24,.,No value available
2012-06-25,6.25559,
2012-06-26,6.56926,
2012-06-27,6.66294,
2012-06-28,6.77948,
2012-06-29,6.77502,
2012-06-30,.,No value available
2012-07-01,.,No value available
2012-07-02,6.78547,
2012-07-03,6.94965,
2012-07-04,6.94530,
2012-07-05,7.05570,
2012-07-06,7.04975,
2012-07-07,.,No value available
2012-07-08,.,No value available
2012-07-09,7.10360,
2012-07-10,6.86289,
2012-07-11,6.83457,
2012-07-12,6.78644,
2012-07-13,6.59293,
2012-07-14,.,No value available
2012-07-15,.,No value available
2012-07-16,6.43407,
2012-07-17,6.53109,
2012-07-18,6.43345,
2012-07-19,6.34387,
2012-07-20,6.39067,
2012-07-21,.,No value available
2012-07-22,.,No value available
2012-07-23,6.85631,
2012-07-24,6.50080,
2012-07-25,6.22241,
2012-07-26,6.47508,
2012-07-27,6.20755,
2012-07-28,.,No value available
2012-07-29,.,No value available
2012-07-30,5.91533,
2012-07-31,5.97788,
2012-08-01,5.78326,
2012-08-02,5.73654,
2012-08-03,5.85255,
2012-08-04,.,No value available
2012-08-05,.,No value available
2012-08-06,5.57561,
2012-08-07,5.43931,
2012-08-08,5.42861,
2012-08-09,5.57818,
2012-08-10,5.63247,
2012-08-11,.,No value available
2012-08-12,.,No value available
2012-08-13,5.69679,
2012-08-14,5.67757,
2012-08-15,5.42133,
2012-08-16,5.29444,
2012-08-17,5.25203,
2012-08-18,.,No value available
2012-08-19,.,No value available
2012-08-20,5.18070,
2012-08-21,5.26493,
2012-08-22,5.33105,
2012-08-23,5.64210,
2012-08-24,5.71542,
2012-08-25,.,No value available
2012-08-26,.,No value available
2012-08-27,5.95112,
2012-08-28,5.82801,
2012-08-29,6.14866,
2012-08-30,5.94628,
2012-08-31,5.79865,
2012-09-01,.,No value available
2012-09-02,.,No value available
2012-09-03,5.66522,
2012-09-04,5.56276,
2012-09-05,5.60962,
2012-09-06,5.90964,
2012-09-07,6.06724,
2012-09-08,.,No value available
2012-09-09,.,No value available
2012-09-10,6.21055,
2012-09-11,4.99659,
2012-09-12,4.82860,
2012-09-13,4.93136,
2012-09-14,5.16112,
2012-09-15,.,No value available
2012-09-16,.,No value available
2012-09-17,4.79482,
2012-09-18,5.52856,
2012-09-19,4.24198,
2012-09-20,4.78493,
2012-09-21,5.94803,
2012-09-22,.,No value available
2012-09-23,.,No value available
2012-09-24,6.14649,
2012-09-25,6.23325,
2012-09-26,6.40506,
2012-09-27,6.46150,
2012-09-28,6.57379,
2012-09-29,.,No value available
2012-09-30,.,No value available
2012-10-01,6.33644,
2012-10-02,6.13461,
2012-10-03,6.18463,
2012-10-04,6.02042,
2012-10-05,6.15044,
2012-10-06,.,No value available
2012-10-07,.,No value available
2012-10-08,6.10851,
2012-10-09,6.10851,
2012-10-10,6.10851,
2012-10-11,6.13995,
2012-10-12,5.90369,
2012-10-13,.,No value available
2012-10-14,.,No value available
2012-10-15,5.96631,
2012-10-16,5.96546,
2012-10-17,5.74989,
2012-10-18,5.79201,
2012-10-19,4.88640,
2012-10-20,.,No value available
2012-10-21,.,No value available
2012-10-22,4.88640,
2012-10-23,4.88640,
2012-10-24,4.96860,
2012-10-25,4.87736,
2012-10-26,4.87271,
2012-10-27,.,No value available
2012-10-28,.,No value available
2012-10-29,4.85939,
2012-10-30,4.85011,
2012-10-31,4.79079,
2012-11-01,4.74507,
2012-11-02,4.77762,
2012-11-03,.,No value available
2012-11-04,.,No value available
2012-11-05,4.73638,
2012-11-06,4.72546,
2012-11-07,4.71931,
2012-11-08,4.81388,
2012-11-09,4.92882,
2012-11-10,.,No value available
2012-11-11,.,No value available
2012-11-12,4.93298,
2012-11-13,4.95775,
2012-11-14,4.92878,
2012-11-15,5.03107,
2012-11-16,5.03981,
2012-11-17,.,No value available
2012-11-18,.,No value available
2012-11-19,4.99778,
2012-11-20,4.92614,
2012-11-21,4.91915,
2012-11-22,4.88504,
2012-11-23,4.88261,
2012-11-24,.,No value available
2012-11-25,.,No value available
2012-11-26,4.88261,
2012-11-27,4.88582,
2012-11-28,4.17198,
2012-11-29,5.02487,
2012-11-30,5.10986,
2012-12-01,.,No value available
2012-12-02,.,No value available
2012-12-03,5.10715,
2012-12-04,5.17602,
2012-12-05,5.12067,
2012-12-06,5.20343,
2012-12-07,5.08081,
2012-12-08,.,No value available
2012-12-09,.,No value available
2012-12-10,5.15243,
2012-12-11,5.09110,
2012-12-12,4.99134,
2012-12-13,4.83540,
2012-12-14,4.82567,
2012-12-15,.,No value available
2012-12-16,.,No value available
2012-12-17,4.79961,
2012-12-18,4.84285,
2012-12-19,4.75578,
2012-12-20,4.94881,
2012-12-21,4.86041,
2012-12-22,.,No value available
2012-12-23,.,No value available
2012-12-24,.,No value available
2012-12-25,.,No value available
2012-12-26,.,No value available
2012-12-27,5.05877,
2012-12-28,4.98562,
2012-12-29,.,No value available
2012-12-30,.,No value available
2012-12-31,.,No value available
2013-01-01,.,No value available
2013-01-02,4.78932,
2013-01-03,4.83381,
2013-01-04,4.86608,
2013-01-05,.,No value available
2013-01-06,.,No value available
2013-01-07,4.90618,
2013-01-08,4.85542,
2013-01-09,4.69474,
2013-01-10,4.86058,
2013-01-11,4.90671,
2013-01-12,.,No value available
2013-01-13,.,No value available
2013-01-14,5.02580,
2013-01-15,5.09246,
2013-01-16,5.70614,
2013-01-17,5.94763,
2013-01-18,5.97092,
2013-01-19,.,No value available
2013-01-20,.,No value available
2013-01-21,6.01312,
2013-01-22,6.07882,
2013-01-23,5.97196,
2013-01-24,5.94852,
2013-01-25,6.06632,
2013-01-26,.,No value available
2013-01-27,.,No value available
2013-01-28,6.30761,
2013-01-29,6.34594,
2013-01-30,6.39934,
2013-01-31,6.12273,
2013-02-01,6.05901,
2013-02-02,.,No value available
2013-02-03,.,No value available
2013-02-04,5.93625,
2013-02-05,5.99246,
2013-02-06,5.97138,
2013-02-07,5.98728,
2013-02-08,5.84804,
2013-02-09,.,No value available
2013-02-10,.,No value available
2013-02-11,5.90255,
2013-02-12,5.93901,
2013-02-13,5.27922,
2013-02-14,5.24891,
2013-02-15,5.23504,
2013-02-16,.,No value available
2013-02-17,.,No value available
2013-02-18,5.20622,
2013-02-19,5.26406,
2013-02-20,5.29881,
2013-02-21,5.53199,
2013-02-22,5.53437,
2013-02-23,.,No value available
2013-02-24,.,No value available
2013-02-25,5.22720,
2013-02-26,5.31469,
2013-02-27,5.36219,
2013-02-28,5.31097,
2013-03-01,5.28033,
2013-03-02,.,No value available
2013-03-03,.,No value available
2013-03-04,5.30880,
2013-03-05,5.30663,
2013-03-06,5.26426,
2013-03-07,5.25871,
2013-03-08,5.31652,
2013-03-09,.,No value available
2013-03-10,.,No value available
2013-03-11,5.28582,
2013-03-12,5.34112,
2013-03-13,5.25411,
2013-03-14,5.26425,
2013-03-15,5.30418,
2013-03-16,.,No value available
2013-03-17,.,No value available
2013-03-18,5.26594,
2013-03-19,5.25204,
2013-03-20,5.24836,
2013-03-21,5.27661,
2013-03-22,5.29347,
2013-03-23,.,No value available
2013-03-24,.,No value available
2013-03-25,5.29378,
2013-03-26,5.34934,
2013-03-27,5.30488,
2013-03-28,5.32676,
2013-03-29,.,No value available
2013-03-30,.,No value available
2013-03-31,.,No value available
2013-04-01,.,No value available
2013-04-02,5.44693,
2013-04-03,7.17743,
2013-04-04,7.26049,
2013-04-05,7.23194,
2013-04-06,.,No value available
2013-04-07,.,No value available
2013-04-08,7.10702,
2013-04-09,7.24343,
2013-04-10,5.54820,
2013-04-11,5.58774,
2013-04-12,5.53940,
2013-04-13,.,No value available
2013-04-14,.,No value available
2013-04-15,5.60042,
2013-04-16,5.56945,
2013-04-17,5.56717,
2013-04-18,5.67162,
2013-04-19,5.63290,
2013-04-20,.,No value available
2013-04-21,.,No value available
2013-04-22,5.61720,
2013-04-23,5.65678,
2013-04-24,5.44748,
2013-04-25,5.52419,
2013-04-26,5.59912,
2013-04-27,.,No value available
2013-04-28,.,No value available
2013-04-29,5.63090,
2013-04-30,5.67910,
2013-05-01,.,No value available
2013-05-02,5.68502,
2013-05-03,5.62336,
2013-05-04,.,No value available
2013-05-05,.,No value available
2013-05-06,5.65120,
2013-05-07,5.58791,
2013-05-08,5.64153,
2013-05-09,5.60855,
2013-05-10,5.54667,
2013-05-11,.,No value available
2013-05-12,.,No value available
2013-05-13,5.50637,
2013-05-14,5.51172,
2013-05-15,5.45486,
2013-05-16,5.43224,
2013-05-17,5.40039,
2013-05-18,.,No value available
2013-05-19,.,No value available
2013-05-20,5.34363,
2013-05-21,5.39017,
2013-05-22,5.35021,
2013-05-23,5.38855,
2013-05-24,5.38320,
2013-05-25,.,No value available
2013-05-26,.,No value available
2013-05-27,5.42174,
2013-05-28,5.40181,
2013-05-29,5.47707,
2013-05-30,5.52738,
2013-05-31,5.48369,
2013-06-01,.,No value available
2013-06-02,.,No value available
2013-06-03,5.55813,
2013-06-04,5.60469,
2013-06-05,5.58600,
2013-06-06,5.57017,
2013-06-07,5.72117,
2013-06-08,.,No value available
2013-06-09,.,No value available
2013-06-10,5.82676,
2013-06-11,7.46894,
2013-06-12,7.35792,
2013-06-13,7.35168,
2013-06-14,7.31053,
2013-06-15,.,No value available
2013-06-16,.,No value available
2013-06-17,7.34100,
2013-06-18,7.37885,
2013-06-19,7.44703,
2013-06-20,7.54692,
2013-06-21,7.50593,
2013-06-22,.,No value available
2013-06-23,.,No value available
2013-06-24,7.09423,
2013-06-25,6.74414,
2013-06-26,6.67717,
2013-06-27,6.73052,
2013-06-28,6.76343,
2013-06-29,.,No value available
2013-06-30,.,No value available
2013-07-01,6.77830,
2013-07-02,6.97600,
2013-07-03,6.93603,
2013-07-04,7.02223,
2013-07-05,6.91402,
2013-07-06,.,No value available
2013-07-07,.,No value available
2013-07-08,6.78844,
2013-07-09,6.80591,
2013-07-10,6.80133,
2013-07-11,6.94334,
2013-07-12,6.98387,
2013-07-13,.,No value available
2013-07-14,.,No value available
2013-07-15,7.04549,
2013-07-16,7.01167,
2013-07-17,6.98996,
2013-07-18,7.00986,
2013-07-19,7.02559,
2013-07-20,.,No value available
2013-07-21,.,No value available
2013-07-22,7.05511,
2013-07-23,7.07601,
2013-07-24,7.07715,
2013-07-25,6.95307,
2013-07-26,7.01240,
2013-07-27,.,No value available
2013-07-28,.,No value available
2013-07-29,7.01240,
2013-07-30,7.01967,
2013-07-31,6.95210,
2013-08-01,6.92031,
2013-08-02,6.95004,
2013-08-03,.,No value available
2013-08-04,.,No value available
2013-08-05,7.01533,
2013-08-06,6.93999,
2013-08-07,6.91441,
2013-08-08,6.91441,
2013-08-09,6.91441,
2013-08-10,.,No value available
2013-08-11,.,No value available
2013-08-12,6.89090,
2013-08-13,6.92497,
2013-08-14,6.91887,
2013-08-15,6.94435,
2013-08-16,6.80229,
2013-08-17,.,No value available
2013-08-18,.,No value available
2013-08-19,6.80229,
2013-08-20,6.82796,
2013-08-21,6.56949,
2013-08-22,6.41280,
2013-08-23,6.69034,
2013-08-24,.,No value available
2013-08-25,.,No value available
2013-08-26,6.52675,
2013-08-27,7.78324,
2013-08-28,8.12379,
2013-08-29,7.43602,
2013-08-30,6.58786,
2013-08-31,.,No value available
2013-09-01,.,No value available
2013-09-02,7.52442,
2013-09-03,7.62732,
2013-09-04,6.77921,
2013-09-05,6.71025,
2013-09-06,6.66899,
2013-09-07,.,No value available
2013-09-08,.,No value available
2013-09-09,6.70735,
2013-09-10,6.65962,
2013-09-11,6.61636,
2013-09-12,6.61245,
2013-09-13,6.61095,
2013-09-14,.,No value available
2013-09-15,.,No value available
2013-09-16,6.65329,
2013-09-17,6.70434,
2013-09-18,6.67580,
2013-09-19,6.74154,
2013-09-20,6.78645,
2013-09-21,.,No value available
2013-09-22,.,No value available
2013-09-23,6.70245,
2013-09-24,6.72240,
2013-09-25,6.79189,
2013-09-26,6.81372,
2013-09-27,6.75280,
2013-09-28,.,No value available
2013-09-29,.,No value available
2013-09-30,6.79861,
2013-10-01,6.92825,
2013-10-02,6.90536,
2013-10-03,6.88709,
2013-10-04,6.95861,
2013-10-05,.,No value available
2013-10-06,.,No value available
2013-10-07,6.93921,
2013-10-08,6.96896,
2013-10-09,7.00457,
2013-10-10,6.98211,
2013-10-11,6.91409,
2013-10-12,.,No value available
2013-10-13,.,No value available
2013-10-14,6.90994,
2013-10-15,6.91771,
2013-10-16,6.90125,
2013-10-17,6.93610,
2013-10-18,6.93902,
2013-10-19,.,No value available
2013-10-20,.,No value available
2013-10-21,6.98768,
2013-10-22,6.94178,
2013-10-23,6.95781,
2013-10-24,7.00138,
2013-10-25,7.02437,
2013-10-26,.,No value available
2013-10-27,.,No value available
2013-10-28,7.06195,
2013-10-29,7.06742,
2013-10-30,7.04872,
2013-10-31,7.05592,
2013-11-01,6.93630,
2013-11-02,.,No value available
2013-11-03,.,No value available
2013-11-04,6.92073,
2013-11-05,6.97124,
2013-11-06,6.96385,
2013-11-07,6.95213,
2013-11-08,6.91426,
2013-11-09,.,No value available
2013-11-10,.,No value available
2013-11-11,6.81027,
2013-11-12,6.77289,
2013-11-13,6.81089,
2013-11-14,6.86263,
2013-11-15,6.88265,
2013-11-16,.,No value available
2013-11-17,.,No value available
2013-11-18,6.88638,
2013-11-19,6.88638,
2013-11-20,6.83575,
2013-11-21,6.78249,
2013-11-22,6.75654,
2013-11-23,.,No value available
2013-11-24,.,No value available
2013-11-25,6.79497,
2013-11-26,6.79497,
2013-11-27,6.85330,
2013-11-28,6.85920,
2013-11-29,6.81678,
2013-11-30,.,No value available
2013-12-01,.,No value available
2013-12-02,6.74231,
2013-12-03,6.70608,
2013-12-04,6.70608,
2013-12-05,6.70161,
2013-12-06,6.74068,
2013-12-07,.,No value available
2013-12-08,.,No value available
2013-12-09,6.74068,
2013-12-10,6.77995,
2013-12-11,6.77995,
2013-12-12,6.77995,
2013-12-13,6.65830,
2013-12-14,.,No value available
2013-12-15,.,No value available
2013-12-16,6.65830,
2013-12-17,6.65830,
2013-12-18,6.51784,
2013-12-19,6.53645,
2013-12-20,7.75062,
2013-12-21,.,No value available
2013-12-22,.,No value available
2013-12-23,7.82167,
2013-12-24,.,No value available
2013-12-25,.,No value available
2013-12-26,.,No value available
2013-12-27,7.78131,
2013-12-28,.,No value available
2013-12-29,.,No value available
2013-12-30,8.88643,
2013-12-31,.,No value available
2014-01-01,.,No value available
2014-01-02,8.93834,
2014-01-03,8.85347,
2014-01-04,.,No value available
2014-01-05,.,No value available
2014-01-06,8.44362,
2014-01-07,7.91519,
2014-01-08,7.90561,
2014-01-09,8.50260,
2014-01-10,8.55278,
2014-01-11,.,No value available
2014-01-12,.,No value available
2014-01-13,8.08273,
2014-01-14,7.14964,
2014-01-15,7.51245,
2014-01-16,6.99226,
2014-01-17,6.36069,
2014-01-18,.,No value available
2014-01-19,.,No value available
2014-01-20,6.25183,
2014-01-21,6.25183,
2014-01-22,6.25183,
2014-01-23,6.25183,
2014-01-24,6.54672,
2014-01-25,.,No value available
2014-01-26,.,No value available
2014-01-27,6.54672,
2014-01-28,6.31829,
2014-01-29,6.38640,
2014-01-30,6.26572,
2014-01-31,6.37529,
2014-02-01,.,No value available
2014-02-02,.,No value available
2014-02-03,6.37529,
2014-02-04,6.56058,
2014-02-05,6.93967,
2014-02-06,6.79494,
2014-02-07,6.79494,
2014-02-08,.,No value available
2014-02-09,.,No value available
2014-02-10,6.79494,
2014-02-11,6.79494,
2014-02-12,6.87151,
2014-02-13,6.51188,
2014-02-14,6.51188,
2014-02-15,.,No value available
2014-02-16,.,No value available
2014-02-17,6.68784,
2014-02-18,6.58549,
2014-02-19,6.80877,
2014-02-20,4.82516,
2014-02-21,4.82516,
2014-02-22,.,No value available
2014-02-23,.,No value available
2014-02-24,4.82516,
2014-02-25,5.14436,
2014-02-26,4.95159,
2014-02-27,4.99241,
2014-02-28,5.10618,
2014-03-01,.,No value available
2014-03-02,.,No value available
2014-03-03,5.06565,
2014-03-04,5.05948,
2014-03-05,5.00592,
2014-03-06,4.99532,
2014-03-07,5.09671,
2014-03-08,.,No value available
2014-03-09,.,No value available
2014-03-10,5.18465,
2014-03-11,5.11562,
2014-03-12,5.12835,
2014-03-13,5.16536,
2014-03-14,5.17343,
2014-03-15,.,No value available
2014-03-16,.,No value available
2014-03-17,5.22562,
2014-03-18,5.16643,
2014-03-19,5.15931,
2014-03-20,5.07065,
2014-03-21,5.18129,
2014-03-22,.,No value available
2014-03-23,.,No value available
2014-03-24,5.12453,
2014-03-25,5.19006,
2014-03-26,5.16498,
2014-03-27,5.24263,
2014-03-28,5.13695,
2014-03-29,.,No value available
2014-03-30,.,No value available
2014-03-31,5.16306,
2014-04-01,5.11257,
2014-04-02,5.05994,
2014-04-03,5.07111,
2014-04-04,5.14616,
2014-04-05,.,No value available
2014-04-06,.,No value available
2014-04-07,5.23735,
2014-04-08,5.27970,
2014-04-09,5.16901,
2014-04-10,5.25832,
2014-04-11,6.68585,
2014-04-12,.,No value available
2014-04-13,.,No value available
2014-04-14,6.69962,
2014-04-15,6.63624,
2014-04-16,6.62057,
2014-04-17,6.72039,
2014-04-18,.,No value available
2014-04-19,.,No value available
2014-04-20,.,No value available
2014-04-21,.,No value available
2014-04-22,6.80535,
2014-04-23,6.72232,
2014-04-24,6.84282,
2014-04-25,6.65188,
2014-04-26,.,No value available
2014-04-27,.,No value available
2014-04-28,6.68649,
2014-04-29,6.54968,
2014-04-30,6.63891,
2014-05-01,.,No value available
2014-05-02,6.58877,
2014-05-03,.,No value available
2014-05-04,.,No value available
2014-05-05,6.49863,
2014-05-06,6.61374,
2014-05-07,6.59805,
2014-05-08,6.58008,
2014-05-09,6.60329,
2014-05-10,.,No value available
2014-05-11,.,No value available
2014-05-12,6.75404,
2014-05-13,6.86180,
2014-05-14,6.79458,
2014-05-15,7.10487,
2014-05-16,7.09242,
2014-05-17,.,No value available
2014-05-18,.,No value available
2014-05-19,7.03566,
2014-05-20,7.05097,
2014-05-21,6.85643,
2014-05-22,6.81758,
2014-05-23,6.75885,
2014-05-24,.,No value available
2014-05-25,.,No value available
2014-05-26,6.78200,
2014-05-27,6.81624,
2014-05-28,6.94756,
2014-05-29,7.20472,
2014-05-30,7.21883,
2014-05-31,.,No value available
2014-06-01,.,No value available
2014-06-02,7.25287,
2014-06-03,7.23313,
2014-06-04,7.07457,
2014-06-05,7.13494,
2014-06-06,7.30765,
2014-06-07,.,No value available
2014-06-08,.,No value available
2014-06-09,7.35486,
2014-06-10,7.32839,
2014-06-11,7.24490,
2014-06-12,7.27572,
2014-06-13,7.36497,
2014-06-14,.,No value available
2014-06-15,.,No value available
2014-06-16,7.32828,
2014-06-17,7.35005,
2014-06-18,7.29669,
2014-06-19,7.34354,
2014-06-20,7.36088,
2014-06-21,.,No value available
2014-06-22,.,No value available
2014-06-23,7.39203,
2014-06-24,7.42739,
2014-06-25,7.40989,
2014-06-26,7.47145,
2014-06-27,7.49098,
2014-06-28,.,No value available
2014-06-29,.,No value available
2014-06-30,7.49958,
2014-07-01,7.43060,
2014-07-02,7.45880,
2014-07-03,7.37863,
2014-07-04,7.42716,
2014-07-05,.,No value available
2014-07-06,.,No value available
2014-07-07,7.46892,
2014-07-08,7.49146,
2014-07-09,7.46201,
2014-07-10,7.50827,
2014-07-11,7.44692,
2014-07-12,.,No value available
2014-07-13,.,No value available
2014-07-14,7.46708,
2014-07-15,7.48034,
2014-07-16,7.43199,
2014-07-17,7.49300,
2014-07-18,7.55413,
2014-07-19,.,No value available
2014-07-20,.,No value available
2014-07-21,7.50706,
2014-07-22,7.58689,
2014-07-23,7.54126,
2014-07-24,7.53732,
2014-07-25,7.53580,
2014-07-26,.,No value available
2014-07-27,.,No value available
2014-07-28,7.56793,
2014-07-29,7.53274,
2014-07-30,7.53611,
2014-07-31,7.54361,
2014-08-01,7.54857,
2014-08-02,.,No value available
2014-08-03,.,No value available
2014-08-04,7.59879,
2014-08-05,7.51427,
2014-08-06,7.50415,
2014-08-07,7.49401,
2014-08-08,5.96339,
2014-08-09,.,No value available
2014-08-10,.,No value available
2014-08-11,5.94217,
2014-08-12,5.94410,
2014-08-13,5.92361,
2014-08-14,5.97725,
2014-08-15,5.99189,
2014-08-16,.,No value available
2014-08-17,.,No value available
2014-08-18,6.01103,
2014-08-19,5.97220,
2014-08-20,5.99160,
2014-08-21,5.96645,
2014-08-22,6.01965,
2014-08-23,.,No value available
2014-08-24,.,No value available
2014-08-25,6.04760,
2014-08-26,6.09547,
2014-08-27,6.14116,
2014-08-28,6.19943,
2014-08-29,6.26854,
2014-08-30,.,No value available
2014-08-31,.,No value available
2014-09-01,6.19523,
2014-09-02,6.18291,
2014-09-03,6.14099,
2014-09-04,6.17314,
2014-09-05,6.13171,
2014-09-06,.,No value available
2014-09-07,.,No value available
2014-09-08,6.17536,
2014-09-09,6.13972,
2014-09-10,6.05353,
2014-09-11,6.07763,
2014-09-12,6.01299,
2014-09-13,.,No value available
2014-09-14,.,No value available
2014-09-15,5.98154,
2014-09-16,6.03920,
2014-09-17,6.04131,
2014-09-18,5.98140,
2014-09-19,6.01528,
2014-09-20,.,No value available
2014-09-21,.,No value available
2014-09-22,6.15005,
2014-09-23,6.11547,
2014-09-24,6.09874,
2014-09-25,6.13371,
2014-09-26,6.18432,
2014-09-27,.,No value available
2014-09-28,.,No value available
2014-09-29,6.07691,
2014-09-30,6.10066,
2014-10-01,6.09399,
2014-10-02,6.15446,
2014-10-03,.,No value available
2014-10-04,.,No value available
2014-10-05,.,No value available
2014-10-06,6.18314,
2014-10-07,6.19463,
2014-10-08,6.24024,
2014-10-09,6.28939,
2014-10-10,6.27807,
2014-10-11,.,No value available
2014-10-12,.,No value available
2014-10-13,6.36197,
2014-10-14,6.43327,
2014-10-15,1.66800,
2014-10-16,1.68669,
2014-10-17,1.66638,
2014-10-18,.,No value available
2014-10-19,.,No value available
2014-10-20,1.71696,
2014-10-21,1.84828,
2014-10-22,1.85457,
2014-10-23,1.83180,
2014-10-24,1.83627,
2014-10-25,.,No value available
2014-10-26,.,No value available
2014-10-27,1.83050,
2014-10-28,1.82320,
2014-10-29,1.84224,
2014-10-30,1.80956,
2014-10-31,1.82828,
2014-11-01,.,No value available
2014-11-02,.,No value available
2014-11-03,1.80350,
2014-11-04,1.83260,
2014-11-05,1.84968,
2014-11-06,1.85456,
2014-11-07,1.85408,
2014-11-08,.,No value available
2014-11-09,.,No value available
2014-11-10,1.84656,
2014-11-11,1.84664,
2014-11-12,1.85567,
2014-11-13,1.85600,
2014-11-14,1.67551,
2014-11-15,.,No value available
2014-11-16,.,No value available
2014-11-17,1.69307,
2014-11-18,1.69502,
2014-11-19,1.69741,
2014-11-20,1.72674,
2014-11-21,1.71904,
2014-11-22,.,No value available
2014-11-23,.,No value available
2014-11-24,1.72488,
2014-11-25,1.76960,
2014-11-26,1.76792,
2014-11-27,1.77571,
2014-11-28,1.79106,
2014-11-29,.,No value available
2014-11-30,.,No value available
2014-12-01,1.79967,
2014-12-02,1.80370,
2014-12-03,1.79701,
2014-12-04,1.93095,
2014-12-05,1.90307,
2014-12-06,.,No value available
2014-12-07,.,No value available
2014-12-08,1.92435,
2014-12-09,1.96394,
2014-12-10,1.92076,
2014-12-11,1.93761,
2014-12-12,1.94828,
2014-12-13,.,No value available
2014-12-14,.,No value available
2014-12-15,1.96041,
2014-12-16,1.96683,
2014-12-17,2.01018,
2014-12-18,2.03076,
2014-12-19,2.02048,
2014-12-20,.,No value available
2014-12-21,.,No value available
2014-12-22,2.03967,
2014-12-23,2.03416,
2014-12-24,.,No value available
2014-12-25,.,No value available
2014-12-26,.,No value available
2014-12-27,.,No value available
2014-12-28,.,No value available
2014-12-29,2.00373,
2014-12-30,1.99969,
2014-12-31,.,No value available
2015-01-01,.,No value available
2015-01-02,1.87533,
2015-01-03,.,No value available
2015-01-04,.,No value available
2015-01-05,1.96055,
2015-01-06,1.93146,
2015-01-07,1.95156,
2015-01-08,1.67076,
2015-01-09,1.81579,
2015-01-10,.,No value available
2015-01-11,.,No value available
2015-01-12,1.67203,
2015-01-13,1.66960,
2015-01-14,1.82500,
2015-01-15,1.69379,
2015-01-16,1.83070,
2015-01-17,.,No value available
2015-01-18,.,No value available
2015-01-19,1.86384,
2015-01-20,1.87153,
2015-01-21,1.88657,
2015-01-22,1.88271,
2015-01-23,2.02288,
2015-01-24,.,No value available
2015-01-25,.,No value available
2015-01-26,2.03893,
2015-01-27,2.12830,
2015-01-28,2.12830,
2015-01-29,2.05470,
2015-01-30,2.05735,
2015-01-31,.,No value available
2015-02-01,.,No value available
2015-02-02,2.00245,
2015-02-03,1.89012,
2015-02-04,2.50548,
2015-02-05,2.42326,
2015-02-06,2.37354,
2015-02-07,.,No value available
2015-02-08,.,No value available
2015-02-09,2.37232,
2015-02-10,2.33652,
2015-02-11,2.33652,
2015-02-12,2.33652,
2015-02-13,2.34073,
2015-02-14,.,No value available
2015-02-15,.,No value available
2015-02-16,2.32753,
2015-02-17,2.32753,
2015-02-18,2.38803,
2015-02-19,2.42177,
2015-02-20,2.42144,
2015-02-21,.,No value available
2015-02-22,.,No value available
2015-02-23,2.47802,
2015-02-24,2.47809,
2015-02-25,8.83361,
2015-02-26,6.95937,
2015-02-27,6.86142,
2015-02-28,.,No value available
2015-03-01,.,No value available
2015-03-02,7.01959,
2015-03-03,7.05700,
2015-03-04,6.88462,
2015-03-05,6.82026,
2015-03-06,6.84913,
2015-03-07,.,No value available
2015-03-08,.,No value available
2015-03-09,6.92354,
2015-03-10,6.54379,
2015-03-11,4.95191,
2015-03-12,5.64325,
2015-03-13,0.21373,
2015-03-14,.,No value available
2015-03-15,.,No value available
2015-03-16,0.18268,
2015-03-17,1.44761,
2015-03-18,1.58864,
2015-03-19,1.80892,
2015-03-20,1.71423,
2015-03-21,.,No value available
2015-03-22,.,No value available
2015-03-23,1.82470,
2015-03-24,1.80458,
2015-03-25,1.80458,
2015-03-26,1.73876,
2015-03-27,1.85463,
2015-03-28,.,No value available
2015-03-29,.,No value available
2015-03-30,1.94465,
2015-03-31,1.89699,
2015-04-01,2.01633,
2015-04-02,2.01633,
2015-04-03,.,No value available
2015-04-04,.,No value available
2015-04-05,.,No value available
2015-04-06,.,No value available
2015-04-07,2.04284,
2015-04-08,2.09011,
2015-04-09,0.20874,
2015-04-10,0.20874,
2015-04-11,.,No value available
2015-04-12,.,No value available
2015-04-13,0.21968,
2015-04-14,0.20909,
2015-04-15,0.22610,
2015-04-16,3.18932,
2015-04-17,3.97071,
2015-04-18,.,No value available
2015-04-19,.,No value available
2015-04-20,3.97071,
2015-04-21,3.97071,
2015-04-22,5.32448,
2015-04-23,6.10677,
2015-04-24,5.53306,
2015-04-25,.,No value available
2015-04-26,.,No value available
2015-04-27,5.69505,
2015-04-28,3.57137,
2015-04-29,3.56179,
2015-04-30,10.62628,
2015-05-01,.,No value available
2015-05-02,.,No value available
2015-05-03,.,No value available
2015-05-04,0.66414,
2015-05-05,5.18556,
2015-05-06,10.37112,
2015-05-07,4.79745,
2015-05-08,4.35858,
2015-05-09,.,No value available
2015-05-10,.,No value available
2015-05-11,4.53133,
2015-05-12,4.52548,
2015-05-13,5.06953,
2015-05-14,4.54272,
2015-05-15,4.59880,
2015-05-16,.,No value available
2015-05-17,.,No value available
2015-05-18,4.59880,
2015-05-19,4.92865,
2015-05-20,4.61757,
2015-05-21,5.23575,
2015-05-22,4.62674,
2015-05-23,.,No value available
2015-05-24,.,No value available
2015-05-25,.,No value available
2015-05-26,4.58355,
2015-05-27,4.69494,
2015-05-28,5.46276,
2015-05-29,5.78670,
2015-05-30,.,No value available
2015-05-31,.,No value available
2015-06-01,6.05759,
2015-06-02,5.30094,
2015-06-03,4.97953,
2015-06-04,3.86311,
2015-06-05,4.77785,
2015-06-06,.,No value available
2015-06-07,.,No value available
2015-06-08,5.10039,
2015-06-09,4.22075,
2015-06-10,4.33870,
2015-06-11,4.63935,
2015-06-12,4.77624,
2015-06-13,.,No value available
2015-06-14,.,No value available
2015-06-15,5.10894,
2015-06-16,5.17446,
2015-06-17,5.13578,
2015-06-18,5.38581,
2015-06-19,5.15719,
2015-06-20,.,No value available
2015-06-21,.,No value available
2015-06-22,6.62611,
2015-06-23,6.04878,
2015-06-24,6.26613,
2015-06-25,6.25782,
2015-06-26,6.43520,
2015-06-27,.,No value available
2015-06-28,.,No value available
2015-06-29,6.40965,
2015-06-30,6.65600,
2015-07-01,7.94548,
2015-07-02,6.93779,
2015-07-03,6.80813,
2015-07-04,.,No value available
2015-07-05,.,No value available
2015-07-06,6.62171,
2015-07-07,6.64181,
2015-07-08,6.27559,
2015-07-09,5.91753,
2015-07-10,5.76539,
2015-07-11,.,No value available
2015-07-12,.,No value available
2015-07-13,6.04294,
2015-07-14,6.12277,
2015-07-15,6.12939,
2015-07-16,6.45896,
2015-07-17,6.31258,
2015-07-18,.,No value available
2015-07-19,.,No value available
2015-07-20,6.20973,
2015-07-21,6.14615,
2015-07-22,7.43280,
2015-07-23,6.16935,
2015-07-24,6.33115,
2015-07-25,.,No value available
2015-07-26,.,No value available
2015-07-27,6.31762,
2015-07-28,6.88124,
2015-07-29,6.81589,
2015-07-30,6.07524,
2015-07-31,7.70390,
2015-08-01,.,No value available
2015-08-02,.,No value available
2015-08-03,6.64387,
2015-08-04,6.73132,
2015-08-05,6.49922,
2015-08-06,6.32655,
2015-08-07,6.71864,
2015-08-08,.,No value available
2015-08-09,.,No value available
2015-08-10,6.42059,
2015-08-11,6.29361,
2015-08-12,7.56251,
2015-08-13,7.25768,
2015-08-14,7.25768,
2015-08-15,.,No value available
2015-08-16,.,No value available
2015-08-17,7.04095,
2015-08-18,5.24781,
2015-08-19,5.86249,
2015-08-20,6.10789,
2015-08-21,6.18211,
2015-08-22,.,No value available
2015-08-23,.,No value available
2015-08-24,6.20040,
2015-08-25,4.36110,
2015-08-26,5.38391,
2015-08-27,5.32018,
2015-08-28,5.46717,
2015-08-29,.,No value available
2015-08-30,.,No value available
2015-08-31,5.46717,
2015-09-01,5.81243,
2015-09-02,5.80070,
2015-09-03,5.66098,
2015-09-04,5.93459,
2015-09-05,.,No value available
2015-09-06,.,No value available
2015-09-07,5.98643,
2015-09-08,6.44504,
2015-09-09,6.36782,
2015-09-10,6.35680,
2015-09-11,6.37559,
2015-09-12,.,No value available
2015-09-13,.,No value available
2015-09-14,6.44130,
2015-09-15,6.36135,
2015-09-16,6.21598,
2015-09-17,6.28752,
2015-09-18,6.33227,
2015-09-19,.,No value available
2015-09-20,.,No value available
2015-09-21,6.33227,
2015-09-22,6.38395,
2015-09-23,6.37936,
2015-09-24,6.39173,
2015-09-25,6.41110,
2015-09-26,.,No value available
2015-09-27,.,No value available
2015-09-28,6.38872,
2015-09-29,6.43610,
2015-09-30,6.45672,
2015-10-01,6.64501,
2015-10-02,6.44828,
2015-10-03,.,No value available
2015-10-04,.,No value available
2015-10-05,6.51083,
2015-10-06,6.48416,
2015-10-07,6.46849,
2015-10-08,6.49789,
2015-10-09,6.49496,
2015-10-10,.,No value available
2015-10-11,.,No value available
2015-10-12,6.49496,
2015-10-13,6.53061,
2015-10-14,6.56881,
2015-10-15,6.59002,
2015-10-16,6.64391,
2015-10-17,.,No value available
2015-10-18,.,No value available
2015-10-19,6.51500,
2015-10-20,6.54571,
2015-10-21,6.56062,
2015-10-22,6.51823,
2015-10-23,6.41859,
2015-10-24,.,No value available
2015-10-25,.,No value available
2015-10-26,6.33279,
2015-10-27,6.51025,
2015-10-28,6.31285,
2015-10-29,6.33990,
2015-10-30,5.10291,
2015-10-31,.,No value available
2015-11-01,.,No value available
2015-11-02,6.27620,
2015-11-03,6.28682,
2015-11-04,6.39663,
2015-11-05,6.16102,
2015-11-06,6.19415,
2015-11-07,.,No value available
2015-11-08,.,No value available
2015-11-09,6.08724,
2015-11-10,4.85545,
2015-11-11,6.17342,
2015-11-12,4.90607,
2015-11-13,5.52593,
2015-11-14,.,No value available
2015-11-15,.,No value available
2015-11-16,5.52593,
2015-11-17,5.88905,
2015-11-18,6.03378,
2015-11-19,5.96176,
2015-11-20,5.82500,
2015-11-21,.,No value available
2015-11-22,.,No value available
2015-11-23,4.94539,
2015-11-24,5.36249,
2015-11-25,5.46696,
2015-11-26,5.68890,
2015-11-27,5.87531,
2015-11-28,.,No value available
2015-11-29,.,No value available
2015-11-30,6.17789,
2015-12-01,6.15231,
2015-12-02,6.22396,
2015-12-03,6.13978,
2015-12-04,6.37332,
2015-12-05,.,No value available
2015-12-06,.,No value available
2015-12-07,6.32339,
2015-12-08,6.38756,
2015-12-09,6.26621,
2015-12-10,6.24912,
2015-12-11,6.26333,
2015-12-12,.,No value available
2015-12-13,.,No value available
2015-12-14,6.13094,
2015-12-15,6.12356,
2015-12-16,5.99319,
2015-12-17,6.07387,
2015-12-18,6.07173,
2015-12-19,.,No value available
2015-12-20,.,No value available
2015-12-21,6.02471,
2015-12-22,6.36622,
2015-12-23,6.29560,
2015-12-24,.,No value available
2015-12-25,.,No value available
2015-12-26,.,No value available
2015-12-27,.,No value available
2015-12-28,6.35578,
2015-12-29,6.75907,
2015-12-30,6.47600,
2015-12-31,.,No value available
2016-01-01,.,No value available
2016-01-02,.,No value available
2016-01-03,.,No value available
2016-01-04,6.39497,
2016-01-05,6.53368,
2016-01-06,6.38680,
2016-01-07,6.35104,
2016-01-08,6.36070,
2016-01-09,.,No value available
2016-01-10,.,No value available
2016-01-11,6.32595,
2016-01-12,5.94818,
2016-01-13,6.25451,
2016-01-14,5.64132,
2016-01-15,5.84779,
2016-01-16,.,No value available
2016-01-17,.,No value available
2016-01-18,5.85374,
2016-01-19,6.16979,
2016-01-20,6.25691,
2016-01-21,6.23553,
2016-01-22,6.11549,
2016-01-23,.,No value available
2016-01-24,.,No value available
2016-01-25,6.08119,
2016-01-26,5.98756,
2016-01-27,6.12070,
2016-01-28,7.22550,
2016-01-29,7.11502,
2016-01-30,.,No value available
2016-01-31,.,No value available
2016-02-01,7.18535,
2016-02-02,7.23746,
2016-02-03,7.32964,
2016-02-04,7.32964,
2016-02-05,7.32964,
2016-02-06,.,No value available
2016-02-07,.,No value available
2016-02-08,7.13203,
2016-02-09,8.17447,
2016-02-10,5.61533,
2016-02-11,5.55615,
2016-02-12,6.05289,
2016-02-13,.,No value available
2016-02-14,.,No value available
2016-02-15,6.08222,
2016-02-16,6.18961,
2016-02-17,6.18961,
2016-02-18,6.18961,
2016-02-19,6.24264,
2016-02-20,.,No value available
2016-02-21,.,No value available
2016-02-22,6.13162,
2016-02-23,6.23533,
2016-02-24,6.20610,
2016-02-25,6.32421,
2016-02-26,6.21698,
2016-02-27,.,No value available
2016-02-28,.,No value available
2016-02-29,5.97233,
2016-03-01,6.28813,
2016-03-02,6.23398,
2016-03-03,6.19672,
2016-03-04,6.26822,
2016-03-05,.,No value available
2016-03-06,.,No value available
2016-03-07,6.23180,
2016-03-08,7.28782,
2016-03-09,7.39680,
2016-03-10,7.26679,
2016-03-11,7.80341,
2016-03-12,.,No value available
2016-03-13,.,No value available
2016-03-14,7.62049,
2016-03-15,7.63027,
2016-03-16,7.66046,
2016-03-17,7.79579,
2016-03-18,7.60277,
2016-03-19,.,No value available
2016-03-20,.,No value available
2016-03-21,7.60138,
2016-03-22,7.59694,
2016-03-23,7.57607,
2016-03-24,7.45036,
2016-03-25,.,No value available
2016-03-26,.,No value available
2016-03-27,.,No value available
2016-03-28,.,No value available
2016-03-29,7.49719,
2016-03-30,7.57209,
2016-03-31,7.56583,
2016-04-01,7.42522,
2016-04-02,.,No value available
2016-04-03,.,No value available
2016-04-04,0.23000,
2016-04-05,0.23250,
2016-04-06,1.98563,
2016-04-07,1.87897,
2016-04-08,1.89050,
2016-04-09,.,No value available
2016-04-10,.,No value available
2016-04-11,1.91394,
2016-04-12,2.00145,
2016-04-13,2.04961,
2016-04-14,1.91428,
2016-04-15,1.90220,
2016-04-16,.,No value available
2016-04-17,.,No value available
2016-04-18,1.88540,
2016-04-19,1.87583,
2016-04-20,1.88346,
2016-04-21,1.89409,
2016-04-22,1.86162,
2016-04-23,.,No value available
2016-04-24,.,No value available
2016-04-25,1.89358,
2016-04-26,1.86592,
2016-04-27,1.84816,
2016-04-28,1.96098,
2016-04-29,1.91008,
2016-04-30,.,No value available
2016-05-01,.,No value available
2016-05-02,1.85661,
2016-05-03,1.88531,
2016-05-04,1.90710,
2016-05-05,1.95747,
2016-05-06,2.16460,
2016-05-07,.,No value available
2016-05-08,.,No value available
2016-05-09,2.16460,
2016-05-10,1.98792,
2016-05-11,2.03630,
2016-05-12,1.98085,
2016-05-13,2.15821,
2016-05-14,.,No value available
2016-05-15,.,No value available
2016-05-16,.,No value available
2016-05-17,2.01819,
2016-05-18,1.95522,
2016-05-19,1.99252,
2016-05-20,2.03086,
2016-05-21,.,No value available
2016-05-22,.,No value available
2016-05-23,2.20807,
2016-05-24,2.14972,
2016-05-25,2.14972,
2016-05-26,1.99243,
2016-05-27,1.99430,
2016-05-28,.,No value available
2016-05-29,.,No value available
2016-05-30,1.94603,
2016-05-31,1.94603,
2016-06-01,1.98805,
2016-06-02,1.94434,
2016-06-03,2.15014,
2016-06-04,.,No value available
2016-06-05,.,No value available
2016-06-06,2.11928,
2016-06-07,2.11928,
2016-06-08,2.25567,
2016-06-09,2.43517,
2016-06-10,2.26864,
2016-06-11,.,No value available
2016-06-12,.,No value available
2016-06-13,2.31625,
2016-06-14,2.33052,
2016-06-15,2.26145,
2016-06-16,2.02358,
2016-06-17,1.89662,
2016-06-18,.,No value available
2016-06-19,.,No value available
2016-06-20,2.17251,
2016-06-21,2.01802,
2016-06-22,1.93671,
2016-06-23,1.88185,
2016-06-24,1.83567,
2016-06-25,.,No value available
2016-06-26,.,No value available
2016-06-27,1.87073,
2016-06-28,2.00459,
2016-06-29,1.93669,
2016-06-30,1.89838,
2016-07-01,1.92138,
2016-07-02,.,No value available
2016-07-03,.,No value available
2016-07-04,2.06022,
2016-07-05,1.96969,
2016-07-06,2.07008,
2016-07-07,2.03612,
2016-07-08,2.03696,
2016-07-09,.,No value available
2016-07-10,.,No value available
2016-07-11,2.16041,
2016-07-12,1.96588,
2016-07-13,1.83957,
2016-07-14,1.84557,
2016-07-15,1.84098,
2016-07-16,.,No value available
2016-07-17,.,No value available
2016-07-18,1.84553,
2016-07-19,1.87726,
2016-07-20,1.87898,
2016-07-21,1.85825,
2016-07-22,1.89521,
2016-07-23,.,No value available
2016-07-24,.,No value available
2016-07-25,1.85298,
2016-07-26,1.85525,
2016-07-27,1.83965,
2016-07-28,1.95797,
2016-07-29,2.38485,
2016-07-30,.,No value available
2016-07-31,.,No value available
2016-08-01,2.42451,
2016-08-02,2.39274,
2016-08-03,2.36671,
2016-08-04,1.24068,
2016-08-05,1.36617,
2016-08-06,.,No value available
2016-08-07,.,No value available
2016-08-08,1.59172,
2016-08-09,1.64222,
2016-08-10,1.73887,
2016-08-11,1.62315,
2016-08-12,1.70484,
2016-08-13,.,No value available
2016-08-14,.,No value available
2016-08-15,1.74084,
2016-08-16,1.71212,
2016-08-17,1.74487,
2016-08-18,1.69407,
2016-08-19,1.75944,
2016-08-20,.,No value available
2016-08-21,.,No value available
2016-08-22,1.58843,
2016-08-23,1.69426,
2016-08-24,1.77095,
2016-08-25,1.80361,
2016-08-26,1.88786,
2016-08-27,.,No value available
2016-08-28,.,No value available
2016-08-29,1.88665,
2016-08-30,1.86281,
2016-08-31,1.80823,
2016-09-01,1.82774,
2016-09-02,1.85826,
2016-09-03,.,No value available
2016-09-04,.,No value available
2016-09-05,1.91729,
2016-09-06,1.64233,
2016-09-07,1.74753,
2016-09-08,1.76702,
2016-09-09,1.78308,
2016-09-10,.,No value available
2016-09-11,.,No value available
2016-09-12,1.76944,
2016-09-13,1.68327,
2016-09-14,1.77712,
2016-09-15,1.77181,
2016-09-16,1.61966,
2016-09-17,.,No value available
2016-09-18,.,No value available
2016-09-19,1.78044,
2016-09-20,1.73009,
2016-09-21,1.77186,
2016-09-22,1.77896,
2016-09-23,1.57397,
2016-09-24,.,No value available
2016-09-25,.,No value available
2016-09-26,1.59044,
2016-09-27,1.80860,
2016-09-28,1.75256,
2016-09-29,1.74572,
2016-09-30,1.80187,
2016-10-01,.,No value available
2016-10-02,.,No value available
2016-10-03,.,No value available
2016-10-04,1.83050,
2016-10-05,1.52274,
2016-10-06,1.30567,
2016-10-07,1.10791,
2016-10-08,.,No value available
2016-10-09,.,No value available
2016-10-10,1.06502,
2016-10-11,1.06179,
2016-10-12,1.01697,
2016-10-13,1.09473,
2016-10-14,1.32872,
2016-10-15,.,No value available
2016-10-16,.,No value available
2016-10-17,1.46227,
2016-10-18,1.65758,
2016-10-19,1.60091,
2016-10-20,1.68924,
2016-10-21,1.73549,
2016-10-22,.,No value available
2016-10-23,.,No value available
2016-10-24,2.45672,
2016-10-25,2.44539,
2016-10-26,2.41654,
2016-10-27,2.43306,
2016-10-28,2.34617,
2016-10-29,.,No value available
2016-10-30,.,No value available
2016-10-31,2.31295,
2016-11-01,2.30692,
2016-11-02,2.30738,
2016-11-03,2.24859,
2016-11-04,2.22151,
2016-11-05,.,No value available
2016-11-06,.,No value available
2016-11-07,2.16886,
2016-11-08,2.17860,
2016-11-09,2.18969,
2016-11-10,1.72637,
2016-11-11,1.66386,
2016-11-12,.,No value available
2016-11-13,.,No value available
2016-11-14,1.77118,
2016-11-15,1.67927,
2016-11-16,1.66634,
2016-11-17,1.66282,
2016-11-18,1.65579,
2016-11-19,.,No value available
2016-11-20,.,No value available
2016-11-21,1.69368,
2016-11-22,1.64254,
2016-11-23,4.31588,
2016-11-24,4.55551,
2016-11-25,4.43120,
2016-11-26,.,No value available
2016-11-27,.,No value available
2016-11-28,4.51155,
2016-11-29,4.86092,
2016-11-30,5.03144,
2016-12-01,4.68530,
2016-12-02,1.33474,
2016-12-03,.,No value available
2016-12-04,.,No value available
2016-12-05,1.36820,
2016-12-06,1.35642,
2016-12-07,1.32942,
2016-12-08,1.32258,
2016-12-09,1.33200,
2016-12-10,.,No value available
2016-12-11,.,No value available
2016-12-12,1.34361,
2016-12-13,1.31757,
2016-12-14,1.34868,
2016-12-15,1.35284,
2016-12-16,1.32666,
2016-12-17,.,No value available
2016-12-18,.,No value available
2016-12-19,1.32397,
2016-12-20,1.31783,
2016-12-21,1.33073,
2016-12-22,1.31639,
2016-12-23,1.30388,
2016-12-24,.,No value available
2016-12-25,.,No value available
2016-12-26,.,No value available
2016-12-27,1.32895,
2016-12-28,1.31936,
2016-12-29,1.40648,
2016-12-30,1.33560,
2016-12-31,.,No value available
2017-01-01,.,No value available
2017-01-02,1.30713,
2017-01-03,1.33460,
2017-01-04,1.24780,
2017-01-05,1.24612,
2017-01-06,1.09932,
2017-01-07,.,No value available
2017-01-08,.,No value available
2017-01-09,1.34849,
2017-01-10,1.12847,
2017-01-11,1.31761,
2017-01-12,1.34720,
2017-01-13,1.50083,
2017-01-14,.,No value available
2017-01-15,.,No value available
2017-01-16,1.49091,
2017-01-17,1.51165,
2017-01-18,1.54060,
2017-01-19,1.53791,
2017-01-20,1.50975,
2017-01-21,.,No value available
2017-01-22,.,No value available
2017-01-23,1.59723,
2017-01-24,1.55944,
2017-01-25,1.53602,
2017-01-26,1.65202,
2017-01-27,1.62669,
2017-01-28,.,No value available
2017-01-29,.,No value available
2017-01-30,1.63359,
2017-01-31,1.61925,
2017-02-01,1.69193,
2017-02-02,1.62755,
2017-02-03,1.65996,
2017-02-04,.,No value available
2017-02-05,.,No value available
2017-02-06,1.72971,
2017-02-07,1.68534,
2017-02-08,3.95975,
2017-02-09,4.28510,
2017-02-10,4.38118,
2017-02-11,.,No value available
2017-02-12,.,No value available
2017-02-13,4.32453,
2017-02-14,4.29196,
2017-02-15,4.12368,
2017-02-16,4.31381,
2017-02-17,4.35216,
2017-02-18,.,No value available
2017-02-19,.,No value available
2017-02-20,2.13508,
2017-02-21,2.05762,
2017-02-22,1.74182,
2017-02-23,1.72088,
2017-02-24,1.69710,
2017-02-25,.,No value available
2017-02-26,.,No value available
2017-02-27,1.67435,
2017-02-28,1.75779,
2017-03-01,1.73864,
2017-03-02,1.74097,
2017-03-03,1.74353,
2017-03-04,.,No value available
2017-03-05,.,No value available
2017-03-06,1.76649,
2017-03-07,1.74233,
2017-03-08,1.74690,
2017-03-09,1.74194,
2017-03-10,1.81105,
2017-03-11,.,No value available
2017-03-12,.,No value available
2017-03-13,1.70268,
2017-03-14,1.71785,
2017-03-15,1.67365,
2017-03-16,1.77783,
2017-03-17,1.70416,
2017-03-18,.,No value available
2017-03-19,.,No value available
2017-03-20,1.73647,
2017-03-21,1.90358,
2017-03-22,1.79835,
2017-03-23,1.81647,
2017-03-24,1.78934,
2017-03-25,.,No value available
2017-03-26,.,No value available
2017-03-27,1.82717,
2017-03-28,1.87479,
2017-03-29,1.82777,
2017-03-30,1.83751,
2017-03-31,1.84439,
2017-04-01,.,No value available
2017-04-02,.,No value available
2017-04-03,1.77877,
2017-04-04,3.60254,
2017-04-05,2.10647,
2017-04-06,2.04294,
2017-04-07,2.03126,
2017-04-08,.,No value available
2017-04-09,.,No value available
2017-04-10,2.04110,
2017-04-11,2.04871,
2017-04-12,2.01158,
2017-04-13,1.99638,
2017-04-14,.,No value available
2017-04-15,.,No value available
2017-04-16,.,No value available
2017-04-17,.,No value available
2017-04-18,2.01266,
2017-04-19,2.07496,
2017-04-20,2.02647,
2017-04-21,2.05611,
2017-04-22,.,No value available
2017-04-23,.,No value available
2017-04-24,2.09867,
2017-04-25,2.11486,
2017-04-26,2.12079,
2017-04-27,2.14429,
2017-04-28,2.22454,
2017-04-29,.,No value available
2017-04-30,.,No value available
2017-05-01,.,No value available
2017-05-02,2.15039,
2017-05-03,2.16552,
2017-05-04,2.10965,
2017-05-05,2.09942,
2017-05-06,.,No value available
2017-05-07,.,No value available
2017-05-08,2.05346,
2017-05-09,2.03826,
2017-05-10,2.05219,
2017-05-11,1.99856,
2017-05-12,2.01974,
2017-05-13,.,No value available
2017-05-14,.,No value available
2017-05-15,2.03600,
2017-05-16,2.06558,
2017-05-17,2.10033,
2017-05-18,2.08815,
2017-05-19,2.11971,
2017-05-20,.,No value available
2017-05-21,.,No value available
2017-05-22,2.15578,
2017-05-23,2.08774,
2017-05-24,2.07981,
2017-05-25,2.09853,
2017-05-26,2.10539,
2017-05-27,.,No value available
2017-05-28,.,No value available
2017-05-29,2.11111,
2017-05-30,2.10837,
2017-05-31,2.11766,
2017-06-01,2.11734,
2017-06-02,2.10982,
2017-06-03,.,No value available
2017-06-04,.,No value available
2017-06-05,.,No value available
2017-06-06,2.15926,
2017-06-07,2.20557,
2017-06-08,2.17567,
2017-06-09,2.16395,
2017-06-10,.,No value available
2017-06-11,.,No value available
2017-06-12,2.18884,
2017-06-13,2.19856,
2017-06-14,1.60739,
2017-06-15,1.67532,
2017-06-16,1.51324,
2017-06-17,.,No value available
2017-06-18,.,No value available
2017-06-19,1.64871,
2017-06-20,1.61497,
2017-06-21,1.62032,
2017-06-22,1.71468,
2017-06-23,1.64636,
2017-06-24,.,No value available
2017-06-25,.,No value available
2017-06-26,1.68841,
2017-06-27,1.65111,
2017-06-28,1.68712,
2017-06-29,1.64843,
2017-06-30,1.58797,
2017-07-01,.,No value available
2017-07-02,.,No value available
2017-07-03,1.60987,
2017-07-04,1.63172,
2017-07-05,1.71321,
2017-07-06,4.51143,
2017-07-07,4.32968,
2017-07-08,.,No value available
2017-07-09,.,No value available
2017-07-10,4.31198,
2017-07-11,3.97322,
2017-07-12,3.69863,
2017-07-13,3.52472,
2017-07-14,3.73274,
2017-07-15,.,No value available
2017-07-16,.,No value available
2017-07-17,3.61132,
2017-07-18,3.74113,
2017-07-19,3.57615,
2017-07-20,3.57615,
2017-07-21,3.80005,
2017-07-22,.,No value available
2017-07-23,.,No value available
2017-07-24,3.27387,
2017-07-25,3.28826,
2017-07-26,3.44078,
2017-07-27,3.41489,
2017-07-28,3.45773,
2017-07-29,.,No value available
2017-07-30,.,No value available
2017-07-31,3.23586,
2017-08-01,3.10311,
2017-08-02,3.46712,
2017-08-03,3.52299,
2017-08-04,3.67950,
2017-08-05,.,No value available
2017-08-06,.,No value available
2017-08-07,3.76506,
2017-08-08,0.01074,
2017-08-09,0.01225,
2017-08-10,0.01225,
2017-08-11,0.02649,
2017-08-12,.,No value available
2017-08-13,.,No value available
2017-08-14,0.09620,
2017-08-15,0.09620,
2017-08-16,2.15844,
2017-08-17,2.15909,
2017-08-18,2.15393,
2017-08-19,.,No value available
2017-08-20,.,No value available
2017-08-21,2.15393,
2017-08-22,2.15393,
2017-08-23,2.17572,
2017-08-24,2.11552,
2017-08-25,2.15632,
2017-08-26,.,No value available
2017-08-27,.,No value available
2017-08-28,2.17418,
2017-08-29,2.15490,
2017-08-30,2.13487,
2017-08-31,2.14135,
2017-09-01,2.14135,
2017-09-02,.,No value available
2017-09-03,.,No value available
2017-09-04,2.17138,
2017-09-05,2.11319,
2017-09-06,2.12774,
2017-09-07,1.18028,
2017-09-08,1.62188,
2017-09-09,.,No value available
2017-09-10,.,No value available
2017-09-11,1.73136,
2017-09-12,1.71442,
2017-09-13,1.69335,
2017-09-14,1.66481,
2017-09-15,1.72717,
2017-09-16,.,No value available
2017-09-17,.,No value available
2017-09-18,0.47531,
2017-09-19,0.52689,
2017-09-20,0.74283,
2017-09-21,0.52882,
2017-09-22,0.46189,
2017-09-23,.,No value available
2017-09-24,.,No value available
2017-09-25,0.57901,
2017-09-26,0.47409,
2017-09-27,0.02602,
2017-09-28,0.01235,
2017-09-29,0.05894,
2017-09-30,.,No value available
2017-10-01,.,No value available
2017-10-02,0.07083,
2017-10-03,.,No value available
2017-10-04,0.05314,
2017-10-05,1.58475,
2017-10-06,1.50020,
2017-10-07,.,No value available
2017-10-08,.,No value available
2017-10-09,1.75854,
2017-10-10,1.78185,
2017-10-11,3.44881,
2017-10-12,3.70266,
2017-10-13,3.42250,
2017-10-14,.,No value available
2017-10-15,.,No value available
2017-10-16,3.93315,
2017-10-17,3.90881,
2017-10-18,3.94315,
2017-10-19,3.85384,
2017-10-20,3.66400,
2017-10-21,.,No value available
2017-10-22,.,No value available
2017-10-23,3.66071,
2017-10-24,3.47484,
2017-10-25,3.75695,
2017-10-26,3.47920,
2017-10-27,3.58644,
2017-10-28,.,No value available
2017-10-29,.,No value available
2017-10-30,3.83460,
2017-10-31,.,No value available
2017-11-01,3.78017,
2017-11-02,3.84695,
2017-11-03,3.85416,
2017-11-04,.,No value available
2017-11-05,.,No value available
2017-11-06,3.90936,
2017-11-07,3.85910,
2017-11-08,3.85053,
2017-11-09,3.89597,
2017-11-10,4.23361,
2017-11-11,.,No value available
2017-11-12,.,No value available
2017-11-13,4.06974,
2017-11-14,4.21070,
2017-11-15,4.31098,
2017-11-16,4.37037,
2017-11-17,4.34261,
2017-11-18,.,No value available
2017-11-19,.,No value available
2017-11-20,4.25181,
2017-11-21,4.27584,
2017-11-22,4.08824,
2017-11-23,4.13966,
2017-11-24,4.17289,
2017-11-25,.,No value available
2017-11-26,.,No value available
2017-11-27,4.13146,
2017-11-28,4.61817,
2017-11-29,5.25577,
2017-11-30,4.93970,
2017-12-01,4.43951,
2017-12-02,.,No value available
2017-12-03,.,No value available
2017-12-04,4.51343,
2017-12-05,1.47087,
2017-12-06,0.45095,
2017-12-07,0.54111,
2017-12-08,0.53266,
2017-12-09,.,No value available
2017-12-10,.,No value available
2017-12-11,0.41269,
2017-12-12,0.37155,
2017-12-13,0.35896,
2017-12-14,0.39862,
2017-12-15,0.50152,
2017-12-16,.,No value available
2017-12-17,.,No value available
2017-12-18,0.46365,
2017-12-19,0.45916,
2017-12-20,0.38251,
2017-12-21,0.42579,
2017-12-22,0.36187,
2017-12-23,.,No value available
2017-12-24,.,No value available
2017-12-25,.,No value available
2017-12-26,.,No value available
2017-12-27,0.40121,
2017-12-28,0.30523,
2017-12-29,0.34245,
2017-12-30,.,No value available
2017-12-31,.,No value available
2018-01-01,.,No value available
2018-01-02,0.27356,
2018-01-03,0.25903,
2018-01-04,0.27187,
2018-01-05,0.21746,
2018-01-06,.,No value available
2018-01-07,.,No value available
2018-01-08,0.22472,
2018-01-09,0.22655,
2018-01-10,0.37666,
2018-01-11,0.38339,
2018-01-12,0.01599,
2018-01-13,.,No value available
2018-01-14,.,No value available
2018-01-15,0.05656,
2018-01-16,1.95976,
2018-01-17,2.25567,
2018-01-18,2.19118,
2018-01-19,2.17676,
2018-01-20,.,No value available
2018-01-21,.,No value available
2018-01-22,2.19239,
2018-01-23,2.21369,
2018-01-24,2.22075,
2018-01-25,2.20730,
2018-01-26,2.36766,
2018-01-27,.,No value available
2018-01-28,.,No value available
2018-01-29,2.25446,
2018-01-30,2.08202,
2018-01-31,2.03199,
2018-02-01,1.87825,
2018-02-02,1.85350,
2018-02-03,.,No value available
2018-02-04,.,No value available
2018-02-05,1.80130,
2018-02-06,1.82088,
2018-02-07,1.84258,
2018-02-08,1.70669,
2018-02-09,1.73920,
2018-02-10,.,No value available
2018-02-11,.,No value available
2018-02-12,13.25404,
2018-02-13,14.26452,
2018-02-14,14.91694,
2018-02-15,14.91977,
2018-02-16,14.70403,
2018-02-17,.,No value available
2018-02-18,.,No value available
2018-02-19,15.43517,
2018-02-20,15.27280,
2018-02-21,15.90655,
2018-02-22,15.49464,
2018-02-23,15.97473,
2018-02-24,.,No value available
2018-02-25,.,No value available
2018-02-26,15.90351,
2018-02-27,15.53999,
2018-02-28,15.53999,
2018-03-01,15.94112,
2018-03-02,15.69740,
2018-03-03,.,No value available
2018-03-04,.,No value available
2018-03-05,15.51658,
2018-03-06,0.09602,
2018-03-07,1.04746,
2018-03-08,1.74756,
2018-03-09,2.20681,
2018-03-10,.,No value available
2018-03-11,.,No value available
2018-03-12,2.55501,
2018-03-13,1.88291,
2018-03-14,1.73535,
2018-03-15,1.47142,
2018-03-16,1.41533,
2018-03-17,.,No value available
2018-03-18,.,No value available
2018-03-19,1.41533,
2018-03-20,1.99859,
2018-03-21,0.00010,
2018-03-22,0.00010,
2018-03-23,0.00010,
2018-03-24,.,No value available
2018-03-25,.,No value available
2018-03-26,0.00010,
2018-03-27,0.28923,
2018-03-28,0.22336,
2018-03-29,0.18767,
2018-03-30,.,No value available
2018-03-31,.,No value available
2018-04-01,.,No value available
2018-04-02,.,No value available
2018-04-03,2.11991,
2018-04-04,0.00010,
2018-04-05,0.00010,
2018-04-06,2.22634,
2018-04-07,.,No value available
2018-04-08,.,No value available
2018-04-09,2.21541,
2018-04-10,2.16576,
2018-04-11,2.26902,
2018-04-12,0.45994,
2018-04-13,0.52534,
2018-04-14,.,No value available
2018-04-15,.,No value available
2018-04-16,1.05068,
2018-04-17,0.57808,
2018-04-18,1.15616,
2018-04-19,0.12655,
2018-04-20,0.10605,
2018-04-21,.,No value available
2018-04-22,.,No value available
2018-04-23,0.01893,
2018-04-24,0.24622,
2018-04-25,0.18700,
2018-04-26,0.01169,
2018-04-27,0.01169,
2018-04-28,.,No value available
2018-04-29,.,No value available
2018-04-30,0.01169,
2018-05-01,.,No value available
2018-05-02,0.01169,
2018-05-03,0.01169,
2018-05-04,0.01169,
2018-05-05,.,No value available
2018-05-06,.,No value available
2018-05-07,0.01169,
2018-05-08,0.00010,
2018-05-09,0.00020,
2018-05-10,0.00010,
2018-05-11,1.30838,
2018-05-12,.,No value available
2018-05-13,.,No value available
2018-05-14,0.64111,
2018-05-15,0.34658,
2018-05-16,2.62909,
2018-05-17,1.14228,
2018-05-18,1.21237,
2018-05-19,.,No value available
2018-05-20,.,No value available
2018-05-21,.,No value available
2018-05-22,1.05641,
2018-05-23,1.37103,
2018-05-24,0.06684,
2018-05-25,2.20531,
2018-05-26,.,No value available
2018-05-27,.,No value available
2018-05-28,3.47002,
2018-05-29,1.20413,
2018-05-30,1.92486,
2018-05-31,1.92059,
2018-06-01,2.06643,
2018-06-02,.,No value available
2018-06-03,.,No value available
2018-06-04,1.94580,
2018-06-05,1.85236,
2018-06-06,1.96691,
2018-06-07,1.86837,
2018-06-08,1.97997,
2018-06-09,.,No value available
2018-06-10,.,No value available
2018-06-11,1.92017,
2018-06-12,1.99752,
2018-06-13,2.00990,
2018-06-14,1.97765,
2018-06-15,2.08846,
2018-06-16,.,No value available
2018-06-17,.,No value available
2018-06-18,2.14009,
2018-06-19,2.18748,
2018-06-20,2.09646,
2018-06-21,2.04682,
2018-06-22,2.13891,
2018-06-23,.,No value available
2018-06-24,.,No value available
2018-06-25,2.25164,
2018-06-26,2.14917,
2018-06-27,2.42228,
2018-06-28,0.34021,
2018-06-29,2.47663,
2018-06-30,.,No value available
2018-07-01,.,No value available
2018-07-02,0.15479,
2018-07-03,2.19484,
2018-07-04,4.93593,
2018-07-05,0.00195,
2018-07-06,0.00390,
2018-07-07,.,No value available
2018-07-08,.,No value available
2018-07-09,0.00024,
2018-07-10,2.22911,
2018-07-11,2.34092,
2018-07-12,2.40418,
2018-07-13,2.44988,
2018-07-14,.,No value available
2018-07-15,.,No value available
2018-07-16,2.45466,
2018-07-17,2.47218,
2018-07-18,2.48757,
2018-07-19,2.11018,
2018-07-20,2.41649,
2018-07-21,.,No value available
2018-07-22,.,No value available
2018-07-23,3.85940,
2018-07-24,4.50674,
2018-07-25,3.72396,
2018-07-26,3.79045,
2018-07-27,3.79342,
2018-07-28,.,No value available
2018-07-29,.,No value available
2018-07-30,3.57477,
2018-07-31,3.45732,
2018-08-01,3.33691,
2018-08-02,4.17934,
2018-08-03,6.88586,
2018-08-04,.,No value available
2018-08-05,.,No value available
2018-08-06,6.46800,
2018-08-07,5.80605,
2018-08-08,5.44829,
2018-08-09,5.79074,
2018-08-10,2.84376,
2018-08-11,.,No value available
2018-08-12,.,No value available
2018-08-13,2.07618,
2018-08-14,0.21540,
2018-08-15,0.19862,
2018-08-16,0.19380,
2018-08-17,0.17749,
2018-08-18,.,No value available
2018-08-19,.,No value available
2018-08-20,0.19611,
2018-08-21,0.19268,
2018-08-22,0.18072,
2018-08-23,0.17782,
2018-08-24,0.16254,
2018-08-25,.,No value available
2018-08-26,.,No value available
2018-08-27,0.18316,
2018-08-28,0.17790,
2018-08-29,0.17869,
2018-08-30,0.17400,
2018-08-31,0.17206,
2018-09-01,.,No value available
2018-09-02,.,No value available
2018-09-03,0.16501,
2018-09-04,0.14279,
2018-09-05,0.14944,
2018-09-06,0.16668,
2018-09-07,0.16590,
2018-09-08,.,No value available
2018-09-09,.,No value available
2018-09-10,0.16431,
2018-09-11,0.12327,
2018-09-12,0.12327,
2018-09-13,0.10231,
2018-09-14,0.08281,
2018-09-15,.,No value available
2018-09-16,.,No value available
2018-09-17,0.06659,
2018-09-18,0.06659,
2018-09-19,0.00703,
2018-09-20,0.00114,
2018-09-21,0.34564,
2018-09-22,.,No value available
2018-09-23,.,No value available
2018-09-24,0.46822,
2018-09-25,0.31066,
2018-09-26,0.26870,
2018-09-27,0.27302,
2018-09-28,0.29874,
2018-09-29,.,No value available
2018-09-30,.,No value available
2018-10-01,0.27189,
2018-10-02,0.26393,
2018-10-03,.,No value available
2018-10-04,0.28138,
2018-10-05,0.22722,
2018-10-06,.,No value available
2018-10-07,.,No value available
2018-10-08,0.25961,
2018-10-09,0.24800,
2018-10-10,0.24254,
2018-10-11,0.24917,
2018-10-12,0.26151,
2018-10-13,.,No value available
2018-10-14,.,No value available
2018-10-15,0.26433,
2018-10-16,0.27214,
2018-10-17,0.27287,
2018-10-18,0.27287,
2018-10-19,0.27678,
2018-10-20,.,No value available
2018-10-21,.,No value available
2018-10-22,0.28088,
2018-10-23,0.27940,
2018-10-24,0.26653,
2018-10-25,0.26653,
2018-10-26,0.27098,
2018-10-27,.,No value available
2018-10-28,.,No value available
2018-10-29,0.27613,
2018-10-30,0.26976,
2018-10-31,0.26976,
2018-11-01,0.26046,
2018-11-02,0.25294,
2018-11-03,.,No value available
2018-11-04,.,No value available
2018-11-05,0.25669,
2018-11-06,0.26502,
2018-11-07,0.25640,
2018-11-08,0.25392,
2018-11-09,0.26751,
2018-11-10,.,No value available
2018-11-11,.,No value available
2018-11-12,0.26212,
2018-11-13,0.26212,
2018-11-14,0.26779,
2018-11-15,0.28462,
2018-11-16,0.30046,
2018-11-17,.,No value available
2018-11-18,.,No value available
2018-11-19,0.30948,
2018-11-20,0.28837,
2018-11-21,0.29173,
2018-11-22,0.29039,
2018-11-23,0.29039,
2018-11-24,.,No value available
2018-11-25,.,No value available
2018-11-26,0.29039,
2018-11-27,0.29039,
2018-11-28,0.33121,
2018-11-29,0.33121,
2018-11-30,0.37317,
2018-12-01,.,No value available
2018-12-02,.,No value available
2018-12-03,0.39490,
2018-12-04,0.33934,
2018-12-05,0.40124,
2018-12-06,0.25446,
2018-12-07,2.12581,
2018-12-08,.,No value available
2018-12-09,.,No value available
2018-12-10,2.05595,
2018-12-11,2.00596,
2018-12-12,2.02499,
2018-12-13,2.03520,
2018-12-14,0.46920,
2018-12-15,.,No value available
2018-12-16,.,No value available
2018-12-17,0.44708,
2018-12-18,0.44867,
2018-12-19,0.42813,
2018-12-20,0.45209,
2018-12-21,0.50126,
2018-12-22,.,No value available
2018-12-23,.,No value available
2018-12-24,.,No value available
2018-12-25,.,No value available
2018-12-26,.,No value available
2018-12-27,0.45115,
2018-12-28,0.48829,
2018-12-29,.,No value available
2018-12-30,.,No value available
2018-12-31,.,No value available
2019-01-01,.,No value available
2019-01-02,2.88174,
2019-01-03,2.86521,
2019-01-04,3.13788,
2019-01-05,.,No value available
2019-01-06,.,No value available
2019-01-07,3.36734,
2019-01-08,3.46515,
2019-01-09,3.33504,
2019-01-10,3.14894,
2019-01-11,2.18897,
2019-01-12,.,No value available
2019-01-13,.,No value available
2019-01-14,2.24910,
2019-01-15,2.52851,
2019-01-16,2.57135,
2019-01-17,2.40835,
2019-01-18,2.82711,
2019-01-19,.,No value available
2019-01-20,.,No value available
2019-01-21,0.17669,
2019-01-22,2.49757,
2019-01-23,3.14281,
2019-01-24,3.29161,
2019-01-25,2.60896,
2019-01-26,.,No value available
2019-01-27,.,No value available
2019-01-28,2.15185,
2019-01-29,0.13449,
2019-01-30,0.00841,
2019-01-31,0.00841,
2019-02-01,0.01682,
2019-02-02,.,No value available
2019-02-03,.,No value available
2019-02-04,2.78056,
2019-02-05,2.45826,
2019-02-06,3.44984,
2019-02-07,3.59048,
2019-02-08,3.95614,
2019-02-09,.,No value available
2019-02-10,.,No value available
2019-02-11,3.02225,
2019-02-12,3.49284,
2019-02-13,3.49284,
2019-02-14,4.26930,
2019-02-15,4.26930,
2019-02-16,.,No value available
2019-02-17,.,No value available
2019-02-18,4.77508,
2019-02-19,5.18948,
2019-02-20,5.18948,
2019-02-21,5.58792,
2019-02-22,5.58792,
2019-02-23,.,No value available
2019-02-24,.,No value available
2019-02-25,5.37430,
2019-02-26,2.76864,
2019-02-27,2.60362,
2019-02-28,2.55837,
2019-03-01,2.76451,
2019-03-02,.,No value available
2019-03-03,.,No value available
2019-03-04,3.17561,
2019-03-05,3.17375,
2019-03-06,2.98516,
2019-03-07,3.40279,
2019-03-08,4.59933,
2019-03-09,.,No value available
2019-03-10,.,No value available
2019-03-11,4.69553,
2019-03-12,4.24357,
2019-03-13,4.51173,
2019-03-14,4.51173,
2019-03-15,4.28344,
2019-03-16,.,No value available
2019-03-17,.,No value available
2019-03-18,4.28344,
2019-03-19,4.28344,
2019-03-20,4.05351,
2019-03-21,4.54783,
2019-03-22,4.45156,
2019-03-23,.,No value available
2019-03-24,.,No value available
2019-03-25,4.45156,
2019-03-26,3.74400,
2019-03-27,3.57932,
2019-03-28,3.95924,
2019-03-29,8.73732,
2019-03-30,.,No value available
2019-03-31,.,No value available
2019-04-01,3.83858,
2019-04-02,3.83858,
2019-04-03,3.91083,
2019-04-04,3.91083,
2019-04-05,3.75743,
2019-04-06,.,No value available
2019-04-07,.,No value available
2019-04-08,3.75743,
2019-04-09,3.75743,
2019-04-10,4.08559,
2019-04-11,4.08427,
2019-04-12,4.58371,
2019-04-13,.,No value available
2019-04-14,.,No value available
2019-04-15,4.69905,
2019-04-16,2.93671,
2019-04-17,3.18619,
2019-04-18,2.84692,
2019-04-19,.,No value available
2019-04-20,.,No value available
2019-04-21,.,No value available
2019-04-22,.,No value available
2019-04-23,4.31011,
2019-04-24,4.89975,
2019-04-25,3.98127,
2019-04-26,3.31335,
2019-04-27,.,No value available
2019-04-28,.,No value available
2019-04-29,3.28788,
2019-04-30,3.07315,
2019-05-01,.,No value available
2019-05-02,3.26836,
2019-05-03,3.02823,
2019-05-04,.,No value available
2019-05-05,.,No value available
2019-05-06,3.24737,
2019-05-07,3.01100,
2019-05-08,3.31253,
2019-05-09,3.18022,
2019-05-10,3.09213,
2019-05-11,.,No value available
2019-05-12,.,No value available
2019-05-13,3.04492,
2019-05-14,2.89828,
2019-05-15,2.91257,
2019-05-16,2.77607,
2019-05-17,2.60985,
2019-05-18,.,No value available
2019-05-19,.,No value available
2019-05-20,2.63156,
2019-05-21,2.63156,
2019-05-22,2.62147,
2019-05-23,2.64672,
2019-05-24,2.64672,
2019-05-25,.,No value available
2019-05-26,.,No value available
2019-05-27,2.74728,
2019-05-28,2.75145,
2019-05-29,2.75145,
2019-05-30,2.75145,
2019-05-31,2.79426,
2019-06-01,.,No value available
2019-06-02,.,No value available
2019-06-03,3.32630,
2019-06-04,2.73458,
2019-06-05,2.73458,
2019-06-06,2.70808,
2019-06-07,2.74886,
2019-06-08,.,No value available
2019-06-09,.,No value available
2019-06-10,.,No value available
2019-06-11,2.68853,
2019-06-12,2.68853,
2019-06-13,2.77183,
2019-06-14,2.74475,
2019-06-15,.,No value available
2019-06-16,.,No value available
2019-06-17,4.16175,
2019-06-18,3.25176,
2019-06-19,0.11451,
2019-06-20,2.07172,
2019-06-21,2.07172,
2019-06-22,.,No value available
2019-06-23,.,No value available
2019-06-24,0.05710,
2019-06-25,0.05710,
2019-06-26,2.86500,
2019-06-27,4.90706,
2019-06-28,0.14734,
2019-06-29,.,No value available
2019-06-30,.,No value available
2019-07-01,0.16388,
2019-07-02,0.16926,
2019-07-03,0.15436,
2019-07-04,0.70991,
2019-07-05,2.15410,
2019-07-06,.,No value available
2019-07-07,.,No value available
2019-07-08,0.23867,
2019-07-09,0.16047,
2019-07-10,0.01003,
2019-07-11,0.01003,
2019-07-12,0.01003,
2019-07-13,.,No value available
2019-07-14,.,No value available
2019-07-15,0.01003,
2019-07-16,0.01003,
2019-07-17,2.98624,
2019-07-18,3.38468,
2019-07-19,0.13223,
2019-07-20,.,No value available
2019-07-21,.,No value available
2019-07-22,0.00826,
2019-07-23,0.00826,
2019-07-24,3.42948,
2019-07-25,3.11725,
2019-07-26,3.15451,
2019-07-27,.,No value available
2019-07-28,.,No value available
2019-07-29,0.42790,
2019-07-30,0.39463,
2019-07-31,0.41592,
2019-08-01,0.14059,
2019-08-02,0.11697,
2019-08-03,.,No value available
2019-08-04,.,No value available
2019-08-05,0.12242,
2019-08-06,0.13743,
2019-08-07,0.20048,
2019-08-08,0.02324,
2019-08-09,1.01262,
2019-08-10,.,No value available
2019-08-11,.,No value available
2019-08-12,0.01878,
2019-08-13,0.02747,
2019-08-14,0.01782,
2019-08-15,2.88853,
2019-08-16,1.56515,
2019-08-17,.,No value available
2019-08-18,.,No value available
2019-08-19,2.24405,
2019-08-20,3.27499,
2019-08-21,5.53939,
2019-08-22,10.51720,
2019-08-23,10.54559,
2019-08-24,.,No value available
2019-08-25,.,No value available
2019-08-26,11.00814,
2019-08-27,12.04710,
2019-08-28,11.99802,
2019-08-29,13.44770,
2019-08-30,12.57311,
2019-08-31,.,No value available
2019-09-01,.,No value available
2019-09-02,14.54054,
2019-09-03,11.87732,
2019-09-04,15.15545,
2019-09-05,3.31641,
2019-09-06,3.69100,
2019-09-07,.,No value available
2019-09-08,.,No value available
2019-09-09,3.96870,
2019-09-10,3.77624,
2019-09-11,0.38823,
2019-09-12,0.02792,
2019-09-13,0.01725,
2019-09-14,.,No value available
2019-09-15,.,No value available
2019-09-16,0.01791,
2019-09-17,0.01043,
2019-09-18,0.01365,
2019-09-19,0.00660,
2019-09-20,0.00210,
2019-09-21,.,No value available
2019-09-22,.,No value available
2019-09-23,0.00627,
2019-09-24,0.00509,
2019-09-25,0.00199,
2019-09-26,0.00594,
2019-09-27,0.28752,
2019-09-28,.,No value available
2019-09-29,.,No value available
2019-09-30,0.28265,
2019-10-01,0.26750,
2019-10-02,0.26320,
2019-10-03,.,No value available
2019-10-04,0.00184,
2019-10-05,.,No value available
2019-10-06,.,No value available
2019-10-07,0.00196,
2019-10-08,0.00196,
2019-10-09,0.00217,
2019-10-10,0.00186,
2019-10-11,0.00090,
2019-10-12,.,No value available
2019-10-13,.,No value available
2019-10-14,0.00090,
2019-10-15,0.73467,
2019-10-16,2.27925,
2019-10-17,3.60445,
2019-10-18,0.32467,
2019-10-19,.,No value available
2019-10-20,.,No value available
2019-10-21,0.32162,
2019-10-22,3.22861,
2019-10-23,12.83114,
2019-10-24,1.95943,
2019-10-25,0.76959,
2019-10-26,.,No value available
2019-10-27,.,No value available
2019-10-28,1.46319,
2019-10-29,0.09145,
2019-10-30,0.02430,
2019-10-31,12.03238,
2019-11-01,3.83013,
2019-11-02,.,No value available
2019-11-03,.,No value available
2019-11-04,3.16200,
2019-11-05,3.18466,
2019-11-06,3.23086,
2019-11-07,3.36863,
2019-11-08,3.52551,
2019-11-09,.,No value available
2019-11-10,.,No value available
2019-11-11,3.38532,
2019-11-12,0.00010,
2019-11-13,3.24146,
2019-11-14,3.09335,
2019-11-15,2.92725,
2019-11-16,.,No value available
2019-11-17,.,No value available
2019-11-18,3.03401,
2019-11-19,3.08599,
2019-11-20,3.43515,
2019-11-21,3.81442,
2019-11-22,3.46220,
2019-11-23,.,No value available
2019-11-24,.,No value available
2019-11-25,3.49543,
2019-11-26,3.37591,
2019-11-27,0.32184,
2019-11-28,0.26736,
2019-11-29,1.11947,
2019-11-30,.,No value available
2019-12-01,.,No value available
2019-12-02,2.38060,
2019-12-03,2.31493,
2019-12-04,2.45577,
2019-12-05,2.37519,
2019-12-06,2.37519,
2019-12-07,.,No value available
2019-12-08,.,No value available
2019-12-09,2.29286,
2019-12-10,2.19171,
2019-12-11,2.22376,
2019-12-12,1.80142,
2019-12-13,2.96784,
2019-12-14,.,No value available
2019-12-15,.,No value available
2019-12-16,3.29225,
2019-12-17,9.06652,
2019-12-18,8.65500,
2019-12-19,2.65164,
2019-12-20,2.65453,
2019-12-21,.,No value available
2019-12-22,.,No value available
2019-12-23,2.61810,
2019-12-24,.,No value available
2019-12-25,.,No value available
2019-12-26,.,No value available
2019-12-27,2.61962,
2019-12-28,.,No value available
2019-12-29,.,No value available
2019-12-30,2.80096,
2019-12-31,.,No value available
2020-01-01,.,No value available
2020-01-02,1.64556,
2020-01-03,1.91370,
2020-01-04,.,No value available
2020-01-05,.,No value available
2020-01-06,3.97075,
2020-01-07,0.00010,
2020-01-08,0.00010,
2020-01-09,0.00010,
2020-01-10,0.22562,
2020-01-11,.,No value available
2020-01-12,.,No value available
2020-01-13,3.48294,
2020-01-14,0.69708,
2020-01-15,4.45319,
2020-01-16,3.67374,
2020-01-17,0.00010,
2020-01-18,.,No value available
2020-01-19,.,No value available
2020-01-20,0.00010,
2020-01-21,0.00010,
2020-01-22,2.19148,
2020-01-23,1.44804,
2020-01-24,1.78577,
2020-01-25,.,No value available
2020-01-26,.,No value available
2020-01-27,2.78412,
2020-01-28,3.96188,
2020-01-29,3.76144,
2020-01-30,4.05751,
2020-01-31,4.46117,
2020-02-01,.,No value available
2020-02-02,.,No value available
2020-02-03,4.55076,
2020-02-04,4.61499,
2020-02-05,4.76570,
2020-02-06,4.02961,
2020-02-07,1.59083,
2020-02-08,.,No value available
2020-02-09,.,No value available
2020-02-10,1.47416,
2020-02-11,1.81368,
2020-02-12,1.81368,
2020-02-13,1.08580,
2020-02-14,0.14438,
2020-02-15,.,No value available
2020-02-16,.,No value available
2020-02-17,3.35134,
2020-02-18,3.29212,
2020-02-19,3.29212,
2020-02-20,2.93058,
2020-02-21,2.96552,
2020-02-22,.,No value available
2020-02-23,.,No value available
2020-02-24,0.95779,
2020-02-25,10.72408,
2020-02-26,11.72278,
2020-02-27,11.90605,
2020-02-28,8.83288,
2020-02-29,.,No value available
2020-03-01,.,No value available
2020-03-02,13.81504,
2020-03-03,30.00000,
2020-03-04,23.03587,
2020-03-05,28.27608,
2020-03-06,30.00000,
2020-03-07,.,No value available
2020-03-08,.,No value available
2020-03-09,1.75948,
2020-03-10,1.37706,
2020-03-11,1.93168,
2020-03-12,10.20858,
2020-03-13,7.86844,
2020-03-14,.,No value available
2020-03-15,.,No value available
2020-03-16,1.87064,
2020-03-17,0.33102,
2020-03-18,1.27837,
2020-03-19,11.57473,
2020-03-20,17.87055,
2020-03-21,.,No value available
2020-03-22,.,No value available
2020-03-23,2.24000,
2020-03-24,3.44015,
2020-03-25,2.42105,
2020-03-26,2.95152,
2020-03-27,0.61573,
2020-03-28,.,No value available
2020-03-29,.,No value available
2020-03-30,0.56992,
2020-03-31,0.71070,
2020-04-01,1.03690,
2020-04-02,1.09380,
2020-04-03,0.91538,
2020-04-04,.,No value available
2020-04-05,.,No value available
2020-04-06,3.05013,
2020-04-07,2.35340,
2020-04-08,2.70608,
2020-04-09,2.48731,
2020-04-10,.,No value available
2020-04-11,.,No value available
2020-04-12,.,No value available
2020-04-13,.,No value available
2020-04-14,3.08703,
2020-04-15,2.58746,
2020-04-16,2.76397,
2020-04-17,6.80555,
2020-04-18,.,No value available
2020-04-19,.,No value available
2020-04-20,6.06782,
2020-04-21,6.26368,
2020-04-22,5.76570,
2020-04-23,2.97613,
2020-04-24,4.08854,
2020-04-25,.,No value available
2020-04-26,.,No value available
2020-04-27,9.11250,
2020-04-28,9.05534,
2020-04-29,9.91076,
2020-04-30,14.41143,
2020-05-01,.,No value available
2020-05-02,.,No value available
2020-05-03,.,No value available
2020-05-04,13.96639,
2020-05-05,0.31700,
2020-05-06,0.29787,
2020-05-07,0.34771,
2020-05-08,0.26641,
2020-05-09,.,No value available
2020-05-10,.,No value available
2020-05-11,0.33396,
2020-05-12,0.37875,
2020-05-13,0.54600,
2020-05-14,0.46408,
2020-05-15,0.45691,
2020-05-16,.,No value available
2020-05-17,.,No value available
2020-05-18,0.43666,
2020-05-19,0.66395,
2020-05-20,1.32801,
2020-05-21,0.18062,
2020-05-22,0.17325,
2020-05-23,.,No value available
2020-05-24,.,No value available
2020-05-25,0.16811,
2020-05-26,0.16906,
2020-05-27,2.06210,
2020-05-28,1.99038,
2020-05-29,2.08265,
2020-05-30,.,No value available
2020-05-31,.,No value available
2020-06-01,.,No value available
2020-06-02,2.33094,
2020-06-03,2.07812,
2020-06-04,2.07919,
2020-06-05,2.06859,
2020-06-06,.,No value available
2020-06-07,.,No value available
2020-06-08,2.05656,
2020-06-09,2.03701,
2020-06-10,1.93920,
2020-06-11,1.98622,
2020-06-12,2.00934,
2020-06-13,.,No value available
2020-06-14,.,No value available
2020-06-15,1.95759,
2020-06-16,0.21200,
2020-06-17,0.21504,
2020-06-18,0.21743,
2020-06-19,0.22633,
2020-06-20,.,No value available
2020-06-21,.,No value available
2020-06-22,0.22241,
2020-06-23,0.22676,
2020-06-24,0.21360,
2020-06-25,0.21024,
2020-06-26,0.21856,
2020-06-27,.,No value available
2020-06-28,.,No value available
2020-06-29,0.22215,
2020-06-30,0.21103,
2020-07-01,0.21576,
2020-07-02,0.21100,
2020-07-03,0.20234,
2020-07-04,.,No value available
2020-07-05,.,No value available
2020-07-06,0.19906,
2020-07-07,0.19589,
2020-07-08,0.19553,
2020-07-09,0.18604,
2020-07-10,0.18521,
2020-07-11,.,No value available
2020-07-12,.,No value available
2020-07-13,0.18508,
2020-07-14,0.20006,
2020-07-15,0.12132,
2020-07-16,0.11267,
2020-07-17,0.09798,
2020-07-18,.,No value available
2020-07-19,.,No value available
2020-07-20,0.11160,
2020-07-21,0.11631,
2020-07-22,0.09710,
2020-07-23,0.11935,
2020-07-24,0.10921,
2020-07-25,.,No value available
2020-07-26,.,No value available
2020-07-27,0.11923,
2020-07-28,0.11227,
2020-07-29,0.10516,
2020-07-30,0.08782,
2020-07-31,0.10388,
2020-08-01,.,No value available
2020-08-02,.,No value available
2020-08-03,0.09399,
2020-08-04,0.09756,
2020-08-05,0.08943,
2020-08-06,0.10043,
2020-08-07,0.11255,
2020-08-08,.,No value available
2020-08-09,.,No value available
2020-08-10,0.10627,
2020-08-11,0.08034,
2020-08-12,0.08672,
2020-08-13,0.08723,
2020-08-14,0.07696,
2020-08-15,.,No value available
2020-08-16,.,No value available
2020-08-17,0.07055,
2020-08-18,0.02907,
2020-08-19,0.06452,
2020-08-20,0.08312,
2020-08-21,0.08807,
2020-08-22,.,No value available
2020-08-23,.,No value available
2020-08-24,0.09477,
2020-08-25,0.29186,
2020-08-26,2.65238,
2020-08-27,2.39425,
2020-08-28,2.33603,
2020-08-29,.,No value available
2020-08-30,.,No value available
2020-08-31,2.32230,
2020-09-01,2.30576,
2020-09-02,2.78779,
2020-09-03,2.83039,
2020-09-04,2.81535,
2020-09-05,.,No value available
2020-09-06,.,No value available
2020-09-07,2.83266,
2020-09-08,2.83969,
2020-09-09,2.85430,
2020-09-10,2.75629,
2020-09-11,0.00928,
2020-09-12,.,No value available
2020-09-13,.,No value available
2020-09-14,0.00619,
2020-09-15,0.00663,
2020-09-16,0.00786,
2020-09-17,0.00588,
2020-09-18,0.01018,
2020-09-19,.,No value available
2020-09-20,.,No value available
2020-09-21,0.01320,
2020-09-22,0.01597,
2020-09-23,0.01412,
2020-09-24,0.01293,
2020-09-25,0.01052,
2020-09-26,.,No value available
2020-09-27,.,No value available
2020-09-28,0.01052,
2020-09-29,0.02183,
2020-09-30,0.03253,
2020-10-01,0.21230,
2020-10-02,0.21443,
2020-10-03,.,No value available
2020-10-04,.,No value available
2020-10-05,0.21443,
2020-10-06,0.23229,
2020-10-07,0.23229,
2020-10-08,1.73253,
2020-10-09,2.11628,
2020-10-10,.,No value available
2020-10-11,.,No value available
2020-10-12,2.11628,
2020-10-13,2.11628,
2020-10-14,2.06945,
2020-10-15,2.21287,
2020-10-16,5.83911,
2020-10-17,.,No value available
2020-10-18,.,No value available
2020-10-19,5.83911,
2020-10-20,3.30763,
2020-10-21,0.00010,
2020-10-22,0.00010,
2020-10-23,0.21979,
2020-10-24,.,No value available
2020-10-25,.,No value available
2020-10-26,0.22247,
2020-10-27,1.71681,
2020-10-28,4.20181,
2020-10-29,1.76639,
2020-10-30,1.76639,
2020-10-31,.,No value available
2020-11-01,.,No value available
2020-11-02,1.34429,
2020-11-03,2.27654,
2020-11-04,3.03404,
2020-11-05,3.97061,
2020-11-06,2.18340,
2020-11-07,.,No value available
2020-11-08,.,No value available
2020-11-09,2.18340,
2020-11-10,2.39100,
2020-11-11,2.88352,
2020-11-12,2.89222,
2020-11-13,2.98601,
2020-11-14,.,No value available
2020-11-15,.,No value available
2020-11-16,3.07864,
2020-11-17,3.07864,
2020-11-18,3.07864,
2020-11-19,3.01549,
2020-11-20,3.01549,
2020-11-21,.,No value available
2020-11-22,.,No value available
2020-11-23,2.99321,
2020-11-24,2.99321,
2020-11-25,2.99321,
2020-11-26,2.99321,
2020-11-27,2.99321,
2020-11-28,.,No value available
2020-11-29,.,No value available
2020-11-30,2.99321,
2020-12-01,2.72293,
2020-12-02,2.68333,
2020-12-03,2.80908,
2020-12-04,2.78450,
2020-12-05,.,No value available
2020-12-06,.,No value available
2020-12-07,2.83042,
2020-12-08,2.97326,
2020-12-09,2.97326,
2020-12-10,2.93887,
2020-12-11,3.00748,
2020-12-12,.,No value available
2020-12-13,.,No value available
2020-12-14,2.73787,
2020-12-15,2.73787,
2020-12-16,2.70558,
2020-12-17,2.97425,
2020-12-18,2.90758,
2020-12-19,.,No value available
2020-12-20,.,No value available
2020-12-21,2.96572,
2020-12-22,2.86415,
2020-12-23,0.67098,
2020-12-24,.,No value available
2020-12-25,.,No value available
2020-12-26,.,No value available
2020-12-27,.,No value available
2020-12-28,0.62038,
2020-12-29,0.69615,
2020-12-30,0.67370,
2020-12-31,.,No value available
2021-01-01,.,No value available
2021-01-02,.,No value available
2021-01-03,.,No value available
2021-01-04,0.70608,
2021-01-05,0.79797,
2021-01-06,0.57008,
2021-01-07,0.60268,
2021-01-08,0.68197,
2021-01-09,.,No value available
2021-01-10,.,No value available
2021-01-11,2.05993,
2021-01-12,5.21650,
2021-01-13,4.89814,
2021-01-14,2.11101,
2021-01-15,0.00010,
2021-01-16,.,No value available
2021-01-17,.,No value available
2021-01-18,30.00000,
2021-01-19,3.99408,
2021-01-20,1.72020,
2021-01-21,1.72020,
2021-01-22,1.71886,
2021-01-23,.,No value available
2021-01-24,.,No value available
2021-01-25,1.76282,
2021-01-26,1.48393,
2021-01-27,0.07136,
2021-01-28,0.14272,
2021-01-29,0.04496,
2021-01-30,.,No value available
2021-01-31,.,No value available
2021-02-01,1.87965,
2021-02-02,6.90813,
2021-02-03,7.26747,
2021-02-04,7.26747,
2021-02-05,6.99701,
2021-02-06,.,No value available
2021-02-07,.,No value available
2021-02-08,9.42237,
2021-02-09,6.82100,
2021-02-10,7.82513,
2021-02-11,0.98747,
2021-02-12,0.98747,
2021-02-13,.,No value available
2021-02-14,.,No value available
2021-02-15,1.11979,
2021-02-16,1.11979,
2021-02-17,1.12788,
2021-02-18,1.12788,
2021-02-19,1.15274,
2021-02-20,.,No value available
2021-02-21,.,No value available
2021-02-22,0.01542,
2021-02-23,0.60980,
2021-02-24,0.60980,
2021-02-25,0.78526,
2021-02-26,0.90788,
2021-02-27,.,No value available
2021-02-28,.,No value available
2021-03-01,0.98627,
2021-03-02,1.13079,
2021-03-03,1.12808,
2021-03-04,1.27302,
2021-03-05,1.27302,
2021-03-06,.,No value available
2021-03-07,.,No value available
2021-03-08,1.27302,
2021-03-09,0.97859,
2021-03-10,5.70788,
2021-03-11,0.72113,
2021-03-12,1.21142,
2021-03-13,.,No value available
2021-03-14,.,No value available
2021-03-15,1.21142,
2021-03-16,1.61522,
2021-03-17,1.76709,
2021-03-18,1.83239,
2021-03-19,1.87408,
2021-03-20,.,No value available
2021-03-21,.,No value available
2021-03-22,1.79197,
2021-03-23,1.80818,
2021-03-24,0.16991,
2021-03-25,0.16991,
2021-03-26,0.16991,
2021-03-27,.,No value available
2021-03-28,.,No value available
2021-03-29,0.17331,
2021-03-30,0.16402,
2021-03-31,0.16402,
2021-04-01,0.22862,
2021-04-02,.,No value available
2021-04-03,.,No value available
2021-04-04,.,No value available
2021-04-05,.,No value available
2021-04-06,0.22862,
2021-04-07,0.21288,
2021-04-08,0.21288,
2021-04-09,0.21976,
2021-04-10,.,No value available
2021-04-11,.,No value available
2021-04-12,0.21481,
2021-04-13,0.21003,
2021-04-14,0.21003,
2021-04-15,0.20092,
2021-04-16,0.20092,
2021-04-17,.,No value available
2021-04-18,.,No value available
2021-04-19,0.20092,
2021-04-20,0.18834,
2021-04-21,0.18966,
2021-04-22,0.19470,
2021-04-23,0.19470,
2021-04-24,.,No value available
2021-04-25,.,No value available
2021-04-26,0.18982,
2021-04-27,0.18982,
2021-04-28,0.18337,
2021-04-29,0.18337,
2021-04-30,0.17158,
2021-05-01,.,No value available
2021-05-02,.,No value available
2021-05-03,0.16854,
2021-05-04,0.16714,
2021-05-05,0.16679,
2021-05-06,0.16679,
2021-05-07,0.16679,
2021-05-08,.,No value available
2021-05-09,.,No value available
2021-05-10,0.15297,
2021-05-11,0.16586,
2021-05-12,0.16189,
2021-05-13,0.13833,
2021-05-14,0.14716,
2021-05-15,.,No value available
2021-05-16,.,No value available
2021-05-17,0.14716,
2021-05-18,0.17609,
2021-05-19,0.16037,
2021-05-20,0.15321,
2021-05-21,0.15872,
2021-05-22,.,No value available
2021-05-23,.,No value available
2021-05-24,.,No value available
2021-05-25,0.14981,
2021-05-26,0.15175,
2021-05-27,0.15715,
2021-05-28,0.15478,
2021-05-29,.,No value available
2021-05-30,.,No value available
2021-05-31,1.03320,
2021-06-01,1.23635,
2021-06-02,1.23635,
2021-06-03,1.23635,
2021-06-04,1.08536,
2021-06-05,.,No value available
2021-06-06,.,No value available
2021-06-07,1.45031,
2021-06-08,1.63550,
2021-06-09,1.68950,
2021-06-10,1.72253,
2021-06-11,0.19203,
2021-06-12,.,No value available
2021-06-13,.,No value available
2021-06-14,0.18445,
2021-06-15,0.18700,
2021-06-16,0.18077,
2021-06-17,0.18975,
2021-06-18,0.18421,
2021-06-19,.,No value available
2021-06-20,.,No value available
2021-06-21,0.18716,
2021-06-22,0.19307,
2021-06-23,0.18136,
2021-06-24,0.19024,
2021-06-25,0.18640,
2021-06-26,.,No value available
2021-06-27,.,No value available
2021-06-28,0.18639,
2021-06-29,1.74606,
2021-06-30,1.73633,
2021-07-01,1.80340,
2021-07-02,1.72660,
2021-07-03,.,No value available
2021-07-04,.,No value available
2021-07-05,1.80210,
2021-07-06,1.85011,
2021-07-07,1.97805,
2021-07-08,2.04197,
2021-07-09,2.01820,
2021-07-10,.,No value available
2021-07-11,.,No value available
2021-07-12,1.97599,
2021-07-13,1.92933,
2021-07-14,1.94586,
2021-07-15,1.67176,
2021-07-16,1.72690,
2021-07-17,.,No value available
2021-07-18,.,No value available
2021-07-19,1.95661,
2021-07-20,1.97464,
2021-07-21,1.97275,
2021-07-22,1.90431,
2021-07-23,1.93532,
2021-07-24,.,No value available
2021-07-25,.,No value available
2021-07-26,2.00769,
2021-07-27,1.95584,
2021-07-28,1.98190,
2021-07-29,2.00230,
2021-07-30,2.00490,
2021-07-31,.,No value available
2021-08-01,.,No value available
2021-08-02,2.00222,
2021-08-03,2.04347,
2021-08-04,2.09371,
2021-08-05,2.04179,
2021-08-06,2.05269,
2021-08-07,.,No value available
2021-08-08,.,No value available
2021-08-09,6.64897,
2021-08-10,6.92444,
2021-08-11,6.58134,
2021-08-12,6.48006,
2021-08-13,6.09859,
2021-08-14,.,No value available
2021-08-15,.,No value available
2021-08-16,6.09673,
2021-08-17,6.00198,
2021-08-18,5.95606,
2021-08-19,2.25569,
2021-08-20,2.27575,
2021-08-21,.,No value available
2021-08-22,.,No value available
2021-08-23,2.23395,
2021-08-24,1.90409,
2021-08-25,1.86359,
2021-08-26,1.94503,
2021-08-27,2.02681,
2021-08-28,.,No value available
2021-08-29,.,No value available
2021-08-30,2.06328,
2021-08-31,2.09688,
2021-09-01,1.90610,
2021-09-02,6.94406,
2021-09-03,6.57907,
2021-09-04,.,No value available
2021-09-05,.,No value available
2021-09-06,1.46444,
2021-09-07,1.82258,
2021-09-08,1.92794,
2021-09-09,1.95187,
2021-09-10,2.01738,
2021-09-11,.,No value available
2021-09-12,.,No value available
2021-09-13,2.01650,
2021-09-14,1.97750,
2021-09-15,2.05887,
2021-09-16,2.04909,
2021-09-17,1.96821,
2021-09-18,.,No value available
2021-09-19,.,No value available
2021-09-20,2.03082,
2021-09-21,1.91287,
2021-09-22,1.96318,
2021-09-23,2.01215,
2021-09-24,0.78085,
2021-09-25,.,No value available
2021-09-26,.,No value available
2021-09-27,0.01427,
2021-09-28,0.02142,
2021-09-29,0.02439,
2021-09-30,0.01704,
2021-10-01,0.01364,
2021-10-02,.,No value available
2021-10-03,.,No value available
2021-10-04,0.04916,
2021-10-05,0.67772,
2021-10-06,0.72353,
2021-10-07,0.60988,
2021-10-08,0.65139,
2021-10-09,.,No value available
2021-10-10,.,No value available
2021-10-11,0.11792,
2021-10-12,0.10543,
2021-10-13,0.07415,
2021-10-14,0.01730,
2021-10-15,0.01823,
2021-10-16,.,No value available
2021-10-17,.,No value available
2021-10-18,0.50714,
2021-10-19,0.45686,
2021-10-20,0.62857,
2021-10-21,0.44528,
2021-10-22,0.40627,
2021-10-23,.,No value available
2021-10-24,.,No value available
2021-10-25,0.32756,
2021-10-26,0.30009,
2021-10-27,0.29354,
2021-10-28,0.44000,
2021-10-29,0.44522,
2021-10-30,.,No value available
2021-10-31,.,No value available
2021-11-01,0.44576,
2021-11-02,0.46167,
2021-11-03,0.41600,
2021-11-04,0.58764,
2021-11-05,0.69989,
2021-11-06,.,No value available
2021-11-07,.,No value available
2021-11-08,0.48924,
2021-11-09,0.43582,
2021-11-10,0.41640,
2021-11-11,0.31972,
2021-11-12,0.31094,
2021-11-13,.,No value available
2021-11-14,.,No value available
2021-11-15,0.33280,
2021-11-16,0.36001,
2021-11-17,0.35524,
2021-11-18,0.33297,
2021-11-19,0.30933,
2021-11-20,.,No value available
2021-11-21,.,No value available
2021-11-22,0.31491,
2021-11-23,0.31873,
2021-11-24,0.32532,
2021-11-25,0.34490,
2021-11-26,0.35990,
2021-11-27,.,No value available
2021-11-28,.,No value available
2021-11-29,0.37075,
2021-11-30,0.41027,
2021-12-01,0.39213,
2021-12-02,0.41530,
2021-12-03,0.45202,
2021-12-04,.,No value available
2021-12-05,.,No value available
2021-12-06,0.41098,
2021-12-07,0.53247,
2021-12-08,0.52516,
2021-12-09,0.57140,
2021-12-10,0.48715,
2021-12-11,.,No value available
2021-12-12,.,No value available
2021-12-13,0.45215,
2021-12-14,0.37938,
2021-12-15,0.40134,
2021-12-16,0.48247,
2021-12-17,0.50097,
2021-12-18,.,No value available
2021-12-19,.,No value available
2021-12-20,0.45772,
2021-12-21,0.43352,
2021-12-22,0.46784,
2021-12-23,0.50945,
2021-12-24,.,No value available
2021-12-25,.,No value available
2021-12-26,.,No value available
2021-12-27,0.66104,
2021-12-28,0.74839,
2021-12-29,0.58522,
2021-12-30,0.64206,
2021-12-31,.,No value available
2022-01-01,.,No value available
2022-01-02,.,No value available
2022-01-03,1.42875,
2022-01-04,3.40596,
2022-01-05,4.05134,
2022-01-06,14.32634,
2022-01-07,18.32710,
2022-01-08,.,No value available
2022-01-09,.,No value available
2022-01-10,18.09609,
2022-01-11,0.23138,
2022-01-12,0.21560,
2022-01-13,16.83073,
2022-01-14,16.59373,
2022-01-15,.,No value available
2022-01-16,.,No value available
2022-01-17,17.04080,
2022-01-18,16.81022,
2022-01-19,16.84185,
2022-01-20,16.42277,
2022-01-21,13.18780,
2022-01-22,.,No value available
2022-01-23,.,No value available
2022-01-24,12.98140,
2022-01-25,15.24537,
2022-01-26,11.47119,
2022-01-27,11.96821,
2022-01-28,10.10924,
2022-01-29,.,No value available
2022-01-30,.,No value available
2022-01-31,3.51587,
2022-02-01,2.94408,
2022-02-02,2.95368,
2022-02-03,2.76887,
2022-02-04,6.82191,
2022-02-05,.,No value available
2022-02-06,.,No value available
2022-02-07,5.48545,
2022-02-08,5.71731,
2022-02-09,6.47086,
2022-02-10,6.87547,
2022-02-11,9.26385,
2022-02-12,.,No value available
2022-02-13,.,No value available
2022-02-14,3.38350,
2022-02-15,2.86939,
2022-02-16,2.55347,
2022-02-17,2.93368,
2022-02-18,2.60555,
2022-02-19,.,No value available
2022-02-20,.,No value available
2022-02-21,2.82158,
2022-02-22,3.06543,
2022-02-23,3.13523,
2022-02-24,2.85853,
2022-02-25,3.26455,
2022-02-26,.,No value available
2022-02-27,.,No value available
2022-02-28,3.25740,
2022-03-01,2.11592,
2022-03-02,2.47942,
2022-03-03,1.74789,
2022-03-04,2.35620,
2022-03-05,.,No value available
2022-03-06,.,No value available
2022-03-07,1.05272,
2022-03-08,0.23051,
2022-03-09,0.19618,
2022-03-10,0.17516,
2022-03-11,0.15884,
2022-03-12,.,No value available
2022-03-13,.,No value available
2022-03-14,1.52248,
2022-03-15,1.48652,
2022-03-16,1.55261,
2022-03-17,1.40543,
2022-03-18,1.49605,
2022-03-19,.,No value available
2022-03-20,.,No value available
2022-03-21,1.59209,
2022-03-22,1.44721,
2022-03-23,1.74203,
2022-03-24,1.65489,
2022-03-25,1.64206,
2022-03-26,.,No value available
2022-03-27,.,No value available
2022-03-28,8.36193,
2022-03-29,9.94157,
2022-03-30,0.61754,
2022-03-31,0.39091,
2022-04-01,0.37710,
2022-04-02,.,No value available
2022-04-03,.,No value available
2022-04-04,0.42314,
2022-04-05,0.15740,
2022-04-06,0.15167,
2022-04-07,1.82016,
2022-04-08,2.05564,
2022-04-09,.,No value available
2022-04-10,.,No value available
2022-04-11,0.00023,
2022-04-12,0.14438,
2022-04-13,0.13694,
2022-04-14,0.31540,
2022-04-15,.,No value available
2022-04-16,.,No value available
2022-04-17,.,No value available
2022-04-18,.,No value available
2022-04-19,0.37016,
2022-04-20,1.50966,
2022-04-21,1.38235,
2022-04-22,1.88496,
2022-04-23,.,No value available
2022-04-24,.,No value available
2022-04-25,2.07859,
2022-04-26,3.81779,
2022-04-27,10.60413,
2022-04-28,10.00716,
2022-04-29,10.21461,
2022-04-30,.,No value available
2022-05-01,.,No value available
2022-05-02,9.12726,
2022-05-03,1.66544,
2022-05-04,1.69800,
2022-05-05,1.49100,
2022-05-06,1.36197,
2022-05-07,.,No value available
2022-05-08,.,No value available
2022-05-09,1.09125,
2022-05-10,10.49607,
2022-05-11,11.24054,
2022-05-12,11.33143,
2022-05-13,11.43407,
2022-05-14,.,No value available
2022-05-15,.,No value available
2022-05-16,11.35344,
2022-05-17,11.36244,
2022-05-18,11.24949,
2022-05-19,10.82403,
2022-05-20,11.82725,
2022-05-21,.,No value available
2022-05-22,.,No value available
2022-05-23,12.13813,
2022-05-24,12.58721,
2022-05-25,12.31986,
2022-05-26,13.16198,
2022-05-27,13.17327,
2022-05-28,.,No value available
2022-05-29,.,No value available
2022-05-30,13.34152,
2022-05-31,13.43376,
2022-06-01,13.28228,
2022-06-02,13.24590,
2022-06-03,13.28965,
2022-06-04,.,No value available
2022-06-05,.,No value available
2022-06-06,13.60690,
2022-06-07,13.19036,
2022-06-08,13.27091,
2022-06-09,12.75825,
2022-06-10,13.06124,
2022-06-11,.,No value available
2022-06-12,.,No value available
2022-06-13,13.13197,
2022-06-14,12.64250,
2022-06-15,12.34643,
2022-06-16,12.82446,
2022-06-17,12.86676,
2022-06-18,.,No value available
2022-06-19,.,No value available
2022-06-20,13.02724,
2022-06-21,12.82608,
2022-06-22,12.96236,
2022-06-23,12.65280,
2022-06-24,12.98033,
2022-06-25,.,No value available
2022-06-26,.,No value available
2022-06-27,12.78471,
2022-06-28,12.11513,
2022-06-29,11.96965,
2022-06-30,12.14527,
2022-07-01,12.78758,
2022-07-02,.,No value available
2022-07-03,.,No value available
2022-07-04,13.61372,
2022-07-05,12.34299,
2022-07-06,12.83199,
2022-07-07,13.73573,
2022-07-08,13.15861,
2022-07-09,.,No value available
2022-07-10,.,No value available
2022-07-11,12.94079,
2022-07-12,13.00525,
2022-07-13,1.45389,
2022-07-14,1.25107,
2022-07-15,1.23098,
2022-07-16,.,No value available
2022-07-17,.,No value available
2022-07-18,1.43269,
2022-07-19,1.33551,
2022-07-20,1.45367,
2022-07-21,1.47306,
2022-07-22,1.35416,
2022-07-23,.,No value available
2022-07-24,.,No value available
2022-07-25,0.99831,
2022-07-26,0.79954,
2022-07-27,0.56937,
2022-07-28,0.51281,
2022-07-29,0.33413,
2022-07-30,.,No value available
2022-07-31,.,No value available
2022-08-01,0.33934,
2022-08-02,0.31371,
2022-08-03,0.46737,
2022-08-04,0.47349,
2022-08-05,0.44483,
2022-08-06,.,No value available
2022-08-07,.,No value available
2022-08-08,0.52293,
2022-08-09,0.57995,
2022-08-10,0.56583,
2022-08-11,0.59855,
2022-08-12,0.61264,
2022-08-13,.,No value available
2022-08-14,.,No value available
2022-08-15,0.75746,
2022-08-16,0.73452,
2022-08-17,0.93897,
2022-08-18,1.04672,
2022-08-19,0.94018,
2022-08-20,.,No value available
2022-08-21,.,No value available
2022-08-22,0.97721,
2022-08-23,1.09127,
2022-08-24,0.97952,
2022-08-25,0.97544,
2022-08-26,0.99583,
2022-08-27,.,No value available
2022-08-28,.,No value available
2022-08-29,1.09125,
2022-08-30,1.07554,
2022-08-31,1.09103,
2022-09-01,1.12072,
2022-09-02,1.16084,
2022-09-03,.,No value available
2022-09-04,.,No value available
2022-09-05,1.18323,
2022-09-06,1.41850,
2022-09-07,1.31280,
2022-09-08,1.29023,
2022-09-09,1.11018,
2022-09-10,.,No value available
2022-09-11,.,No value available
2022-09-12,1.02105,
2022-09-13,1.05513,
2022-09-14,1.24758,
2022-09-15,1.18394,
2022-09-16,1.13282,
2022-09-17,.,No value available
2022-09-18,.,No value available
2022-09-19,1.04378,
2022-09-20,1.04140,
2022-09-21,1.58145,
2022-09-22,0.23905,
2022-09-23,6.41713,
2022-09-24,.,No value available
2022-09-25,.,No value available
2022-09-26,6.27192,
2022-09-27,6.11471,
2022-09-28,6.93005,
2022-09-29,7.16982,
2022-09-30,8.92890,
2022-10-01,.,No value available
2022-10-02,.,No value available
2022-10-03,9.13491,
2022-10-04,10.48547,
2022-10-05,10.13387,
2022-10-06,9.25618,
2022-10-07,8.67323,
2022-10-08,.,No value available
2022-10-09,.,No value available
2022-10-10,9.52628,
2022-10-11,9.64416,
2022-10-12,10.16968,
2022-10-13,10.15479,
2022-10-14,10.46933,
2022-10-15,.,No value available
2022-10-16,.,No value available
2022-10-17,11.03587,
2022-10-18,10.72513,
2022-10-19,10.16875,
2022-10-20,9.99670,
2022-10-21,10.38292,
2022-10-22,.,No value available
2022-10-23,.,No value available
2022-10-24,10.48803,
2022-10-25,10.47387,
2022-10-26,10.24516,
2022-10-27,10.38053,
2022-10-28,11.48157,
2022-10-29,.,No value available
2022-10-30,.,No value available
2022-10-31,10.11859,
2022-11-01,10.62197,
2022-11-02,10.61261,
2022-11-03,9.62859,
2022-11-04,9.45134,
2022-11-05,.,No value available
2022-11-06,.,No value available
2022-11-07,9.58968,
2022-11-08,8.66494,
2022-11-09,8.68626,
2022-11-10,8.81604,
2022-11-11,10.38721,
2022-11-12,.,No value available
2022-11-13,.,No value available
2022-11-14,10.21809,
2022-11-15,10.24090,
2022-11-16,10.12679,
2022-11-17,10.43983,
2022-11-18,9.71479,
2022-11-19,.,No value available
2022-11-20,.,No value available
2022-11-21,9.82803,
2022-11-22,9.98054,
2022-11-23,10.07940,
2022-11-24,9.91400,
2022-11-25,9.52315,
2022-11-26,.,No value available
2022-11-27,.,No value available
2022-11-28,9.18645,
2022-11-29,9.56654,
2022-11-30,9.51586,
2022-12-01,9.35828,
2022-12-02,10.00964,
2022-12-03,.,No value available
2022-12-04,.,No value available
2022-12-05,9.34962,
2022-12-06,9.39762,
2022-12-07,9.57357,
2022-12-08,9.60654,
2022-12-09,9.42907,
2022-12-10,.,No value available
2022-12-11,.,No value available
2022-12-12,9.37701,
2022-12-13,9.14064,
2022-12-14,9.51852,
2022-12-15,10.26958,
2022-12-16,8.69883,
2022-12-17,.,No value available
2022-12-18,.,No value available
2022-12-19,9.27242,
2022-12-20,10.02880,
2022-12-21,10.24055,
2022-12-22,10.38962,
2022-12-23,10.36450,
2022-12-24,.,No value available
2022-12-25,.,No value available
2022-12-26,.,No value available
2022-12-27,10.46798,
2022-12-28,10.19160,
2022-12-29,10.64942,
2022-12-30,10.61343,
2022-12-31,.,No value available
2023-01-01,.,No value available
2023-01-02,10.96045,
2023-01-03,9.99899,
2023-01-04,10.14717,
2023-01-05,10.37446,
2023-01-06,10.07059,
2023-01-07,.,No value available
2023-01-08,.,No value available
2023-01-09,10.41576,
2023-01-10,10.71108,
2023-01-11,10.51821,
2023-01-12,11.17306,
2023-01-13,11.38984,
2023-01-14,.,No value available
2023-01-15,.,No value available
2023-01-16,11.34545,
2023-01-17,11.24105,
2023-01-18,11.51794,
2023-01-19,11.45741,
2023-01-20,11.48398,
2023-01-21,.,No value available
2023-01-22,.,No value available
2023-01-23,11.91121,
2023-01-24,11.83651,
2023-01-25,11.64362,
2023-01-26,11.61902,
2023-01-27,11.38209,
2023-01-28,.,No value available
2023-01-29,.,No value available
2023-01-30,11.24014,
2023-01-31,11.30844,
2023-02-01,11.55458,
2023-02-02,11.70102,
2023-02-03,12.35755,
2023-02-04,.,No value available
2023-02-05,.,No value available
2023-02-06,12.02393,
2023-02-07,11.78087,
2023-02-08,11.54751,
2023-02-09,11.67889,
2023-02-10,11.56979,
2023-02-11,.,No value available
2023-02-12,.,No value available
2023-02-13,11.49245,
2023-02-14,11.36490,
2023-02-15,11.29312,
2023-02-16,11.63897,
2023-02-17,11.28199,
2023-02-18,.,No value available
2023-02-19,.,No value available
2023-02-20,11.66093,
2023-02-21,11.38718,
2023-02-22,11.26001,
2023-02-23,11.53892,
2023-02-24,11.37093,
2023-02-25,.,No value available
2023-02-26,.,No value available
2023-02-27,11.38550,
2023-02-28,11.63439,
2023-03-01,11.57229,
2023-03-02,11.17062,
2023-03-03,11.67631,
2023-03-04,.,No value available
2023-03-05,.,No value available
2023-03-06,11.41085,
2023-03-07,11.71602,
2023-03-08,11.83838,
2023-03-09,11.76978,
2023-03-10,12.01598,
2023-03-11,.,No value available
2023-03-12,.,No value available
2023-03-13,12.25556,
2023-03-14,11.90543,
2023-03-15,11.49087,
2023-03-16,12.13872,
2023-03-17,12.38009,
2023-03-18,.,No value available
2023-03-19,.,No value available
2023-03-20,5.86885,
2023-03-21,7.00789,
2023-03-22,7.09273,
2023-03-23,6.80979,
2023-03-24,5.19899,
2023-03-25,.,No value available
2023-03-26,.,No value available
2023-03-27,6.39502,
2023-03-28,6.70406,
2023-03-29,6.57228,
2023-03-30,6.99071,
2023-03-31,7.32788,
2023-04-01,.,No value available
2023-04-02,.,No value available
2023-04-03,7.18446,
2023-04-04,7.02147,
2023-04-05,6.75876,
2023-04-06,6.33660,
2023-04-07,.,No value available
2023-04-08,.,No value available
2023-04-09,.,No value available
2023-04-10,.,No value available
2023-04-11,6.78850,
2023-04-12,6.81646,
2023-04-13,6.83082,
2023-04-14,6.77530,
2023-04-15,.,No value available
2023-04-16,.,No value available
2023-04-17,0.92743,
2023-04-18,0.90316,
2023-04-19,0.93445,
2023-04-20,0.84474,
2023-04-21,0.82048,
2023-04-22,.,No value available
2023-04-23,.,No value available
2023-04-24,0.98572,
2023-04-25,1.09114,
2023-04-26,1.08345,
2023-04-27,1.13058,
2023-04-28,1.14745,
2023-04-29,.,No value available
2023-04-30,.,No value available
2023-05-01,.,No value available
2023-05-02,1.15264,
2023-05-03,1.09008,
2023-05-04,1.18213,
2023-05-05,7.13728,
2023-05-06,.,No value available
2023-05-07,.,No value available
2023-05-08,7.40679,
2023-05-09,6.18156,
2023-05-10,6.04983,
2023-05-11,0.94796,
2023-05-12,1.18450,
2023-05-13,.,No value available
2023-05-14,.,No value available
2023-05-15,6.82670,
2023-05-16,7.02366,
2023-05-17,7.19451,
2023-05-18,7.51272,
2023-05-19,7.53813,
2023-05-20,.,No value available
2023-05-21,.,No value available
2023-05-22,6.37332,
2023-05-23,6.56015,
2023-05-24,6.48700,
2023-05-25,6.59659,
2023-05-26,6.43942,
2023-05-27,.,No value available
2023-05-28,.,No value available
2023-05-29,6.54879,
2023-05-30,1.35926,
2023-05-31,8.22119,
2023-06-01,7.47559,
2023-06-02,7.47512,
2023-06-03,.,No value available
2023-06-04,.,No value available
2023-06-05,1.46712,
2023-06-06,1.44734,
2023-06-07,1.41302,
2023-06-08,1.37560,
2023-06-09,1.35265,
2023-06-10,.,No value available
2023-06-11,.,No value available
2023-06-12,1.37104,
2023-06-13,1.38232,
2023-06-14,6.24446,
2023-06-15,6.51415,
2023-06-16,6.63728,
2023-06-17,.,No value available
2023-06-18,.,No value available
2023-06-19,1.45931,
2023-06-20,1.41045,
2023-06-21,1.31845,
2023-06-22,1.24095,
2023-06-23,1.31586,
2023-06-24,.,No value available
2023-06-25,.,No value available
2023-06-26,1.32369,
2023-06-27,1.36932,
2023-06-28,1.42888,
2023-06-29,1.35717,
2023-06-30,1.33441,
2023-07-01,.,No value available
2023-07-02,.,No value available
2023-07-03,1.32779,
2023-07-04,1.35502,
2023-07-05,1.39117,
2023-07-06,1.36906,
2023-07-07,1.24759,
2023-07-08,.,No value available
2023-07-09,.,No value available
2023-07-10,1.28199,
2023-07-11,1.33999,
2023-07-12,1.38508,
2023-07-13,1.35074,
2023-07-14,1.26335,
2023-07-15,.,No value available
2023-07-16,.,No value available
2023-07-17,13.23829,
2023-07-18,13.35129,
2023-07-19,13.36740,
2023-07-20,13.25879,
2023-07-21,13.14520,
2023-07-22,.,No value available
2023-07-23,.,No value available
2023-07-24,13.42113,
2023-07-25,13.37350,
2023-07-26,13.24990,
2023-07-27,13.34654,
2023-07-28,13.39598,
2023-07-29,.,No value available
2023-07-30,.,No value available
2023-07-31,13.25018,
2023-08-01,13.08359,
2023-08-02,13.18266,
2023-08-03,12.97281,
2023-08-04,12.67150,
2023-08-05,.,No value available
2023-08-06,.,No value available
2023-08-07,12.82673,
2023-08-08,12.83636,
2023-08-09,12.94131,
2023-08-10,12.95330,
2023-08-11,12.95459,
2023-08-12,.,No value available
2023-08-13,.,No value available
2023-08-14,12.89247,
2023-08-15,12.66752,
2023-08-16,12.96091,
2023-08-17,12.89481,
2023-08-18,12.89488,
2023-08-19,.,No value available
2023-08-20,.,No value available
2023-08-21,13.04698,
2023-08-22,12.70925,
2023-08-23,12.95004,
2023-08-24,13.09397,
2023-08-25,13.08058,
2023-08-26,.,No value available
2023-08-27,.,No value available
2023-08-28,13.03671,
2023-08-29,12.88368,
2023-08-30,13.45036,
2023-08-31,13.33101,
2023-09-01,13.33124,
2023-09-02,.,No value available
2023-09-03,.,No value available
2023-09-04,13.16186,
2023-09-05,13.24878,
2023-09-06,13.20368,
2023-09-07,13.22863,
2023-09-08,13.28213,
2023-09-09,.,No value available
2023-09-10,.,No value available
2023-09-11,13.69534,
2023-09-12,13.24982,
2023-09-13,13.27091,
2023-09-14,13.08744,
2023-09-15,13.40917,
2023-09-16,.,No value available
2023-09-17,.,No value available
2023-09-18,13.39998,
2023-09-19,13.34408,
2023-09-20,13.94079,
2023-09-21,13.95871,
2023-09-22,13.41797,
2023-09-23,.,No value available
2023-09-24,.,No value available
2023-09-25,13.50127,
2023-09-26,13.58189,
2023-09-27,13.72227,
2023-09-28,13.41872,
2023-09-29,13.33568,
2023-09-30,.,No value available
2023-10-01,.,No value available
2023-10-02,13.31908,
2023-10-03,13.58383,
2023-10-04,13.22064,
2023-10-05,13.36281,
2023-10-06,13.44546,
2023-10-07,.,No value available
2023-10-08,.,No value available
2023-10-09,13.59020,
2023-10-10,13.64252,
2023-10-11,13.36436,
2023-10-12,13.33685,
2023-10-13,13.29772,
2023-10-14,.,No value available
2023-10-15,.,No value available
2023-10-16,13.64062,
2023-10-17,13.57458,
2023-10-18,13.12790,
2023-10-19,12.95582,
2023-10-20,13.16747,
2023-10-21,.,No value available
2023-10-22,.,No value available
2023-10-23,13.24588,
2023-10-24,13.32133,
2023-10-25,13.40309,
2023-10-26,13.57379,
2023-10-27,13.99012,
2023-10-28,.,No value available
2023-10-29,.,No value available
2023-10-30,14.42743,
2023-10-31,14.03597,
2023-11-01,14.29150,
2023-11-02,14.48265,
2023-11-03,14.23206,
2023-11-04,.,No value available
2023-11-05,.,No value available
2023-11-06,14.15511,
2023-11-07,13.82845,
2023-11-08,13.34738,
2023-11-09,13.83610,
2023-11-10,13.74114,
2023-11-11,.,No value available
2023-11-12,.,No value available
2023-11-13,13.60646,
2023-11-14,13.41303,
2023-11-15,13.98056,
2023-11-16,6.05474,
2023-11-17,5.63999,
2023-11-18,.,No value available
2023-11-19,.,No value available
2023-11-20,5.81624,
2023-11-21,5.71537,
2023-11-22,6.06640,
2023-11-23,5.83035,
2023-11-24,5.81825,
2023-11-25,.,No value available
2023-11-26,.,No value available
2023-11-27,5.92078,
2023-11-28,5.66397,
2023-11-29,5.11794,
2023-11-30,4.68163,
2023-12-01,8.65434,
2023-12-02,.,No value available
2023-12-03,.,No value available
2023-12-04,11.68843,
2023-12-05,12.04992,
2023-12-06,12.23191,
2023-12-07,12.06728,
2023-12-08,10.65159,
2023-12-09,.,No value available
2023-12-10,.,No value available
2023-12-11,10.88347,
2023-12-12,9.91998,
2023-12-13,11.50313,
2023-12-14,12.52558,
2023-12-15,12.38921,
2023-12-16,.,No value available
2023-12-17,.,No value available
2023-12-18,12.68163,
2023-12-19,12.49876,
2023-12-20,12.66262,
2023-12-21,12.50495,
2023-12-22,12.64396,
2023-12-23,.,No value available
2023-12-24,.,No value available
2023-12-25,.,No value available
2023-12-26,.,No value available
2023-12-27,12.73360,
2023-12-28,13.01376,
2023-12-29,12.73526,
2023-12-30,.,No value available
2023-12-31,.,No value available
2024-01-01,.,No value available
2024-01-02,12.71663,
2024-01-03,12.91286,
2024-01-04,12.85146,
2024-01-05,12.58731,
2024-01-06,.,No value available
2024-01-07,.,No value available
2024-01-08,12.56300,
2024-01-09,12.74146,
2024-01-10,12.55333,
2024-01-11,12.32619,
2024-01-12,12.83040,
2024-01-13,.,No value available
2024-01-14,.,No value available
2024-01-15,12.97277,
2024-01-16,12.90756,
2024-01-17,12.98660,
2024-01-18,13.07237,
2024-01-19,12.97232,
2024-01-20,.,No value available
2024-01-21,.,No value available
2024-01-22,13.01033,
2024-01-23,13.00105,
2024-01-24,13.01773,
2024-01-25,12.98974,
2024-01-26,13.31563,
2024-01-27,.,No value available
2024-01-28,.,No value available
2024-01-29,13.45646,
2024-01-30,13.61576,
2024-01-31,13.28398,
2024-02-01,13.61317,
2024-02-02,13.30549,
2024-02-03,.,No value available
2024-02-04,.,No value available
2024-02-05,13.23293,
2024-02-06,13.40682,
2024-02-07,13.46081,
2024-02-08,13.77117,
2024-02-09,13.57953,
2024-02-10,.,No value available
2024-02-11,.,No value available
2024-02-12,13.84909,
2024-02-13,13.88620,
2024-02-14,13.42650,
2024-02-15,13.72535,
2024-02-16,13.37871,
2024-02-17,.,No value available
2024-02-18,.,No value available
2024-02-19,13.09129,
2024-02-20,13.07129,
2024-02-21,13.24404,
2024-02-22,12.77014,
2024-02-23,12.01738,
2024-02-24,.,No value available
2024-02-25,.,No value available
2024-02-26,13.01869,
2024-02-27,12.46979,
2024-02-28,12.95180,
2024-02-29,10.55226,
2024-03-01,12.88891,
2024-03-02,.,No value available
2024-03-03,.,No value available
2024-03-04,13.55607,
2024-03-05,13.12716,
2024-03-06,12.14571,
2024-03-07,13.67486,
2024-03-08,13.72713,
2024-03-09,.,No value available
2024-03-10,.,No value available
2024-03-11,13.66660,
2024-03-12,13.24824,
2024-03-13,13.51594,
2024-03-14,13.35288,
2024-03-15,13.11319,
2024-03-16,.,No value available
2024-03-17,.,No value available
2024-03-18,12.99747,
2024-03-19,13.10944,
2024-03-20,10.88963,
2024-03-21,13.03941,
2024-03-22,12.38597,
2024-03-23,.,No value available
2024-03-24,.,No value available
2024-03-25,12.91103,
2024-03-26,12.86704,
2024-03-27,12.32792,
2024-03-28,10.40761,
2024-03-29,.,No value available
2024-03-30,.,No value available
2024-03-31,.,No value available
2024-04-01,.,No value available
2024-04-02,12.92591,
2024-04-03,12.85639,
2024-04-04,12.97925,
2024-04-05,11.57399,
2024-04-06,.,No value available
2024-04-07,.,No value available
2024-04-08,7.92627,
2024-04-09,8.13271,
2024-04-10,11.00938,
2024-04-11,6.54746,
2024-04-12,9.11162,
2024-04-13,.,No value available
2024-04-14,.,No value available
2024-04-15,12.45050,
2024-04-16,12.26089,
2024-04-17,9.70766,
2024-04-18,8.33378,
2024-04-19,8.23739,
2024-04-20,.,No value available
2024-04-21,.,No value available
2024-04-22,7.16544,
2024-04-23,7.84112,
2024-04-24,6.89611,
2024-04-25,6.54025,
2024-04-26,5.85370,
2024-04-27,.,No value available
2024-04-28,.,No value available
2024-04-29,5.11399,
2024-04-30,5.55576,
2024-05-01,.,No value available
2024-05-02,5.54901,
2024-05-03,5.29223,
2024-05-04,.,No value available
2024-05-05,.,No value available
2024-05-06,4.98775,
2024-05-07,5.94901,
2024-05-08,6.29098,
2024-05-09,8.67948,
2024-05-10,8.38887,
2024-05-11,.,No value available
2024-05-12,.,No value available
2024-05-13,8.16802,
2024-05-14,10.81076,
2024-05-15,9.27556,
2024-05-16,9.81827,
2024-05-17,6.83319,
2024-05-18,.,No value available
2024-05-19,.,No value available
2024-05-20,6.45396,
2024-05-21,6.76366,
2024-05-22,6.07536,
2024-05-23,6.22623,
2024-05-24,6.66448,
2024-05-25,.,No value available
2024-05-26,.,No value available
2024-05-27,6.66621,
2024-05-28,6.44950,
2024-05-29,6.20678,
2024-05-30,6.45338,
2024-05-31,6.71623,
2024-06-01,.,No value available
2024-06-02,.,No value available
2024-06-03,6.81481,
2024-06-04,6.27129,
2024-06-05,6.25534,
2024-06-06,6.21199,
2024-06-07,7.55481,
2024-06-08,.,No value available
2024-06-09,.,No value available
2024-06-10,7.24375,
2024-06-11,6.42335,
2024-06-12,6.50229,
2024-06-13,6.21841,
2024-06-14,5.29996,
2024-06-15,.,No value available
2024-06-16,.,No value available
2024-06-17,5.00219,
2024-06-18,5.76354,
2024-06-19,5.66610,
2024-06-20,6.52856,
2024-06-21,5.85106,
2024-06-22,.,No value available
2024-06-23,.,No value available
2024-06-24,5.98577,
2024-06-25,6.03536,
2024-06-26,5.77331,
2024-06-27,5.60482,
2024-06-28,5.58017,
2024-06-29,.,No value available
2024-06-30,.,No value available
2024-07-01,6.01382,
2024-07-02,5.77512,
2024-07-03,6.28815,
2024-07-04,5.91521,
2024-07-05,6.13664,
2024-07-06,.,No value available
2024-07-07,.,No value available
2024-07-08,6.12358,
2024-07-09,6.26205,
2024-07-10,6.18096,
2024-07-11,5.52618,
2024-07-12,4.86276,
2024-07-13,.,No value available
2024-07-14,.,No value available
2024-07-15,5.48160,
2024-07-16,5.14850,
2024-07-17,3.20687,
2024-07-18,3.37256,
2024-07-19,3.13658,
2024-07-20,.,No value available
2024-07-21,.,No value available
2024-07-22,3.29485,
2024-07-23,9.20215,
2024-07-24,12.77337,
2024-07-25,13.24217,
2024-07-26,13.25406,
2024-07-27,.,No value available
2024-07-28,.,No value available
2024-07-29,13.46543,
2024-07-30,13.11601,
2024-07-31,13.49873,
2024-08-01,13.71379,
2024-08-02,13.67923,
2024-08-03,.,No value available
2024-08-04,.,No value available
2024-08-05,13.99710,
2024-08-06,13.54639,
2024-08-07,13.44986,
2024-08-08,13.61553,
2024-08-09,13.65851,
2024-08-10,.,No value available
2024-08-11,.,No value available
2024-08-12,6.29830,
2024-08-13,13.54919,
2024-08-14,13.67330,
2024-08-15,13.67283,
2024-08-16,13.58895,
2024-08-17,.,No value available
2024-08-18,.,No value available
2024-08-19,13.53199,
2024-08-20,13.63576,
2024-08-21,13.70346,
2024-08-22,13.85593,
2024-08-23,13.68810,
2024-08-24,.,No value available
2024-08-25,.,No value available
2024-08-26,13.90966,
2024-08-27,13.86545,
2024-08-28,13.87912,
2024-08-29,13.80458,
2024-08-30,13.67140,
2024-08-31,.,No value available
2024-09-01,.,No value available
2024-09-02,13.62792,
2024-09-03,13.53263,
2024-09-04,13.64076,
2024-09-05,13.55665,
2024-09-06,13.70186,
2024-09-07,.,No value available
2024-09-08,.,No value available
2024-09-09,13.67981,
2024-09-10,13.92280,
2024-09-11,14.03349,
2024-09-12,14.01865,
2024-09-13,13.99855,
2024-09-14,.,No value available
2024-09-15,.,No value available
2024-09-16,13.89669,
2024-09-17,14.06260,
2024-09-18,13.96928,
2024-09-19,14.00109,
2024-09-20,14.18361,
2024-09-21,.,No value available
2024-09-22,.,No value available
2024-09-23,14.51911,
2024-09-24,14.30142,
2024-09-25,13.98118,
2024-09-26,13.97984,
2024-09-27,13.98575,
2024-09-28,.,No value available
2024-09-29,.,No value available
2024-09-30,14.06180,
2024-10-01,13.98444,
2024-10-02,13.95346,
2024-10-03,13.81359,
2024-10-04,13.99777,
2024-10-05,.,No value available
2024-10-06,.,No value available
2024-10-07,13.50480,
2024-10-08,13.62591,
2024-10-09,13.72890,
2024-10-10,13.57254,
2024-10-11,13.61422,
2024-10-12,.,No value available
2024-10-13,.,No value available
2024-10-14,13.71735,
2024-10-15,13.74900,
2024-10-16,13.93121,
2024-10-17,13.73471,
2024-10-18,13.79324,
2024-10-19,.,No value available
2024-10-20,.,No value available
2024-10-21,13.88327,
2024-10-22,13.57600,
2024-10-23,13.56642,
2024-10-24,13.44444,
2024-10-25,13.41971,
2024-10-26,.,No value available
2024-10-27,.,No value available
2024-10-28,13.34170,
2024-10-29,13.27289,
2024-10-30,13.19301,
2024-10-31,12.75351,
2024-11-01,12.86683,
2024-11-02,.,No value available
2024-11-03,.,No value available
2024-11-04,12.38789,
2024-11-05,12.38104,
2024-11-06,12.67951,
2024-11-07,12.57835,
2024-11-08,12.92132,
2024-11-09,.,No value available
2024-11-10,.,No value available
2024-11-11,12.74872,
2024-11-12,12.52686,
2024-11-13,12.00354,
2024-11-14,12.25149,
2024-11-15,12.55051,
2024-11-16,.,No value available
2024-11-17,.,No value available
2024-11-18,12.61077,
2024-11-19,12.52876,
2024-11-20,12.33814,
2024-11-21,12.27356,
2024-11-22,12.83860,
2024-11-23,.,No value available
2024-11-24,.,No value available
2024-11-25,12.66007,
2024-11-26,13.06700,
2024-11-27,12.54701,
2024-11-28,12.74497,
2024-11-29,12.75856,
2024-11-30,.,No value available
2024-12-01,.,No value available
2024-12-02,12.87514,
2024-12-03,13.08687,
2024-12-04,12.80617,
2024-12-05,12.95935,
2024-12-06,12.41449,
2024-12-07,.,No value available
2024-12-08,.,No value available
2024-12-09,12.68708,
2024-12-10,12.88831,
2024-12-11,12.62270,
2024-12-12,12.77873,
2024-12-13,12.54837,
2024-12-14,.,No value available
2024-12-15,.,No value available
2024-12-16,12.37894,
2024-12-17,12.50725,
2024-12-18,12.43614,
2024-12-19,12.24146,
2024-12-20,12.37576,
2024-12-21,.,No value available
2024-12-22,.,No value available
2024-12-23,12.17553,
2024-12-24,.,No value available
2024-12-25,.,No value available
2024-12-26,.,No value available
2024-12-27,12.19516,
2024-12-28,.,No value available
2024-12-29,.,No value available
2024-12-30,12.29743,
2024-12-31,.,No value available
2025-01-01,.,No value available
2025-01-02,12.30059,
2025-01-03,12.31693,
2025-01-04,.,No value available
2025-01-05,.,No value available
2025-01-06,12.05240,
2025-01-07,12.14402,
2025-01-08,12.19742,
2025-01-09,12.13085,
2025-01-10,12.05271,
2025-01-11,.,No value available
2025-01-12,.,No value available
2025-01-13,11.87339,
2025-01-14,12.08215,
2025-01-15,12.38330,
2025-01-16,12.54939,
2025-01-17,12.60007,
2025-01-18,.,No value available
2025-01-19,.,No value available
2025-01-20,12.64972,
2025-01-21,12.50837,
2025-01-22,12.51251,
2025-01-23,12.46001,
2025-01-24,12.34076,
2025-01-25,.,No value available
2025-01-26,.,No value available
2025-01-27,12.47033,
2025-01-28,12.42577,
2025-01-29,12.48553,
2025-01-30,12.56575,
2025-01-31,12.64208,
2025-02-01,.,No value available
2025-02-02,.,No value available
2025-02-03,12.41250,
2025-02-04,12.61624,
2025-02-05,12.57000,
2025-02-06,12.44187,
2025-02-07,12.49751,
2025-02-08,.,No value available
2025-02-09,.,No value available
2025-02-10,12.64241,
2025-02-11,12.62005,
2025-02-12,12.66435,
2025-02-13,12.56940,
2025-02-14,12.59253,
2025-02-15,.,No value available
2025-02-16,.,No value available
2025-02-17,12.68559,
2025-02-18,12.54586,
2025-02-19,12.56470,
2025-02-20,12.47312,
2025-02-21,12.52370,
2025-02-22,.,No value available
2025-02-23,.,No value available
2025-02-24,12.63060,
2025-02-25,12.82711,
2025-02-26,12.56896,
2025-02-27,12.66114,
2025-02-28,12.75934,
2025-03-01,.,No value available
2025-03-02,.,No value available
2025-03-03,12.75974,
2025-03-04,12.82705,
2025-03-05,12.59589,
2025-03-06,11.55719,
2025-03-07,11.85044,
2025-03-08,.,No value available
2025-03-09,.,No value available
2025-03-10,11.91754,
2025-03-11,11.99485,
2025-03-12,11.94428,
2025-03-13,12.14181,
2025-03-14,12.21203,
2025-03-15,.,No value available
2025-03-16,.,No value available
2025-03-17,12.23338,
2025-03-18,12.21128,
2025-03-19,12.40469,
2025-03-20,12.37282,
2025-03-21,12.52926,
2025-03-22,.,No value available
2025-03-23,.,No value available
2025-03-24,5.13820,
2025-03-25,5.02832,
2025-03-26,4.86140,
2025-03-27,4.75596,
2025-03-28,6.93492,
2025-03-29,.,No value available
2025-03-30,.,No value available
2025-03-31,9.47948,
2025-04-01,9.06251,
2025-04-02,8.80906,
2025-04-03,10.70216,
2025-04-04,12.38037,
2025-04-05,.,No value available
2025-04-06,.,No value available
2025-04-07,11.32427,
2025-04-08,7.86908,
2025-04-09,7.16144,
2025-04-10,12.11498,
2025-04-11,12.06450,
2025-04-12,.,No value available
2025-04-13,.,No value available
2025-04-14,11.57430,
2025-04-15,12.60674,
2025-04-16,12.50756,
2025-04-17,12.69833,
2025-04-18,.,No value available
2025-04-19,.,No value available
2025-04-20,.,No value available
2025-04-21,.,No value available
2025-04-22,12.80675,
2025-04-23,12.78151,
2025-04-24,12.98430,
2025-04-25,12.93256,
2025-04-26,.,No value available
2025-04-27,.,No value available
2025-04-28,13.04251,
2025-04-29,12.90807,
2025-04-30,12.93449,
2025-05-01,.,No value available
2025-05-02,13.02978,
2025-05-03,.,No value available
2025-05-04,.,No value available
2025-05-05,13.07549,
2025-05-06,13.09291,
2025-05-07,13.10409,
2025-05-08,13.23943,
2025-05-09,13.08858,
2025-05-10,.,No value available
2025-05-11,.,No value available
2025-05-12,12.97601,
2025-05-13,13.07341,
2025-05-14,13.16983,
2025-05-15,13.22975,
2025-05-16,13.26902,
2025-05-17,.,No value available
2025-05-18,.,No value available
2025-05-19,13.18160,
2025-05-20,13.36683,
2025-05-21,13.37112,
2025-05-22,13.45508,
2025-05-23,13.53925,
2025-05-24,.,No value available
2025-05-25,.,No value available
2025-05-26,13.54366,
2025-05-27,13.63619,
2025-05-28,13.43587,
2025-05-29,13.53914,
2025-05-30,13.69235,
2025-05-31,.,No value available
2025-06-01,.,No value available
2025-06-02,13.65126,
2025-06-03,13.76662,
2025-06-04,13.70790,
2025-06-05,13.68409,
2025-06-06,13.44612,
2025-06-07,.,No value available
2025-06-08,.,No value available
2025-06-09,13.47428,
2025-06-10,13.47628,
2025-06-11,13.64928,
2025-06-12,13.81645,
2025-06-13,13.63316,
2025-06-14,.,No value available
2025-06-15,.,No value available
2025-06-16,13.59227,
2025-06-17,13.47980,
2025-06-18,13.27410,
2025-06-19,13.53845,
2025-06-20,13.50820,
2025-06-21,.,No value available
2025-06-22,.,No value available
2025-06-23,13.60931,
2025-06-24,13.89591,
2025-06-25,13.75626,
2025-06-26,13.79962,
2025-06-27,13.80729,
2025-06-28,.,No value available
2025-06-29,.,No value available
2025-06-30,13.72347,
2025-07-01,13.70654,
2025-07-02,13.60053,
2025-07-03,13.52147,
2025-07-04,13.66613,
2025-07-05,.,No value available
2025-07-06,.,No value available
2025-07-07,13.64495,
2025-07-08,13.72532,
2025-07-09,13.74218,
2025-07-10,13.93341,
2025-07-11,13.90072,
2025-07-12,.,No value available
2025-07-13,.,No value available
2025-07-14,13.95687,
2025-07-15,13.83381,
2025-07-16,13.82135,
2025-07-17,13.94486,
2025-07-18,4.90359,
2025-07-19,.,No value available
2025-07-20,.,No value available
2025-07-21,4.76951,
2025-07-22,4.89549,
2025-07-23,4.80385,
2025-07-24,4.99750,
2025-07-25,5.36237,
2025-07-26,.,No value available
2025-07-27,.,No value available
2025-07-28,5.26610,
2025-07-29,5.11157,
2025-07-30,5.27092,
2025-07-31,5.44797,
2025-08-01,5.19674,
2025-08-02,.,No value available
2025-08-03,.,No value available
2025-08-04,4.93622,
2025-08-05,5.11736,
2025-08-06,5.05687,
2025-08-07,5.02050,
2025-08-08,5.25662,
2025-08-09,.,No value available
2025-08-10,.,No value available
2025-08-11,5.24821,
2025-08-12,5.20780,
2025-08-13,4.95694,
2025-08-14,4.94490,
2025-08-15,4.84741,
2025-08-16,.,No value available
2025-08-17,.,No value available
2025-08-18,4.87295,
2025-08-19,4.95103,
2025-08-20,4.93130,
2025-08-21,5.11635,
2025-08-22,5.23479,
2025-08-23,.,No value available
2025-08-24,.,No value available
2025-08-25,5.23861,
2025-08-26,4.97253,
2025-08-27,4.99020,
2025-08-28,4.99054,
2025-08-29,5.00024,
2025-08-30,.,No value available
2025-08-31,.,No value available
2025-09-01,4.83267,
2025-09-02,5.00944,
2025-09-03,4.80427,
2025-09-04,4.79214,
2025-09-05,5.08924,
2025-09-06,.,No value available
2025-09-07,.,No value available
2025-09-08,5.01390,
2025-09-09,4.99870,
2025-09-10,5.23755,
2025-09-11,5.49205,
2025-09-12,5.88866,
2025-09-13,.,No value available
2025-09-14,.,No value available
2025-09-15,5.75954,
2025-09-16,5.85002,
2025-09-17,5.44795,
2025-09-18,5.44189,
2025-09-19,5.41578,
2025-09-20,.,No value available
2025-09-21,.,No value available
2025-09-22,5.44471,
2025-09-23,5.47791,
2025-09-24,5.50685,
2025-09-25,5.49807,
2025-09-26,5.60682,
2025-09-27,.,No value available
2025-09-28,.,No value available
2025-09-29,5.60913,
2025-09-30,5.68125,
2025-10-01,5.70573,
2025-10-02,5.89245,
2025-10-03,5.75646,
2025-10-04,.,No value available
2025-10-05,.,No value available
2025-10-06,5.16462,
2025-10-07,5.22336,
2025-10-08,5.31988,
2025-10-09,5.31047,
2025-10-10,5.52189,
2025-10-11,.,No value available
2025-10-12,.,No value available
2025-10-13,5.65550,
2025-10-14,5.29154,
2025-10-15,5.45350,
2025-10-16,5.67353,
2025-10-17,5.13203,
2025-10-18,.,No value available
2025-10-19,.,No value available
2025-10-20,5.43471,
2025-10-21,5.52782,
2025-10-22,5.62190,
2025-10-23,5.52282,
2025-10-24,5.70613,
2025-10-25,.,No value available
2025-10-26,.,No value available
2025-10-27,5.79916,
2025-10-28,5.88144,
2025-10-29,5.90042,
2025-10-30,6.12005,
2025-10-31,6.03700,
2025-11-01,.,No value available
2025-11-02,.,No value available
2025-11-03,5.95169,
2025-11-04,5.85133,
2025-11-05,5.84894,
2025-11-06,5.83262,
2025-11-07,5.87341,
2025-11-08,.,No value available
2025-11-09,.,No value available
2025-11-10,5.87650,
2025-11-11,5.84457,
2025-11-12,5.96039,
2025-11-13,5.82950,
2025-11-14,5.34475,
2025-11-15,.,No value available
2025-11-16,.,No value available
2025-11-17,5.48893,
2025-11-18,5.47214,
2025-11-19,5.27591,
2025-11-20,5.28337,
2025-11-21,5.16822,
2025-11-22,.,No value available
2025-11-23,.,No value available
2025-11-24,5.40816,
2025-11-25,5.67283,
2025-11-26,5.73076,
2025-11-27,6.14789,
2025-11-28,6.39113,
2025-11-29,.,No value available
2025-11-30,.,No value available
2025-12-01,6.37740,
2025-12-02,6.30712,
2025-12-03,6.01324,
2025-12-04,5.76164,
2025-12-05,5.71184,
2025-12-06,.,No value available
2025-12-07,.,No value available
2025-12-08,6.21329,
2025-12-09,6.68001,
2025-12-10,6.80347,
2025-12-11,7.30322,
2025-12-12,7.31136,
2025-12-13,.,No value available
2025-12-14,.,No value available
2025-12-15,7.01400,
2025-12-16,7.00377,
2025-12-17,6.45765,
2025-12-18,6.45084,
2025-12-19,6.36344,
2025-12-20,.,No value available
2025-12-21,.,No value available
2025-12-22,6.33256,
2025-12-23,6.47640,
2025-12-24,.,No value available
2025-12-25,.,No value available
2025-12-26,.,No value available
2025-12-27,.,No value available
2025-12-28,.,No value available
2025-12-29,6.47868,
2025-12-30,6.31994,
2025-12-31,.,No value available
2026-01-01,.,No value available
2026-01-02,6.29557,
2026-01-03,.,No value available
2026-01-04,.,No value available
2026-01-05,5.89897,
2026-01-06,5.67800,
2026-01-07,5.71444,
2026-01-08,6.02088,
2026-01-09,6.32523,
2026-01-10,.,No value available
2026-01-11,.,No value available
2026-01-12,6.18837,
2026-01-13,6.12544,
2026-01-14,6.06136,
2026-01-15,6.08348,
2026-01-16,6.42427,
2026-01-17,.,No value available
2026-01-18,.,No value available
2026-01-19,5.89370,
2026-01-20,5.58027,
2026-01-21,5.38588,
2026-01-22,5.95582,
2026-01-23,6.30635,
2026-01-24,.,No value available
2026-01-25,.,No value available
2026-01-26,6.28165,
2026-01-27,6.23116,
2026-01-28,5.62074,
2026-01-29,5.73169,
2026-01-30,5.73257,
2026-01-31,.,No value available
2026-02-01,.,No value available
2026-02-02,5.77479,
2026-02-03,5.95701,
2026-02-04,5.95563,
2026-02-05,5.77530,
2026-02-06,5.63537,
2026-02-07,.,No value available
2026-02-08,.,No value available
2026-02-09,5.70198,
2026-02-10,5.71646,
2026-02-11,5.80671,
2026-02-12,5.82630,
2026-02-13,5.77375,
2026-02-14,.,No value available
2026-02-15,.,No value available
2026-02-16,5.79188,
2026-02-17,5.55584,
2026-02-18,5.61596,
2026-02-19,5.85500,
2026-02-20,5.90233,
2026-02-21,.,No value available
2026-02-22,.,No value available
2026-02-23,5.88620,
2026-02-24,5.82429,
2026-02-25,5.92606,
2026-02-26,5.82191,
2026-02-27,5.77616,
2026-02-28,.,No value available
2026-03-01,.,No value available
2026-03-02,5.89518,
2026-03-03,8.74662,
2026-03-04,8.82833,
2026-03-05,8.58784,
2026-03-06,10.03558,
2026-03-07,.,No value available
2026-03-08,.,No value available
2026-03-09,12.61435,
2026-03-10,10.92657,
2026-03-11,11.85840,
2026-03-12,12.36607,
2026-03-13,12.37123,
2026-03-14,.,No value available
2026-03-15,.,No value available
2026-03-16,12.54261,
2026-03-17,12.52476,
2026-03-18,12.06976,
2026-03-19,1.65532,
2026-03-20,2.31512,
2026-03-21,.,No value available
2026-03-22,.,No value available
2026-03-23,2.30889,
2026-03-24,2.20169,
2026-03-25,1.76432,
2026-03-26,1.60003,
2026-03-27,1.49486,
2026-03-28,.,No value available
2026-03-29,.,No value available
2026-03-30,1.49518,
2026-03-31,1.72724,
2026-04-01,1.55857,
2026-04-02,1.52560,
2026-04-03,.,No value available
2026-04-04,.,No value available
2026-04-05,.,No value available
2026-04-06,.,No value available
2026-04-07,1.96631,
2026-04-08,1.66607,
2026-04-09,1.59294,
2026-04-10,2.24085,
2026-04-11,.,No value available
2026-04-12,.,No value available
2026-04-13,1.69746,
2026-04-14,1.72367,
2026-04-15,1.72203,
2026-04-16,1.69572,
2026-04-17,1.66557,
2026-04-18,.,No value available
2026-04-19,.,No value available
2026-04-20,1.68922,
2026-04-21,1.69767,
2026-04-22,1.66320,
2026-04-23,1.64255,
2026-04-24,2.31109,
2026-04-25,.,No value available
2026-04-26,.,No value available
2026-04-27,1.69206,
2026-04-28,1.65505,
2026-04-29,1.62855,
2026-04-30,1.78464,
2026-05-01,.,No value available
2026-05-02,.,No value available
2026-05-03,.,No value available
2026-05-04,1.95567,
2026-05-05,1.64947,
2026-05-06,1.66036,
2026-05-07,1.68679,
2026-05-08,1.67626,
2026-05-09,.,No value available
2026-05-10,.,No value available
2026-05-11,1.66073,
2026-05-12,1.64317,
2026-05-13,1.89695,
2026-05-14,1.69583,
2026-05-15,1.67397,
2026-05-16,.,No value available
2026-05-17,.,No value available
2026-05-18,1.62756,
2026-05-19,1.64637,
2026-05-20,1.61805,
2026-05-21,1.68568,
2026-05-22,1.66533,
2026-05-23,.,No value available
2026-05-24,.,No value available
2026-05-25,1.73955,
2026-05-26,1.70765,
2026-05-27,1.71233,
2026-05-28,1.67324,
2026-05-29,1.73450,
2026-05-30,.,No value available
2026-05-31,.,No value available
2026-06-01,1.70569,
2026-06-02,1.69232,
2026-06-03,1.67340,
2026-06-04,1.65713,
2026-06-05,1.66234,
2026-06-06,.,No value available
2026-06-07,.,No value available
2026-06-08,1.62912,
2026-06-09,1.67742,
2026-06-10,1.67600,
2026-06-11,1.65828,
2026-06-12,1.69688,
2026-06-13,.,No value available
2026-06-14,.,No value available
2026-06-15,1.74060,
